FilePath,FolderTarget,OriginalFileName,UploadFileName,SoVanBan,NamBanHanh,NgayBanHanh,NgayHetHieuLuc,NguoiKy,TrangThai,MucDoBaoMat,TrichYeu,VanBanThayThe,VanBanLienQuan,Tags,NhomTaiLieu,LoaiVanBanPhapLy,LoaiTaiLieu,ChuDeNghiepVu,DonViPhatHanh,DonViSoHuu,NguonMetadata,MetadataConfidence,HasEditableSource,EditableSourceUrl,PrimaryPdfUrl,NeedReview,DuplicateRole,ResolveNote
data/01.2026.HD-HCNS-Huong dan luu tru van ban tren Sharepoint-Lan-04.01-07-2026.docx,,01.2026.HD-HCNS-Huong dan luu tru van ban tren Sharepoint-Lan-04.01-07-2026.docx,01.2026.HD-HCNS-Huong dan luu tru van ban tren Sharepoint-Lan-04.01-07-2026.docx,01,2026,2026-07-01,,,Hiệu lực,,Huong dan luu tru van ban tren Sharepoint-Lan-04,,,,NeedsReview,Khác,,Huong dan luu tru van ban tren Sharepoint-Lan-04,HCNS,,ParsedFromFilename,NeedsReview,,,,,,"ROOT/chưa phân loại — upload vào thư viện gốc, cần phân loại sau"
data/01.2026.HD-HCNS-Huong dan luu tru van ban tren Sharepoint-Lan-04.01-07-2026.md,,01.2026.HD-HCNS-Huong dan luu tru van ban tren Sharepoint-Lan-04.01-07-2026.md,01.2026.HD-HCNS-Huong dan luu tru van ban tren Sharepoint-Lan-04.01-07-2026.md,01,2026,2026-07-01,,,Hiệu lực,,Huong dan luu tru van ban tren Sharepoint-Lan-04,,,,NeedsReview,Khác,,Huong dan luu tru van ban tren Sharepoint-Lan-04,HCNS,,ParsedFromFilename,NeedsReview,,,,,,"ROOT/chưa phân loại — upload vào thư viện gốc, cần phân loại sau"
data/Danh mục văn bản_Final.xlsx,,Danh mục văn bản_Final.xlsx,Danh mục văn bản_Final.xlsx,,,,,,Hiệu lực,,Danh mục văn bản_Final,,,,NeedsReview,Khác,,Danh mục văn bản_Final,,,ParsedFromFilename,NeedsReview,,,,,,"ROOT/chưa phân loại — upload vào thư viện gốc, cần phân loại sau"
data/[00] Văn bản điều hành chung/01. Chính sách – Định hướng/01.2024.CS-HĐQT-Sứ mệnh tầm nhìn giá trị cốt lõi.24-12-2025.docx,[00] Văn Bản Điều Hành Chung,01.2024.CS-HĐQT-Sứ mệnh tầm nhìn giá trị cốt lõi.24-12-2025.docx,01.2024.CS-HĐQT-Sứ mệnh tầm nhìn giá trị cốt lõi.24-12-2025.docx,01,2024,2025-12-24,,,Hiệu lực,,Sứ mệnh tầm nhìn giá trị cốt lõi,,,,Chính sách – Định hướng,Khác,,Sứ mệnh tầm nhìn giá trị cốt lõi,HĐQT,[00] Văn bản điều hành chung,ParsedFromFolder,High,,,,,,
data/[00] Văn bản điều hành chung/01. Chính sách – Định hướng/01.2024.CS-HĐQT-Sứ mệnh tầm nhìn giá trị cốt lõi.24-12-2025.pdf,[00] Văn Bản Điều Hành Chung,01.2024.CS-HĐQT-Sứ mệnh tầm nhìn giá trị cốt lõi.24-12-2025.pdf,01.2024.CS-HĐQT-Sứ mệnh tầm nhìn giá trị cốt lõi.24-12-2025.pdf,01,2024,2025-12-24,,,Hiệu lực,,Sứ mệnh tầm nhìn giá trị cốt lõi,,,,Chính sách – Định hướng,Khác,,Sứ mệnh tầm nhìn giá trị cốt lõi,HĐQT,[00] Văn bản điều hành chung,ParsedFromFolder,High,,,,,,
data/[00] Văn bản điều hành chung/01. Chính sách – Định hướng/01.2024.CS-HĐQT-Sứ mệnh tầm nhìn giá trị cốt lõi.24-12-2025.pptx,[00] Văn Bản Điều Hành Chung,01.2024.CS-HĐQT-Sứ mệnh tầm nhìn giá trị cốt lõi.24-12-2025.pptx,01.2024.CS-HĐQT-Sứ mệnh tầm nhìn giá trị cốt lõi.24-12-2025.pptx,01,2024,2025-12-24,,,Hiệu lực,,Sứ mệnh tầm nhìn giá trị cốt lõi,,,,Chính sách – Định hướng,Khác,,Sứ mệnh tầm nhìn giá trị cốt lõi,HĐQT,[00] Văn bản điều hành chung,ParsedFromFolder,High,,,,,,
data/[00] Văn bản điều hành chung/01. Chính sách – Định hướng/02.2024.CL-HĐQT-Chiến lược hoạt động.24-12-2024.docx,[00] Văn Bản Điều Hành Chung,02.2024.CL-HĐQT-Chiến lược hoạt động.24-12-2024.docx,02.2024.CL-HĐQT-Chiến lược hoạt động.24-12-2024.docx,02,2024,2024-12-24,,,Hiệu lực,,Chiến lược hoạt động,,,,Chính sách – Định hướng,Khác,Chiến lược,hoạt động,HĐQT,[00] Văn bản điều hành chung,ParsedFromFolder,High,,,,,,
data/[00] Văn bản điều hành chung/01. Chính sách – Định hướng/02.2024.CL-HĐQT-Chiến lược hoạt động.24-12-2024.pdf,[00] Văn Bản Điều Hành Chung,02.2024.CL-HĐQT-Chiến lược hoạt động.24-12-2024.pdf,02.2024.CL-HĐQT-Chiến lược hoạt động.24-12-2024.pdf,02,2024,2024-12-24,,,Hiệu lực,,Chiến lược hoạt động,,,,Chính sách – Định hướng,Khác,Chiến lược,hoạt động,HĐQT,[00] Văn bản điều hành chung,ParsedFromFolder,High,,,,,,
data/[00] Văn bản điều hành chung/01. Chính sách – Định hướng/02.2024.CL-HĐQT-Chiến lược hoạt động.24-12-2024.pptx,[00] Văn Bản Điều Hành Chung,02.2024.CL-HĐQT-Chiến lược hoạt động.24-12-2024.pptx,02.2024.CL-HĐQT-Chiến lược hoạt động.24-12-2024.pptx,02,2024,2024-12-24,,,Hiệu lực,,Chiến lược hoạt động,,,,Chính sách – Định hướng,Khác,Chiến lược,hoạt động,HĐQT,[00] Văn bản điều hành chung,ParsedFromFolder,High,,,,,,
data/[00] Văn bản điều hành chung/01. Chính sách – Định hướng/100.2025.NQ-HĐQT-ĐH đồng cổ đông thường niên 2025-Đông mai.10-04-2025.pdf,[00] Văn Bản Điều Hành Chung,100.2025.NQ-HĐQT-ĐH đồng cổ đông thường niên 2025-Đông mai.10-04-2025.pdf,100.2025.NQ-HĐQT-ĐH đồng cổ đông thường niên 2025-Đông mai.10-04-2025.pdf,100,2025,2025-04-10,,,Hiệu lực,,ĐH đồng cổ đông thường niên 2025-Đông mai,,,,Chính sách – Định hướng,Nghị quyết,,ĐH đồng cổ đông thường niên 2025-Đông mai,HĐQT,[00] Văn bản điều hành chung,ParsedFromFolder,High,,,,,,
data/[00] Văn bản điều hành chung/01. Chính sách – Định hướng/148.2025.QĐ-HCNS-Quy tắc ứng xử. 19-03-2025.pdf,[00] Văn Bản Điều Hành Chung,148.2025.QĐ-HCNS-Quy tắc ứng xử. 19-03-2025.pdf,148.2025.QĐ-HCNS-Quy tắc ứng xử. 19-03-2025.pdf,148,2025,2025-03-19,,,Hiệu lực,,Quy tắc ứng xử,,,,Chính sách – Định hướng,Quyết định,,Quy tắc ứng xử,HCNS,[00] Văn bản điều hành chung,ParsedFromFolder,High,,,,,,
data/[00] Văn bản điều hành chung/01. Chính sách – Định hướng/148.2025.QĐ-HCNS-Quy tắc ứng xử.19-03-2025.pdf,[00] Văn Bản Điều Hành Chung,148.2025.QĐ-HCNS-Quy tắc ứng xử.19-03-2025.pdf,148.2025.QĐ-HCNS-Quy tắc ứng xử.19-03-2025.pdf,148,2025,2025-03-19,,,Hiệu lực,,Quy tắc ứng xử,,,,Chính sách – Định hướng,Quyết định,,Quy tắc ứng xử,HCNS,[00] Văn bản điều hành chung,ParsedFromFolder,High,,,,,,
data/[00] Văn bản điều hành chung/01. Chính sách – Định hướng/2024.ĐL-DMB-Điều lệ Công ty Đông Mai.01-05-2024.doc,[00] Văn Bản Điều Hành Chung,2024.ĐL-DMB-Điều lệ Công ty Đông Mai.01-05-2024.doc,2024.ĐL-DMB-Điều lệ Công ty Đông Mai.01-05-2024.doc,,2024,2024-05-01,,,Hiệu lực,,Điều lệ Công ty Đông Mai,,,,Chính sách – Định hướng,Khác,Điều lệ,Công ty Đông Mai,DMB,[00] Văn bản điều hành chung,ParsedFromFolder,High,,,,,,
data/[00] Văn bản điều hành chung/01. Chính sách – Định hướng/2024.ĐL-DMB-Điều lệ Công ty Đông Mai.01-05-2024.pdf,[00] Văn Bản Điều Hành Chung,2024.ĐL-DMB-Điều lệ Công ty Đông Mai.01-05-2024.pdf,2024.ĐL-DMB-Điều lệ Công ty Đông Mai.01-05-2024.pdf,,2024,2024-05-01,,,Hiệu lực,,Điều lệ Công ty Đông Mai,,,,Chính sách – Định hướng,Khác,Điều lệ,Công ty Đông Mai,DMB,[00] Văn bản điều hành chung,ParsedFromFolder,High,,,,,,
data/[00] Văn bản điều hành chung/01. Chính sách – Định hướng/2025.ĐL-HLB-Điều lệ Công ty Cổ phần Bia _NGK Hạ Long.25-04-2025.pdf,[00] Văn Bản Điều Hành Chung,2025.ĐL-HLB-Điều lệ Công ty Cổ phần Bia _NGK Hạ Long.25-04-2025.pdf,2025.ĐL-HLB-Điều lệ Công ty Cổ phần Bia _NGK Hạ Long.25-04-2025.pdf,,2025,2025-04-25,,,Hiệu lực,,Điều lệ Công ty Cổ phần Bia _NGK Hạ Long,,,,Chính sách – Định hướng,Khác,Điều lệ,Công ty Cổ phần Bia _NGK Hạ Long,HLB,[00] Văn bản điều hành chung,ParsedFromFolder,High,,,,,,
data/[00] Văn bản điều hành chung/01. Chính sách – Định hướng/2026.ĐL-DMB-Điều lệ Công ty Đông Mai.25-04-2026.docx,[00] Văn Bản Điều Hành Chung,2026.ĐL-DMB-Điều lệ Công ty Đông Mai.25-04-2026.docx,2026.ĐL-DMB-Điều lệ Công ty Đông Mai.25-04-2026.docx,,2026,2026-04-25,,,Hiệu lực,,Điều lệ Công ty Đông Mai,,,,Chính sách – Định hướng,Khác,Điều lệ,Công ty Đông Mai,DMB,[00] Văn bản điều hành chung,ParsedFromFolder,High,,,,,,
data/[00] Văn bản điều hành chung/01. Chính sách – Định hướng/2026.ĐL-DMB-Điều lệ Công ty Đông Mai.25-04-2026.pdf,[00] Văn Bản Điều Hành Chung,2026.ĐL-DMB-Điều lệ Công ty Đông Mai.25-04-2026.pdf,2026.ĐL-DMB-Điều lệ Công ty Đông Mai.25-04-2026.pdf,,2026,2026-04-25,,,Hiệu lực,,Điều lệ Công ty Đông Mai,,,,Chính sách – Định hướng,Khác,Điều lệ,Công ty Đông Mai,DMB,[00] Văn bản điều hành chung,ParsedFromFolder,High,,,,,,
data/[00] Văn bản điều hành chung/01. Chính sách – Định hướng/2026.ĐL-HLB-Điều lệ Công ty Bia Hạ Long.24-04-2026.docx,[00] Văn Bản Điều Hành Chung,2026.ĐL-HLB-Điều lệ Công ty Bia Hạ Long.24-04-2026.docx,2026.ĐL-HLB-Điều lệ Công ty Bia Hạ Long.24-04-2026.docx,,2026,2026-04-24,,,Hiệu lực,,Điều lệ Công ty Bia Hạ Long,,,,Chính sách – Định hướng,Khác,Điều lệ,Công ty Bia Hạ Long,HLB,[00] Văn bản điều hành chung,ParsedFromFolder,High,,,,,,
data/[00] Văn bản điều hành chung/01. Chính sách – Định hướng/2026.ĐL-HLB-Điều lệ Công ty Bia Hạ Long.24-04-2026.pdf,[00] Văn Bản Điều Hành Chung,2026.ĐL-HLB-Điều lệ Công ty Bia Hạ Long.24-04-2026.pdf,2026.ĐL-HLB-Điều lệ Công ty Bia Hạ Long.24-04-2026.pdf,,2026,2026-04-24,,,Hiệu lực,,Điều lệ Công ty Bia Hạ Long,,,,Chính sách – Định hướng,Khác,Điều lệ,Công ty Bia Hạ Long,HLB,[00] Văn bản điều hành chung,ParsedFromFolder,High,,,,,,
data/[00] Văn bản điều hành chung/01. Chính sách – Định hướng/225.2025.NQ-HĐQT-Thu hồi Cổ phiếu của CBNV nghỉ việc.15-04-2025.pdf,[00] Văn Bản Điều Hành Chung,225.2025.NQ-HĐQT-Thu hồi Cổ phiếu của CBNV nghỉ việc.15-04-2025.pdf,225.2025.NQ-HĐQT-Thu hồi Cổ phiếu của CBNV nghỉ việc.15-04-2025.pdf,225,2025,2025-04-15,,,Hiệu lực,,Thu hồi Cổ phiếu của CBNV nghỉ việc,,,,Chính sách – Định hướng,Nghị quyết,,Thu hồi Cổ phiếu của CBNV nghỉ việc,HĐQT,[00] Văn bản điều hành chung,ParsedFromFolder,High,,,,,,
data/[00] Văn bản điều hành chung/02. Quy chế – Quy định – Quy trình – Hướng dẫn/01.2024.HD-HCNS-Hướng dẫn Thể thức kỹ thuật trình bày văn bản.01-12-2024.docx,[00] Văn Bản Điều Hành Chung,01.2024.HD-HCNS-Hướng dẫn Thể thức kỹ thuật trình bày văn bản.01-12-2024.docx,01.2024.HD-HCNS-Hướng dẫn Thể thức kỹ thuật trình bày văn bản.01-12-2024.docx,01,2024,2024-12-01,,,Hiệu lực,,Hướng dẫn Thể thức kỹ thuật trình bày văn bản,,,,Quy chế – Quy định – Quy trình – Hướng dẫn,Khác,Hướng dẫn,Thể thức kỹ thuật trình bày văn bản,HCNS,[00] Văn bản điều hành chung,ParsedFromFolder,High,,,,,,
data/[00] Văn bản điều hành chung/02. Quy chế – Quy định – Quy trình – Hướng dẫn/01.2024.HD-HCNS-Hướng dẫn Thể thức kỹ thuật trình bày văn bản.01-12-2024.pdf,[00] Văn Bản Điều Hành Chung,01.2024.HD-HCNS-Hướng dẫn Thể thức kỹ thuật trình bày văn bản.01-12-2024.pdf,01.2024.HD-HCNS-Hướng dẫn Thể thức kỹ thuật trình bày văn bản.01-12-2024.pdf,01,2024,2024-12-01,,,Hiệu lực,,Hướng dẫn Thể thức kỹ thuật trình bày văn bản,,,,Quy chế – Quy định – Quy trình – Hướng dẫn,Khác,Hướng dẫn,Thể thức kỹ thuật trình bày văn bản,HCNS,[00] Văn bản điều hành chung,ParsedFromFolder,High,,,,,,
data/[00] Văn bản điều hành chung/02. Quy chế – Quy định – Quy trình – Hướng dẫn/01.2024.QC-DMB-Quy chế dân chủ cơ sở công ty Đông Mai.docx,[00] Văn Bản Điều Hành Chung,01.2024.QC-DMB-Quy chế dân chủ cơ sở công ty Đông Mai.docx,01.2024.QC-DMB-Quy chế dân chủ cơ sở công ty Đông Mai.docx,01,2024,,,,Hiệu lực,,Quy chế dân chủ cơ sở công ty Đông Mai,,,,Quy chế – Quy định – Quy trình – Hướng dẫn,Khác,Quy chế,dân chủ cơ sở công ty Đông Mai,DMB,[00] Văn bản điều hành chung,ParsedFromFolder,High,,,,,,
data/[00] Văn bản điều hành chung/02. Quy chế – Quy định – Quy trình – Hướng dẫn/01.2024.QC-DMB-Quy chế dân chủ cơ sở công ty Đông Mai.pdf,[00] Văn Bản Điều Hành Chung,01.2024.QC-DMB-Quy chế dân chủ cơ sở công ty Đông Mai.pdf,01.2024.QC-DMB-Quy chế dân chủ cơ sở công ty Đông Mai.pdf,01,2024,,,,Hiệu lực,,Quy chế dân chủ cơ sở công ty Đông Mai,,,,Quy chế – Quy định – Quy trình – Hướng dẫn,Khác,Quy chế,dân chủ cơ sở công ty Đông Mai,DMB,[00] Văn bản điều hành chung,ParsedFromFolder,High,,,,,,
data/[00] Văn bản điều hành chung/02. Quy chế – Quy định – Quy trình – Hướng dẫn/01.2024.QC-HLB-Quy chế dân chủ cơ sở Công ty Hạ Long.pdf,[00] Văn Bản Điều Hành Chung,01.2024.QC-HLB-Quy chế dân chủ cơ sở Công ty Hạ Long.pdf,01.2024.QC-HLB-Quy chế dân chủ cơ sở Công ty Hạ Long.pdf,01,2024,,,,Hiệu lực,,Quy chế dân chủ cơ sở Công ty Hạ Long,,,,Quy chế – Quy định – Quy trình – Hướng dẫn,Khác,Quy chế,dân chủ cơ sở Công ty Hạ Long,HLB,[00] Văn bản điều hành chung,ParsedFromFolder,High,,,,,,
data/[00] Văn bản điều hành chung/02. Quy chế – Quy định – Quy trình – Hướng dẫn/01.2024.QC-HLB-Quy chế dân chủ cơ sở công ty Hạ Long.docx,[00] Văn Bản Điều Hành Chung,01.2024.QC-HLB-Quy chế dân chủ cơ sở công ty Hạ Long.docx,01.2024.QC-HLB-Quy chế dân chủ cơ sở công ty Hạ Long.docx,01,2024,,,,Hiệu lực,,Quy chế dân chủ cơ sở công ty Hạ Long,,,,Quy chế – Quy định – Quy trình – Hướng dẫn,Khác,Quy chế,dân chủ cơ sở công ty Hạ Long,HLB,[00] Văn bản điều hành chung,ParsedFromFolder,High,,,,,,
data/[00] Văn bản điều hành chung/02. Quy chế – Quy định – Quy trình – Hướng dẫn/01.2024.QyĐ-BTCT-Quy định quản lý văn bản v5_05.11.01-09-2025.docx,[00] Văn Bản Điều Hành Chung,01.2024.QyĐ-BTCT-Quy định quản lý văn bản v5_05.11.01-09-2025.docx,01.2024.QyĐ-BTCT-Quy định quản lý văn bản v5_05.11.01-09-2025.docx,01,2024,2025-09-01,,,Hiệu lực,,Quy định quản lý văn bản v5_05.11,,,,Quy chế – Quy định – Quy trình – Hướng dẫn,Khác,Quy định,quản lý văn bản v5_05.11,BTCT,[00] Văn bản điều hành chung,ParsedFromFolder,High,,,,,,
data/[00] Văn bản điều hành chung/02. Quy chế – Quy định – Quy trình – Hướng dẫn/01.2024.QyĐ-BTCT-Quy định quản lý văn bản-v2.29-08-2025.docx,[00] Văn Bản Điều Hành Chung,01.2024.QyĐ-BTCT-Quy định quản lý văn bản-v2.29-08-2025.docx,01.2024.QyĐ-BTCT-Quy định quản lý văn bản-v2.29-08-2025.docx,01,2024,2025-08-29,,,Hiệu lực,,Quy định quản lý văn bản-v2,,,,Quy chế – Quy định – Quy trình – Hướng dẫn,Khác,Quy định,quản lý văn bản-v2,BTCT,[00] Văn bản điều hành chung,ParsedFromFolder,High,,,,,,
data/[00] Văn bản điều hành chung/02. Quy chế – Quy định – Quy trình – Hướng dẫn/01.2024.QyĐ-BTCT-Quy định quản lý văn bản-v2.29-08-2025.pdf,[00] Văn Bản Điều Hành Chung,01.2024.QyĐ-BTCT-Quy định quản lý văn bản-v2.29-08-2025.pdf,01.2024.QyĐ-BTCT-Quy định quản lý văn bản-v2.29-08-2025.pdf,01,2024,2025-08-29,,,Hiệu lực,,Quy định quản lý văn bản-v2,,,,Quy chế – Quy định – Quy trình – Hướng dẫn,Khác,Quy định,quản lý văn bản-v2,BTCT,[00] Văn bản điều hành chung,ParsedFromFolder,High,,,,,Bản chuẩn,
data/[00] Văn bản điều hành chung/02. Quy chế – Quy định – Quy trình – Hướng dẫn/01.2024.QyĐ-BTCT-Quy định quản lý văn bản.29-08-2025.docx,[00] Văn Bản Điều Hành Chung,01.2024.QyĐ-BTCT-Quy định quản lý văn bản.29-08-2025.docx,01.2024.QyĐ-BTCT-Quy định quản lý văn bản.29-08-2025.docx,01,2024,2025-08-29,,,Hiệu lực,,Quy định quản lý văn bản,,,,Quy chế – Quy định – Quy trình – Hướng dẫn,Khác,Quy định,quản lý văn bản,BTCT,[00] Văn bản điều hành chung,ParsedFromFolder,High,,,,,,
data/[00] Văn bản điều hành chung/02. Quy chế – Quy định – Quy trình – Hướng dẫn/01.2024.QyĐ-BTCT-Quy định quản lý văn bản.29-08-2025.pdf,[00] Văn Bản Điều Hành Chung,01.2024.QyĐ-BTCT-Quy định quản lý văn bản.29-08-2025.pdf,01.2024.QyĐ-BTCT-Quy định quản lý văn bản.29-08-2025.pdf,01,2024,2025-08-29,,,Hiệu lực,,Quy định quản lý văn bản,,,,Quy chế – Quy định – Quy trình – Hướng dẫn,Khác,Quy định,quản lý văn bản,BTCT,[00] Văn bản điều hành chung,ParsedFromFolder,High,,,,,Bản sao,
data/[00] Văn bản điều hành chung/02. Quy chế – Quy định – Quy trình – Hướng dẫn/01.2025.HD-HCNS-Hướng dẫn lưu trữ văn bản trên sharepoint-v2.11-08-2025.pdf,[00] Văn Bản Điều Hành Chung,01.2025.HD-HCNS-Hướng dẫn lưu trữ văn bản trên sharepoint-v2.11-08-2025.pdf,01.2025.HD-HCNS-Hướng dẫn lưu trữ văn bản trên sharepoint-v2.11-08-2025.pdf,01,2025,2025-08-11,,,Hiệu lực,,Hướng dẫn lưu trữ văn bản trên sharepoint-v2,,,,Quy chế – Quy định – Quy trình – Hướng dẫn,Khác,Hướng dẫn,lưu trữ văn bản trên sharepoint-v2,HCNS,[00] Văn bản điều hành chung,ParsedFromFolder,High,,,,,Bản chuẩn,
data/[00] Văn bản điều hành chung/02. Quy chế – Quy định – Quy trình – Hướng dẫn/01.2025.HD-HCNS-Hướng dẫn lưu trữ văn bản trên sharepoint.11-08-2025.docx,[00] Văn Bản Điều Hành Chung,01.2025.HD-HCNS-Hướng dẫn lưu trữ văn bản trên sharepoint.11-08-2025.docx,01.2025.HD-HCNS-Hướng dẫn lưu trữ văn bản trên sharepoint.11-08-2025.docx,01,2025,2025-08-11,,,Hiệu lực,,Hướng dẫn lưu trữ văn bản trên sharepoint,,,,Quy chế – Quy định – Quy trình – Hướng dẫn,Khác,Hướng dẫn,lưu trữ văn bản trên sharepoint,HCNS,[00] Văn bản điều hành chung,ParsedFromFolder,High,,,,,,
data/[00] Văn bản điều hành chung/02. Quy chế – Quy định – Quy trình – Hướng dẫn/01.2025.HD-HCNS-Hướng dẫn lưu trữ văn bản trên sharepoint.11-08-2025.pdf,[00] Văn Bản Điều Hành Chung,01.2025.HD-HCNS-Hướng dẫn lưu trữ văn bản trên sharepoint.11-08-2025.pdf,01.2025.HD-HCNS-Hướng dẫn lưu trữ văn bản trên sharepoint.11-08-2025.pdf,01,2025,2025-08-11,,,Hiệu lực,,Hướng dẫn lưu trữ văn bản trên sharepoint,,,,Quy chế – Quy định – Quy trình – Hướng dẫn,Khác,Hướng dẫn,lưu trữ văn bản trên sharepoint,HCNS,[00] Văn bản điều hành chung,ParsedFromFolder,High,,,,,Bản sao,
data/[00] Văn bản điều hành chung/02. Quy chế – Quy định – Quy trình – Hướng dẫn/01.2025.QC-BKS-Quy chế hoạt động của Ban kiểm soát.25-04-2025.doc,[00] Văn Bản Điều Hành Chung,01.2025.QC-BKS-Quy chế hoạt động của Ban kiểm soát.25-04-2025.doc,01.2025.QC-BKS-Quy chế hoạt động của Ban kiểm soát.25-04-2025.doc,01,2025,2025-04-25,,,Hiệu lực,,Quy chế hoạt động của Ban kiểm soát,,,,Quy chế – Quy định – Quy trình – Hướng dẫn,Khác,Quy chế,hoạt động của Ban kiểm soát,BKS,[00] Văn bản điều hành chung,ParsedFromFolder,High,,,,,,
data/[00] Văn bản điều hành chung/02. Quy chế – Quy định – Quy trình – Hướng dẫn/01.2025.QC-BKS-Quy chế hoạt động của Ban kiểm soát.25-04-2025.pdf,[00] Văn Bản Điều Hành Chung,01.2025.QC-BKS-Quy chế hoạt động của Ban kiểm soát.25-04-2025.pdf,01.2025.QC-BKS-Quy chế hoạt động của Ban kiểm soát.25-04-2025.pdf,01,2025,2025-04-25,,,Hiệu lực,,Quy chế hoạt động của Ban kiểm soát,,,,Quy chế – Quy định – Quy trình – Hướng dẫn,Khác,Quy chế,hoạt động của Ban kiểm soát,BKS,[00] Văn bản điều hành chung,ParsedFromFolder,High,,,,,,
data/[00] Văn bản điều hành chung/02. Quy chế – Quy định – Quy trình – Hướng dẫn/01.2025.QC-BSH-Quy chế công nghệ thông tin.10-03-2025.docx,[00] Văn Bản Điều Hành Chung,01.2025.QC-BSH-Quy chế công nghệ thông tin.10-03-2025.docx,01.2025.QC-BSH-Quy chế công nghệ thông tin.10-03-2025.docx,01,2025,2025-03-10,,,Hiệu lực,,Quy chế công nghệ thông tin,,,,Quy chế – Quy định – Quy trình – Hướng dẫn,Khác,Quy chế,công nghệ thông tin,BSH,[00] Văn bản điều hành chung,ParsedFromFolder,High,,,,,,
data/[00] Văn bản điều hành chung/02. Quy chế – Quy định – Quy trình – Hướng dẫn/01.2025.QC-BSH-Quy chế công nghệ thông tin.10-03-2025.pdf,[00] Văn Bản Điều Hành Chung,01.2025.QC-BSH-Quy chế công nghệ thông tin.10-03-2025.pdf,01.2025.QC-BSH-Quy chế công nghệ thông tin.10-03-2025.pdf,01,2025,2025-03-10,,,Hiệu lực,,Quy chế công nghệ thông tin,,,,Quy chế – Quy định – Quy trình – Hướng dẫn,Khác,Quy chế,công nghệ thông tin,BSH,[00] Văn bản điều hành chung,ParsedFromFolder,High,,,,,,
data/[00] Văn bản điều hành chung/02. Quy chế – Quy định – Quy trình – Hướng dẫn/01.2025.QC-DMB-Quy chế trả lương Đông Mai.31-12-2024.docx,[00] Văn Bản Điều Hành Chung,01.2025.QC-DMB-Quy chế trả lương Đông Mai.31-12-2024.docx,01.2025.QC-DMB-Quy chế trả lương Đông Mai.31-12-2024.docx,01,2025,2024-12-31,,,Hiệu lực,,Quy chế trả lương Đông Mai,,,,Quy chế – Quy định – Quy trình – Hướng dẫn,Khác,Quy chế,trả lương Đông Mai,DMB,[00] Văn bản điều hành chung,ParsedFromFolder,High,,,,,,
data/[00] Văn bản điều hành chung/02. Quy chế – Quy định – Quy trình – Hướng dẫn/01.2025.QC-DMB-Quy chế trả lương Đông Mai.31-12-2024.pdf,[00] Văn Bản Điều Hành Chung,01.2025.QC-DMB-Quy chế trả lương Đông Mai.31-12-2024.pdf,01.2025.QC-DMB-Quy chế trả lương Đông Mai.31-12-2024.pdf,01,2025,2024-12-31,,,Hiệu lực,,Quy chế trả lương Đông Mai,,,,Quy chế – Quy định – Quy trình – Hướng dẫn,Khác,Quy chế,trả lương Đông Mai,DMB,[00] Văn bản điều hành chung,ParsedFromFolder,High,,,,,,
data/[00] Văn bản điều hành chung/02. Quy chế – Quy định – Quy trình – Hướng dẫn/01.2025.QC-HCNS-Quy chế trả lương Công ty Hạ Long.24-12-2024.docx,[00] Văn Bản Điều Hành Chung,01.2025.QC-HCNS-Quy chế trả lương Công ty Hạ Long.24-12-2024.docx,01.2025.QC-HCNS-Quy chế trả lương Công ty Hạ Long.24-12-2024.docx,01,2025,2024-12-24,,,Hiệu lực,,Quy chế trả lương Công ty Hạ Long,,,,Quy chế – Quy định – Quy trình – Hướng dẫn,Khác,Quy chế,trả lương Công ty Hạ Long,HCNS,[00] Văn bản điều hành chung,ParsedFromFolder,High,,,,,,
data/[00] Văn bản điều hành chung/02. Quy chế – Quy định – Quy trình – Hướng dẫn/01.2025.QC-HCNS-Quy chế trả lương Công ty Hạ Long.24-12-2024.pdf,[00] Văn Bản Điều Hành Chung,01.2025.QC-HCNS-Quy chế trả lương Công ty Hạ Long.24-12-2024.pdf,01.2025.QC-HCNS-Quy chế trả lương Công ty Hạ Long.24-12-2024.pdf,01,2025,2024-12-24,,,Hiệu lực,,Quy chế trả lương Công ty Hạ Long,,,,Quy chế – Quy định – Quy trình – Hướng dẫn,Khác,Quy chế,trả lương Công ty Hạ Long,HCNS,[00] Văn bản điều hành chung,ParsedFromFolder,High,,,,,,
data/[00] Văn bản điều hành chung/02. Quy chế – Quy định – Quy trình – Hướng dẫn/01.2025.QC-HĐQT-Quy chế hoạt động của HĐQT.25-04-2025.docx,[00] Văn Bản Điều Hành Chung,01.2025.QC-HĐQT-Quy chế hoạt động của HĐQT.25-04-2025.docx,01.2025.QC-HĐQT-Quy chế hoạt động của HĐQT.25-04-2025.docx,01,2025,2025-04-25,,,Hiệu lực,,Quy chế hoạt động của HĐQT,,,,Quy chế – Quy định – Quy trình – Hướng dẫn,Khác,Quy chế,hoạt động của HĐQT,HĐQT,[00] Văn bản điều hành chung,ParsedFromFolder,High,,,,,,
data/[00] Văn bản điều hành chung/02. Quy chế – Quy định – Quy trình – Hướng dẫn/01.2025.QC-HĐQT-Quy chế hoạt động của HĐQT.25-04-2025.pdf,[00] Văn Bản Điều Hành Chung,01.2025.QC-HĐQT-Quy chế hoạt động của HĐQT.25-04-2025.pdf,01.2025.QC-HĐQT-Quy chế hoạt động của HĐQT.25-04-2025.pdf,01,2025,2025-04-25,,,Hiệu lực,,Quy chế hoạt động của HĐQT,,,,Quy chế – Quy định – Quy trình – Hướng dẫn,Khác,Quy chế,hoạt động của HĐQT,HĐQT,[00] Văn bản điều hành chung,ParsedFromFolder,High,,,,,,
data/[00] Văn bản điều hành chung/02. Quy chế – Quy định – Quy trình – Hướng dẫn/01.2025.QC-KHVT-Quy chế mua sắm.25-07-2025.docx,[00] Văn Bản Điều Hành Chung,01.2025.QC-KHVT-Quy chế mua sắm.25-07-2025.docx,01.2025.QC-KHVT-Quy chế mua sắm.25-07-2025.docx,01,2025,2025-07-25,,,Hiệu lực,,Quy chế mua sắm,,,,Quy chế – Quy định – Quy trình – Hướng dẫn,Khác,Quy chế,mua sắm,KHVT,[00] Văn bản điều hành chung,ParsedFromFolder,High,,,,,,
data/[00] Văn bản điều hành chung/02. Quy chế – Quy định – Quy trình – Hướng dẫn/01.2025.QC-KHVT-Quy chế mua sắm.25-07-2025.pdf,[00] Văn Bản Điều Hành Chung,01.2025.QC-KHVT-Quy chế mua sắm.25-07-2025.pdf,01.2025.QC-KHVT-Quy chế mua sắm.25-07-2025.pdf,01,2025,2025-07-25,,,Hiệu lực,,Quy chế mua sắm,,,,Quy chế – Quy định – Quy trình – Hướng dẫn,Khác,Quy chế,mua sắm,KHVT,[00] Văn bản điều hành chung,ParsedFromFolder,High,,,,,,
"data/[00] Văn bản điều hành chung/02. Quy chế – Quy định – Quy trình – Hướng dẫn/01.2025.QT-HCNS-Quy trình xử lý khiếu nại , giải đáp thắc mắc của người lao động.14-05-2025.pdf",[00] Văn Bản Điều Hành Chung,"01.2025.QT-HCNS-Quy trình xử lý khiếu nại , giải đáp thắc mắc của người lao động.14-05-2025.pdf","01.2025.QT-HCNS-Quy trình xử lý khiếu nại , giải đáp thắc mắc của người lao động.14-05-2025.pdf",01,2025,2025-05-14,,,Hiệu lực,,"Quy trình xử lý khiếu nại , giải đáp thắc mắc của người lao động",,,,Quy chế – Quy định – Quy trình – Hướng dẫn,Khác,Quy trình,"xử lý khiếu nại , giải đáp thắc mắc của người lao động",HCNS,[00] Văn bản điều hành chung,ParsedFromFolder,High,,,,,,
data/[00] Văn bản điều hành chung/02. Quy chế – Quy định – Quy trình – Hướng dẫn/01.2025.QT-HCNS-Quy tắc ứng xử ban hành.19-03-2025.docx,[00] Văn Bản Điều Hành Chung,01.2025.QT-HCNS-Quy tắc ứng xử ban hành.19-03-2025.docx,01.2025.QT-HCNS-Quy tắc ứng xử ban hành.19-03-2025.docx,01,2025,2025-03-19,,,Hiệu lực,,Quy tắc ứng xử ban hành,,,,Quy chế – Quy định – Quy trình – Hướng dẫn,Khác,,Quy tắc ứng xử ban hành,HCNS,[00] Văn bản điều hành chung,ParsedFromFolder,High,,,,,,
data/[00] Văn bản điều hành chung/02. Quy chế – Quy định – Quy trình – Hướng dẫn/02.2025.QC-HĐQT-Quy chế nội bộ về quản trị Công ty.25-04-2025.docx,[00] Văn Bản Điều Hành Chung,02.2025.QC-HĐQT-Quy chế nội bộ về quản trị Công ty.25-04-2025.docx,02.2025.QC-HĐQT-Quy chế nội bộ về quản trị Công ty.25-04-2025.docx,02,2025,2025-04-25,,,Hiệu lực,,Quy chế nội bộ về quản trị Công ty,,,,Quy chế – Quy định – Quy trình – Hướng dẫn,Khác,Quy chế,nội bộ về quản trị Công ty,HĐQT,[00] Văn bản điều hành chung,ParsedFromFolder,High,,,,,,
data/[00] Văn bản điều hành chung/02. Quy chế – Quy định – Quy trình – Hướng dẫn/02.2025.QC-HĐQT-Quy chế nội bộ về quản trị Công ty.25-04-2025.pdf,[00] Văn Bản Điều Hành Chung,02.2025.QC-HĐQT-Quy chế nội bộ về quản trị Công ty.25-04-2025.pdf,02.2025.QC-HĐQT-Quy chế nội bộ về quản trị Công ty.25-04-2025.pdf,02,2025,2025-04-25,,,Hiệu lực,,Quy chế nội bộ về quản trị Công ty,,,,Quy chế – Quy định – Quy trình – Hướng dẫn,Khác,Quy chế,nội bộ về quản trị Công ty,HĐQT,[00] Văn bản điều hành chung,ParsedFromFolder,High,,,,,,
data/[00] Văn bản điều hành chung/02. Quy chế – Quy định – Quy trình – Hướng dẫn/02.2025.QT-HCNS-Quy trình công tác-v2.25-03-2025.pdf,[00] Văn Bản Điều Hành Chung,02.2025.QT-HCNS-Quy trình công tác-v2.25-03-2025.pdf,02.2025.QT-HCNS-Quy trình công tác-v2.25-03-2025.pdf,02,2025,2025-03-25,,,Hiệu lực,,Quy trình công tác-v2,,,,Quy chế – Quy định – Quy trình – Hướng dẫn,Khác,Quy trình,công tác-v2,HCNS,[00] Văn bản điều hành chung,ParsedFromFolder,High,,,,,,
data/[00] Văn bản điều hành chung/02. Quy chế – Quy định – Quy trình – Hướng dẫn/02.2025.QT-HCNS-Quy trình đi công tác.25-03-2025.docx,[00] Văn Bản Điều Hành Chung,02.2025.QT-HCNS-Quy trình đi công tác.25-03-2025.docx,02.2025.QT-HCNS-Quy trình đi công tác.25-03-2025.docx,02,2025,2025-03-25,,,Hiệu lực,,Quy trình đi công tác,,,,Quy chế – Quy định – Quy trình – Hướng dẫn,Khác,Quy trình,đi công tác,HCNS,[00] Văn bản điều hành chung,ParsedFromFolder,High,,,,,,
data/[00] Văn bản điều hành chung/02. Quy chế – Quy định – Quy trình – Hướng dẫn/02.2025.QT-HCNS-Quy trình đi công tác.25-03-2025.pdf,[00] Văn Bản Điều Hành Chung,02.2025.QT-HCNS-Quy trình đi công tác.25-03-2025.pdf,02.2025.QT-HCNS-Quy trình đi công tác.25-03-2025.pdf,02,2025,2025-03-25,,,Hiệu lực,,Quy trình đi công tác,,,,Quy chế – Quy định – Quy trình – Hướng dẫn,Khác,Quy trình,đi công tác,HCNS,[00] Văn bản điều hành chung,ParsedFromFolder,High,,,,,,
data/[00] Văn bản điều hành chung/02. Quy chế – Quy định – Quy trình – Hướng dẫn/02.2025.QyĐ-HCNS-Quy định công tác phí.24-01-2025.docx,[00] Văn Bản Điều Hành Chung,02.2025.QyĐ-HCNS-Quy định công tác phí.24-01-2025.docx,02.2025.QyĐ-HCNS-Quy định công tác phí.24-01-2025.docx,02,2025,2025-01-24,,,Hiệu lực,,Quy định công tác phí,,,,Quy chế – Quy định – Quy trình – Hướng dẫn,Khác,Quy định,công tác phí,HCNS,[00] Văn bản điều hành chung,ParsedFromFolder,High,,,,,,
data/[00] Văn bản điều hành chung/02. Quy chế – Quy định – Quy trình – Hướng dẫn/02.2025.QyĐ-HCNS-Quy định công tác phí.24-01-2025.pdf,[00] Văn Bản Điều Hành Chung,02.2025.QyĐ-HCNS-Quy định công tác phí.24-01-2025.pdf,02.2025.QyĐ-HCNS-Quy định công tác phí.24-01-2025.pdf,02,2025,2025-01-24,,,Hiệu lực,,Quy định công tác phí,,,,Quy chế – Quy định – Quy trình – Hướng dẫn,Khác,Quy định,công tác phí,HCNS,[00] Văn bản điều hành chung,ParsedFromFolder,High,,,,,,
data/[00] Văn bản điều hành chung/02. Quy chế – Quy định – Quy trình – Hướng dẫn/02.2026.HD-B5S-Hướng dẫn thực hành GEMBA WALK-v2.25-04-2026.pdf,[00] Văn Bản Điều Hành Chung,02.2026.HD-B5S-Hướng dẫn thực hành GEMBA WALK-v2.25-04-2026.pdf,02.2026.HD-B5S-Hướng dẫn thực hành GEMBA WALK-v2.25-04-2026.pdf,02,2026,2026-04-25,,,Hiệu lực,,Hướng dẫn thực hành GEMBA WALK-v2,,,,Quy chế – Quy định – Quy trình – Hướng dẫn,Khác,Hướng dẫn,thực hành GEMBA WALK-v2,B5S,[00] Văn bản điều hành chung,ParsedFromFolder,High,,,,,,
data/[00] Văn bản điều hành chung/02. Quy chế – Quy định – Quy trình – Hướng dẫn/02.2026.HD-B5S-Hướng dẫn thực hành GEMBA WALK.25-04-2026.docx,[00] Văn Bản Điều Hành Chung,02.2026.HD-B5S-Hướng dẫn thực hành GEMBA WALK.25-04-2026.docx,02.2026.HD-B5S-Hướng dẫn thực hành GEMBA WALK.25-04-2026.docx,02,2026,2026-04-25,,,Hiệu lực,,Hướng dẫn thực hành GEMBA WALK,,,,Quy chế – Quy định – Quy trình – Hướng dẫn,Khác,Hướng dẫn,thực hành GEMBA WALK,B5S,[00] Văn bản điều hành chung,ParsedFromFolder,High,,,,,,
data/[00] Văn bản điều hành chung/02. Quy chế – Quy định – Quy trình – Hướng dẫn/03.2025.HD-KT-Hướng dẫn thanh toán công tác phí.26-03-2026.docx,[00] Văn Bản Điều Hành Chung,03.2025.HD-KT-Hướng dẫn thanh toán công tác phí.26-03-2026.docx,03.2025.HD-KT-Hướng dẫn thanh toán công tác phí.26-03-2026.docx,03,2025,2026-03-26,,,Hiệu lực,,Hướng dẫn thanh toán công tác phí,,,,Quy chế – Quy định – Quy trình – Hướng dẫn,Khác,Hướng dẫn,thanh toán công tác phí,KT,[00] Văn bản điều hành chung,ParsedFromFolder,High,,,,,,
data/[00] Văn bản điều hành chung/02. Quy chế – Quy định – Quy trình – Hướng dẫn/03.2025.HD-KT-Hướng dẫn thanh toán công tác phí.26-03-2026.pdf,[00] Văn Bản Điều Hành Chung,03.2025.HD-KT-Hướng dẫn thanh toán công tác phí.26-03-2026.pdf,03.2025.HD-KT-Hướng dẫn thanh toán công tác phí.26-03-2026.pdf,03,2025,2026-03-26,,,Hiệu lực,,Hướng dẫn thanh toán công tác phí,,,,Quy chế – Quy định – Quy trình – Hướng dẫn,Khác,Hướng dẫn,thanh toán công tác phí,KT,[00] Văn bản điều hành chung,ParsedFromFolder,High,,,,,,
data/[00] Văn bản điều hành chung/02. Quy chế – Quy định – Quy trình – Hướng dẫn/04.2025.QĐ-HCNS-Quy định đánh giá mức độ hoàn thành công việc (pms).06-04-2026.docx,[00] Văn Bản Điều Hành Chung,04.2025.QĐ-HCNS-Quy định đánh giá mức độ hoàn thành công việc (pms).06-04-2026.docx,04.2025.QĐ-HCNS-Quy định đánh giá mức độ hoàn thành công việc (pms).06-04-2026.docx,04,2025,2026-04-06,,,Hiệu lực,,Quy định đánh giá mức độ hoàn thành công việc (pms),,,,Quy chế – Quy định – Quy trình – Hướng dẫn,Quyết định,Quy định,đánh giá mức độ hoàn thành công việc (pms),HCNS,[00] Văn bản điều hành chung,ParsedFromFolder,High,,,,,,
data/[00] Văn bản điều hành chung/02. Quy chế – Quy định – Quy trình – Hướng dẫn/04.2025.QĐ-HCNS-Quy định đánh giá mức độ hoàn thành công việc (pms).06-04-2026.pdf,[00] Văn Bản Điều Hành Chung,04.2025.QĐ-HCNS-Quy định đánh giá mức độ hoàn thành công việc (pms).06-04-2026.pdf,04.2025.QĐ-HCNS-Quy định đánh giá mức độ hoàn thành công việc (pms).06-04-2026.pdf,04,2025,2026-04-06,,,Hiệu lực,,Quy định đánh giá mức độ hoàn thành công việc (pms),,,,Quy chế – Quy định – Quy trình – Hướng dẫn,Quyết định,Quy định,đánh giá mức độ hoàn thành công việc (pms),HCNS,[00] Văn bản điều hành chung,ParsedFromFolder,High,,,,,,
data/[00] Văn bản điều hành chung/02. Quy chế – Quy định – Quy trình – Hướng dẫn/10.2026.QT-HCNS-Quy trình tính lương.15-05-2026.pdf,[00] Văn Bản Điều Hành Chung,10.2026.QT-HCNS-Quy trình tính lương.15-05-2026.pdf,10.2026.QT-HCNS-Quy trình tính lương.15-05-2026.pdf,10,2026,2026-05-15,,,Hiệu lực,,Quy trình tính lương,,,,Quy chế – Quy định – Quy trình – Hướng dẫn,Khác,Quy trình,tính lương,HCNS,[00] Văn bản điều hành chung,ParsedFromFolder,High,,,,,,
data/[00] Văn bản điều hành chung/02. Quy chế – Quy định – Quy trình – Hướng dẫn/11.2025.QT-HCNS-Quy trình quản lý hợp đồng.13-12-2025.pdf,[00] Văn Bản Điều Hành Chung,11.2025.QT-HCNS-Quy trình quản lý hợp đồng.13-12-2025.pdf,11.2025.QT-HCNS-Quy trình quản lý hợp đồng.13-12-2025.pdf,11,2025,2025-12-13,,,Hiệu lực,,Quy trình quản lý hợp đồng,,,,Quy chế – Quy định – Quy trình – Hướng dẫn,Khác,Quy trình,quản lý hợp đồng,HCNS,[00] Văn bản điều hành chung,ParsedFromFolder,High,,,,,,
data/[00] Văn bản điều hành chung/02. Quy chế – Quy định – Quy trình – Hướng dẫn/12.QT-HCNS-Quy trình chấm dứt hợp đồng lao động.10-09-2022.docx,[00] Văn Bản Điều Hành Chung,12.QT-HCNS-Quy trình chấm dứt hợp đồng lao động.10-09-2022.docx,12.QT-HCNS-Quy trình chấm dứt hợp đồng lao động.10-09-2022.docx,,,2022-09-10,,,Hiệu lực,,Quy trình chấm dứt hợp đồng lao động,,,,Quy chế – Quy định – Quy trình – Hướng dẫn,Khác,Quy trình,chấm dứt hợp đồng lao động,HCNS,[00] Văn bản điều hành chung,ParsedFromFolder,High,,,,,,
data/[00] Văn bản điều hành chung/02. Quy chế – Quy định – Quy trình – Hướng dẫn/12.QT-HCNS-Quy trình chấm dứt hợp đồng lao động.10-09-2022.pdf,[00] Văn Bản Điều Hành Chung,12.QT-HCNS-Quy trình chấm dứt hợp đồng lao động.10-09-2022.pdf,12.QT-HCNS-Quy trình chấm dứt hợp đồng lao động.10-09-2022.pdf,,,2022-09-10,,,Hiệu lực,,Quy trình chấm dứt hợp đồng lao động,,,,Quy chế – Quy định – Quy trình – Hướng dẫn,Khác,Quy trình,chấm dứt hợp đồng lao động,HCNS,[00] Văn bản điều hành chung,ParsedFromFolder,High,,,,,,
"data/[00] Văn bản điều hành chung/02. Quy chế – Quy định – Quy trình – Hướng dẫn/13.2025.QT-HCNS-Quy trình xây dựng, điều chỉnh định biên Nhân sự.15-04-2025.docx",[00] Văn Bản Điều Hành Chung,"13.2025.QT-HCNS-Quy trình xây dựng, điều chỉnh định biên Nhân sự.15-04-2025.docx","13.2025.QT-HCNS-Quy trình xây dựng, điều chỉnh định biên Nhân sự.15-04-2025.docx",13,2025,2025-04-15,,,Hiệu lực,,"Quy trình xây dựng, điều chỉnh định biên Nhân sự",,,,Quy chế – Quy định – Quy trình – Hướng dẫn,Khác,Quy trình,"xây dựng, điều chỉnh định biên Nhân sự",HCNS,[00] Văn bản điều hành chung,ParsedFromFolder,High,,,,,,
"data/[00] Văn bản điều hành chung/02. Quy chế – Quy định – Quy trình – Hướng dẫn/13.2025.QT-HCNS-Quy trình xây dựng, điều chỉnh định biên Nhân sự.15-04-2025.pdf",[00] Văn Bản Điều Hành Chung,"13.2025.QT-HCNS-Quy trình xây dựng, điều chỉnh định biên Nhân sự.15-04-2025.pdf","13.2025.QT-HCNS-Quy trình xây dựng, điều chỉnh định biên Nhân sự.15-04-2025.pdf",13,2025,2025-04-15,,,Hiệu lực,,"Quy trình xây dựng, điều chỉnh định biên Nhân sự",,,,Quy chế – Quy định – Quy trình – Hướng dẫn,Khác,Quy trình,"xây dựng, điều chỉnh định biên Nhân sự",HCNS,[00] Văn bản điều hành chung,ParsedFromFolder,High,,,,,,
data/[00] Văn bản điều hành chung/02. Quy chế – Quy định – Quy trình – Hướng dẫn/14.2025.QT-HCNS-Quy trình quản lý văn bản đến văn bản đi.25-03-2025.docx,[00] Văn Bản Điều Hành Chung,14.2025.QT-HCNS-Quy trình quản lý văn bản đến văn bản đi.25-03-2025.docx,14.2025.QT-HCNS-Quy trình quản lý văn bản đến văn bản đi.25-03-2025.docx,14,2025,2025-03-25,,,Hiệu lực,,Quy trình quản lý văn bản đến văn bản đi,,,,Quy chế – Quy định – Quy trình – Hướng dẫn,Khác,Quy trình,quản lý văn bản đến văn bản đi,HCNS,[00] Văn bản điều hành chung,ParsedFromFolder,High,,,,,,
data/[00] Văn bản điều hành chung/02. Quy chế – Quy định – Quy trình – Hướng dẫn/14.2025.QT-HCNS-Quy trình quản lý văn bản đến văn bản đi.25-03-2025.pdf,[00] Văn Bản Điều Hành Chung,14.2025.QT-HCNS-Quy trình quản lý văn bản đến văn bản đi.25-03-2025.pdf,14.2025.QT-HCNS-Quy trình quản lý văn bản đến văn bản đi.25-03-2025.pdf,14,2025,2025-03-25,,,Hiệu lực,,Quy trình quản lý văn bản đến văn bản đi,,,,Quy chế – Quy định – Quy trình – Hướng dẫn,Khác,Quy trình,quản lý văn bản đến văn bản đi,HCNS,[00] Văn bản điều hành chung,ParsedFromFolder,High,,,,,,
data/[00] Văn bản điều hành chung/02. Quy chế – Quy định – Quy trình – Hướng dẫn/15.2025.QC-BCHCĐ-Quy chế phối hợp hoạt động giữa BCHCĐ cơ sở và Ban Giám đốc Công ty.07-01-2025.pdf,[00] Văn Bản Điều Hành Chung,15.2025.QC-BCHCĐ-Quy chế phối hợp hoạt động giữa BCHCĐ cơ sở và Ban Giám đốc Công ty.07-01-2025.pdf,15.2025.QC-BCHCĐ-Quy chế phối hợp hoạt động giữa BCHCĐ cơ sở và Ban Giám đốc Công ty.07-01-2025.pdf,15,2025,2025-01-07,,,Hiệu lực,,Quy chế phối hợp hoạt động giữa BCHCĐ cơ sở và Ban Giám đốc Công ty,,,,Quy chế – Quy định – Quy trình – Hướng dẫn,Khác,Quy chế,phối hợp hoạt động giữa BCHCĐ cơ sở và Ban Giám đốc Công ty,BCHCĐ,[00] Văn bản điều hành chung,ParsedFromFolder,High,,,,,,
data/[00] Văn bản điều hành chung/02. Quy chế – Quy định – Quy trình – Hướng dẫn/15.2025.QT-HCNS-Quy trình cấp phát đồng phục.06-04-2026.pdf,[00] Văn Bản Điều Hành Chung,15.2025.QT-HCNS-Quy trình cấp phát đồng phục.06-04-2026.pdf,15.2025.QT-HCNS-Quy trình cấp phát đồng phục.06-04-2026.pdf,15,2025,2026-04-06,,,Hiệu lực,,Quy trình cấp phát đồng phục,,,,Quy chế – Quy định – Quy trình – Hướng dẫn,Khác,Quy trình,cấp phát đồng phục,HCNS,[00] Văn bản điều hành chung,ParsedFromFolder,High,,,,,,
data/[00] Văn bản điều hành chung/02. Quy chế – Quy định – Quy trình – Hướng dẫn/2025.HLB.DOA Bia Hạ Long.28-07-2025.xlsx,[00] Văn Bản Điều Hành Chung,2025.HLB.DOA Bia Hạ Long.28-07-2025.xlsx,2025.HLB.DOA Bia Hạ Long.28-07-2025.xlsx,,2025,2025-07-28,,,Hiệu lực,,HLB.DOA Bia Hạ Long,,,,Quy chế – Quy định – Quy trình – Hướng dẫn,Khác,,HLB.DOA Bia Hạ Long,,[00] Văn bản điều hành chung,ParsedFromFolder,High,,,,,,
data/[00] Văn bản điều hành chung/02. Quy chế – Quy định – Quy trình – Hướng dẫn/2025.HLB.DOA Matrix Bia Hạ Long Draft.13-10-2025.xlsx,[00] Văn Bản Điều Hành Chung,2025.HLB.DOA Matrix Bia Hạ Long Draft.13-10-2025.xlsx,2025.HLB.DOA Matrix Bia Hạ Long Draft.13-10-2025.xlsx,,2025,2025-10-13,,,Hiệu lực,,HLB.DOA Matrix Bia Hạ Long Draft,,,,Quy chế – Quy định – Quy trình – Hướng dẫn,Khác,,HLB.DOA Matrix Bia Hạ Long Draft,,[00] Văn bản điều hành chung,ParsedFromFolder,High,,,,,,
data/[00] Văn bản điều hành chung/02. Quy chế – Quy định – Quy trình – Hướng dẫn/2025.HLB.DOA Matrix Bia Hạ Long.28-07-2025.xlsx,[00] Văn Bản Điều Hành Chung,2025.HLB.DOA Matrix Bia Hạ Long.28-07-2025.xlsx,2025.HLB.DOA Matrix Bia Hạ Long.28-07-2025.xlsx,,2025,2025-07-28,,,Hiệu lực,,HLB.DOA Matrix Bia Hạ Long,,,,Quy chế – Quy định – Quy trình – Hướng dẫn,Khác,,HLB.DOA Matrix Bia Hạ Long,,[00] Văn bản điều hành chung,ParsedFromFolder,High,,,,,,
data/[00] Văn bản điều hành chung/02. Quy chế – Quy định – Quy trình – Hướng dẫn/2025.QyĐ-HLB-Quy định hệ thống định danh của Công ty.09-12-2025.pdf,[00] Văn Bản Điều Hành Chung,2025.QyĐ-HLB-Quy định hệ thống định danh của Công ty.09-12-2025.pdf,2025.QyĐ-HLB-Quy định hệ thống định danh của Công ty.09-12-2025.pdf,,2025,2025-12-09,,,Hiệu lực,,Quy định hệ thống định danh của Công ty,,,,Quy chế – Quy định – Quy trình – Hướng dẫn,Khác,Quy định,hệ thống định danh của Công ty,HLB,[00] Văn bản điều hành chung,ParsedFromFolder,High,,,,,Bản chuẩn,
data/[00] Văn bản điều hành chung/02. Quy chế – Quy định – Quy trình – Hướng dẫn/2025.QyĐ-HLB-Quy định hệ thống định danh của Công ty.09-12-2025.xlsx,[00] Văn Bản Điều Hành Chung,2025.QyĐ-HLB-Quy định hệ thống định danh của Công ty.09-12-2025.xlsx,2025.QyĐ-HLB-Quy định hệ thống định danh của Công ty.09-12-2025.xlsx,,2025,2025-12-09,,,Hiệu lực,,Quy định hệ thống định danh của Công ty,,,,Quy chế – Quy định – Quy trình – Hướng dẫn,Khác,Quy định,hệ thống định danh của Công ty,HLB,[00] Văn bản điều hành chung,ParsedFromFolder,High,,,,,,
"data/[00] Văn bản điều hành chung/02. Quy chế – Quy định – Quy trình – Hướng dẫn/2025.QĐ-HCNS-Ma trận phân quyền cấp công ty, khối vận hành và chuỗi cung ứng.31-07-2025.docx",[00] Văn Bản Điều Hành Chung,"2025.QĐ-HCNS-Ma trận phân quyền cấp công ty, khối vận hành và chuỗi cung ứng.31-07-2025.docx","2025.QĐ-HCNS-Ma trận phân quyền cấp công ty, khối vận hành và chuỗi cung ứng.31-07-2025.docx",,2025,2025-07-31,,,Hiệu lực,,"Ma trận phân quyền cấp công ty, khối vận hành và chuỗi cung ứng",,,,Quy chế – Quy định – Quy trình – Hướng dẫn,Quyết định,,"Ma trận phân quyền cấp công ty, khối vận hành và chuỗi cung ứng",HCNS,[00] Văn bản điều hành chung,ParsedFromFolder,High,,,,,,
data/[00] Văn bản điều hành chung/02. Quy chế – Quy định – Quy trình – Hướng dẫn/256.2024.QĐ-DMB-Quyết định ban hành Quy chế dân chủ cơ sở Công ty Đông Mai.21-06-2024.pdf,[00] Văn Bản Điều Hành Chung,256.2024.QĐ-DMB-Quyết định ban hành Quy chế dân chủ cơ sở Công ty Đông Mai.21-06-2024.pdf,256.2024.QĐ-DMB-Quyết định ban hành Quy chế dân chủ cơ sở Công ty Đông Mai.21-06-2024.pdf,256,2024,2024-06-21,,,Hiệu lực,,Quyết định ban hành Quy chế dân chủ cơ sở Công ty Đông Mai,,,,Quy chế – Quy định – Quy trình – Hướng dẫn,Quyết định,Quy chế,Quyết định ban hành Quy chế dân chủ cơ sở Công ty Đông Mai,DMB,[00] Văn bản điều hành chung,ParsedFromFolder,High,,,,,,
"data/[00] Văn bản điều hành chung/02. Quy chế – Quy định – Quy trình – Hướng dẫn/428.2024.QyĐ-HLB-Quy định về quản lý, lưu trữ, bảo mật tài liệu của công ty.10-05-2024.pdf",[00] Văn Bản Điều Hành Chung,"428.2024.QyĐ-HLB-Quy định về quản lý, lưu trữ, bảo mật tài liệu của công ty.10-05-2024.pdf","428.2024.QyĐ-HLB-Quy định về quản lý, lưu trữ, bảo mật tài liệu của công ty.10-05-2024.pdf",428,2024,2024-05-10,,,Hiệu lực,,"Quy định về quản lý, lưu trữ, bảo mật tài liệu của công ty",,,,Quy chế – Quy định – Quy trình – Hướng dẫn,Khác,Quy định,"về quản lý, lưu trữ, bảo mật tài liệu của công ty",HLB,[00] Văn bản điều hành chung,ParsedFromFolder,High,,,,,,
data/[00] Văn bản điều hành chung/02. Quy chế – Quy định – Quy trình – Hướng dẫn/480A.2024.QĐ-HLB-ban hành quy chế DCCS công ty bia Hạ Long.20-06-2024.pdf,[00] Văn Bản Điều Hành Chung,480A.2024.QĐ-HLB-ban hành quy chế DCCS công ty bia Hạ Long.20-06-2024.pdf,480A.2024.QĐ-HLB-ban hành quy chế DCCS công ty bia Hạ Long.20-06-2024.pdf,,,2024-06-20,,,Hiệu lực,,ban hành quy chế DCCS công ty bia Hạ Long,,,,Quy chế – Quy định – Quy trình – Hướng dẫn,Khác,Quy chế,DCCS công ty bia Hạ Long,HLB,[00] Văn bản điều hành chung,ParsedFromFolder,High,,,,,,
data/[00] Văn bản điều hành chung/02. Quy chế – Quy định – Quy trình – Hướng dẫn/832.2025.QĐ-HLB-Hệ thống định danh của Công ty.09-12-2025.pdf,[00] Văn Bản Điều Hành Chung,832.2025.QĐ-HLB-Hệ thống định danh của Công ty.09-12-2025.pdf,832.2025.QĐ-HLB-Hệ thống định danh của Công ty.09-12-2025.pdf,832,2025,2025-12-09,,,Hiệu lực,,Hệ thống định danh của Công ty,,,,Quy chế – Quy định – Quy trình – Hướng dẫn,Quyết định,,Hệ thống định danh của Công ty,HLB,[00] Văn bản điều hành chung,ParsedFromFolder,High,,,,,Bản sao,
data/[00] Văn bản điều hành chung/02. Quy chế – Quy định – Quy trình – Hướng dẫn/896.2024.QyĐ-HLB-Quy tắc thiết lập mã đối tượng trên hệ thống.14-12-2025.pdf,[00] Văn Bản Điều Hành Chung,896.2024.QyĐ-HLB-Quy tắc thiết lập mã đối tượng trên hệ thống.14-12-2025.pdf,896.2024.QyĐ-HLB-Quy tắc thiết lập mã đối tượng trên hệ thống.14-12-2025.pdf,896,2024,2025-12-14,,,Hiệu lực,,Quy tắc thiết lập mã đối tượng trên hệ thống,,,,Quy chế – Quy định – Quy trình – Hướng dẫn,Khác,,Quy tắc thiết lập mã đối tượng trên hệ thống,HLB,[00] Văn bản điều hành chung,ParsedFromFolder,High,,,,,,
data/[00] Văn bản điều hành chung/02. Quy chế – Quy định – Quy trình – Hướng dẫn/921.2024.QyĐ-HLB-Quyết định ban hành hệ thống định danh.24-12-2024.pdf,[00] Văn Bản Điều Hành Chung,921.2024.QyĐ-HLB-Quyết định ban hành hệ thống định danh.24-12-2024.pdf,921.2024.QyĐ-HLB-Quyết định ban hành hệ thống định danh.24-12-2024.pdf,921,2024,2024-12-24,,,Hiệu lực,,Quyết định ban hành hệ thống định danh,,,,Quy chế – Quy định – Quy trình – Hướng dẫn,Khác,,Quyết định ban hành hệ thống định danh,HLB,[00] Văn bản điều hành chung,ParsedFromFolder,High,,,,,,
data/[00] Văn bản điều hành chung/03. Tổ chức – Nhân sự/01.2026.SĐTC-HLB-Sơ đồ tổ chức Công ty cổ phần Bia và Nước giải khát Hạ Long-v1.15-05-2026.docx,[00] Văn Bản Điều Hành Chung,01.2026.SĐTC-HLB-Sơ đồ tổ chức Công ty cổ phần Bia và Nước giải khát Hạ Long-v1.15-05-2026.docx,01.2026.SĐTC-HLB-Sơ đồ tổ chức Công ty cổ phần Bia và Nước giải khát Hạ Long-v1.15-05-2026.docx,01,2026,2026-05-15,,,Hiệu lực,,Sơ đồ tổ chức Công ty cổ phần Bia và Nước giải khát Hạ Long-v1,,,,Tổ chức – Nhân sự,Khác,,Sơ đồ tổ chức Công ty cổ phần Bia và Nước giải khát Hạ Long-v1,HLB,[00] Văn bản điều hành chung,ParsedFromFolder,High,,,,,,
data/[00] Văn bản điều hành chung/03. Tổ chức – Nhân sự/01.2026.SĐTC-HLB-Sơ đồ tổ chức Công ty cổ phần Bia và Nước giải khát Hạ Long.15-05-2026.docx,[00] Văn Bản Điều Hành Chung,01.2026.SĐTC-HLB-Sơ đồ tổ chức Công ty cổ phần Bia và Nước giải khát Hạ Long.15-05-2026.docx,01.2026.SĐTC-HLB-Sơ đồ tổ chức Công ty cổ phần Bia và Nước giải khát Hạ Long.15-05-2026.docx,01,2026,2026-05-15,,,Hiệu lực,,Sơ đồ tổ chức Công ty cổ phần Bia và Nước giải khát Hạ Long,,,,Tổ chức – Nhân sự,Khác,,Sơ đồ tổ chức Công ty cổ phần Bia và Nước giải khát Hạ Long,HLB,[00] Văn bản điều hành chung,ParsedFromFolder,High,,,,,,
data/[00] Văn bản điều hành chung/03. Tổ chức – Nhân sự/01.2026.SĐTC-HLB-Sơ đồ tổ chức Công ty cổ phần Bia và Nước giải khát Hạ Long.15-05-2026.drawio,[00] Văn Bản Điều Hành Chung,01.2026.SĐTC-HLB-Sơ đồ tổ chức Công ty cổ phần Bia và Nước giải khát Hạ Long.15-05-2026.drawio,01.2026.SĐTC-HLB-Sơ đồ tổ chức Công ty cổ phần Bia và Nước giải khát Hạ Long.15-05-2026.drawio,01,2026,2026-05-15,,,Hiệu lực,,Sơ đồ tổ chức Công ty cổ phần Bia và Nước giải khát Hạ Long,,,,Tổ chức – Nhân sự,Khác,,Sơ đồ tổ chức Công ty cổ phần Bia và Nước giải khát Hạ Long,HLB,[00] Văn bản điều hành chung,ParsedFromFolder,High,,,,,,
data/[00] Văn bản điều hành chung/03. Tổ chức – Nhân sự/01.2026.SĐTC-HLB-Sơ đồ tổ chức Công ty cổ phần Bia và Nước giải khát Hạ Long.15-05-2026.pdf,[00] Văn Bản Điều Hành Chung,01.2026.SĐTC-HLB-Sơ đồ tổ chức Công ty cổ phần Bia và Nước giải khát Hạ Long.15-05-2026.pdf,01.2026.SĐTC-HLB-Sơ đồ tổ chức Công ty cổ phần Bia và Nước giải khát Hạ Long.15-05-2026.pdf,01,2026,2026-05-15,,,Hiệu lực,,Sơ đồ tổ chức Công ty cổ phần Bia và Nước giải khát Hạ Long,,,,Tổ chức – Nhân sự,Khác,,Sơ đồ tổ chức Công ty cổ phần Bia và Nước giải khát Hạ Long,HLB,[00] Văn bản điều hành chung,ParsedFromFolder,High,,,,,,
data/[00] Văn bản điều hành chung/03. Tổ chức – Nhân sự/122.2026.QĐ-DMB-Điều chuyển nhân sự.27-02-2026.pdf,[00] Văn Bản Điều Hành Chung,122.2026.QĐ-DMB-Điều chuyển nhân sự.27-02-2026.pdf,122.2026.QĐ-DMB-Điều chuyển nhân sự.27-02-2026.pdf,122,2026,2026-02-27,,,Hiệu lực,,Điều chuyển nhân sự,,,,Tổ chức – Nhân sự,Quyết định,,Điều chuyển nhân sự,DMB,[00] Văn bản điều hành chung,ParsedFromFolder,High,,,,,Bản chuẩn,
data/[00] Văn bản điều hành chung/03. Tổ chức – Nhân sự/136.2026.QĐ-DMB-Miễn nhiệm vị trí Trưởng bộ phận KCS.09-03-2026.pdf,[00] Văn Bản Điều Hành Chung,136.2026.QĐ-DMB-Miễn nhiệm vị trí Trưởng bộ phận KCS.09-03-2026.pdf,136.2026.QĐ-DMB-Miễn nhiệm vị trí Trưởng bộ phận KCS.09-03-2026.pdf,136,2026,2026-03-09,,,Hiệu lực,,Miễn nhiệm vị trí Trưởng bộ phận KCS,,,,Tổ chức – Nhân sự,Quyết định,,Miễn nhiệm vị trí Trưởng bộ phận KCS,DMB,[00] Văn bản điều hành chung,ParsedFromFolder,High,,,,,,
data/[00] Văn bản điều hành chung/03. Tổ chức – Nhân sự/179.2026.QĐ-DMB-Bổ nhiệm Giám đốc Công ty Đông Mai.18-03-2026.docx,[00] Văn Bản Điều Hành Chung,179.2026.QĐ-DMB-Bổ nhiệm Giám đốc Công ty Đông Mai.18-03-2026.docx,179.2026.QĐ-DMB-Bổ nhiệm Giám đốc Công ty Đông Mai.18-03-2026.docx,179,2026,2026-03-18,,,Hiệu lực,,Bổ nhiệm Giám đốc Công ty Đông Mai,,,,Tổ chức – Nhân sự,Quyết định,,Bổ nhiệm Giám đốc Công ty Đông Mai,DMB,[00] Văn bản điều hành chung,ParsedFromFolder,High,,,,,,
data/[00] Văn bản điều hành chung/03. Tổ chức – Nhân sự/179.2026.QĐ-DMB-Bổ nhiệm Giám đốc Công ty Đông Mai.18-03-2026.pdf,[00] Văn Bản Điều Hành Chung,179.2026.QĐ-DMB-Bổ nhiệm Giám đốc Công ty Đông Mai.18-03-2026.pdf,179.2026.QĐ-DMB-Bổ nhiệm Giám đốc Công ty Đông Mai.18-03-2026.pdf,179,2026,2026-03-18,,,Hiệu lực,,Bổ nhiệm Giám đốc Công ty Đông Mai,,,,Tổ chức – Nhân sự,Quyết định,,Bổ nhiệm Giám đốc Công ty Đông Mai,DMB,[00] Văn bản điều hành chung,ParsedFromFolder,High,,,,,,
data/[00] Văn bản điều hành chung/03. Tổ chức – Nhân sự/181.2026.QĐ-DMB-Bổ nhiệm Phó Giám đốc Công nghệ.19-03-2026.pdf,[00] Văn Bản Điều Hành Chung,181.2026.QĐ-DMB-Bổ nhiệm Phó Giám đốc Công nghệ.19-03-2026.pdf,181.2026.QĐ-DMB-Bổ nhiệm Phó Giám đốc Công nghệ.19-03-2026.pdf,181,2026,2026-03-19,,,Hiệu lực,,Bổ nhiệm Phó Giám đốc Công nghệ,,,,Tổ chức – Nhân sự,Quyết định,,Bổ nhiệm Phó Giám đốc Công nghệ,DMB,[00] Văn bản điều hành chung,ParsedFromFolder,High,,,,,,
data/[00] Văn bản điều hành chung/03. Tổ chức – Nhân sự/200.2026.QĐ-DMB-Miễn nhiệm Giám đốc sản xuất kỹ thuật Công ty.26-03-2026.pdf,[00] Văn Bản Điều Hành Chung,200.2026.QĐ-DMB-Miễn nhiệm Giám đốc sản xuất kỹ thuật Công ty.26-03-2026.pdf,200.2026.QĐ-DMB-Miễn nhiệm Giám đốc sản xuất kỹ thuật Công ty.26-03-2026.pdf,200,2026,2026-03-26,,,Hiệu lực,,Miễn nhiệm Giám đốc sản xuất kỹ thuật Công ty,,,,Tổ chức – Nhân sự,Quyết định,,Miễn nhiệm Giám đốc sản xuất kỹ thuật Công ty,DMB,[00] Văn bản điều hành chung,ParsedFromFolder,High,,,,,,
data/[00] Văn bản điều hành chung/03. Tổ chức – Nhân sự/2024.NQLĐ-DMB-Nội quy lao động Công ty Đông Mai.03-07-2024.doc,[00] Văn Bản Điều Hành Chung,2024.NQLĐ-DMB-Nội quy lao động Công ty Đông Mai.03-07-2024.doc,2024.NQLĐ-DMB-Nội quy lao động Công ty Đông Mai.03-07-2024.doc,,2024,2024-07-03,,,Hiệu lực,,Nội quy lao động Công ty Đông Mai,,,,Tổ chức – Nhân sự,Khác,Nội quy,lao động Công ty Đông Mai,DMB,[00] Văn bản điều hành chung,ParsedFromFolder,High,,,,,,
data/[00] Văn bản điều hành chung/03. Tổ chức – Nhân sự/2024.NQLĐ-DMB-Nội quy lao động Công ty Đông Mai.03-07-2024.pdf,[00] Văn Bản Điều Hành Chung,2024.NQLĐ-DMB-Nội quy lao động Công ty Đông Mai.03-07-2024.pdf,2024.NQLĐ-DMB-Nội quy lao động Công ty Đông Mai.03-07-2024.pdf,,2024,2024-07-03,,,Hiệu lực,,Nội quy lao động Công ty Đông Mai,,,,Tổ chức – Nhân sự,Khác,Nội quy,lao động Công ty Đông Mai,DMB,[00] Văn bản điều hành chung,ParsedFromFolder,High,,,,,,
data/[00] Văn bản điều hành chung/03. Tổ chức – Nhân sự/2024.NQLĐ-HLB-Nội quy lao động Công ty Hạ Long.03-07-2024.doc,[00] Văn Bản Điều Hành Chung,2024.NQLĐ-HLB-Nội quy lao động Công ty Hạ Long.03-07-2024.doc,2024.NQLĐ-HLB-Nội quy lao động Công ty Hạ Long.03-07-2024.doc,,2024,2024-07-03,,,Hiệu lực,,Nội quy lao động Công ty Hạ Long,,,,Tổ chức – Nhân sự,Khác,Nội quy,lao động Công ty Hạ Long,HLB,[00] Văn bản điều hành chung,ParsedFromFolder,High,,,,,,
data/[00] Văn bản điều hành chung/03. Tổ chức – Nhân sự/2024.NQLĐ-HLB-Nội quy lao động Công ty Hạ Long.03-07-2024.pdf,[00] Văn Bản Điều Hành Chung,2024.NQLĐ-HLB-Nội quy lao động Công ty Hạ Long.03-07-2024.pdf,2024.NQLĐ-HLB-Nội quy lao động Công ty Hạ Long.03-07-2024.pdf,,2024,2024-07-03,,,Hiệu lực,,Nội quy lao động Công ty Hạ Long,,,,Tổ chức – Nhân sự,Khác,Nội quy,lao động Công ty Hạ Long,HLB,[00] Văn bản điều hành chung,ParsedFromFolder,High,,,,,,
data/[00] Văn bản điều hành chung/03. Tổ chức – Nhân sự/2024.TƯLĐ-DMB-TƯTT Công ty Đông Mai.21-06-2024.docx,[00] Văn Bản Điều Hành Chung,2024.TƯLĐ-DMB-TƯTT Công ty Đông Mai.21-06-2024.docx,2024.TƯLĐ-DMB-TƯTT Công ty Đông Mai.21-06-2024.docx,,2024,2024-06-21,,,Hiệu lực,,TƯTT Công ty Đông Mai,,,,Tổ chức – Nhân sự,Khác,,TƯTT Công ty Đông Mai,DMB,[00] Văn bản điều hành chung,ParsedFromFolder,High,,,,,,
data/[00] Văn bản điều hành chung/03. Tổ chức – Nhân sự/2024.TƯLĐ-DMB-TƯTT Công ty Đông Mai.21-06-2024.pdf,[00] Văn Bản Điều Hành Chung,2024.TƯLĐ-DMB-TƯTT Công ty Đông Mai.21-06-2024.pdf,2024.TƯLĐ-DMB-TƯTT Công ty Đông Mai.21-06-2024.pdf,,2024,2024-06-21,,,Hiệu lực,,TƯTT Công ty Đông Mai,,,,Tổ chức – Nhân sự,Khác,,TƯTT Công ty Đông Mai,DMB,[00] Văn bản điều hành chung,ParsedFromFolder,High,,,,,,
data/[00] Văn bản điều hành chung/03. Tổ chức – Nhân sự/2024.TƯLĐ-HLB-TƯTT Công ty Hạ Long.21-06-2024.docx,[00] Văn Bản Điều Hành Chung,2024.TƯLĐ-HLB-TƯTT Công ty Hạ Long.21-06-2024.docx,2024.TƯLĐ-HLB-TƯTT Công ty Hạ Long.21-06-2024.docx,,2024,2024-06-21,,,Hiệu lực,,TƯTT Công ty Hạ Long,,,,Tổ chức – Nhân sự,Khác,,TƯTT Công ty Hạ Long,HLB,[00] Văn bản điều hành chung,ParsedFromFolder,High,,,,,,
data/[00] Văn bản điều hành chung/03. Tổ chức – Nhân sự/2024.TƯLĐ-HLB-TƯTT Công ty Hạ Long.21-06-2024.pdf,[00] Văn Bản Điều Hành Chung,2024.TƯLĐ-HLB-TƯTT Công ty Hạ Long.21-06-2024.pdf,2024.TƯLĐ-HLB-TƯTT Công ty Hạ Long.21-06-2024.pdf,,2024,2024-06-21,,,Hiệu lực,,TƯTT Công ty Hạ Long,,,,Tổ chức – Nhân sự,Khác,,TƯTT Công ty Hạ Long,HLB,[00] Văn bản điều hành chung,ParsedFromFolder,High,,,,,,
data/[00] Văn bản điều hành chung/03. Tổ chức – Nhân sự/2025.DOA-HLB-Ban hành Ma trận phân quyền cấp Công ty khối tài chính và Quản trị-v1.30-10-2025.pdf,[00] Văn Bản Điều Hành Chung,2025.DOA-HLB-Ban hành Ma trận phân quyền cấp Công ty khối tài chính và Quản trị-v1.30-10-2025.pdf,2025.DOA-HLB-Ban hành Ma trận phân quyền cấp Công ty khối tài chính và Quản trị-v1.30-10-2025.pdf,,2025,2025-10-30,,,Hiệu lực,,Ban hành Ma trận phân quyền cấp Công ty khối tài chính và Quản trị-v1,,,,Tổ chức – Nhân sự,Khác,,Ma trận phân quyền cấp Công ty khối tài chính và Quản trị-v1,HLB,[00] Văn bản điều hành chung,ParsedFromFolder,High,,,,,Bản chuẩn,
data/[00] Văn bản điều hành chung/03. Tổ chức – Nhân sự/2025.DOA-HLB-Ban hành Ma trận phân quyền cấp Công ty khối tài chính và Quản trị-v2.30-10-2025.pdf,[00] Văn Bản Điều Hành Chung,2025.DOA-HLB-Ban hành Ma trận phân quyền cấp Công ty khối tài chính và Quản trị-v2.30-10-2025.pdf,2025.DOA-HLB-Ban hành Ma trận phân quyền cấp Công ty khối tài chính và Quản trị-v2.30-10-2025.pdf,,2025,2025-10-30,,,Hiệu lực,,Ban hành Ma trận phân quyền cấp Công ty khối tài chính và Quản trị-v2,,,,Tổ chức – Nhân sự,Khác,,Ma trận phân quyền cấp Công ty khối tài chính và Quản trị-v2,HLB,[00] Văn bản điều hành chung,ParsedFromFolder,High,,,,,Bản sao,
data/[00] Văn bản điều hành chung/03. Tổ chức – Nhân sự/2025.DOA-HLB-Ban hành ma trận phân quyền cấp Công ty khối tài chính và Quản trị.30-10-2025.pdf,[00] Văn Bản Điều Hành Chung,2025.DOA-HLB-Ban hành ma trận phân quyền cấp Công ty khối tài chính và Quản trị.30-10-2025.pdf,2025.DOA-HLB-Ban hành ma trận phân quyền cấp Công ty khối tài chính và Quản trị.30-10-2025.pdf,,2025,2025-10-30,,,Hiệu lực,,Ban hành ma trận phân quyền cấp Công ty khối tài chính và Quản trị,,,,Tổ chức – Nhân sự,Khác,,ma trận phân quyền cấp Công ty khối tài chính và Quản trị,HLB,[00] Văn bản điều hành chung,ParsedFromFolder,High,,,,,Bản sao,
data/[00] Văn bản điều hành chung/03. Tổ chức – Nhân sự/2025.DOA-HLB-Ban hành ma trận phân quyền cấp Công ty-khối Kinh doanh-v1.03-11-2025.pdf,[00] Văn Bản Điều Hành Chung,2025.DOA-HLB-Ban hành ma trận phân quyền cấp Công ty-khối Kinh doanh-v1.03-11-2025.pdf,2025.DOA-HLB-Ban hành ma trận phân quyền cấp Công ty-khối Kinh doanh-v1.03-11-2025.pdf,,2025,2025-11-03,,,Hiệu lực,,Ban hành ma trận phân quyền cấp Công ty-khối Kinh doanh-v1,,,,Tổ chức – Nhân sự,Khác,,ma trận phân quyền cấp Công ty-khối Kinh doanh-v1,HLB,[00] Văn bản điều hành chung,ParsedFromFolder,High,,,,,Bản chuẩn,
data/[00] Văn bản điều hành chung/03. Tổ chức – Nhân sự/2025.DOA-HLB-Ban hành ma trận phân quyền cấp Công ty-khối Kinh doanh.03-11-2025.docx,[00] Văn Bản Điều Hành Chung,2025.DOA-HLB-Ban hành ma trận phân quyền cấp Công ty-khối Kinh doanh.03-11-2025.docx,2025.DOA-HLB-Ban hành ma trận phân quyền cấp Công ty-khối Kinh doanh.03-11-2025.docx,,2025,2025-11-03,,,Hiệu lực,,Ban hành ma trận phân quyền cấp Công ty-khối Kinh doanh,,,,Tổ chức – Nhân sự,Khác,,ma trận phân quyền cấp Công ty-khối Kinh doanh,HLB,[00] Văn bản điều hành chung,ParsedFromFolder,High,,,,,,
data/[00] Văn bản điều hành chung/03. Tổ chức – Nhân sự/2025.DOA-HLB-Ban hành ma trận phân quyền cấp Công ty-khối Kinh doanh.03-11-2025.pdf,[00] Văn Bản Điều Hành Chung,2025.DOA-HLB-Ban hành ma trận phân quyền cấp Công ty-khối Kinh doanh.03-11-2025.pdf,2025.DOA-HLB-Ban hành ma trận phân quyền cấp Công ty-khối Kinh doanh.03-11-2025.pdf,,2025,2025-11-03,,,Hiệu lực,,Ban hành ma trận phân quyền cấp Công ty-khối Kinh doanh,,,,Tổ chức – Nhân sự,Khác,,ma trận phân quyền cấp Công ty-khối Kinh doanh,HLB,[00] Văn bản điều hành chung,ParsedFromFolder,High,,,,,Bản sao,
data/[00] Văn bản điều hành chung/03. Tổ chức – Nhân sự/2025.DOA-HLB-Ma trận phân quyền cấp Công ty Khối vận hành và chuỗi cung ứng-v1.03-11-2025.docx,[00] Văn Bản Điều Hành Chung,2025.DOA-HLB-Ma trận phân quyền cấp Công ty Khối vận hành và chuỗi cung ứng-v1.03-11-2025.docx,2025.DOA-HLB-Ma trận phân quyền cấp Công ty Khối vận hành và chuỗi cung ứng-v1.03-11-2025.docx,,2025,2025-11-03,,,Hiệu lực,,Ma trận phân quyền cấp Công ty Khối vận hành và chuỗi cung ứng-v1,,,,Tổ chức – Nhân sự,Khác,,Ma trận phân quyền cấp Công ty Khối vận hành và chuỗi cung ứng-v1,HLB,[00] Văn bản điều hành chung,ParsedFromFolder,High,,,,,,
data/[00] Văn bản điều hành chung/03. Tổ chức – Nhân sự/2025.DOA-HLB-Ma trận phân quyền cấp Công ty Khối vận hành và chuỗi cung ứng-v1.03-11-2025.pdf,[00] Văn Bản Điều Hành Chung,2025.DOA-HLB-Ma trận phân quyền cấp Công ty Khối vận hành và chuỗi cung ứng-v1.03-11-2025.pdf,2025.DOA-HLB-Ma trận phân quyền cấp Công ty Khối vận hành và chuỗi cung ứng-v1.03-11-2025.pdf,,2025,2025-11-03,,,Hiệu lực,,Ma trận phân quyền cấp Công ty Khối vận hành và chuỗi cung ứng-v1,,,,Tổ chức – Nhân sự,Khác,,Ma trận phân quyền cấp Công ty Khối vận hành và chuỗi cung ứng-v1,HLB,[00] Văn bản điều hành chung,ParsedFromFolder,High,,,,,Bản chuẩn,
data/[00] Văn bản điều hành chung/03. Tổ chức – Nhân sự/2025.DOA-HLB-Ma trận phân quyền cấp Công ty Khối vận hành và chuỗi cung ứng.03-11-2025.docx,[00] Văn Bản Điều Hành Chung,2025.DOA-HLB-Ma trận phân quyền cấp Công ty Khối vận hành và chuỗi cung ứng.03-11-2025.docx,2025.DOA-HLB-Ma trận phân quyền cấp Công ty Khối vận hành và chuỗi cung ứng.03-11-2025.docx,,2025,2025-11-03,,,Hiệu lực,,Ma trận phân quyền cấp Công ty Khối vận hành và chuỗi cung ứng,,,,Tổ chức – Nhân sự,Khác,,Ma trận phân quyền cấp Công ty Khối vận hành và chuỗi cung ứng,HLB,[00] Văn bản điều hành chung,ParsedFromFolder,High,,,,,,
data/[00] Văn bản điều hành chung/03. Tổ chức – Nhân sự/2025.DOA-HLB-Ma trận phân quyền cấp Công ty Khối vận hành và chuỗi cung ứng.03-11-2025.pdf,[00] Văn Bản Điều Hành Chung,2025.DOA-HLB-Ma trận phân quyền cấp Công ty Khối vận hành và chuỗi cung ứng.03-11-2025.pdf,2025.DOA-HLB-Ma trận phân quyền cấp Công ty Khối vận hành và chuỗi cung ứng.03-11-2025.pdf,,2025,2025-11-03,,,Hiệu lực,,Ma trận phân quyền cấp Công ty Khối vận hành và chuỗi cung ứng,,,,Tổ chức – Nhân sự,Khác,,Ma trận phân quyền cấp Công ty Khối vận hành và chuỗi cung ứng,HLB,[00] Văn bản điều hành chung,ParsedFromFolder,High,,,,,Bản sao,
data/[00] Văn bản điều hành chung/03. Tổ chức – Nhân sự/21.2026.QĐ-HLB-Xử lý kỷ luật lao động đối với ông Vũ Huy Hoàng.06-01-2026.pdf,[00] Văn Bản Điều Hành Chung,21.2026.QĐ-HLB-Xử lý kỷ luật lao động đối với ông Vũ Huy Hoàng.06-01-2026.pdf,21.2026.QĐ-HLB-Xử lý kỷ luật lao động đối với ông Vũ Huy Hoàng.06-01-2026.pdf,21,2026,2026-01-06,,,Hiệu lực,,Xử lý kỷ luật lao động đối với ông Vũ Huy Hoàng,,,,Tổ chức – Nhân sự,Quyết định,,Xử lý kỷ luật lao động đối với ông Vũ Huy Hoàng,HLB,[00] Văn bản điều hành chung,ParsedFromFolder,High,,,,,,
data/[00] Văn bản điều hành chung/03. Tổ chức – Nhân sự/258.2024.QĐ-DMB- Ban hành TƯTT công ty Đông Mai.21-06-2024.pdf,[00] Văn Bản Điều Hành Chung,258.2024.QĐ-DMB- Ban hành TƯTT công ty Đông Mai.21-06-2024.pdf,258.2024.QĐ-DMB- Ban hành TƯTT công ty Đông Mai.21-06-2024.pdf,258,2024,2024-06-21,,,Hiệu lực,,Ban hành TƯTT công ty Đông Mai,,,,Tổ chức – Nhân sự,Quyết định,,TƯTT công ty Đông Mai,DMB,[00] Văn bản điều hành chung,ParsedFromFolder,High,,,,,,
data/[00] Văn bản điều hành chung/03. Tổ chức – Nhân sự/303.2026.GUQ-HLB-Giấy ủy quyền của TGĐ-Giám đốc Kinh doanh.30-03-2026.pdf,[00] Văn Bản Điều Hành Chung,303.2026.GUQ-HLB-Giấy ủy quyền của TGĐ-Giám đốc Kinh doanh.30-03-2026.pdf,303.2026.GUQ-HLB-Giấy ủy quyền của TGĐ-Giám đốc Kinh doanh.30-03-2026.pdf,303,2026,2026-03-30,,,Hiệu lực,,Giấy ủy quyền của TGĐ-Giám đốc Kinh doanh,,,,Tổ chức – Nhân sự,Giấy ủy quyền,,Giấy ủy quyền của TGĐ-Giám đốc Kinh doanh,HLB,[00] Văn bản điều hành chung,ParsedFromFolder,High,,,,,,
data/[00] Văn bản điều hành chung/03. Tổ chức – Nhân sự/306.2025.QĐ-DMB-Bổ nhiệm Phó Giám đốc thiết bị.25-08-2025.pdf,[00] Văn Bản Điều Hành Chung,306.2025.QĐ-DMB-Bổ nhiệm Phó Giám đốc thiết bị.25-08-2025.pdf,306.2025.QĐ-DMB-Bổ nhiệm Phó Giám đốc thiết bị.25-08-2025.pdf,306,2025,2025-08-25,,,Hiệu lực,,Bổ nhiệm Phó Giám đốc thiết bị,,,,Tổ chức – Nhân sự,Quyết định,,Bổ nhiệm Phó Giám đốc thiết bị,DMB,[00] Văn bản điều hành chung,ParsedFromFolder,High,,,,,,
data/[00] Văn bản điều hành chung/03. Tổ chức – Nhân sự/335.2026.GUQ-HLB-Giấy ủy quyền của Bia Hạ Long cho ông Hoàng Văn Dương.06-04-2026.pdf,[00] Văn Bản Điều Hành Chung,335.2026.GUQ-HLB-Giấy ủy quyền của Bia Hạ Long cho ông Hoàng Văn Dương.06-04-2026.pdf,335.2026.GUQ-HLB-Giấy ủy quyền của Bia Hạ Long cho ông Hoàng Văn Dương.06-04-2026.pdf,335,2026,2026-04-06,,,Hiệu lực,,Giấy ủy quyền của Bia Hạ Long cho ông Hoàng Văn Dương,,,,Tổ chức – Nhân sự,Giấy ủy quyền,,Giấy ủy quyền của Bia Hạ Long cho ông Hoàng Văn Dương,HLB,[00] Văn bản điều hành chung,ParsedFromFolder,High,,,,,,
data/[00] Văn bản điều hành chung/03. Tổ chức – Nhân sự/418.2026.GUQ-HLB-Giấy ủy quyền của TGĐ cho GĐTC&QT.24-04-2026.docx,[00] Văn Bản Điều Hành Chung,418.2026.GUQ-HLB-Giấy ủy quyền của TGĐ cho GĐTC&QT.24-04-2026.docx,418.2026.GUQ-HLB-Giấy ủy quyền của TGĐ cho GĐTC&QT.24-04-2026.docx,418,2026,2026-04-24,,,Hiệu lực,,Giấy ủy quyền của TGĐ cho GĐTC&QT,,,,Tổ chức – Nhân sự,Giấy ủy quyền,,Giấy ủy quyền của TGĐ cho GĐTC&QT,HLB,[00] Văn bản điều hành chung,ParsedFromFolder,High,,,,,,
data/[00] Văn bản điều hành chung/03. Tổ chức – Nhân sự/418.2026.GUQ-HLB-Giấy ủy quyền của TGĐ cho GĐTC&QT.24-04-2026.pdf,[00] Văn Bản Điều Hành Chung,418.2026.GUQ-HLB-Giấy ủy quyền của TGĐ cho GĐTC&QT.24-04-2026.pdf,418.2026.GUQ-HLB-Giấy ủy quyền của TGĐ cho GĐTC&QT.24-04-2026.pdf,418,2026,2026-04-24,,,Hiệu lực,,Giấy ủy quyền của TGĐ cho GĐTC&QT,,,,Tổ chức – Nhân sự,Giấy ủy quyền,,Giấy ủy quyền của TGĐ cho GĐTC&QT,HLB,[00] Văn bản điều hành chung,ParsedFromFolder,High,,,,,,
data/[00] Văn bản điều hành chung/03. Tổ chức – Nhân sự/451.2025-QĐ-HLB-Bổ nhiệm Giám đốc vận hành và Chuỗi cung ứng.25-07-2025.pdf,[00] Văn Bản Điều Hành Chung,451.2025-QĐ-HLB-Bổ nhiệm Giám đốc vận hành và Chuỗi cung ứng.25-07-2025.pdf,451.2025-QĐ-HLB-Bổ nhiệm Giám đốc vận hành và Chuỗi cung ứng.25-07-2025.pdf,,,2025-07-25,,,Hiệu lực,,HLB-Bổ nhiệm Giám đốc vận hành và Chuỗi cung ứng,,,,Tổ chức – Nhân sự,Khác,,HLB-Bổ nhiệm Giám đốc vận hành và Chuỗi cung ứng,QĐ,[00] Văn bản điều hành chung,ParsedFromFolder,High,,,,,Bản chuẩn,
data/[00] Văn bản điều hành chung/03. Tổ chức – Nhân sự/451.2025.QĐ-HLB-Quyết định Bổ nhiệm Giám đốc vận hành và Chuỗi cung ứng-v2.25-07-2025.pdf,[00] Văn Bản Điều Hành Chung,451.2025.QĐ-HLB-Quyết định Bổ nhiệm Giám đốc vận hành và Chuỗi cung ứng-v2.25-07-2025.pdf,451.2025.QĐ-HLB-Quyết định Bổ nhiệm Giám đốc vận hành và Chuỗi cung ứng-v2.25-07-2025.pdf,451,2025,2025-07-25,,,Hiệu lực,,Quyết định Bổ nhiệm Giám đốc vận hành và Chuỗi cung ứng-v2,,,,Tổ chức – Nhân sự,Quyết định,,Quyết định Bổ nhiệm Giám đốc vận hành và Chuỗi cung ứng-v2,HLB,[00] Văn bản điều hành chung,ParsedFromFolder,High,,,,,Bản sao,
data/[00] Văn bản điều hành chung/03. Tổ chức – Nhân sự/451.2025.QĐ-HLB-Quyết định bổ nhiệm Giám đốc vận hành và Chuỗi cung ứng.25-07-2025.pdf,[00] Văn Bản Điều Hành Chung,451.2025.QĐ-HLB-Quyết định bổ nhiệm Giám đốc vận hành và Chuỗi cung ứng.25-07-2025.pdf,451.2025.QĐ-HLB-Quyết định bổ nhiệm Giám đốc vận hành và Chuỗi cung ứng.25-07-2025.pdf,451,2025,2025-07-25,,,Hiệu lực,,Quyết định bổ nhiệm Giám đốc vận hành và Chuỗi cung ứng,,,,Tổ chức – Nhân sự,Quyết định,,Quyết định bổ nhiệm Giám đốc vận hành và Chuỗi cung ứng,HLB,[00] Văn bản điều hành chung,ParsedFromFolder,High,,,,,Bản sao,
"data/[00] Văn bản điều hành chung/03. Tổ chức – Nhân sự/452.2025.QĐ-HLB-Quyết định Vv Miễn nhiệm chức danh Giám đốc tài chính , Giám đốc vận hành (1).25-07-2025.pdf",[00] Văn Bản Điều Hành Chung,"452.2025.QĐ-HLB-Quyết định Vv Miễn nhiệm chức danh Giám đốc tài chính , Giám đốc vận hành (1).25-07-2025.pdf","452.2025.QĐ-HLB-Quyết định Vv Miễn nhiệm chức danh Giám đốc tài chính , Giám đốc vận hành (1).25-07-2025.pdf",452,2025,2025-07-25,,,Hiệu lực,,"Quyết định Vv Miễn nhiệm chức danh Giám đốc tài chính , Giám đốc vận hành (1)",,,,Tổ chức – Nhân sự,Quyết định,,"Quyết định Vv Miễn nhiệm chức danh Giám đốc tài chính , Giám đốc vận hành (1)",HLB,[00] Văn bản điều hành chung,ParsedFromFolder,High,,,,,Bản chuẩn,
"data/[00] Văn bản điều hành chung/03. Tổ chức – Nhân sự/452.2025.QĐ-HLB-Quyết định Vv Miễn nhiệm chức danh Giám đốc tài chính , Giám đốc vận hành (2).25-07-2025.pdf",[00] Văn Bản Điều Hành Chung,"452.2025.QĐ-HLB-Quyết định Vv Miễn nhiệm chức danh Giám đốc tài chính , Giám đốc vận hành (2).25-07-2025.pdf","452.2025.QĐ-HLB-Quyết định Vv Miễn nhiệm chức danh Giám đốc tài chính , Giám đốc vận hành (2).25-07-2025.pdf",452,2025,2025-07-25,,,Hiệu lực,,"Quyết định Vv Miễn nhiệm chức danh Giám đốc tài chính , Giám đốc vận hành (2)",,,,Tổ chức – Nhân sự,Quyết định,,"Quyết định Vv Miễn nhiệm chức danh Giám đốc tài chính , Giám đốc vận hành (2)",HLB,[00] Văn bản điều hành chung,ParsedFromFolder,High,,,,,Bản sao,
"data/[00] Văn bản điều hành chung/03. Tổ chức – Nhân sự/452.2025.QĐ-HLB-Quyết định Vv Miễn nhiệm chức danh Giám đốc tài chính , Giám đốc vận hành.25-07-2025.pdf",[00] Văn Bản Điều Hành Chung,"452.2025.QĐ-HLB-Quyết định Vv Miễn nhiệm chức danh Giám đốc tài chính , Giám đốc vận hành.25-07-2025.pdf","452.2025.QĐ-HLB-Quyết định Vv Miễn nhiệm chức danh Giám đốc tài chính , Giám đốc vận hành.25-07-2025.pdf",452,2025,2025-07-25,,,Hiệu lực,,"Quyết định Vv Miễn nhiệm chức danh Giám đốc tài chính , Giám đốc vận hành",,,,Tổ chức – Nhân sự,Quyết định,,"Quyết định Vv Miễn nhiệm chức danh Giám đốc tài chính , Giám đốc vận hành",HLB,[00] Văn bản điều hành chung,ParsedFromFolder,High,,,,,Bản sao,
data/[00] Văn bản điều hành chung/03. Tổ chức – Nhân sự/453.2025.QĐ-HLB-Quyết định Bổ nhiệm Giám đốc Tài chính và Quản trị-v1.25-07-2025.pdf,[00] Văn Bản Điều Hành Chung,453.2025.QĐ-HLB-Quyết định Bổ nhiệm Giám đốc Tài chính và Quản trị-v1.25-07-2025.pdf,453.2025.QĐ-HLB-Quyết định Bổ nhiệm Giám đốc Tài chính và Quản trị-v1.25-07-2025.pdf,453,2025,2025-07-25,,,Hiệu lực,,Quyết định Bổ nhiệm Giám đốc Tài chính và Quản trị-v1,,,,Tổ chức – Nhân sự,Quyết định,,Quyết định Bổ nhiệm Giám đốc Tài chính và Quản trị-v1,HLB,[00] Văn bản điều hành chung,ParsedFromFolder,High,,,,,Bản chuẩn,
data/[00] Văn bản điều hành chung/03. Tổ chức – Nhân sự/453.2025.QĐ-HLB-Quyết định Bổ nhiệm Giám đốc Tài chính và Quản trị-v2.25-07-2025.pdf,[00] Văn Bản Điều Hành Chung,453.2025.QĐ-HLB-Quyết định Bổ nhiệm Giám đốc Tài chính và Quản trị-v2.25-07-2025.pdf,453.2025.QĐ-HLB-Quyết định Bổ nhiệm Giám đốc Tài chính và Quản trị-v2.25-07-2025.pdf,453,2025,2025-07-25,,,Hiệu lực,,Quyết định Bổ nhiệm Giám đốc Tài chính và Quản trị-v2,,,,Tổ chức – Nhân sự,Quyết định,,Quyết định Bổ nhiệm Giám đốc Tài chính và Quản trị-v2,HLB,[00] Văn bản điều hành chung,ParsedFromFolder,High,,,,,Bản sao,
data/[00] Văn bản điều hành chung/03. Tổ chức – Nhân sự/453.2025.QĐ-HLB-Quyết định Bổ nhiệm Giám đốc Tài chính và Quản trị.25-07-2025.pdf,[00] Văn Bản Điều Hành Chung,453.2025.QĐ-HLB-Quyết định Bổ nhiệm Giám đốc Tài chính và Quản trị.25-07-2025.pdf,453.2025.QĐ-HLB-Quyết định Bổ nhiệm Giám đốc Tài chính và Quản trị.25-07-2025.pdf,453,2025,2025-07-25,,,Hiệu lực,,Quyết định Bổ nhiệm Giám đốc Tài chính và Quản trị,,,,Tổ chức – Nhân sự,Quyết định,,Quyết định Bổ nhiệm Giám đốc Tài chính và Quản trị,HLB,[00] Văn bản điều hành chung,ParsedFromFolder,High,,,,,Bản sao,
data/[00] Văn bản điều hành chung/03. Tổ chức – Nhân sự/770.2025.QĐ-HCNS-Ban hành ma trận phân quyền cấp Công ty-khối Kinh doanh.03-11-2025.xlsx,[00] Văn Bản Điều Hành Chung,770.2025.QĐ-HCNS-Ban hành ma trận phân quyền cấp Công ty-khối Kinh doanh.03-11-2025.xlsx,770.2025.QĐ-HCNS-Ban hành ma trận phân quyền cấp Công ty-khối Kinh doanh.03-11-2025.xlsx,770,2025,2025-11-03,,,Hiệu lực,,Ban hành ma trận phân quyền cấp Công ty-khối Kinh doanh,,,,Tổ chức – Nhân sự,Quyết định,,ma trận phân quyền cấp Công ty-khối Kinh doanh,HCNS,[00] Văn bản điều hành chung,ParsedFromFolder,High,,,,,,
data/[00] Văn bản điều hành chung/03. Tổ chức – Nhân sự/770.2025.QĐ-HCNS-ma trận phân quyền cấp Công ty-khối Kinh doanh.03-11-2025.xlsx,[00] Văn Bản Điều Hành Chung,770.2025.QĐ-HCNS-ma trận phân quyền cấp Công ty-khối Kinh doanh.03-11-2025.xlsx,770.2025.QĐ-HCNS-ma trận phân quyền cấp Công ty-khối Kinh doanh.03-11-2025.xlsx,770,2025,2025-11-03,,,Hiệu lực,,ma trận phân quyền cấp Công ty-khối Kinh doanh,,,,Tổ chức – Nhân sự,Quyết định,,ma trận phân quyền cấp Công ty-khối Kinh doanh,HCNS,[00] Văn bản điều hành chung,ParsedFromFolder,High,,,,,,
data/[00] Văn bản điều hành chung/03. Tổ chức – Nhân sự/771.2025.QĐ-HCNS-Ban hành ma trận phân quyền cấp Công ty Khối vận hành và chuỗi cung ứng.03-11-2025.xlsx,[00] Văn Bản Điều Hành Chung,771.2025.QĐ-HCNS-Ban hành ma trận phân quyền cấp Công ty Khối vận hành và chuỗi cung ứng.03-11-2025.xlsx,771.2025.QĐ-HCNS-Ban hành ma trận phân quyền cấp Công ty Khối vận hành và chuỗi cung ứng.03-11-2025.xlsx,771,2025,2025-11-03,,,Hiệu lực,,Ban hành ma trận phân quyền cấp Công ty Khối vận hành và chuỗi cung ứng,,,,Tổ chức – Nhân sự,Quyết định,,ma trận phân quyền cấp Công ty Khối vận hành và chuỗi cung ứng,HCNS,[00] Văn bản điều hành chung,ParsedFromFolder,High,,,,,,
data/[00] Văn bản điều hành chung/03. Tổ chức – Nhân sự/771.2025.QĐ-HCNS-Ban hành ma trận phân quyền cấp Công ty-Khối vận hành và chuỗi cung ứng.03-11-2025.xlsx,[00] Văn Bản Điều Hành Chung,771.2025.QĐ-HCNS-Ban hành ma trận phân quyền cấp Công ty-Khối vận hành và chuỗi cung ứng.03-11-2025.xlsx,771.2025.QĐ-HCNS-Ban hành ma trận phân quyền cấp Công ty-Khối vận hành và chuỗi cung ứng.03-11-2025.xlsx,771,2025,2025-11-03,,,Hiệu lực,,Ban hành ma trận phân quyền cấp Công ty-Khối vận hành và chuỗi cung ứng,,,,Tổ chức – Nhân sự,Quyết định,,ma trận phân quyền cấp Công ty-Khối vận hành và chuỗi cung ứng,HCNS,[00] Văn bản điều hành chung,ParsedFromFolder,High,,,,,,
data/[00] Văn bản điều hành chung/03. Tổ chức – Nhân sự/785.2025.QĐ-HLB-Xử lý kỷ luật lao động-v2.12-11-2025.pdf,[00] Văn Bản Điều Hành Chung,785.2025.QĐ-HLB-Xử lý kỷ luật lao động-v2.12-11-2025.pdf,785.2025.QĐ-HLB-Xử lý kỷ luật lao động-v2.12-11-2025.pdf,785,2025,2025-11-12,,,Hiệu lực,,Xử lý kỷ luật lao động-v2,,,,Tổ chức – Nhân sự,Quyết định,,Xử lý kỷ luật lao động-v2,HLB,[00] Văn bản điều hành chung,ParsedFromFolder,High,,,,,Bản chuẩn,
data/[00] Văn bản điều hành chung/03. Tổ chức – Nhân sự/785.2025.QĐ-HLB-Xử lý kỷ luật lao động.12-11-2025.pdf,[00] Văn Bản Điều Hành Chung,785.2025.QĐ-HLB-Xử lý kỷ luật lao động.12-11-2025.pdf,785.2025.QĐ-HLB-Xử lý kỷ luật lao động.12-11-2025.pdf,785,2025,2025-11-12,,,Hiệu lực,,Xử lý kỷ luật lao động,,,,Tổ chức – Nhân sự,Quyết định,,Xử lý kỷ luật lao động,HLB,[00] Văn bản điều hành chung,ParsedFromFolder,High,,,,,Bản sao,
data/[00] Văn bản điều hành chung/03. Tổ chức – Nhân sự/795.2025.QĐ-HCNS-Định biên nhân sự năm 2026.20-11-2025.pdf,[00] Văn Bản Điều Hành Chung,795.2025.QĐ-HCNS-Định biên nhân sự năm 2026.20-11-2025.pdf,795.2025.QĐ-HCNS-Định biên nhân sự năm 2026.20-11-2025.pdf,795,2025,2025-11-20,,,Hiệu lực,,Định biên nhân sự năm 2026,,,,Tổ chức – Nhân sự,Quyết định,,Định biên nhân sự năm 2026,HCNS,[00] Văn bản điều hành chung,ParsedFromFolder,High,,,,,,
data/[00] Văn bản điều hành chung/03. Tổ chức – Nhân sự/795.2025.QĐ-HCNS-Định biên nhân sự năm 2026.20-11-2025.xlsx,[00] Văn Bản Điều Hành Chung,795.2025.QĐ-HCNS-Định biên nhân sự năm 2026.20-11-2025.xlsx,795.2025.QĐ-HCNS-Định biên nhân sự năm 2026.20-11-2025.xlsx,795,2025,2025-11-20,,,Hiệu lực,,Định biên nhân sự năm 2026,,,,Tổ chức – Nhân sự,Quyết định,,Định biên nhân sự năm 2026,HCNS,[00] Văn bản điều hành chung,ParsedFromFolder,High,,,,,,
data/[00] Văn bản điều hành chung/03. Tổ chức – Nhân sự/834.QĐ-HLB-Quyết định vv Ban hành định biên nhân sự năm 2025.07-11-2024.pdf,[00] Văn Bản Điều Hành Chung,834.QĐ-HLB-Quyết định vv Ban hành định biên nhân sự năm 2025.07-11-2024.pdf,834.QĐ-HLB-Quyết định vv Ban hành định biên nhân sự năm 2025.07-11-2024.pdf,,,2024-11-07,,,Hiệu lực,,Quyết định vv Ban hành định biên nhân sự năm 2025,,,,Tổ chức – Nhân sự,Khác,,Quyết định vv Ban hành định biên nhân sự năm 2025,HLB,[00] Văn bản điều hành chung,ParsedFromFolder,High,,,,,,
"data/[00] Văn bản điều hành chung/03. Tổ chức – Nhân sự/837.2024.QĐ-HLB-Thành lập bộ phận kho , bãi , bốc xếp.12-11-2024.pdf",[00] Văn Bản Điều Hành Chung,"837.2024.QĐ-HLB-Thành lập bộ phận kho , bãi , bốc xếp.12-11-2024.pdf","837.2024.QĐ-HLB-Thành lập bộ phận kho , bãi , bốc xếp.12-11-2024.pdf",837,2024,2024-11-12,,,Hiệu lực,,"Thành lập bộ phận kho , bãi , bốc xếp",,,,Tổ chức – Nhân sự,Quyết định,,"Thành lập bộ phận kho , bãi , bốc xếp",HLB,[00] Văn bản điều hành chung,ParsedFromFolder,High,,,,,,
data/[00] Văn bản điều hành chung/03. Tổ chức – Nhân sự/839.2025.GUQ-HLB-giấy ủy quyền của TGĐ-Giám Đốc TC-QT.12-12-2025.pdf,[00] Văn Bản Điều Hành Chung,839.2025.GUQ-HLB-giấy ủy quyền của TGĐ-Giám Đốc TC-QT.12-12-2025.pdf,839.2025.GUQ-HLB-giấy ủy quyền của TGĐ-Giám Đốc TC-QT.12-12-2025.pdf,839,2025,2025-12-12,,,Hiệu lực,,giấy ủy quyền của TGĐ-Giám Đốc TC-QT,,,,Tổ chức – Nhân sự,Giấy ủy quyền,,giấy ủy quyền của TGĐ-Giám Đốc TC-QT,HLB,[00] Văn bản điều hành chung,ParsedFromFolder,High,,,,,,
data/[00] Văn bản điều hành chung/04. Điều hành – Tác nghiệp/100.2026.TB-DMB-Nghỉ 2h làm việc đối với CBNV làm ca hành chính.10-02-2026.pdf,[00] Văn Bản Điều Hành Chung,100.2026.TB-DMB-Nghỉ 2h làm việc đối với CBNV làm ca hành chính.10-02-2026.pdf,100.2026.TB-DMB-Nghỉ 2h làm việc đối với CBNV làm ca hành chính.10-02-2026.pdf,100,2026,2026-02-10,,,Hiệu lực,,Nghỉ 2h làm việc đối với CBNV làm ca hành chính,,,,Điều hành – Tác nghiệp,Thông báo,,Nghỉ 2h làm việc đối với CBNV làm ca hành chính,DMB,[00] Văn bản điều hành chung,ParsedFromFolder,High,,,,,,
data/[00] Văn bản điều hành chung/04. Điều hành – Tác nghiệp/118.2025.QĐ-GĐKD-Gia hạn thời gian gửi hàng tại kho Công ty.01-04-2025.pdf,[00] Văn Bản Điều Hành Chung,118.2025.QĐ-GĐKD-Gia hạn thời gian gửi hàng tại kho Công ty.01-04-2025.pdf,118.2025.QĐ-GĐKD-Gia hạn thời gian gửi hàng tại kho Công ty.01-04-2025.pdf,118,2025,2025-04-01,,,Hiệu lực,,Gia hạn thời gian gửi hàng tại kho Công ty,,,,Điều hành – Tác nghiệp,Quyết định,,Gia hạn thời gian gửi hàng tại kho Công ty,GĐKD,[00] Văn bản điều hành chung,ParsedFromFolder,High,,,,,,
data/[00] Văn bản điều hành chung/04. Điều hành – Tác nghiệp/131.2026.TB-DMB-Sử dụng phép tồn năm 2025.05-03-2026.pdf,[00] Văn Bản Điều Hành Chung,131.2026.TB-DMB-Sử dụng phép tồn năm 2025.05-03-2026.pdf,131.2026.TB-DMB-Sử dụng phép tồn năm 2025.05-03-2026.pdf,131,2026,2026-03-05,,,Hiệu lực,,Sử dụng phép tồn năm 2025,,,,Điều hành – Tác nghiệp,Thông báo,,Sử dụng phép tồn năm 2025,DMB,[00] Văn bản điều hành chung,ParsedFromFolder,High,,,,,,
data/[00] Văn bản điều hành chung/04. Điều hành – Tác nghiệp/132.2026.QĐ-DMB-Thưởng nhân ngày 8-3-2026.05-03-2026.pdf,[00] Văn Bản Điều Hành Chung,132.2026.QĐ-DMB-Thưởng nhân ngày 8-3-2026.05-03-2026.pdf,132.2026.QĐ-DMB-Thưởng nhân ngày 8-3-2026.05-03-2026.pdf,132,2026,2026-03-05,,,Hiệu lực,,Thưởng nhân ngày 8-3-2026,,,,Điều hành – Tác nghiệp,Quyết định,,Thưởng nhân ngày 8-3-2026,DMB,[00] Văn bản điều hành chung,ParsedFromFolder,High,,,,,,
data/[00] Văn bản điều hành chung/04. Điều hành – Tác nghiệp/141.2026.TB-HLB-Thưởng cuối năm 2025 và phương pháp tính thưởng.28-01-2026.docx,[00] Văn Bản Điều Hành Chung,141.2026.TB-HLB-Thưởng cuối năm 2025 và phương pháp tính thưởng.28-01-2026.docx,141.2026.TB-HLB-Thưởng cuối năm 2025 và phương pháp tính thưởng.28-01-2026.docx,141,2026,2026-01-28,,,Hiệu lực,,Thưởng cuối năm 2025 và phương pháp tính thưởng,,,,Điều hành – Tác nghiệp,Thông báo,,Thưởng cuối năm 2025 và phương pháp tính thưởng,HLB,[00] Văn bản điều hành chung,ParsedFromFolder,High,,,,,,
data/[00] Văn bản điều hành chung/04. Điều hành – Tác nghiệp/141.2026.TB-HLB-Thưởng cuối năm 2025 và phương pháp tính thưởng.28-01-2026.pdf,[00] Văn Bản Điều Hành Chung,141.2026.TB-HLB-Thưởng cuối năm 2025 và phương pháp tính thưởng.28-01-2026.pdf,141.2026.TB-HLB-Thưởng cuối năm 2025 và phương pháp tính thưởng.28-01-2026.pdf,141,2026,2026-01-28,,,Hiệu lực,,Thưởng cuối năm 2025 và phương pháp tính thưởng,,,,Điều hành – Tác nghiệp,Thông báo,,Thưởng cuối năm 2025 và phương pháp tính thưởng,HLB,[00] Văn bản điều hành chung,ParsedFromFolder,High,,,,,,
"data/[00] Văn bản điều hành chung/04. Điều hành – Tác nghiệp/15.2026.TB-DMB-Nhắc nhở hành vi sơ xuất làm hư hỏng dụng cụ, tài sản của Công ty.05-01-2026.pdf",[00] Văn Bản Điều Hành Chung,"15.2026.TB-DMB-Nhắc nhở hành vi sơ xuất làm hư hỏng dụng cụ, tài sản của Công ty.05-01-2026.pdf","15.2026.TB-DMB-Nhắc nhở hành vi sơ xuất làm hư hỏng dụng cụ, tài sản của Công ty.05-01-2026.pdf",15,2026,2026-01-05,,,Hiệu lực,,"Nhắc nhở hành vi sơ xuất làm hư hỏng dụng cụ, tài sản của Công ty",,,,Điều hành – Tác nghiệp,Thông báo,,"Nhắc nhở hành vi sơ xuất làm hư hỏng dụng cụ, tài sản của Công ty",DMB,[00] Văn bản điều hành chung,ParsedFromFolder,High,,,,,,
data/[00] Văn bản điều hành chung/04. Điều hành – Tác nghiệp/16.2026.TB-DMB-Nhắc nhở và yêu cầu thực hiện nghiêm quy trình sản xuất.05-01-2026.pdf,[00] Văn Bản Điều Hành Chung,16.2026.TB-DMB-Nhắc nhở và yêu cầu thực hiện nghiêm quy trình sản xuất.05-01-2026.pdf,16.2026.TB-DMB-Nhắc nhở và yêu cầu thực hiện nghiêm quy trình sản xuất.05-01-2026.pdf,16,2026,2026-01-05,,,Hiệu lực,,Nhắc nhở và yêu cầu thực hiện nghiêm quy trình sản xuất,,,,Điều hành – Tác nghiệp,Thông báo,Quy trình,Nhắc nhở và yêu cầu thực hiện nghiêm quy trình sản xuất,DMB,[00] Văn bản điều hành chung,ParsedFromFolder,High,,,,,,
data/[00] Văn bản điều hành chung/04. Điều hành – Tác nghiệp/160.2026.TB-HLB-Nghỉ sớm trước 1h làm việc đối với CBNV làm ca hành chính.31-01-2026.docx,[00] Văn Bản Điều Hành Chung,160.2026.TB-HLB-Nghỉ sớm trước 1h làm việc đối với CBNV làm ca hành chính.31-01-2026.docx,160.2026.TB-HLB-Nghỉ sớm trước 1h làm việc đối với CBNV làm ca hành chính.31-01-2026.docx,160,2026,2026-01-31,,,Hiệu lực,,Nghỉ sớm trước 1h làm việc đối với CBNV làm ca hành chính,,,,Điều hành – Tác nghiệp,Thông báo,,Nghỉ sớm trước 1h làm việc đối với CBNV làm ca hành chính,HLB,[00] Văn bản điều hành chung,ParsedFromFolder,High,,,,,,
data/[00] Văn bản điều hành chung/04. Điều hành – Tác nghiệp/160.2026.TB-HLB-Nghỉ sớm trước 1h làm việc đối với CBNV làm ca hành chính.31-01-2026.pdf,[00] Văn Bản Điều Hành Chung,160.2026.TB-HLB-Nghỉ sớm trước 1h làm việc đối với CBNV làm ca hành chính.31-01-2026.pdf,160.2026.TB-HLB-Nghỉ sớm trước 1h làm việc đối với CBNV làm ca hành chính.31-01-2026.pdf,160,2026,2026-01-31,,,Hiệu lực,,Nghỉ sớm trước 1h làm việc đối với CBNV làm ca hành chính,,,,Điều hành – Tác nghiệp,Thông báo,,Nghỉ sớm trước 1h làm việc đối với CBNV làm ca hành chính,HLB,[00] Văn bản điều hành chung,ParsedFromFolder,High,,,,,,
data/[00] Văn bản điều hành chung/04. Điều hành – Tác nghiệp/180.2026.TB-HLB-Nghỉ 2h làm việc đối với CBNV làm ca hành chính.10-02-2026.docx,[00] Văn Bản Điều Hành Chung,180.2026.TB-HLB-Nghỉ 2h làm việc đối với CBNV làm ca hành chính.10-02-2026.docx,180.2026.TB-HLB-Nghỉ 2h làm việc đối với CBNV làm ca hành chính.10-02-2026.docx,180,2026,2026-02-10,,,Hiệu lực,,Nghỉ 2h làm việc đối với CBNV làm ca hành chính,,,,Điều hành – Tác nghiệp,Thông báo,,Nghỉ 2h làm việc đối với CBNV làm ca hành chính,HLB,[00] Văn bản điều hành chung,ParsedFromFolder,High,,,,,,
data/[00] Văn bản điều hành chung/04. Điều hành – Tác nghiệp/180.2026.TB-HLB-Nghỉ 2h làm việc đối với CBNV làm ca hành chính.10-02-2026.pdf,[00] Văn Bản Điều Hành Chung,180.2026.TB-HLB-Nghỉ 2h làm việc đối với CBNV làm ca hành chính.10-02-2026.pdf,180.2026.TB-HLB-Nghỉ 2h làm việc đối với CBNV làm ca hành chính.10-02-2026.pdf,180,2026,2026-02-10,,,Hiệu lực,,Nghỉ 2h làm việc đối với CBNV làm ca hành chính,,,,Điều hành – Tác nghiệp,Thông báo,,Nghỉ 2h làm việc đối với CBNV làm ca hành chính,HLB,[00] Văn bản điều hành chung,ParsedFromFolder,High,,,,,,
data/[00] Văn bản điều hành chung/04. Điều hành – Tác nghiệp/197.2024.TB-HLB-Thông báo vv Sử dụng phép tồn năm.24-12-2024.pdf,[00] Văn Bản Điều Hành Chung,197.2024.TB-HLB-Thông báo vv Sử dụng phép tồn năm.24-12-2024.pdf,197.2024.TB-HLB-Thông báo vv Sử dụng phép tồn năm.24-12-2024.pdf,197,2024,2024-12-24,,,Hiệu lực,,Thông báo vv Sử dụng phép tồn năm,,,,Điều hành – Tác nghiệp,Thông báo,,Thông báo vv Sử dụng phép tồn năm,HLB,[00] Văn bản điều hành chung,ParsedFromFolder,High,,,,,,
data/[00] Văn bản điều hành chung/04. Điều hành – Tác nghiệp/2025.BB-BIS-Biên bản họp xem xét của lãnh đạo về Hệ thống quản lý ISO-2025.03-06-2025.pdf,[00] Văn Bản Điều Hành Chung,2025.BB-BIS-Biên bản họp xem xét của lãnh đạo về Hệ thống quản lý ISO-2025.03-06-2025.pdf,2025.BB-BIS-Biên bản họp xem xét của lãnh đạo về Hệ thống quản lý ISO-2025.03-06-2025.pdf,,2025,2025-06-03,,,Hiệu lực,,Biên bản họp xem xét của lãnh đạo về Hệ thống quản lý ISO-2025,,,,Điều hành – Tác nghiệp,Biên bản,,Biên bản họp xem xét của lãnh đạo về Hệ thống quản lý ISO-2025,BIS,[00] Văn bản điều hành chung,ParsedFromFolder,High,,,,,,
data/[00] Văn bản điều hành chung/04. Điều hành – Tác nghiệp/2025.BC-BKS-Báo cáo về hoạt động QL của HĐQT 2025 cty đông mai.doc,[00] Văn Bản Điều Hành Chung,2025.BC-BKS-Báo cáo về hoạt động QL của HĐQT 2025 cty đông mai.doc,2025.BC-BKS-Báo cáo về hoạt động QL của HĐQT 2025 cty đông mai.doc,,2025,,,,Hiệu lực,,Báo cáo về hoạt động QL của HĐQT 2025 cty đông mai,,,,Điều hành – Tác nghiệp,Khác,,Báo cáo về hoạt động QL của HĐQT 2025 cty đông mai,BKS,[00] Văn bản điều hành chung,ParsedFromFolder,High,,,,,,
data/[00] Văn bản điều hành chung/04. Điều hành – Tác nghiệp/2025.QĐ-DMB-Quyết định thành lập ban dự án đầu tư nâng công suất nhà máy đông mai từ 49 triệu lít lên 100 triệu lít năm.25-07-2025.docx,[00] Văn Bản Điều Hành Chung,2025.QĐ-DMB-Quyết định thành lập ban dự án đầu tư nâng công suất nhà máy đông mai từ 49 triệu lít lên 100 triệu lít năm.25-07-2025.docx,2025.QĐ-DMB-Quyết định thành lập ban dự án đầu tư nâng công suất nhà máy đông mai từ 49 triệu lít lên 100 triệu lít năm.25-07-2025.docx,,2025,2025-07-25,,,Hiệu lực,,Quyết định thành lập ban dự án đầu tư nâng công suất nhà máy đông mai từ 49 triệu lít lên 100 triệu lít năm,,,,Điều hành – Tác nghiệp,Quyết định,,Quyết định thành lập ban dự án đầu tư nâng công suất nhà máy đông mai từ 49 triệu lít lên 100 triệu lít năm,DMB,[00] Văn bản điều hành chung,ParsedFromFolder,High,,,,,,
data/[00] Văn bản điều hành chung/04. Điều hành – Tác nghiệp/2025.TTr-DMB-Tờ trình lựa chọn đv kiểm toán năm 2025 cty Đông Mai.doc,[00] Văn Bản Điều Hành Chung,2025.TTr-DMB-Tờ trình lựa chọn đv kiểm toán năm 2025 cty Đông Mai.doc,2025.TTr-DMB-Tờ trình lựa chọn đv kiểm toán năm 2025 cty Đông Mai.doc,,2025,,,,Hiệu lực,,Tờ trình lựa chọn đv kiểm toán năm 2025 cty Đông Mai,,,,Điều hành – Tác nghiệp,Tờ trình,,Tờ trình lựa chọn đv kiểm toán năm 2025 cty Đông Mai,DMB,[00] Văn bản điều hành chung,ParsedFromFolder,High,,,,,,
data/[00] Văn bản điều hành chung/04. Điều hành – Tác nghiệp/224.2025.TTr-TGĐ-Thu hồi Cổ phiếu của CBNV nghỉ việc.15-04-2025.pdf,[00] Văn Bản Điều Hành Chung,224.2025.TTr-TGĐ-Thu hồi Cổ phiếu của CBNV nghỉ việc.15-04-2025.pdf,224.2025.TTr-TGĐ-Thu hồi Cổ phiếu của CBNV nghỉ việc.15-04-2025.pdf,224,2025,2025-04-15,,,Hiệu lực,,Thu hồi Cổ phiếu của CBNV nghỉ việc,,,,Điều hành – Tác nghiệp,Tờ trình,,Thu hồi Cổ phiếu của CBNV nghỉ việc,TGĐ,[00] Văn bản điều hành chung,ParsedFromFolder,High,,,,,,
data/[00] Văn bản điều hành chung/04. Điều hành – Tác nghiệp/231.2025.QĐ-DMB-Thưởng cho CBCNV nhân dịp kỷ niệm thành lập Công ty.18-06-2025.pdf,[00] Văn Bản Điều Hành Chung,231.2025.QĐ-DMB-Thưởng cho CBCNV nhân dịp kỷ niệm thành lập Công ty.18-06-2025.pdf,231.2025.QĐ-DMB-Thưởng cho CBCNV nhân dịp kỷ niệm thành lập Công ty.18-06-2025.pdf,231,2025,2025-06-18,,,Hiệu lực,,Thưởng cho CBCNV nhân dịp kỷ niệm thành lập Công ty,,,,Điều hành – Tác nghiệp,Quyết định,,Thưởng cho CBCNV nhân dịp kỷ niệm thành lập Công ty,DMB,[00] Văn bản điều hành chung,ParsedFromFolder,High,,,,,,
"data/[00] Văn bản điều hành chung/04. Điều hành – Tác nghiệp/235.2026-2026-TB-DMB-Nghỉ Lễ giỗ tổ Hùng Vương , ngày Chiến thắng 30-4 và Quốc tế lao động 01-5 năm 2026.11-04-2026.docx",[00] Văn Bản Điều Hành Chung,"235.2026-2026-TB-DMB-Nghỉ Lễ giỗ tổ Hùng Vương , ngày Chiến thắng 30-4 và Quốc tế lao động 01-5 năm 2026.11-04-2026.docx","235.2026-2026-TB-DMB-Nghỉ Lễ giỗ tổ Hùng Vương , ngày Chiến thắng 30-4 và Quốc tế lao động 01-5 năm 2026.11-04-2026.docx",,,2026-04-11,,,Hiệu lực,,"TB-DMB-Nghỉ Lễ giỗ tổ Hùng Vương , ngày Chiến thắng 30-4 và Quốc tế lao động 01-5 năm 2026",,,,Điều hành – Tác nghiệp,Khác,,"TB-DMB-Nghỉ Lễ giỗ tổ Hùng Vương , ngày Chiến thắng 30-4 và Quốc tế lao động 01-5 năm 2026",2026,[00] Văn bản điều hành chung,ParsedFromFolder,High,,,,,,
"data/[00] Văn bản điều hành chung/04. Điều hành – Tác nghiệp/235.2026.-TB-DMB-Nghỉ Lễ giỗ tổ Hùng Vương , ngày Chiến thắng 30-4 và Quốc tế lao động 01-5 năm 2026.11-04-2026.pdf",[00] Văn Bản Điều Hành Chung,"235.2026.-TB-DMB-Nghỉ Lễ giỗ tổ Hùng Vương , ngày Chiến thắng 30-4 và Quốc tế lao động 01-5 năm 2026.11-04-2026.pdf","235.2026.-TB-DMB-Nghỉ Lễ giỗ tổ Hùng Vương , ngày Chiến thắng 30-4 và Quốc tế lao động 01-5 năm 2026.11-04-2026.pdf",235,2026,2026-04-11,,,Hiệu lực,,"DMB-Nghỉ Lễ giỗ tổ Hùng Vương , ngày Chiến thắng 30-4 và Quốc tế lao động 01-5 năm 2026",,,,Điều hành – Tác nghiệp,Khác,,"DMB-Nghỉ Lễ giỗ tổ Hùng Vương , ngày Chiến thắng 30-4 và Quốc tế lao động 01-5 năm 2026",TB,[00] Văn bản điều hành chung,ParsedFromFolder,High,,,,,,
data/[00] Văn bản điều hành chung/04. Điều hành – Tác nghiệp/249.2026.QĐ-HLB-Chính thức áp dụng đề xuất và nghiệm thu biển bảng Marketing trên phần mềm Microsoft 365 và Bravo.13-03-2026.pdf,[00] Văn Bản Điều Hành Chung,249.2026.QĐ-HLB-Chính thức áp dụng đề xuất và nghiệm thu biển bảng Marketing trên phần mềm Microsoft 365 và Bravo.13-03-2026.pdf,249.2026.QĐ-HLB-Chính thức áp dụng đề xuất và nghiệm thu biển bảng Marketing trên phần mềm Microsoft 365 và Bravo.13-03-2026.pdf,249,2026,2026-03-13,,,Hiệu lực,,Chính thức áp dụng đề xuất và nghiệm thu biển bảng Marketing trên phần mềm Microsoft 365 và Bravo,,,,Điều hành – Tác nghiệp,Quyết định,,Chính thức áp dụng đề xuất và nghiệm thu biển bảng Marketing trên phần mềm Microsoft 365 và Bravo,HLB,[00] Văn bản điều hành chung,ParsedFromFolder,High,,,,,,
data/[00] Văn bản điều hành chung/04. Điều hành – Tác nghiệp/250.2025.QĐ-TGĐ-Quyết định Vv thành lập Đoàn điều tra nội bộ.09-04-2025.pdf,[00] Văn Bản Điều Hành Chung,250.2025.QĐ-TGĐ-Quyết định Vv thành lập Đoàn điều tra nội bộ.09-04-2025.pdf,250.2025.QĐ-TGĐ-Quyết định Vv thành lập Đoàn điều tra nội bộ.09-04-2025.pdf,250,2025,2025-04-09,,,Hiệu lực,,Quyết định Vv thành lập Đoàn điều tra nội bộ,,,,Điều hành – Tác nghiệp,Quyết định,,Quyết định Vv thành lập Đoàn điều tra nội bộ,TGĐ,[00] Văn bản điều hành chung,ParsedFromFolder,High,,,,,Bản chuẩn,
data/[00] Văn bản điều hành chung/04. Điều hành – Tác nghiệp/250.2025.QĐ-TGĐ-Quyết định thành lập Đoàn điều tra nội bộ.09-04-2025.pdf,[00] Văn Bản Điều Hành Chung,250.2025.QĐ-TGĐ-Quyết định thành lập Đoàn điều tra nội bộ.09-04-2025.pdf,250.2025.QĐ-TGĐ-Quyết định thành lập Đoàn điều tra nội bộ.09-04-2025.pdf,250,2025,2025-04-09,,,Hiệu lực,,Quyết định thành lập Đoàn điều tra nội bộ,,,,Điều hành – Tác nghiệp,Quyết định,,Quyết định thành lập Đoàn điều tra nội bộ,TGĐ,[00] Văn bản điều hành chung,ParsedFromFolder,High,,,,,Bản sao,
data/[00] Văn bản điều hành chung/04. Điều hành – Tác nghiệp/295-2025-TB-HCNS-Nghỉ Lễ Quốc Khánh 02-09.21-8-2025.pdf,[00] Văn Bản Điều Hành Chung,295-2025-TB-HCNS-Nghỉ Lễ Quốc Khánh 02-09.21-8-2025.pdf,295-2025-TB-HCNS-Nghỉ Lễ Quốc Khánh 02-09.21-8-2025.pdf,,,2025-08-21,,,Hiệu lực,,TB-HCNS-Nghỉ Lễ Quốc Khánh 02-09,,,,Điều hành – Tác nghiệp,Khác,,TB-HCNS-Nghỉ Lễ Quốc Khánh 02-09,2025,[00] Văn bản điều hành chung,ParsedFromFolder,High,,,,,Bản chuẩn,
data/[00] Văn bản điều hành chung/04. Điều hành – Tác nghiệp/317.2025.QĐ-HCNS-Quyết định Thành lập ban cảm quan bia và nước giải khát.24-05-2025.pdf,[00] Văn Bản Điều Hành Chung,317.2025.QĐ-HCNS-Quyết định Thành lập ban cảm quan bia và nước giải khát.24-05-2025.pdf,317.2025.QĐ-HCNS-Quyết định Thành lập ban cảm quan bia và nước giải khát.24-05-2025.pdf,317,2025,2025-05-24,,,Hiệu lực,,Quyết định Thành lập ban cảm quan bia và nước giải khát,,,,Điều hành – Tác nghiệp,Quyết định,,Quyết định Thành lập ban cảm quan bia và nước giải khát,HCNS,[00] Văn bản điều hành chung,ParsedFromFolder,High,,,,,,
data/[00] Văn bản điều hành chung/04. Điều hành – Tác nghiệp/32.2025.QĐ-HLB-Thưởng quà Tết cho CBNV.17-01-2025.pdf,[00] Văn Bản Điều Hành Chung,32.2025.QĐ-HLB-Thưởng quà Tết cho CBNV.17-01-2025.pdf,32.2025.QĐ-HLB-Thưởng quà Tết cho CBNV.17-01-2025.pdf,32,2025,2025-01-17,,,Hiệu lực,,Thưởng quà Tết cho CBNV,,,,Điều hành – Tác nghiệp,Quyết định,,Thưởng quà Tết cho CBNV,HLB,[00] Văn bản điều hành chung,ParsedFromFolder,High,,,,,,
data/[00] Văn bản điều hành chung/04. Điều hành – Tác nghiệp/350.2025.QĐ-HLB-Quyết định thành lập nhóm Food Defense-PRP-15 tiêu chuẩn ISO.11-06-2025.pdf,[00] Văn Bản Điều Hành Chung,350.2025.QĐ-HLB-Quyết định thành lập nhóm Food Defense-PRP-15 tiêu chuẩn ISO.11-06-2025.pdf,350.2025.QĐ-HLB-Quyết định thành lập nhóm Food Defense-PRP-15 tiêu chuẩn ISO.11-06-2025.pdf,350,2025,2025-06-11,,,Hiệu lực,,Quyết định thành lập nhóm Food Defense-PRP-15 tiêu chuẩn ISO,,,,Điều hành – Tác nghiệp,Quyết định,,Quyết định thành lập nhóm Food Defense-PRP-15 tiêu chuẩn ISO,HLB,[00] Văn bản điều hành chung,ParsedFromFolder,High,,,,,,
data/[00] Văn bản điều hành chung/04. Điều hành – Tác nghiệp/38.2025.TB-HCNS-Thông báo vv thưởng cuối năm 2024.20-01-2025.pdf,[00] Văn Bản Điều Hành Chung,38.2025.TB-HCNS-Thông báo vv thưởng cuối năm 2024.20-01-2025.pdf,38.2025.TB-HCNS-Thông báo vv thưởng cuối năm 2024.20-01-2025.pdf,38,2025,2025-01-20,,,Hiệu lực,,Thông báo vv thưởng cuối năm 2024,,,,Điều hành – Tác nghiệp,Thông báo,,Thông báo vv thưởng cuối năm 2024,HCNS,[00] Văn bản điều hành chung,ParsedFromFolder,High,,,,,,
data/[00] Văn bản điều hành chung/04. Điều hành – Tác nghiệp/416.2025.QĐ-TCKS-Ban hành giá bán lẻ bán buôn hàng hóa mặt hàng Bia lon Hạ Long Idol 330ml.10-07-2025.pdf,[00] Văn Bản Điều Hành Chung,416.2025.QĐ-TCKS-Ban hành giá bán lẻ bán buôn hàng hóa mặt hàng Bia lon Hạ Long Idol 330ml.10-07-2025.pdf,416.2025.QĐ-TCKS-Ban hành giá bán lẻ bán buôn hàng hóa mặt hàng Bia lon Hạ Long Idol 330ml.10-07-2025.pdf,416,2025,2025-07-10,,,Hiệu lực,,Ban hành giá bán lẻ bán buôn hàng hóa mặt hàng Bia lon Hạ Long Idol 330ml,,,,Điều hành – Tác nghiệp,Quyết định,,giá bán lẻ bán buôn hàng hóa mặt hàng Bia lon Hạ Long Idol 330ml,TCKS,[00] Văn bản điều hành chung,ParsedFromFolder,High,,,,,,
data/[00] Văn bản điều hành chung/04. Điều hành – Tác nghiệp/417.2025.QĐ-TCKS-Đơn giá cước dịch vụ vận chuyển bằng ô tô đối với sản phẩm Bia lon Hạ long Idol 330ml.10-07-2025.pdf,[00] Văn Bản Điều Hành Chung,417.2025.QĐ-TCKS-Đơn giá cước dịch vụ vận chuyển bằng ô tô đối với sản phẩm Bia lon Hạ long Idol 330ml.10-07-2025.pdf,417.2025.QĐ-TCKS-Đơn giá cước dịch vụ vận chuyển bằng ô tô đối với sản phẩm Bia lon Hạ long Idol 330ml.10-07-2025.pdf,417,2025,2025-07-10,,,Hiệu lực,,Đơn giá cước dịch vụ vận chuyển bằng ô tô đối với sản phẩm Bia lon Hạ long Idol 330ml,,,,Điều hành – Tác nghiệp,Quyết định,,Đơn giá cước dịch vụ vận chuyển bằng ô tô đối với sản phẩm Bia lon Hạ long Idol 330ml,TCKS,[00] Văn bản điều hành chung,ParsedFromFolder,High,,,,,,
data/[00] Văn bản điều hành chung/04. Điều hành – Tác nghiệp/454.2025.QĐ-HLB-Quyết định Thành lập Ban dự án đầu tư nâng công suất Nhà máy Bia Đông Mai.25-07-2025.pdf,[00] Văn Bản Điều Hành Chung,454.2025.QĐ-HLB-Quyết định Thành lập Ban dự án đầu tư nâng công suất Nhà máy Bia Đông Mai.25-07-2025.pdf,454.2025.QĐ-HLB-Quyết định Thành lập Ban dự án đầu tư nâng công suất Nhà máy Bia Đông Mai.25-07-2025.pdf,454,2025,2025-07-25,,,Hiệu lực,,Quyết định Thành lập Ban dự án đầu tư nâng công suất Nhà máy Bia Đông Mai,,,,Điều hành – Tác nghiệp,Quyết định,,Quyết định Thành lập Ban dự án đầu tư nâng công suất Nhà máy Bia Đông Mai,HLB,[00] Văn bản điều hành chung,ParsedFromFolder,High,,,,,Bản chuẩn,
data/[00] Văn bản điều hành chung/04. Điều hành – Tác nghiệp/454.2025.QĐ-HLB-Quyết định Thành lập Ban dự án đầu tư nâng công suất Nhà máy Bia Đông mai-v1.25-07-2025.pdf,[00] Văn Bản Điều Hành Chung,454.2025.QĐ-HLB-Quyết định Thành lập Ban dự án đầu tư nâng công suất Nhà máy Bia Đông mai-v1.25-07-2025.pdf,454.2025.QĐ-HLB-Quyết định Thành lập Ban dự án đầu tư nâng công suất Nhà máy Bia Đông mai-v1.25-07-2025.pdf,454,2025,2025-07-25,,,Hiệu lực,,Quyết định Thành lập Ban dự án đầu tư nâng công suất Nhà máy Bia Đông mai-v1,,,,Điều hành – Tác nghiệp,Quyết định,,Quyết định Thành lập Ban dự án đầu tư nâng công suất Nhà máy Bia Đông mai-v1,HLB,[00] Văn bản điều hành chung,ParsedFromFolder,High,,,,,Bản sao,
data/[00] Văn bản điều hành chung/04. Điều hành – Tác nghiệp/454.2025.QĐ-HLB-Quyết định Vv Thành lập Ban dự án đầu tư nâng công suất Nhà máy Bia Đông mai.25-7-2025.pdf,[00] Văn Bản Điều Hành Chung,454.2025.QĐ-HLB-Quyết định Vv Thành lập Ban dự án đầu tư nâng công suất Nhà máy Bia Đông mai.25-7-2025.pdf,454.2025.QĐ-HLB-Quyết định Vv Thành lập Ban dự án đầu tư nâng công suất Nhà máy Bia Đông mai.25-7-2025.pdf,454,2025,2025-07-25,,,Hiệu lực,,Quyết định Vv Thành lập Ban dự án đầu tư nâng công suất Nhà máy Bia Đông mai,,,,Điều hành – Tác nghiệp,Quyết định,,Quyết định Vv Thành lập Ban dự án đầu tư nâng công suất Nhà máy Bia Đông mai,HLB,[00] Văn bản điều hành chung,ParsedFromFolder,High,,,,,Bản sao,
"data/[00] Văn bản điều hành chung/04. Điều hành – Tác nghiệp/462.2026.QĐ-HLB-thành lập tổ thanh lý tài sản, công cụ dụng cụ năm 2026-v1.09-05-2026.pdf",[00] Văn Bản Điều Hành Chung,"462.2026.QĐ-HLB-thành lập tổ thanh lý tài sản, công cụ dụng cụ năm 2026-v1.09-05-2026.pdf","462.2026.QĐ-HLB-thành lập tổ thanh lý tài sản, công cụ dụng cụ năm 2026-v1.09-05-2026.pdf",462,2026,2026-05-09,,,Hiệu lực,,"thành lập tổ thanh lý tài sản, công cụ dụng cụ năm 2026-v1",,,,Điều hành – Tác nghiệp,Quyết định,,"thành lập tổ thanh lý tài sản, công cụ dụng cụ năm 2026-v1",HLB,[00] Văn bản điều hành chung,ParsedFromFolder,High,,,,,Bản chuẩn,
"data/[00] Văn bản điều hành chung/04. Điều hành – Tác nghiệp/462.2026.QĐ-HLB-thành lập tổ thanh lý tài sản, công cụ dụng cụ năm 2026.09-05-2026.pdf",[00] Văn Bản Điều Hành Chung,"462.2026.QĐ-HLB-thành lập tổ thanh lý tài sản, công cụ dụng cụ năm 2026.09-05-2026.pdf","462.2026.QĐ-HLB-thành lập tổ thanh lý tài sản, công cụ dụng cụ năm 2026.09-05-2026.pdf",462,2026,2026-05-09,,,Hiệu lực,,"thành lập tổ thanh lý tài sản, công cụ dụng cụ năm 2026",,,,Điều hành – Tác nghiệp,Quyết định,,"thành lập tổ thanh lý tài sản, công cụ dụng cụ năm 2026",HLB,[00] Văn bản điều hành chung,ParsedFromFolder,High,,,,,Bản sao,
data/[00] Văn bản điều hành chung/04. Điều hành – Tác nghiệp/473.2026.QĐ-HCNS-Ban hành công thức cho dòng bia Sapphire cao độ 14oP-sản xuất tại phân xưởng Đông Mai.14-05-2026.pdf,[00] Văn Bản Điều Hành Chung,473.2026.QĐ-HCNS-Ban hành công thức cho dòng bia Sapphire cao độ 14oP-sản xuất tại phân xưởng Đông Mai.14-05-2026.pdf,473.2026.QĐ-HCNS-Ban hành công thức cho dòng bia Sapphire cao độ 14oP-sản xuất tại phân xưởng Đông Mai.14-05-2026.pdf,473,2026,2026-05-14,,,Hiệu lực,,Ban hành công thức cho dòng bia Sapphire cao độ 14oP-sản xuất tại phân xưởng Đông Mai,,,,Điều hành – Tác nghiệp,Quyết định,,công thức cho dòng bia Sapphire cao độ 14oP-sản xuất tại phân xưởng Đông Mai,HCNS,[00] Văn bản điều hành chung,ParsedFromFolder,High,,,,,,
data/[00] Văn bản điều hành chung/04. Điều hành – Tác nghiệp/478.2025.QĐ-R&D-Quyết định Thành lập Ban nghiên cứu và Phát triển sản phẩm mới Ban R&D.04-08-2025.docx,[00] Văn Bản Điều Hành Chung,478.2025.QĐ-R&D-Quyết định Thành lập Ban nghiên cứu và Phát triển sản phẩm mới Ban R&D.04-08-2025.docx,478.2025.QĐ-R&D-Quyết định Thành lập Ban nghiên cứu và Phát triển sản phẩm mới Ban R&D.04-08-2025.docx,478,2025,2025-08-04,,,Hiệu lực,,Quyết định Thành lập Ban nghiên cứu và Phát triển sản phẩm mới Ban R&D,,,,Điều hành – Tác nghiệp,Quyết định,,Quyết định Thành lập Ban nghiên cứu và Phát triển sản phẩm mới Ban R&D,R&D,[00] Văn bản điều hành chung,ParsedFromFolder,High,,,,,,
data/[00] Văn bản điều hành chung/04. Điều hành – Tác nghiệp/478.2025.QĐ-R&D-Quyết định Thành lập Ban nghiên cứu và Phát triển sản phẩm mới Ban R&D.04-08-2025.pdf,[00] Văn Bản Điều Hành Chung,478.2025.QĐ-R&D-Quyết định Thành lập Ban nghiên cứu và Phát triển sản phẩm mới Ban R&D.04-08-2025.pdf,478.2025.QĐ-R&D-Quyết định Thành lập Ban nghiên cứu và Phát triển sản phẩm mới Ban R&D.04-08-2025.pdf,478,2025,2025-08-04,,,Hiệu lực,,Quyết định Thành lập Ban nghiên cứu và Phát triển sản phẩm mới Ban R&D,,,,Điều hành – Tác nghiệp,Quyết định,,Quyết định Thành lập Ban nghiên cứu và Phát triển sản phẩm mới Ban R&D,R&D,[00] Văn bản điều hành chung,ParsedFromFolder,High,,,,,,
data/[00] Văn bản điều hành chung/04. Điều hành – Tác nghiệp/479.2025.QĐ-R&D-Quyết định Thành lập Nhóm Brewers(Nhóm kỹ thuật-sản xuất)thuộc ban R&D.04-08-2025.docx,[00] Văn Bản Điều Hành Chung,479.2025.QĐ-R&D-Quyết định Thành lập Nhóm Brewers(Nhóm kỹ thuật-sản xuất)thuộc ban R&D.04-08-2025.docx,479.2025.QĐ-R&D-Quyết định Thành lập Nhóm Brewers(Nhóm kỹ thuật-sản xuất)thuộc ban R&D.04-08-2025.docx,479,2025,2025-08-04,,,Hiệu lực,,Quyết định Thành lập Nhóm Brewers(Nhóm kỹ thuật-sản xuất)thuộc ban R&D,,,,Điều hành – Tác nghiệp,Quyết định,,Quyết định Thành lập Nhóm Brewers(Nhóm kỹ thuật-sản xuất)thuộc ban R&D,R&D,[00] Văn bản điều hành chung,ParsedFromFolder,High,,,,,,
data/[00] Văn bản điều hành chung/04. Điều hành – Tác nghiệp/479.2025.QĐ-R&D-Quyết định Thành lập Nhóm Brewers(Nhóm kỹ thuật-sản xuất)thuộc ban R&D.04-08-2025.pdf,[00] Văn Bản Điều Hành Chung,479.2025.QĐ-R&D-Quyết định Thành lập Nhóm Brewers(Nhóm kỹ thuật-sản xuất)thuộc ban R&D.04-08-2025.pdf,479.2025.QĐ-R&D-Quyết định Thành lập Nhóm Brewers(Nhóm kỹ thuật-sản xuất)thuộc ban R&D.04-08-2025.pdf,479,2025,2025-08-04,,,Hiệu lực,,Quyết định Thành lập Nhóm Brewers(Nhóm kỹ thuật-sản xuất)thuộc ban R&D,,,,Điều hành – Tác nghiệp,Quyết định,,Quyết định Thành lập Nhóm Brewers(Nhóm kỹ thuật-sản xuất)thuộc ban R&D,R&D,[00] Văn bản điều hành chung,ParsedFromFolder,High,,,,,,
"data/[00] Văn bản điều hành chung/04. Điều hành – Tác nghiệp/487.2025.QĐ-HLB-thay đổi thành viên Ban tái cấu trúc, gia hạn giai đoạn 1-Dự án tái cấu trúc.06-08-2025.pdf",[00] Văn Bản Điều Hành Chung,"487.2025.QĐ-HLB-thay đổi thành viên Ban tái cấu trúc, gia hạn giai đoạn 1-Dự án tái cấu trúc.06-08-2025.pdf","487.2025.QĐ-HLB-thay đổi thành viên Ban tái cấu trúc, gia hạn giai đoạn 1-Dự án tái cấu trúc.06-08-2025.pdf",487,2025,2025-08-06,,,Hiệu lực,,"thay đổi thành viên Ban tái cấu trúc, gia hạn giai đoạn 1-Dự án tái cấu trúc",,,,Điều hành – Tác nghiệp,Quyết định,,"thay đổi thành viên Ban tái cấu trúc, gia hạn giai đoạn 1-Dự án tái cấu trúc",HLB,[00] Văn bản điều hành chung,ParsedFromFolder,High,,,,,,
data/[00] Văn bản điều hành chung/04. Điều hành – Tác nghiệp/531.2026.QĐ-HLB-Thành lập Ban tái cấu trúc Công ty Giai đoạn 2.22-05-2026.docx,[00] Văn Bản Điều Hành Chung,531.2026.QĐ-HLB-Thành lập Ban tái cấu trúc Công ty Giai đoạn 2.22-05-2026.docx,531.2026.QĐ-HLB-Thành lập Ban tái cấu trúc Công ty Giai đoạn 2.22-05-2026.docx,531,2026,2026-05-22,,,Hiệu lực,,Thành lập Ban tái cấu trúc Công ty Giai đoạn 2,,,,Điều hành – Tác nghiệp,Quyết định,,Thành lập Ban tái cấu trúc Công ty Giai đoạn 2,HLB,[00] Văn bản điều hành chung,ParsedFromFolder,High,,,,,,
data/[00] Văn bản điều hành chung/04. Điều hành – Tác nghiệp/531.2026.QĐ-HLB-Thành lập Ban tái cấu trúc Công ty Giai đoạn 2.22-05-2026.pdf,[00] Văn Bản Điều Hành Chung,531.2026.QĐ-HLB-Thành lập Ban tái cấu trúc Công ty Giai đoạn 2.22-05-2026.pdf,531.2026.QĐ-HLB-Thành lập Ban tái cấu trúc Công ty Giai đoạn 2.22-05-2026.pdf,531,2026,2026-05-22,,,Hiệu lực,,Thành lập Ban tái cấu trúc Công ty Giai đoạn 2,,,,Điều hành – Tác nghiệp,Quyết định,,Thành lập Ban tái cấu trúc Công ty Giai đoạn 2,HLB,[00] Văn bản điều hành chung,ParsedFromFolder,High,,,,,,
data/[00] Văn bản điều hành chung/04. Điều hành – Tác nghiệp/578.2024.QĐ-DMB-Quyết định Điều chỉnh định mức Malt cho năm 2022 và 2023.23-12-2024.pdf,[00] Văn Bản Điều Hành Chung,578.2024.QĐ-DMB-Quyết định Điều chỉnh định mức Malt cho năm 2022 và 2023.23-12-2024.pdf,578.2024.QĐ-DMB-Quyết định Điều chỉnh định mức Malt cho năm 2022 và 2023.23-12-2024.pdf,578,2024,2024-12-23,,,Hiệu lực,,Quyết định Điều chỉnh định mức Malt cho năm 2022 và 2023,,,,Điều hành – Tác nghiệp,Quyết định,,Quyết định Điều chỉnh định mức Malt cho năm 2022 và 2023,DMB,[00] Văn bản điều hành chung,ParsedFromFolder,High,,,,,,
data/[00] Văn bản điều hành chung/04. Điều hành – Tác nghiệp/578.2025.QĐ-HLB-Thành lập ban dự án đầu tư nâng công suất Nhà máy Bia Đông Mai.28.08.2025.docx,[00] Văn Bản Điều Hành Chung,578.2025.QĐ-HLB-Thành lập ban dự án đầu tư nâng công suất Nhà máy Bia Đông Mai.28.08.2025.docx,578.2025.QĐ-HLB-Thành lập ban dự án đầu tư nâng công suất Nhà máy Bia Đông Mai.28.08.2025.docx,578,2025,,,,Hiệu lực,,Thành lập ban dự án đầu tư nâng công suất Nhà máy Bia Đông Mai.28.08.2025,,,,Điều hành – Tác nghiệp,Quyết định,,Thành lập ban dự án đầu tư nâng công suất Nhà máy Bia Đông Mai.28.08.2025,HLB,[00] Văn bản điều hành chung,ParsedFromFolder,High,,,,,,
data/[00] Văn bản điều hành chung/04. Điều hành – Tác nghiệp/578.2025.QĐ-HLB-Thành lập ban dự án đầu tư nâng công suất Nhà máy Bia Đông Mai.28.08.2025.pdf,[00] Văn Bản Điều Hành Chung,578.2025.QĐ-HLB-Thành lập ban dự án đầu tư nâng công suất Nhà máy Bia Đông Mai.28.08.2025.pdf,578.2025.QĐ-HLB-Thành lập ban dự án đầu tư nâng công suất Nhà máy Bia Đông Mai.28.08.2025.pdf,578,2025,,,,Hiệu lực,,Thành lập ban dự án đầu tư nâng công suất Nhà máy Bia Đông Mai.28.08.2025,,,,Điều hành – Tác nghiệp,Quyết định,,Thành lập ban dự án đầu tư nâng công suất Nhà máy Bia Đông Mai.28.08.2025,HLB,[00] Văn bản điều hành chung,ParsedFromFolder,High,,,,,,
data/[00] Văn bản điều hành chung/04. Điều hành – Tác nghiệp/634.2024.QĐ-HLB-Thành lập Ban Tái Cấu Trúc Công Ty-v2.08-08-2024.pdf,[00] Văn Bản Điều Hành Chung,634.2024.QĐ-HLB-Thành lập Ban Tái Cấu Trúc Công Ty-v2.08-08-2024.pdf,634.2024.QĐ-HLB-Thành lập Ban Tái Cấu Trúc Công Ty-v2.08-08-2024.pdf,634,2024,2024-08-08,,,Hiệu lực,,Thành lập Ban Tái Cấu Trúc Công Ty-v2,,,,Điều hành – Tác nghiệp,Quyết định,,Thành lập Ban Tái Cấu Trúc Công Ty-v2,HLB,[00] Văn bản điều hành chung,ParsedFromFolder,High,,,,,Bản chuẩn,
data/[00] Văn bản điều hành chung/04. Điều hành – Tác nghiệp/634.2024.QĐ-HLB-Thành lập Ban Tái Cấu Trúc Công Ty.08-08-2024.pdf,[00] Văn Bản Điều Hành Chung,634.2024.QĐ-HLB-Thành lập Ban Tái Cấu Trúc Công Ty.08-08-2024.pdf,634.2024.QĐ-HLB-Thành lập Ban Tái Cấu Trúc Công Ty.08-08-2024.pdf,634,2024,2024-08-08,,,Hiệu lực,,Thành lập Ban Tái Cấu Trúc Công Ty,,,,Điều hành – Tác nghiệp,Quyết định,,Thành lập Ban Tái Cấu Trúc Công Ty,HLB,[00] Văn bản điều hành chung,ParsedFromFolder,High,,,,,Bản sao,
data/[00] Văn bản điều hành chung/04. Điều hành – Tác nghiệp/784.2025.QĐ-Ban-5S thành lập ban chỉ đạo thực hiện 5S.11-11-2025.docx,[00] Văn Bản Điều Hành Chung,784.2025.QĐ-Ban-5S thành lập ban chỉ đạo thực hiện 5S.11-11-2025.docx,784.2025.QĐ-Ban-5S thành lập ban chỉ đạo thực hiện 5S.11-11-2025.docx,784,2025,2025-11-11,,,Hiệu lực,,5S thành lập ban chỉ đạo thực hiện 5S,,,,Điều hành – Tác nghiệp,Quyết định,,5S thành lập ban chỉ đạo thực hiện 5S,Ban,[00] Văn bản điều hành chung,ParsedFromFolder,High,,,,,,
data/[00] Văn bản điều hành chung/04. Điều hành – Tác nghiệp/784.2025.QĐ-Ban-5S thành lập ban chỉ đạo thực hiện 5S.11-11-2025.pdf,[00] Văn Bản Điều Hành Chung,784.2025.QĐ-Ban-5S thành lập ban chỉ đạo thực hiện 5S.11-11-2025.pdf,784.2025.QĐ-Ban-5S thành lập ban chỉ đạo thực hiện 5S.11-11-2025.pdf,784,2025,2025-11-11,,,Hiệu lực,,5S thành lập ban chỉ đạo thực hiện 5S,,,,Điều hành – Tác nghiệp,Quyết định,,5S thành lập ban chỉ đạo thực hiện 5S,Ban,[00] Văn bản điều hành chung,ParsedFromFolder,High,,,,,,
data/[00] Văn bản điều hành chung/04. Điều hành – Tác nghiệp/818.2025.QĐ-HLB-Thành lập Ban dự án Nghiên cứu và xây dựng Nhà máy sản xuất bia mới-Công suất 300 triệu lít-năm.02-12-2025.pdf,[00] Văn Bản Điều Hành Chung,818.2025.QĐ-HLB-Thành lập Ban dự án Nghiên cứu và xây dựng Nhà máy sản xuất bia mới-Công suất 300 triệu lít-năm.02-12-2025.pdf,818.2025.QĐ-HLB-Thành lập Ban dự án Nghiên cứu và xây dựng Nhà máy sản xuất bia mới-Công suất 300 triệu lít-năm.02-12-2025.pdf,818,2025,2025-12-02,,,Hiệu lực,,Thành lập Ban dự án Nghiên cứu và xây dựng Nhà máy sản xuất bia mới-Công suất 300 triệu lít-năm,,,,Điều hành – Tác nghiệp,Quyết định,,Thành lập Ban dự án Nghiên cứu và xây dựng Nhà máy sản xuất bia mới-Công suất 300 triệu lít-năm,HLB,[00] Văn bản điều hành chung,ParsedFromFolder,High,,,,,,
data/[00] Văn bản điều hành chung/04. Điều hành – Tác nghiệp/839.2024.QĐ-HLB-Bàn giao kho bãi.14-11-2024.pdf,[00] Văn Bản Điều Hành Chung,839.2024.QĐ-HLB-Bàn giao kho bãi.14-11-2024.pdf,839.2024.QĐ-HLB-Bàn giao kho bãi.14-11-2024.pdf,839,2024,2024-11-14,,,Hiệu lực,,Bàn giao kho bãi,,,,Điều hành – Tác nghiệp,Quyết định,,Bàn giao kho bãi,HLB,[00] Văn bản điều hành chung,ParsedFromFolder,High,,,,,,
data/[00] Văn bản điều hành chung/04. Điều hành – Tác nghiệp/846.2024.QĐ-HLB-Thành lập ban bảo trì năng suất tổng thể (TPM).20-11-2024.pdf,[00] Văn Bản Điều Hành Chung,846.2024.QĐ-HLB-Thành lập ban bảo trì năng suất tổng thể (TPM).20-11-2024.pdf,846.2024.QĐ-HLB-Thành lập ban bảo trì năng suất tổng thể (TPM).20-11-2024.pdf,846,2024,2024-11-20,,,Hiệu lực,,Thành lập ban bảo trì năng suất tổng thể (TPM),,,,Điều hành – Tác nghiệp,Quyết định,,Thành lập ban bảo trì năng suất tổng thể (TPM),HLB,[00] Văn bản điều hành chung,ParsedFromFolder,High,,,,,,
data/[00] Văn bản điều hành chung/04. Điều hành – Tác nghiệp/866.2025.QĐ-HCNS-Thành lập ban tổ chức Hội nghị người lao động và Tổng kết năm 2025.20-12-2025.pdf,[00] Văn Bản Điều Hành Chung,866.2025.QĐ-HCNS-Thành lập ban tổ chức Hội nghị người lao động và Tổng kết năm 2025.20-12-2025.pdf,866.2025.QĐ-HCNS-Thành lập ban tổ chức Hội nghị người lao động và Tổng kết năm 2025.20-12-2025.pdf,866,2025,2025-12-20,,,Hiệu lực,,Thành lập ban tổ chức Hội nghị người lao động và Tổng kết năm 2025,,,,Điều hành – Tác nghiệp,Quyết định,,Thành lập ban tổ chức Hội nghị người lao động và Tổng kết năm 2025,HCNS,[00] Văn bản điều hành chung,ParsedFromFolder,High,,,,,,
data/[00] Văn bản điều hành chung/04. Điều hành – Tác nghiệp/876.2024.TB-HCNS-Thông báo vv thay đổi giấy chứng nhận đăng ký kinh doanh lần thứ 10.01-12-2024.pdf,[00] Văn Bản Điều Hành Chung,876.2024.TB-HCNS-Thông báo vv thay đổi giấy chứng nhận đăng ký kinh doanh lần thứ 10.01-12-2024.pdf,876.2024.TB-HCNS-Thông báo vv thay đổi giấy chứng nhận đăng ký kinh doanh lần thứ 10.01-12-2024.pdf,876,2024,2024-12-01,,,Hiệu lực,,Thông báo vv thay đổi giấy chứng nhận đăng ký kinh doanh lần thứ 10,,,,Điều hành – Tác nghiệp,Thông báo,,Thông báo vv thay đổi giấy chứng nhận đăng ký kinh doanh lần thứ 10,HCNS,[00] Văn bản điều hành chung,ParsedFromFolder,High,,,,,,
data/[00] Văn bản điều hành chung/04. Điều hành – Tác nghiệp/890.2024.QĐ-HLB-Quyết định của TGĐ Công ty Định mức nhiên liệu tiêu thụ dầu xe ô tô 14B-041.30.09-12-2024.pdf,[00] Văn Bản Điều Hành Chung,890.2024.QĐ-HLB-Quyết định của TGĐ Công ty Định mức nhiên liệu tiêu thụ dầu xe ô tô 14B-041.30.09-12-2024.pdf,890.2024.QĐ-HLB-Quyết định của TGĐ Công ty Định mức nhiên liệu tiêu thụ dầu xe ô tô 14B-041.30.09-12-2024.pdf,890,2024,2024-12-09,,,Hiệu lực,,Quyết định của TGĐ Công ty Định mức nhiên liệu tiêu thụ dầu xe ô tô 14B-041.30,,,,Điều hành – Tác nghiệp,Quyết định,,Quyết định của TGĐ Công ty Định mức nhiên liệu tiêu thụ dầu xe ô tô 14B-041.30,HLB,[00] Văn bản điều hành chung,ParsedFromFolder,High,,,,,,
data/[00] Văn bản điều hành chung/04. Điều hành – Tác nghiệp/910.2024.QĐ-HCNS-Quyết định thưởng nhân ngày Tết Dương lịch năm 2025.21-12-2024.pdf,[00] Văn Bản Điều Hành Chung,910.2024.QĐ-HCNS-Quyết định thưởng nhân ngày Tết Dương lịch năm 2025.21-12-2024.pdf,910.2024.QĐ-HCNS-Quyết định thưởng nhân ngày Tết Dương lịch năm 2025.21-12-2024.pdf,910,2024,2024-12-21,,,Hiệu lực,,Quyết định thưởng nhân ngày Tết Dương lịch năm 2025,,,,Điều hành – Tác nghiệp,Quyết định,,Quyết định thưởng nhân ngày Tết Dương lịch năm 2025,HCNS,[00] Văn bản điều hành chung,ParsedFromFolder,High,,,,,,
data/[00] Văn bản điều hành chung/04. Điều hành – Tác nghiệp/93.2026.QĐ-DMB-Thưởng thêm cho mỗi CBNV 01 vỉ bia Idol.05-02-2026.pdf,[00] Văn Bản Điều Hành Chung,93.2026.QĐ-DMB-Thưởng thêm cho mỗi CBNV 01 vỉ bia Idol.05-02-2026.pdf,93.2026.QĐ-DMB-Thưởng thêm cho mỗi CBNV 01 vỉ bia Idol.05-02-2026.pdf,93,2026,2026-02-05,,,Hiệu lực,,Thưởng thêm cho mỗi CBNV 01 vỉ bia Idol,,,,Điều hành – Tác nghiệp,Quyết định,,Thưởng thêm cho mỗi CBNV 01 vỉ bia Idol,DMB,[00] Văn bản điều hành chung,ParsedFromFolder,High,,,,,,
data/[00] Văn bản điều hành chung/04. Điều hành – Tác nghiệp/94.2026.TB-DMB-Thông báo nhắc nhở nội bộ nhà máy.05-02-2026.pdf,[00] Văn Bản Điều Hành Chung,94.2026.TB-DMB-Thông báo nhắc nhở nội bộ nhà máy.05-02-2026.pdf,94.2026.TB-DMB-Thông báo nhắc nhở nội bộ nhà máy.05-02-2026.pdf,94,2026,2026-02-05,,,Hiệu lực,,Thông báo nhắc nhở nội bộ nhà máy,,,,Điều hành – Tác nghiệp,Thông báo,,Thông báo nhắc nhở nội bộ nhà máy,DMB,[00] Văn bản điều hành chung,ParsedFromFolder,High,,,,,,
data/[00] Văn bản điều hành chung/04. Điều hành – Tác nghiệp/95.2026.QĐ-HLB-Thành lập ban dự án đầu tư Hệ thống Quản Lý Vận Tải ( TMS ) và Quản lý kho ( WMS ) năm 2026.19-01-2026.docx,[00] Văn Bản Điều Hành Chung,95.2026.QĐ-HLB-Thành lập ban dự án đầu tư Hệ thống Quản Lý Vận Tải ( TMS ) và Quản lý kho ( WMS ) năm 2026.19-01-2026.docx,95.2026.QĐ-HLB-Thành lập ban dự án đầu tư Hệ thống Quản Lý Vận Tải ( TMS ) và Quản lý kho ( WMS ) năm 2026.19-01-2026.docx,95,2026,2026-01-19,,,Hiệu lực,,Thành lập ban dự án đầu tư Hệ thống Quản Lý Vận Tải ( TMS ) và Quản lý kho ( WMS ) năm 2026,,,,Điều hành – Tác nghiệp,Quyết định,,Thành lập ban dự án đầu tư Hệ thống Quản Lý Vận Tải ( TMS ) và Quản lý kho ( WMS ) năm 2026,HLB,[00] Văn bản điều hành chung,ParsedFromFolder,High,,,,,,
data/[00] Văn bản điều hành chung/04. Điều hành – Tác nghiệp/95.2026.QĐ-HLB-Thành lập ban dự án đầu tư Hệ thống Quản Lý Vận Tải ( TMS ) và Quản lý kho ( WMS ) năm 2026.19-01-2026.pdf,[00] Văn Bản Điều Hành Chung,95.2026.QĐ-HLB-Thành lập ban dự án đầu tư Hệ thống Quản Lý Vận Tải ( TMS ) và Quản lý kho ( WMS ) năm 2026.19-01-2026.pdf,95.2026.QĐ-HLB-Thành lập ban dự án đầu tư Hệ thống Quản Lý Vận Tải ( TMS ) và Quản lý kho ( WMS ) năm 2026.19-01-2026.pdf,95,2026,2026-01-19,,,Hiệu lực,,Thành lập ban dự án đầu tư Hệ thống Quản Lý Vận Tải ( TMS ) và Quản lý kho ( WMS ) năm 2026,,,,Điều hành – Tác nghiệp,Quyết định,,Thành lập ban dự án đầu tư Hệ thống Quản Lý Vận Tải ( TMS ) và Quản lý kho ( WMS ) năm 2026,HLB,[00] Văn bản điều hành chung,ParsedFromFolder,High,,,,,,
data/[00] Văn bản điều hành chung/05. Hợp đồng – Văn bản pháp lý/236.2025.QĐ-HCNS-Quyết định Vv Ban hành mẫu hợp đồng dịch vụ nguyên tắc.22-04-2025.pdf,[00] Văn Bản Điều Hành Chung,236.2025.QĐ-HCNS-Quyết định Vv Ban hành mẫu hợp đồng dịch vụ nguyên tắc.22-04-2025.pdf,236.2025.QĐ-HCNS-Quyết định Vv Ban hành mẫu hợp đồng dịch vụ nguyên tắc.22-04-2025.pdf,236,2025,2025-04-22,,,Hiệu lực,,Quyết định Vv Ban hành mẫu hợp đồng dịch vụ nguyên tắc,,,,Hợp đồng – Văn bản pháp lý,Quyết định,Hợp đồng,Quyết định Vv Ban hành mẫu hợp đồng dịch vụ nguyên tắc,HCNS,[00] Văn bản điều hành chung,ParsedFromFolder,High,,,,,,
data/[00] Văn bản điều hành chung/05. Hợp đồng – Văn bản pháp lý/236.2025.QĐ-HCNS-mẫu hợp đồng dịch vụ nguyên tắc.22-04-2025.docx,[00] Văn Bản Điều Hành Chung,236.2025.QĐ-HCNS-mẫu hợp đồng dịch vụ nguyên tắc.22-04-2025.docx,236.2025.QĐ-HCNS-mẫu hợp đồng dịch vụ nguyên tắc.22-04-2025.docx,236,2025,2025-04-22,,,Hiệu lực,,mẫu hợp đồng dịch vụ nguyên tắc,,,,Hợp đồng – Văn bản pháp lý,Quyết định,Hợp đồng,mẫu hợp đồng dịch vụ nguyên tắc,HCNS,[00] Văn bản điều hành chung,ParsedFromFolder,High,,,,,,
data/[00] Văn bản điều hành chung/05. Hợp đồng – Văn bản pháp lý/236.2025.QĐ-HCNS-mẫu hợp đồng dịch vụ.22-04-2025.docx,[00] Văn Bản Điều Hành Chung,236.2025.QĐ-HCNS-mẫu hợp đồng dịch vụ.22-04-2025.docx,236.2025.QĐ-HCNS-mẫu hợp đồng dịch vụ.22-04-2025.docx,236,2025,2025-04-22,,,Hiệu lực,,mẫu hợp đồng dịch vụ,,,,Hợp đồng – Văn bản pháp lý,Quyết định,Hợp đồng,mẫu hợp đồng dịch vụ,HCNS,[00] Văn bản điều hành chung,ParsedFromFolder,High,,,,,,
data/[00] Văn bản điều hành chung/05. Hợp đồng – Văn bản pháp lý/2367.QĐ-BVQA-HoC-HN-Quyết định cấp giấy chứng nhận hệ thống quản lý theo tiêu chuẩn ISO 22000-2018; ISO 9001-2015.25-06-2025.pdf,[00] Văn Bản Điều Hành Chung,2367.QĐ-BVQA-HoC-HN-Quyết định cấp giấy chứng nhận hệ thống quản lý theo tiêu chuẩn ISO 22000-2018; ISO 9001-2015.25-06-2025.pdf,2367.QĐ-BVQA-HoC-HN-Quyết định cấp giấy chứng nhận hệ thống quản lý theo tiêu chuẩn ISO 22000-2018; ISO 9001-2015.25-06-2025.pdf,,2367,2025-06-25,,,Hiệu lực,,HoC-HN-Quyết định cấp giấy chứng nhận hệ thống quản lý theo tiêu chuẩn ISO 22000-2018; ISO 9001-2015,,,,Hợp đồng – Văn bản pháp lý,Quyết định,,HoC-HN-Quyết định cấp giấy chứng nhận hệ thống quản lý theo tiêu chuẩn ISO 22000-2018; ISO 9001-2015,BVQA,[00] Văn bản điều hành chung,ParsedFromFolder,High,,,,,,
data/[00] Văn bản điều hành chung/05. Hợp đồng – Văn bản pháp lý/270.2026.QĐ-HCNS-Ban hành mẫu hợp đồng bán hàng (kênh bán lẻ) và hợp đồng cho mượn thiết bị bán hàng.23-03-2026.pdf,[00] Văn Bản Điều Hành Chung,270.2026.QĐ-HCNS-Ban hành mẫu hợp đồng bán hàng (kênh bán lẻ) và hợp đồng cho mượn thiết bị bán hàng.23-03-2026.pdf,270.2026.QĐ-HCNS-Ban hành mẫu hợp đồng bán hàng (kênh bán lẻ) và hợp đồng cho mượn thiết bị bán hàng.23-03-2026.pdf,270,2026,2026-03-23,,,Hiệu lực,,Ban hành mẫu hợp đồng bán hàng (kênh bán lẻ) và hợp đồng cho mượn thiết bị bán hàng,,,,Hợp đồng – Văn bản pháp lý,Quyết định,Hợp đồng,mẫu hợp đồng bán hàng (kênh bán lẻ) và hợp đồng cho mượn thiết bị bán hàng,HCNS,[00] Văn bản điều hành chung,ParsedFromFolder,High,,,,,,
data/[00] Văn bản điều hành chung/05. Hợp đồng – Văn bản pháp lý/302.2025.QĐ-HCNS-Quyết định Ban hành mẫu hợp đồng đào tạo.22-05-2025.pdf,[00] Văn Bản Điều Hành Chung,302.2025.QĐ-HCNS-Quyết định Ban hành mẫu hợp đồng đào tạo.22-05-2025.pdf,302.2025.QĐ-HCNS-Quyết định Ban hành mẫu hợp đồng đào tạo.22-05-2025.pdf,302,2025,2025-05-22,,,Hiệu lực,,Quyết định Ban hành mẫu hợp đồng đào tạo,,,,Hợp đồng – Văn bản pháp lý,Quyết định,Hợp đồng,Quyết định Ban hành mẫu hợp đồng đào tạo,HCNS,[00] Văn bản điều hành chung,ParsedFromFolder,High,,,,,,
data/[00] Văn bản điều hành chung/05. Hợp đồng – Văn bản pháp lý/314.2025.QĐ-HCNS-Quyết định Vv Ban hành mẫu hợp đồng thi công và lắp đặt bảng biển.24-05-2025.docx,[00] Văn Bản Điều Hành Chung,314.2025.QĐ-HCNS-Quyết định Vv Ban hành mẫu hợp đồng thi công và lắp đặt bảng biển.24-05-2025.docx,314.2025.QĐ-HCNS-Quyết định Vv Ban hành mẫu hợp đồng thi công và lắp đặt bảng biển.24-05-2025.docx,314,2025,2025-05-24,,,Hiệu lực,,Quyết định Vv Ban hành mẫu hợp đồng thi công và lắp đặt bảng biển,,,,Hợp đồng – Văn bản pháp lý,Quyết định,Hợp đồng,Quyết định Vv Ban hành mẫu hợp đồng thi công và lắp đặt bảng biển,HCNS,[00] Văn bản điều hành chung,ParsedFromFolder,High,,,,,,
data/[00] Văn bản điều hành chung/05. Hợp đồng – Văn bản pháp lý/314.2025.QĐ-HCNS-Quyết định Vv Ban hành mẫu hợp đồng thi công và lắp đặt bảng biển.24-05-2025.pdf,[00] Văn Bản Điều Hành Chung,314.2025.QĐ-HCNS-Quyết định Vv Ban hành mẫu hợp đồng thi công và lắp đặt bảng biển.24-05-2025.pdf,314.2025.QĐ-HCNS-Quyết định Vv Ban hành mẫu hợp đồng thi công và lắp đặt bảng biển.24-05-2025.pdf,314,2025,2025-05-24,,,Hiệu lực,,Quyết định Vv Ban hành mẫu hợp đồng thi công và lắp đặt bảng biển,,,,Hợp đồng – Văn bản pháp lý,Quyết định,Hợp đồng,Quyết định Vv Ban hành mẫu hợp đồng thi công và lắp đặt bảng biển,HCNS,[00] Văn bản điều hành chung,ParsedFromFolder,High,,,,,,
data/[00] Văn bản điều hành chung/05. Hợp đồng – Văn bản pháp lý/315.2025.QĐ-HCNS-Quyết định Vv Ban hành mẫu hợp đồng mua bán lắp đặt thiết bị máy móc.24-05-2025.docx,[00] Văn Bản Điều Hành Chung,315.2025.QĐ-HCNS-Quyết định Vv Ban hành mẫu hợp đồng mua bán lắp đặt thiết bị máy móc.24-05-2025.docx,315.2025.QĐ-HCNS-Quyết định Vv Ban hành mẫu hợp đồng mua bán lắp đặt thiết bị máy móc.24-05-2025.docx,315,2025,2025-05-24,,,Hiệu lực,,Quyết định Vv Ban hành mẫu hợp đồng mua bán lắp đặt thiết bị máy móc,,,,Hợp đồng – Văn bản pháp lý,Quyết định,Hợp đồng,Quyết định Vv Ban hành mẫu hợp đồng mua bán lắp đặt thiết bị máy móc,HCNS,[00] Văn bản điều hành chung,ParsedFromFolder,High,,,,,,
data/[00] Văn bản điều hành chung/05. Hợp đồng – Văn bản pháp lý/315.2025.QĐ-HCNS-Quyết định Vv Ban hành mẫu hợp đồng mua bán lắp đặt thiết bị máy móc.24-05-2025.pdf,[00] Văn Bản Điều Hành Chung,315.2025.QĐ-HCNS-Quyết định Vv Ban hành mẫu hợp đồng mua bán lắp đặt thiết bị máy móc.24-05-2025.pdf,315.2025.QĐ-HCNS-Quyết định Vv Ban hành mẫu hợp đồng mua bán lắp đặt thiết bị máy móc.24-05-2025.pdf,315,2025,2025-05-24,,,Hiệu lực,,Quyết định Vv Ban hành mẫu hợp đồng mua bán lắp đặt thiết bị máy móc,,,,Hợp đồng – Văn bản pháp lý,Quyết định,Hợp đồng,Quyết định Vv Ban hành mẫu hợp đồng mua bán lắp đặt thiết bị máy móc,HCNS,[00] Văn bản điều hành chung,ParsedFromFolder,High,,,,,,
data/[00] Văn bản điều hành chung/05. Hợp đồng – Văn bản pháp lý/316.2025.QĐ-HCNS-Quyết định Vv Ban hành mẫu hợp đồng mua bán hàng hóa.24-05-2025.docx,[00] Văn Bản Điều Hành Chung,316.2025.QĐ-HCNS-Quyết định Vv Ban hành mẫu hợp đồng mua bán hàng hóa.24-05-2025.docx,316.2025.QĐ-HCNS-Quyết định Vv Ban hành mẫu hợp đồng mua bán hàng hóa.24-05-2025.docx,316,2025,2025-05-24,,,Hiệu lực,,Quyết định Vv Ban hành mẫu hợp đồng mua bán hàng hóa,,,,Hợp đồng – Văn bản pháp lý,Quyết định,Hợp đồng,Quyết định Vv Ban hành mẫu hợp đồng mua bán hàng hóa,HCNS,[00] Văn bản điều hành chung,ParsedFromFolder,High,,,,,,
data/[00] Văn bản điều hành chung/05. Hợp đồng – Văn bản pháp lý/316.2025.QĐ-HCNS-Quyết định Vv Ban hành mẫu hợp đồng mua bán hàng hóa.24-05-2025.pdf,[00] Văn Bản Điều Hành Chung,316.2025.QĐ-HCNS-Quyết định Vv Ban hành mẫu hợp đồng mua bán hàng hóa.24-05-2025.pdf,316.2025.QĐ-HCNS-Quyết định Vv Ban hành mẫu hợp đồng mua bán hàng hóa.24-05-2025.pdf,316,2025,2025-05-24,,,Hiệu lực,,Quyết định Vv Ban hành mẫu hợp đồng mua bán hàng hóa,,,,Hợp đồng – Văn bản pháp lý,Quyết định,Hợp đồng,Quyết định Vv Ban hành mẫu hợp đồng mua bán hàng hóa,HCNS,[00] Văn bản điều hành chung,ParsedFromFolder,High,,,,,,
data/[00] Văn bản điều hành chung/05. Hợp đồng – Văn bản pháp lý/470.2024.QĐ-NS-Ban hành mẫu Hợp Đồng Nguyên Tắc thực hiện trong Công ty.28-05-2024.pdf,[00] Văn Bản Điều Hành Chung,470.2024.QĐ-NS-Ban hành mẫu Hợp Đồng Nguyên Tắc thực hiện trong Công ty.28-05-2024.pdf,470.2024.QĐ-NS-Ban hành mẫu Hợp Đồng Nguyên Tắc thực hiện trong Công ty.28-05-2024.pdf,470,2024,2024-05-28,,,Hiệu lực,,Ban hành mẫu Hợp Đồng Nguyên Tắc thực hiện trong Công ty,,,,Hợp đồng – Văn bản pháp lý,Quyết định,Hợp đồng,mẫu Hợp Đồng Nguyên Tắc thực hiện trong Công ty,NS,[00] Văn bản điều hành chung,ParsedFromFolder,High,,,,,,
data/[00] Văn bản điều hành chung/05. Hợp đồng – Văn bản pháp lý/819.2025.HĐPP-VHKD-Ban hành hợp đồng phân phối năm 2026-v1.02-12-2025.pdf,[00] Văn Bản Điều Hành Chung,819.2025.HĐPP-VHKD-Ban hành hợp đồng phân phối năm 2026-v1.02-12-2025.pdf,819.2025.HĐPP-VHKD-Ban hành hợp đồng phân phối năm 2026-v1.02-12-2025.pdf,819,2025,2025-12-02,,,Hiệu lực,,Ban hành hợp đồng phân phối năm 2026-v1,,,,Hợp đồng – Văn bản pháp lý,Khác,Hợp đồng,phân phối năm 2026-v1,VHKD,[00] Văn bản điều hành chung,ParsedFromFolder,High,,,,,Bản chuẩn,
data/[00] Văn bản điều hành chung/05. Hợp đồng – Văn bản pháp lý/819.2025.HĐPP-VHKD-Ban hành hợp đồng phân phối năm 2026.02-12-2025.docx,[00] Văn Bản Điều Hành Chung,819.2025.HĐPP-VHKD-Ban hành hợp đồng phân phối năm 2026.02-12-2025.docx,819.2025.HĐPP-VHKD-Ban hành hợp đồng phân phối năm 2026.02-12-2025.docx,819,2025,2025-12-02,,,Hiệu lực,,Ban hành hợp đồng phân phối năm 2026,,,,Hợp đồng – Văn bản pháp lý,Khác,Hợp đồng,phân phối năm 2026,VHKD,[00] Văn bản điều hành chung,ParsedFromFolder,High,,,,,,
data/[00] Văn bản điều hành chung/05. Hợp đồng – Văn bản pháp lý/819.2025.HĐPP-VHKD-Ban hành hợp đồng phân phối năm 2026.02-12-2025.pdf,[00] Văn Bản Điều Hành Chung,819.2025.HĐPP-VHKD-Ban hành hợp đồng phân phối năm 2026.02-12-2025.pdf,819.2025.HĐPP-VHKD-Ban hành hợp đồng phân phối năm 2026.02-12-2025.pdf,819,2025,2025-12-02,,,Hiệu lực,,Ban hành hợp đồng phân phối năm 2026,,,,Hợp đồng – Văn bản pháp lý,Khác,Hợp đồng,phân phối năm 2026,VHKD,[00] Văn bản điều hành chung,ParsedFromFolder,High,,,,,Bản sao,
data/[00] Văn bản điều hành chung/06. Hết hiệu lực/01.2025.SĐTC-HLB-Sơ đồ tổ chức Công ty Cổ phần Bia và Nước giải khát Hạ Long.22-07-2025.docx,[99] Archive,01.2025.SĐTC-HLB-Sơ đồ tổ chức Công ty Cổ phần Bia và Nước giải khát Hạ Long.22-07-2025.docx,01.2025.SĐTC-HLB-Sơ đồ tổ chức Công ty Cổ phần Bia và Nước giải khát Hạ Long.22-07-2025.docx,01,2025,2025-07-22,,,Hết hiệu lực,,Sơ đồ tổ chức Công ty Cổ phần Bia và Nước giải khát Hạ Long,,,,Hết hiệu lực,Khác,,Sơ đồ tổ chức Công ty Cổ phần Bia và Nước giải khát Hạ Long,HLB,[00] Văn bản điều hành chung,ParsedFromFolder,High,,,,,,
data/[00] Văn bản điều hành chung/06. Hết hiệu lực/01.2025.SĐTC-HLB-Sơ đồ tổ chức Công ty Cổ phần Bia và Nước giải khát Hạ Long.22-07-2025.pdf,[99] Archive,01.2025.SĐTC-HLB-Sơ đồ tổ chức Công ty Cổ phần Bia và Nước giải khát Hạ Long.22-07-2025.pdf,01.2025.SĐTC-HLB-Sơ đồ tổ chức Công ty Cổ phần Bia và Nước giải khát Hạ Long.22-07-2025.pdf,01,2025,2025-07-22,,,Hết hiệu lực,,Sơ đồ tổ chức Công ty Cổ phần Bia và Nước giải khát Hạ Long,,,,Hết hiệu lực,Khác,,Sơ đồ tổ chức Công ty Cổ phần Bia và Nước giải khát Hạ Long,HLB,[00] Văn bản điều hành chung,ParsedFromFolder,High,,,,,,
data/[00] Văn bản điều hành chung/06. Hết hiệu lực/01.2026.SĐTC-HLB-Sơ đồ tổ chức Công ty cổ phần Bia và Nước giải khát Hạ Long.30-03-2026.pdf,[99] Archive,01.2026.SĐTC-HLB-Sơ đồ tổ chức Công ty cổ phần Bia và Nước giải khát Hạ Long.30-03-2026.pdf,01.2026.SĐTC-HLB-Sơ đồ tổ chức Công ty cổ phần Bia và Nước giải khát Hạ Long.30-03-2026.pdf,01,2026,2026-03-30,,,Hết hiệu lực,,Sơ đồ tổ chức Công ty cổ phần Bia và Nước giải khát Hạ Long,,,,Hết hiệu lực,Khác,,Sơ đồ tổ chức Công ty cổ phần Bia và Nước giải khát Hạ Long,HLB,[00] Văn bản điều hành chung,ParsedFromFolder,High,,,,,Bản chuẩn,
data/[00] Văn bản điều hành chung/06. Hết hiệu lực/1512.2025.GUQ-HLB-Giấy ủy quyền của TGĐ cho ông Lê Thanh Nghị (1).15-12-2025.pdf,[99] Archive,1512.2025.GUQ-HLB-Giấy ủy quyền của TGĐ cho ông Lê Thanh Nghị (1).15-12-2025.pdf,1512.2025.GUQ-HLB-Giấy ủy quyền của TGĐ cho ông Lê Thanh Nghị (1).15-12-2025.pdf,1512,2025,2025-12-15,,,Hết hiệu lực,,Giấy ủy quyền của TGĐ cho ông Lê Thanh Nghị (1),,,,Hết hiệu lực,Giấy ủy quyền,,Giấy ủy quyền của TGĐ cho ông Lê Thanh Nghị (1),HLB,[00] Văn bản điều hành chung,ParsedFromFolder,High,,,,,Bản chuẩn,
data/[00] Văn bản điều hành chung/06. Hết hiệu lực/1512.2025.GUQ-HLB-Giấy ủy quyền của TGĐ cho ông Lê Thanh Nghị.15-12-2025.docx,[99] Archive,1512.2025.GUQ-HLB-Giấy ủy quyền của TGĐ cho ông Lê Thanh Nghị.15-12-2025.docx,1512.2025.GUQ-HLB-Giấy ủy quyền của TGĐ cho ông Lê Thanh Nghị.15-12-2025.docx,1512,2025,2025-12-15,,,Hết hiệu lực,,Giấy ủy quyền của TGĐ cho ông Lê Thanh Nghị,,,,Hết hiệu lực,Giấy ủy quyền,,Giấy ủy quyền của TGĐ cho ông Lê Thanh Nghị,HLB,[00] Văn bản điều hành chung,ParsedFromFolder,High,,,,,,
data/[00] Văn bản điều hành chung/06. Hết hiệu lực/1512.2025.GUQ-HLB-Giấy ủy quyền của TGĐ cho ông Lê Thanh Nghị.15-12-2025.pdf,[99] Archive,1512.2025.GUQ-HLB-Giấy ủy quyền của TGĐ cho ông Lê Thanh Nghị.15-12-2025.pdf,1512.2025.GUQ-HLB-Giấy ủy quyền của TGĐ cho ông Lê Thanh Nghị.15-12-2025.pdf,1512,2025,2025-12-15,,,Hết hiệu lực,,Giấy ủy quyền của TGĐ cho ông Lê Thanh Nghị,,,,Hết hiệu lực,Giấy ủy quyền,,Giấy ủy quyền của TGĐ cho ông Lê Thanh Nghị,HLB,[00] Văn bản điều hành chung,ParsedFromFolder,High,,,,,Bản sao,
data/[00] Văn bản điều hành chung/06. Hết hiệu lực/16.2022.QyĐ-Quy định về chế độ Công tác phí.17-05-2022.pdf,[99] Archive,16.2022.QyĐ-Quy định về chế độ Công tác phí.17-05-2022.pdf,16.2022.QyĐ-Quy định về chế độ Công tác phí.17-05-2022.pdf,16,2022,2022-05-17,,,Hết hiệu lực,,Quy định về chế độ Công tác phí,,,,Hết hiệu lực,Khác,Quy định,về chế độ Công tác phí,,[00] Văn bản điều hành chung,ParsedFromFolder,High,,,,,,
data/[00] Văn bản điều hành chung/06. Hết hiệu lực/174.2023.QĐ-NS-Mẫu hợp đồng phân phối.pdf,[99] Archive,174.2023.QĐ-NS-Mẫu hợp đồng phân phối.pdf,174.2023.QĐ-NS-Mẫu hợp đồng phân phối.pdf,174,2023,,,,Hết hiệu lực,,Mẫu hợp đồng phân phối,,,,Hết hiệu lực,Quyết định,Hợp đồng,Mẫu hợp đồng phân phối,NS,[00] Văn bản điều hành chung,ParsedFromFolder,High,,,,,,
data/[00] Văn bản điều hành chung/06. Hết hiệu lực/2018.ĐL-HĐQT-Điều lệ Đông Mai.pdf,[99] Archive,2018.ĐL-HĐQT-Điều lệ Đông Mai.pdf,2018.ĐL-HĐQT-Điều lệ Đông Mai.pdf,,2018,,,,Hết hiệu lực,,Điều lệ Đông Mai,,,,Hết hiệu lực,Khác,Điều lệ,Đông Mai,HĐQT,[00] Văn bản điều hành chung,ParsedFromFolder,High,,,,,,
data/[00] Văn bản điều hành chung/06. Hết hiệu lực/2022.QĐ-BM-HCNS.Quyết định bổ nhiệm trợ lý ban điều hành.15-08-2022.docx,[99] Archive,2022.QĐ-BM-HCNS.Quyết định bổ nhiệm trợ lý ban điều hành.15-08-2022.docx,2022.QĐ-BM-HCNS.Quyết định bổ nhiệm trợ lý ban điều hành.15-08-2022.docx,,2022,2022-08-15,,,Hết hiệu lực,,HCNS.Quyết định bổ nhiệm trợ lý ban điều hành,,,,Hết hiệu lực,Quyết định,,HCNS.Quyết định bổ nhiệm trợ lý ban điều hành,BM,[00] Văn bản điều hành chung,ParsedFromFolder,High,,,,,,
data/[00] Văn bản điều hành chung/06. Hết hiệu lực/2022.QĐ-Quyết định bổ nhiệm trợ lý ban điều hành.15-08-2025.docx,[99] Archive,2022.QĐ-Quyết định bổ nhiệm trợ lý ban điều hành.15-08-2025.docx,2022.QĐ-Quyết định bổ nhiệm trợ lý ban điều hành.15-08-2025.docx,,2022,2025-08-15,,,Hết hiệu lực,,Quyết định bổ nhiệm trợ lý ban điều hành,,,,Hết hiệu lực,Quyết định,,Quyết định bổ nhiệm trợ lý ban điều hành,,[00] Văn bản điều hành chung,ParsedFromFolder,High,,,,,,
data/[00] Văn bản điều hành chung/06. Hết hiệu lực/2024-HL.QĐ 567-Ban hành Ma trận phân quyền cấp Cty & khối KD.15-07-2024.pdf,[99] Archive,2024-HL.QĐ 567-Ban hành Ma trận phân quyền cấp Cty & khối KD.15-07-2024.pdf,2024-HL.QĐ 567-Ban hành Ma trận phân quyền cấp Cty & khối KD.15-07-2024.pdf,,,2024-07-15,,,Hết hiệu lực,,Ban hành Ma trận phân quyền cấp Cty & khối KD,,,,Hết hiệu lực,Khác,,Ma trận phân quyền cấp Cty & khối KD,HL.QĐ 567,[00] Văn bản điều hành chung,ParsedFromFolder,High,,,,,Bản chuẩn,
data/[00] Văn bản điều hành chung/06. Hết hiệu lực/2024-HL.QĐ 567-Ban hành Ma trận phân quyền cấp Cty & khối KD.15-07-2024.xlsx,[99] Archive,2024-HL.QĐ 567-Ban hành Ma trận phân quyền cấp Cty & khối KD.15-07-2024.xlsx,2024-HL.QĐ 567-Ban hành Ma trận phân quyền cấp Cty & khối KD.15-07-2024.xlsx,,,2024-07-15,,,Hết hiệu lực,,Ban hành Ma trận phân quyền cấp Cty & khối KD,,,,Hết hiệu lực,Khác,,Ma trận phân quyền cấp Cty & khối KD,HL.QĐ 567,[00] Văn bản điều hành chung,ParsedFromFolder,High,,,,,,
"data/[00] Văn bản điều hành chung/06. Hết hiệu lực/2024-Ma trân phân quyền cấp Công ty, Khối kinh doanh 567.QĐ-HLB 15.07.pdf",[99] Archive,"2024-Ma trân phân quyền cấp Công ty, Khối kinh doanh 567.QĐ-HLB 15.07.pdf","2024-Ma trân phân quyền cấp Công ty, Khối kinh doanh 567.QĐ-HLB 15.07.pdf",,,,,,Hết hiệu lực,,HLB 15.07,,,,Hết hiệu lực,Khác,,HLB 15.07,"Ma trân phân quyền cấp Công ty, Khối kinh doanh 567.QĐ",[00] Văn bản điều hành chung,ParsedFromFolder,High,,,,,,
data/[00] Văn bản điều hành chung/06. Hết hiệu lực/2024.DOA-HLB-Ma trận phân quyền cấp công ty và khối kinh doanh.15-07-2024.pdf,[99] Archive,2024.DOA-HLB-Ma trận phân quyền cấp công ty và khối kinh doanh.15-07-2024.pdf,2024.DOA-HLB-Ma trận phân quyền cấp công ty và khối kinh doanh.15-07-2024.pdf,,2024,2024-07-15,,,Hết hiệu lực,,Ma trận phân quyền cấp công ty và khối kinh doanh,,,,Hết hiệu lực,Khác,,Ma trận phân quyền cấp công ty và khối kinh doanh,HLB,[00] Văn bản điều hành chung,ParsedFromFolder,High,,,,,Bản sao,
data/[00] Văn bản điều hành chung/06. Hết hiệu lực/2024.DOA-HLB-Ma trận phân quyền cấp công ty và khối kinh doanh.15-07-2024.xlsx,[99] Archive,2024.DOA-HLB-Ma trận phân quyền cấp công ty và khối kinh doanh.15-07-2024.xlsx,2024.DOA-HLB-Ma trận phân quyền cấp công ty và khối kinh doanh.15-07-2024.xlsx,,2024,2024-07-15,,,Hết hiệu lực,,Ma trận phân quyền cấp công ty và khối kinh doanh,,,,Hết hiệu lực,Khác,,Ma trận phân quyền cấp công ty và khối kinh doanh,HLB,[00] Văn bản điều hành chung,ParsedFromFolder,High,,,,,,
data/[00] Văn bản điều hành chung/06. Hết hiệu lực/2024.HĐ-Mẫu hợp đồng Mua Bán Hàng Hóa 1 Lần.09-12-2024.docx,[99] Archive,2024.HĐ-Mẫu hợp đồng Mua Bán Hàng Hóa 1 Lần.09-12-2024.docx,2024.HĐ-Mẫu hợp đồng Mua Bán Hàng Hóa 1 Lần.09-12-2024.docx,,2024,2024-12-09,,,Hết hiệu lực,,Mẫu hợp đồng Mua Bán Hàng Hóa 1 Lần,,,,Hết hiệu lực,Khác,Hợp đồng,Mẫu hợp đồng Mua Bán Hàng Hóa 1 Lần,,[00] Văn bản điều hành chung,ParsedFromFolder,High,,,,,,
data/[00] Văn bản điều hành chung/06. Hết hiệu lực/2024.SĐTC-HLB-Sơ đồ tổ chức Công Ty Cổ phần Bia NGK Hạ Long.02-01.2024.pdf,[99] Archive,2024.SĐTC-HLB-Sơ đồ tổ chức Công Ty Cổ phần Bia NGK Hạ Long.02-01.2024.pdf,2024.SĐTC-HLB-Sơ đồ tổ chức Công Ty Cổ phần Bia NGK Hạ Long.02-01.2024.pdf,,2024,,,,Hết hiệu lực,,Sơ đồ tổ chức Công Ty Cổ phần Bia NGK Hạ Long.02-01.2024,,,,Hết hiệu lực,Khác,,Sơ đồ tổ chức Công Ty Cổ phần Bia NGK Hạ Long.02-01.2024,HLB,[00] Văn bản điều hành chung,ParsedFromFolder,High,,,,,,
data/[00] Văn bản điều hành chung/06. Hết hiệu lực/2025.DOA-HCNS-Ban hành Ma trận phân quyền cấp Công ty khối tài chính và Quản trị.31-07-2025.docx,[99] Archive,2025.DOA-HCNS-Ban hành Ma trận phân quyền cấp Công ty khối tài chính và Quản trị.31-07-2025.docx,2025.DOA-HCNS-Ban hành Ma trận phân quyền cấp Công ty khối tài chính và Quản trị.31-07-2025.docx,,2025,2025-07-31,,,Hết hiệu lực,,Ban hành Ma trận phân quyền cấp Công ty khối tài chính và Quản trị,,,,Hết hiệu lực,Khác,,Ma trận phân quyền cấp Công ty khối tài chính và Quản trị,HCNS,[00] Văn bản điều hành chung,ParsedFromFolder,High,,,,,Bản chuẩn,
data/[00] Văn bản điều hành chung/06. Hết hiệu lực/2025.DOA-HLB-Ban hành Ma trận phân quyền cấp Công ty-khối tài chính và Quản trị.31-07-2025.xlsx,[99] Archive,2025.DOA-HLB-Ban hành Ma trận phân quyền cấp Công ty-khối tài chính và Quản trị.31-07-2025.xlsx,2025.DOA-HLB-Ban hành Ma trận phân quyền cấp Công ty-khối tài chính và Quản trị.31-07-2025.xlsx,,2025,2025-07-31,,,Hết hiệu lực,,Ban hành Ma trận phân quyền cấp Công ty-khối tài chính và Quản trị,,,,Hết hiệu lực,Khác,,Ma trận phân quyền cấp Công ty-khối tài chính và Quản trị,HLB,[00] Văn bản điều hành chung,ParsedFromFolder,High,,,,,,
data/[00] Văn bản điều hành chung/06. Hết hiệu lực/2025.DOA-HLB-Ban hành ma trận phân quyền cấp Công ty khối tài chính và Quản trị.31-07-2025.docx,[99] Archive,2025.DOA-HLB-Ban hành ma trận phân quyền cấp Công ty khối tài chính và Quản trị.31-07-2025.docx,2025.DOA-HLB-Ban hành ma trận phân quyền cấp Công ty khối tài chính và Quản trị.31-07-2025.docx,,2025,2025-07-31,,,Hết hiệu lực,,Ban hành ma trận phân quyền cấp Công ty khối tài chính và Quản trị,,,,Hết hiệu lực,Khác,,ma trận phân quyền cấp Công ty khối tài chính và Quản trị,HLB,[00] Văn bản điều hành chung,ParsedFromFolder,High,,,,,,
data/[00] Văn bản điều hành chung/06. Hết hiệu lực/2025.DOA-HLB-Quyết định Ban hành ma trận phân quyền cấp Công ty khối vận hành và Chuỗi cung ứng.31-07-2025.pdf,[99] Archive,2025.DOA-HLB-Quyết định Ban hành ma trận phân quyền cấp Công ty khối vận hành và Chuỗi cung ứng.31-07-2025.pdf,2025.DOA-HLB-Quyết định Ban hành ma trận phân quyền cấp Công ty khối vận hành và Chuỗi cung ứng.31-07-2025.pdf,,2025,2025-07-31,,,Hết hiệu lực,,Quyết định Ban hành ma trận phân quyền cấp Công ty khối vận hành và Chuỗi cung ứng,,,,Hết hiệu lực,Khác,,Quyết định Ban hành ma trận phân quyền cấp Công ty khối vận hành và Chuỗi cung ứng,HLB,[00] Văn bản điều hành chung,ParsedFromFolder,High,,,,,,
data/[00] Văn bản điều hành chung/06. Hết hiệu lực/2025.DOA-HLB-Quyết định ban hành ma trận phân quyền cấp Công ty khối tài chính và Quản trị.31-07-2025.pdf,[99] Archive,2025.DOA-HLB-Quyết định ban hành ma trận phân quyền cấp Công ty khối tài chính và Quản trị.31-07-2025.pdf,2025.DOA-HLB-Quyết định ban hành ma trận phân quyền cấp Công ty khối tài chính và Quản trị.31-07-2025.pdf,,2025,2025-07-31,,,Hết hiệu lực,,Quyết định ban hành ma trận phân quyền cấp Công ty khối tài chính và Quản trị,,,,Hết hiệu lực,Khác,,Quyết định ban hành ma trận phân quyền cấp Công ty khối tài chính và Quản trị,HLB,[00] Văn bản điều hành chung,ParsedFromFolder,High,,,,,,
data/[00] Văn bản điều hành chung/06. Hết hiệu lực/304.2026.QĐ-HCNS-Vv ban hành sơ đồ tổ chức Công ty Cổ phần Bia-Nước giải khát Hạ Long.Ngày 30-03-2026.pdf,[99] Archive,304.2026.QĐ-HCNS-Vv ban hành sơ đồ tổ chức Công ty Cổ phần Bia-Nước giải khát Hạ Long.Ngày 30-03-2026.pdf,304.2026.QĐ-HCNS-Vv ban hành sơ đồ tổ chức Công ty Cổ phần Bia-Nước giải khát Hạ Long.Ngày 30-03-2026.pdf,304,2026,2026-03-30,,,Hết hiệu lực,,Vv ban hành sơ đồ tổ chức Công ty Cổ phần Bia-Nước giải khát Hạ Long.Ngày,,,,Hết hiệu lực,Quyết định,,Vv ban hành sơ đồ tổ chức Công ty Cổ phần Bia-Nước giải khát Hạ Long.Ngày,HCNS,[00] Văn bản điều hành chung,ParsedFromFolder,High,,,,,Bản sao,
data/[00] Văn bản điều hành chung/06. Hết hiệu lực/720.2023.GUQ-HLB-Giấy ủy quyền của TGĐ cho ông Nguyễn Quang Dũng.20-12-2023.pdf,[99] Archive,720.2023.GUQ-HLB-Giấy ủy quyền của TGĐ cho ông Nguyễn Quang Dũng.20-12-2023.pdf,720.2023.GUQ-HLB-Giấy ủy quyền của TGĐ cho ông Nguyễn Quang Dũng.20-12-2023.pdf,720,2023,2023-12-20,,,Hết hiệu lực,,Giấy ủy quyền của TGĐ cho ông Nguyễn Quang Dũng,,,,Hết hiệu lực,Giấy ủy quyền,,Giấy ủy quyền của TGĐ cho ông Nguyễn Quang Dũng,HLB,[00] Văn bản điều hành chung,ParsedFromFolder,High,,,,,,
data/[00] Văn bản điều hành chung/06. Hết hiệu lực/764.2025.QĐ-HCNS-Ban hành Ma trận phân quyền cấp Công ty khối tài chính và Quản trị.30-10-2025.xlsx,[99] Archive,764.2025.QĐ-HCNS-Ban hành Ma trận phân quyền cấp Công ty khối tài chính và Quản trị.30-10-2025.xlsx,764.2025.QĐ-HCNS-Ban hành Ma trận phân quyền cấp Công ty khối tài chính và Quản trị.30-10-2025.xlsx,764,2025,2025-10-30,,,Hết hiệu lực,,Ban hành Ma trận phân quyền cấp Công ty khối tài chính và Quản trị,,,,Hết hiệu lực,Quyết định,,Ma trận phân quyền cấp Công ty khối tài chính và Quản trị,HCNS,[00] Văn bản điều hành chung,ParsedFromFolder,High,,,,,,
data/[00] Văn bản điều hành chung/06. Hết hiệu lực/764.2025.QĐ-HCNS-Ban hành Ma trận phân quyền cấp Công ty-khối tài chính và Quản trị.30-10-2025.docx,[99] Archive,764.2025.QĐ-HCNS-Ban hành Ma trận phân quyền cấp Công ty-khối tài chính và Quản trị.30-10-2025.docx,764.2025.QĐ-HCNS-Ban hành Ma trận phân quyền cấp Công ty-khối tài chính và Quản trị.30-10-2025.docx,764,2025,2025-10-30,,,Hết hiệu lực,,Ban hành Ma trận phân quyền cấp Công ty-khối tài chính và Quản trị,,,,Hết hiệu lực,Quyết định,,Ma trận phân quyền cấp Công ty-khối tài chính và Quản trị,HCNS,[00] Văn bản điều hành chung,ParsedFromFolder,High,,,,,Bản sao,
data/[00] Văn bản điều hành chung/06. Hết hiệu lực/856.2024.QĐ-HLB-Quyết định của TGĐ Công ty vv Thành lập Hội đồng thi đua khen thưởng năm 2024.22-11-2024.pdf,[99] Archive,856.2024.QĐ-HLB-Quyết định của TGĐ Công ty vv Thành lập Hội đồng thi đua khen thưởng năm 2024.22-11-2024.pdf,856.2024.QĐ-HLB-Quyết định của TGĐ Công ty vv Thành lập Hội đồng thi đua khen thưởng năm 2024.22-11-2024.pdf,856,2024,2024-11-22,,,Hết hiệu lực,,Quyết định của TGĐ Công ty vv Thành lập Hội đồng thi đua khen thưởng năm 2024,,,,Hết hiệu lực,Quyết định,,Quyết định của TGĐ Công ty vv Thành lập Hội đồng thi đua khen thưởng năm 2024,HLB,[00] Văn bản điều hành chung,ParsedFromFolder,High,,,,,,
data/[00] Văn bản điều hành chung/06. Hết hiệu lực/GUQ-Giấy ủy quyền 569A.2024. GUQ-HLB 16-07-2024-v2.pdf,[99] Archive,GUQ-Giấy ủy quyền 569A.2024. GUQ-HLB 16-07-2024-v2.pdf,GUQ-Giấy ủy quyền 569A.2024. GUQ-HLB 16-07-2024-v2.pdf,,,2024-07-16,,,Hết hiệu lực,,HLB,,,,Hết hiệu lực,Giấy ủy quyền,,HLB,Giấy ủy quyền 569A .2024. GUQ,[00] Văn bản điều hành chung,ParsedFromFolder,High,,,,,Bản chuẩn,
data/[00] Văn bản điều hành chung/06. Hết hiệu lực/GUQ-Giấy ủy quyền 569A.2024. GUQ-HLB 16-07-2024.pdf,[99] Archive,GUQ-Giấy ủy quyền 569A.2024. GUQ-HLB 16-07-2024.pdf,GUQ-Giấy ủy quyền 569A.2024. GUQ-HLB 16-07-2024.pdf,,,2024-07-16,,,Hết hiệu lực,,HLB,,,,Hết hiệu lực,Giấy ủy quyền,,HLB,Giấy ủy quyền 569A .2024. GUQ,[00] Văn bản điều hành chung,ParsedFromFolder,High,,,,,Bản sao,
data/[00] Văn bản điều hành chung/06. Hết hiệu lực/GUQ-Giấy ủy quyền của TGĐ-ông Lê Thanh Nghị.pdf,[99] Archive,GUQ-Giấy ủy quyền của TGĐ-ông Lê Thanh Nghị.pdf,GUQ-Giấy ủy quyền của TGĐ-ông Lê Thanh Nghị.pdf,,,,,,Hết hiệu lực,,ông Lê Thanh Nghị,,,,Hết hiệu lực,Giấy ủy quyền,,ông Lê Thanh Nghị,Giấy ủy quyền của TGĐ,[00] Văn bản điều hành chung,ParsedFromFolder,High,,,,,,
data/[00] Văn bản điều hành chung/06. Hết hiệu lực/QĐ-Quyết định Thành lập Hội đồng thi đua khen thưởng.docx,[99] Archive,QĐ-Quyết định Thành lập Hội đồng thi đua khen thưởng.docx,QĐ-Quyết định Thành lập Hội đồng thi đua khen thưởng.docx,,,,,,Hết hiệu lực,,Quyết định Thành lập Hội đồng thi đua khen thưởng,,,,Hết hiệu lực,Quyết định,,Quyết định Thành lập Hội đồng thi đua khen thưởng,,[00] Văn bản điều hành chung,ParsedFromFolder,High,,,,,,
data/[00] Văn bản điều hành chung/06. Hết hiệu lực/Điều chỉnh định biên nhân sự-Khối kinh doanh.pdf,[99] Archive,Điều chỉnh định biên nhân sự-Khối kinh doanh.pdf,Điều chỉnh định biên nhân sự-Khối kinh doanh.pdf,,,,,,Hết hiệu lực,,Khối kinh doanh,,,,Hết hiệu lực,Khác,,Khối kinh doanh,,[00] Văn bản điều hành chung,ParsedFromFolder,High,,,,,,
data/[02] GĐKD - Giám đốc Kinh Doanh/03. Tổ chức – Nhân sự/27.2024.QyĐ-HLB-Quy định về chức năng nhiệm vụ của Giám Đốc Kinh Doanh.02-01-2024.docx,[02] Giám Đốc Kinh Doanh,27.2024.QyĐ-HLB-Quy định về chức năng nhiệm vụ của Giám Đốc Kinh Doanh.02-01-2024.docx,27.2024.QyĐ-HLB-Quy định về chức năng nhiệm vụ của Giám Đốc Kinh Doanh.02-01-2024.docx,27,2024,2024-01-02,,,Hiệu lực,,Quy định về chức năng nhiệm vụ của Giám Đốc Kinh Doanh,,,,Tổ chức – Nhân sự,Khác,Quy định,về chức năng nhiệm vụ của Giám Đốc Kinh Doanh,HLB,[02] GĐKD - Giám đốc Kinh Doanh,ParsedFromFolder,High,,,,,,
data/[02] GĐKD - Giám đốc Kinh Doanh/03. Tổ chức – Nhân sự/27.2024.QyĐ-HLB-Quy định về chức năng nhiệm vụ của Giám Đốc Kinh Doanh.02-01-2024.pdf,[02] Giám Đốc Kinh Doanh,27.2024.QyĐ-HLB-Quy định về chức năng nhiệm vụ của Giám Đốc Kinh Doanh.02-01-2024.pdf,27.2024.QyĐ-HLB-Quy định về chức năng nhiệm vụ của Giám Đốc Kinh Doanh.02-01-2024.pdf,27,2024,2024-01-02,,,Hiệu lực,,Quy định về chức năng nhiệm vụ của Giám Đốc Kinh Doanh,,,,Tổ chức – Nhân sự,Khác,Quy định,về chức năng nhiệm vụ của Giám Đốc Kinh Doanh,HLB,[02] GĐKD - Giám đốc Kinh Doanh,ParsedFromFolder,High,,,,,,
data/[03] GĐTC-QT - Giám đốc Tài chính và Quản trị/03. Tổ chức – Nhân sự/01.2025.QyĐ-HLB-Quy định về chức năng nhiệm vụ của Giám đốc Tài chính và Quản trị.22-07-2025.docx,[03] Giám Đốc Tài Chính và Quản Trị,01.2025.QyĐ-HLB-Quy định về chức năng nhiệm vụ của Giám đốc Tài chính và Quản trị.22-07-2025.docx,01.2025.QyĐ-HLB-Quy định về chức năng nhiệm vụ của Giám đốc Tài chính và Quản trị.22-07-2025.docx,01,2025,2025-07-22,,,Hiệu lực,,Quy định về chức năng nhiệm vụ của Giám đốc Tài chính và Quản trị,,,,Tổ chức – Nhân sự,Khác,Quy định,về chức năng nhiệm vụ của Giám đốc Tài chính và Quản trị,HLB,[03] GĐTC-QT - Giám đốc Tài chính và Quản trị,ParsedFromFolder,High,,,,,,
data/[03] GĐTC-QT - Giám đốc Tài chính và Quản trị/03. Tổ chức – Nhân sự/01.2025.QyĐ-HLB-Quy định về chức năng nhiệm vụ của Giám đốc Tài chính và Quản trị.22-07-2025.pdf,[03] Giám Đốc Tài Chính và Quản Trị,01.2025.QyĐ-HLB-Quy định về chức năng nhiệm vụ của Giám đốc Tài chính và Quản trị.22-07-2025.pdf,01.2025.QyĐ-HLB-Quy định về chức năng nhiệm vụ của Giám đốc Tài chính và Quản trị.22-07-2025.pdf,01,2025,2025-07-22,,,Hiệu lực,,Quy định về chức năng nhiệm vụ của Giám đốc Tài chính và Quản trị,,,,Tổ chức – Nhân sự,Khác,Quy định,về chức năng nhiệm vụ của Giám đốc Tài chính và Quản trị,HLB,[03] GĐTC-QT - Giám đốc Tài chính và Quản trị,ParsedFromFolder,High,,,,,,
data/[03] GĐTC-QT - Giám đốc Tài chính và Quản trị/06. Hết hiệu lực/28.2024.QyĐ-HLB-Quy định về chức năng nhiệm vụ của Giám Đốc Tài Chính.02-01-2024.pdf,[99] Archive,28.2024.QyĐ-HLB-Quy định về chức năng nhiệm vụ của Giám Đốc Tài Chính.02-01-2024.pdf,28.2024.QyĐ-HLB-Quy định về chức năng nhiệm vụ của Giám Đốc Tài Chính.02-01-2024.pdf,28,2024,2024-01-02,,,Hết hiệu lực,,Quy định về chức năng nhiệm vụ của Giám Đốc Tài Chính,,,,Hết hiệu lực,Khác,Quy định,về chức năng nhiệm vụ của Giám Đốc Tài Chính,HLB,[03] GĐTC-QT - Giám đốc Tài chính và Quản trị,ParsedFromFolder,High,,,,,,
data/[04] GĐVH - Giám đốc Vận hành và Chuỗi Cung ứng/03. Tổ chức – Nhân sự/02.2025.QyĐ-HLB-Chức năng nhiệm vụ của Giám đốc Vận hành và Chuỗi cung ứng ban hành.22-07-2025.docx,[04] Giám Đốc Vận Hành và Chuỗi Cung Ứng,02.2025.QyĐ-HLB-Chức năng nhiệm vụ của Giám đốc Vận hành và Chuỗi cung ứng ban hành.22-07-2025.docx,02.2025.QyĐ-HLB-Chức năng nhiệm vụ của Giám đốc Vận hành và Chuỗi cung ứng ban hành.22-07-2025.docx,02,2025,2025-07-22,,,Hiệu lực,,Chức năng nhiệm vụ của Giám đốc Vận hành và Chuỗi cung ứng ban hành,,,,Tổ chức – Nhân sự,Khác,,Chức năng nhiệm vụ của Giám đốc Vận hành và Chuỗi cung ứng ban hành,HLB,[04] GĐVH - Giám đốc Vận hành và Chuỗi Cung ứng,ParsedFromFolder,High,,,,,,
data/[04] GĐVH - Giám đốc Vận hành và Chuỗi Cung ứng/03. Tổ chức – Nhân sự/02.2025.QyĐ-HLB-Chức năng nhiệm vụ của Giám đốc Vận hành và Chuỗi cung ứng ban hành.22-07-2025.pdf,[04] Giám Đốc Vận Hành và Chuỗi Cung Ứng,02.2025.QyĐ-HLB-Chức năng nhiệm vụ của Giám đốc Vận hành và Chuỗi cung ứng ban hành.22-07-2025.pdf,02.2025.QyĐ-HLB-Chức năng nhiệm vụ của Giám đốc Vận hành và Chuỗi cung ứng ban hành.22-07-2025.pdf,02,2025,2025-07-22,,,Hiệu lực,,Chức năng nhiệm vụ của Giám đốc Vận hành và Chuỗi cung ứng ban hành,,,,Tổ chức – Nhân sự,Khác,,Chức năng nhiệm vụ của Giám đốc Vận hành và Chuỗi cung ứng ban hành,HLB,[04] GĐVH - Giám đốc Vận hành và Chuỗi Cung ứng,ParsedFromFolder,High,,,,,,
"data/[05] GĐSX - Giám đốc Sản xuất – Kỹ thuật/02. Quy chế - Quy định - Quy trình - Hướng dẫn/754.2025.QĐ-HCNS-Quy định danh mục nguyên, nhiên vật liệu sản xuất các sản phẩm Bia Hạ Long.22-10-2025.pdf",[05] Giám Đốc Sản Xuất - Kỹ Thuật,"754.2025.QĐ-HCNS-Quy định danh mục nguyên, nhiên vật liệu sản xuất các sản phẩm Bia Hạ Long.22-10-2025.pdf","754.2025.QĐ-HCNS-Quy định danh mục nguyên, nhiên vật liệu sản xuất các sản phẩm Bia Hạ Long.22-10-2025.pdf",754,2025,2025-10-22,,,Hiệu lực,,"Quy định danh mục nguyên, nhiên vật liệu sản xuất các sản phẩm Bia Hạ Long",,,,Quy chế – Quy định – Quy trình – Hướng dẫn,Quyết định,Quy định,"danh mục nguyên, nhiên vật liệu sản xuất các sản phẩm Bia Hạ Long",HCNS,[05] GĐSX - Giám đốc Sản xuất – Kỹ thuật,ParsedFromFolder,High,,,,,,
data/[05] GĐSX - Giám đốc Sản xuất – Kỹ thuật/03. Tổ chức – Nhân sự/03.2025.QyĐ-HLB-Chức năng nhiệm vụ của Giám đốc Sản xuất Kỹ thuật.22-07-2025.docx,[05] Giám Đốc Sản Xuất - Kỹ Thuật,03.2025.QyĐ-HLB-Chức năng nhiệm vụ của Giám đốc Sản xuất Kỹ thuật.22-07-2025.docx,03.2025.QyĐ-HLB-Chức năng nhiệm vụ của Giám đốc Sản xuất Kỹ thuật.22-07-2025.docx,03,2025,2025-07-22,,,Hiệu lực,,Chức năng nhiệm vụ của Giám đốc Sản xuất Kỹ thuật,,,,Tổ chức – Nhân sự,Khác,,Chức năng nhiệm vụ của Giám đốc Sản xuất Kỹ thuật,HLB,[05] GĐSX - Giám đốc Sản xuất – Kỹ thuật,ParsedFromFolder,High,,,,,,
data/[05] GĐSX - Giám đốc Sản xuất – Kỹ thuật/03. Tổ chức – Nhân sự/03.2025.QyĐ-HLB-Chức năng nhiệm vụ của Giám đốc Sản xuất Kỹ thuật.22-07-2025.pdf,[05] Giám Đốc Sản Xuất - Kỹ Thuật,03.2025.QyĐ-HLB-Chức năng nhiệm vụ của Giám đốc Sản xuất Kỹ thuật.22-07-2025.pdf,03.2025.QyĐ-HLB-Chức năng nhiệm vụ của Giám đốc Sản xuất Kỹ thuật.22-07-2025.pdf,03,2025,2025-07-22,,,Hiệu lực,,Chức năng nhiệm vụ của Giám đốc Sản xuất Kỹ thuật,,,,Tổ chức – Nhân sự,Khác,,Chức năng nhiệm vụ của Giám đốc Sản xuất Kỹ thuật,HLB,[05] GĐSX - Giám đốc Sản xuất – Kỹ thuật,ParsedFromFolder,High,,,,,,
data/[05] GĐSX - Giám đốc Sản xuất – Kỹ thuật/03. Tổ chức – Nhân sự/307.2026.QĐ-HCNS-Ban hành chức năng nhiệm vụ của Phó giám đốc công nghệ.31-03-2026.pdf,[05] Giám Đốc Sản Xuất - Kỹ Thuật,307.2026.QĐ-HCNS-Ban hành chức năng nhiệm vụ của Phó giám đốc công nghệ.31-03-2026.pdf,307.2026.QĐ-HCNS-Ban hành chức năng nhiệm vụ của Phó giám đốc công nghệ.31-03-2026.pdf,307,2026,2026-03-31,,,Hiệu lực,,Ban hành chức năng nhiệm vụ của Phó giám đốc công nghệ,,,,Tổ chức – Nhân sự,Quyết định,,chức năng nhiệm vụ của Phó giám đốc công nghệ,HCNS,[05] GĐSX - Giám đốc Sản xuất – Kỹ thuật,ParsedFromFolder,High,,,,,,
data/[06.01] PGĐTB - Phó Giám đốc Thiết bị/03. Tổ chức – Nhân sự/2024.2024.QĐ-HCNS-Ban hành chức năng nhiệm vụ của Phó giám đốc thiết bị.02-01-2024.docx,[06.01] Phó Giám Đốc Thiết Bị,2024.2024.QĐ-HCNS-Ban hành chức năng nhiệm vụ của Phó giám đốc thiết bị.02-01-2024.docx,2024.2024.QĐ-HCNS-Ban hành chức năng nhiệm vụ của Phó giám đốc thiết bị.02-01-2024.docx,2024,2024,2024-01-02,,,Hiệu lực,,Ban hành chức năng nhiệm vụ của Phó giám đốc thiết bị,,,,Tổ chức – Nhân sự,Quyết định,,chức năng nhiệm vụ của Phó giám đốc thiết bị,HCNS,[06.01] PGĐTB - Phó Giám đốc Thiết bị,ParsedFromFolder,High,,,,,,
data/[06.02] PGĐSX-KT- Phó giám đốc Sản xuất - Kỹ thuật/03. Tổ chức - nhân sự/02.2026.CNNV-HLB-Quy định về chức năng nhiệm vụ của Phó Giám đốc sản xuất-kỹ thuật.22-05-2026.docx,[06.02] Phó Giám Đốc Sản Xuất - Kỹ Thuật,02.2026.CNNV-HLB-Quy định về chức năng nhiệm vụ của Phó Giám đốc sản xuất-kỹ thuật.22-05-2026.docx,02.2026.CNNV-HLB-Quy định về chức năng nhiệm vụ của Phó Giám đốc sản xuất-kỹ thuật.22-05-2026.docx,02,2026,2026-05-22,,,Hiệu lực,,Quy định về chức năng nhiệm vụ của Phó Giám đốc sản xuất-kỹ thuật,,,,Tổ chức – Nhân sự,Khác,Quy định,về chức năng nhiệm vụ của Phó Giám đốc sản xuất-kỹ thuật,HLB,[06.02] PGĐSX-KT- Phó giám đốc Sản xuất - Kỹ thuật,ParsedFromFolder,High,,,,,,
data/[06.02] PGĐSX-KT- Phó giám đốc Sản xuất - Kỹ thuật/03. Tổ chức - nhân sự/02.2026.CNNV-HLB-Quy định về chức năng nhiệm vụ của Phó Giám đốc sản xuất-kỹ thuật.22-05-2026.pdf,[06.02] Phó Giám Đốc Sản Xuất - Kỹ Thuật,02.2026.CNNV-HLB-Quy định về chức năng nhiệm vụ của Phó Giám đốc sản xuất-kỹ thuật.22-05-2026.pdf,02.2026.CNNV-HLB-Quy định về chức năng nhiệm vụ của Phó Giám đốc sản xuất-kỹ thuật.22-05-2026.pdf,02,2026,2026-05-22,,,Hiệu lực,,Quy định về chức năng nhiệm vụ của Phó Giám đốc sản xuất-kỹ thuật,,,,Tổ chức – Nhân sự,Khác,Quy định,về chức năng nhiệm vụ của Phó Giám đốc sản xuất-kỹ thuật,HLB,[06.02] PGĐSX-KT- Phó giám đốc Sản xuất - Kỹ thuật,ParsedFromFolder,High,,,,,,
data/[06.02] PGĐSX-KT- Phó giám đốc Sản xuất - Kỹ thuật/03. Tổ chức - nhân sự/295.2026.QĐ-HCNS-Điều chỉnh chức danh đối với bà Nguyễn Thị Chi.15-05-2026.pdf,[06.02] Phó Giám Đốc Sản Xuất - Kỹ Thuật,295.2026.QĐ-HCNS-Điều chỉnh chức danh đối với bà Nguyễn Thị Chi.15-05-2026.pdf,295.2026.QĐ-HCNS-Điều chỉnh chức danh đối với bà Nguyễn Thị Chi.15-05-2026.pdf,295,2026,2026-05-15,,,Hiệu lực,,Điều chỉnh chức danh đối với bà Nguyễn Thị Chi,,,,Tổ chức – Nhân sự,Quyết định,,Điều chỉnh chức danh đối với bà Nguyễn Thị Chi,HCNS,[06.02] PGĐSX-KT- Phó giám đốc Sản xuất - Kỹ thuật,ParsedFromFolder,High,,,,,,
"data/[07] PCTT - Ban Pháp chế – Tuân thủ/02. Quy chế – Quy định – Quy trình – Hướng dẫn/01.2025.QT-PCTT-Quy trình tư vấn pháp lý, soạn thảo và rà soát văn bản.07-04-2025.docx",[07] Ban Pháp Chế - Tuân Thủ,"01.2025.QT-PCTT-Quy trình tư vấn pháp lý, soạn thảo và rà soát văn bản.07-04-2025.docx","01.2025.QT-PCTT-Quy trình tư vấn pháp lý, soạn thảo và rà soát văn bản.07-04-2025.docx",01,2025,2025-04-07,,,Hiệu lực,,"Quy trình tư vấn pháp lý, soạn thảo và rà soát văn bản",,,,Quy chế – Quy định – Quy trình – Hướng dẫn,Khác,Quy trình,"tư vấn pháp lý, soạn thảo và rà soát văn bản",PCTT,[07] PCTT - Ban Pháp chế – Tuân thủ,ParsedFromFolder,High,,,,,,
"data/[07] PCTT - Ban Pháp chế – Tuân thủ/02. Quy chế – Quy định – Quy trình – Hướng dẫn/01.2025.QT-PCTT-Quy trình tư vấn pháp lý, soạn thảo và rà soát văn bản.07-04-2025.pdf",[07] Ban Pháp Chế - Tuân Thủ,"01.2025.QT-PCTT-Quy trình tư vấn pháp lý, soạn thảo và rà soát văn bản.07-04-2025.pdf","01.2025.QT-PCTT-Quy trình tư vấn pháp lý, soạn thảo và rà soát văn bản.07-04-2025.pdf",01,2025,2025-04-07,,,Hiệu lực,,"Quy trình tư vấn pháp lý, soạn thảo và rà soát văn bản",,,,Quy chế – Quy định – Quy trình – Hướng dẫn,Khác,Quy trình,"tư vấn pháp lý, soạn thảo và rà soát văn bản",PCTT,[07] PCTT - Ban Pháp chế – Tuân thủ,ParsedFromFolder,High,,,,,,
data/[07] PCTT - Ban Pháp chế – Tuân thủ/02. Quy chế – Quy định – Quy trình – Hướng dẫn/02.2025.QT-PCTT-Quy trình thực hiện thủ tục pháp lý.10-04-2025.docx,[07] Ban Pháp Chế - Tuân Thủ,02.2025.QT-PCTT-Quy trình thực hiện thủ tục pháp lý.10-04-2025.docx,02.2025.QT-PCTT-Quy trình thực hiện thủ tục pháp lý.10-04-2025.docx,02,2025,2025-04-10,,,Hiệu lực,,Quy trình thực hiện thủ tục pháp lý,,,,Quy chế – Quy định – Quy trình – Hướng dẫn,Khác,Quy trình,thực hiện thủ tục pháp lý,PCTT,[07] PCTT - Ban Pháp chế – Tuân thủ,ParsedFromFolder,High,,,,,,
data/[07] PCTT - Ban Pháp chế – Tuân thủ/02. Quy chế – Quy định – Quy trình – Hướng dẫn/02.2025.QT-PCTT-Quy trình thực hiện thủ tục pháp lý.10-04-2025.pdf,[07] Ban Pháp Chế - Tuân Thủ,02.2025.QT-PCTT-Quy trình thực hiện thủ tục pháp lý.10-04-2025.pdf,02.2025.QT-PCTT-Quy trình thực hiện thủ tục pháp lý.10-04-2025.pdf,02,2025,2025-04-10,,,Hiệu lực,,Quy trình thực hiện thủ tục pháp lý,,,,Quy chế – Quy định – Quy trình – Hướng dẫn,Khác,Quy trình,thực hiện thủ tục pháp lý,PCTT,[07] PCTT - Ban Pháp chế – Tuân thủ,ParsedFromFolder,High,,,,,,
data/[07] PCTT - Ban Pháp chế – Tuân thủ/02. Quy chế – Quy định – Quy trình – Hướng dẫn/04.2025.QT-PCTT-Quy trình tiếp đón và làm việc với cơ quan Nhà nước.28-03-2025.docx,[07] Ban Pháp Chế - Tuân Thủ,04.2025.QT-PCTT-Quy trình tiếp đón và làm việc với cơ quan Nhà nước.28-03-2025.docx,04.2025.QT-PCTT-Quy trình tiếp đón và làm việc với cơ quan Nhà nước.28-03-2025.docx,04,2025,2025-03-28,,,Hiệu lực,,Quy trình tiếp đón và làm việc với cơ quan Nhà nước,,,,Quy chế – Quy định – Quy trình – Hướng dẫn,Khác,Quy trình,tiếp đón và làm việc với cơ quan Nhà nước,PCTT,[07] PCTT - Ban Pháp chế – Tuân thủ,ParsedFromFolder,High,,,,,,
data/[07] PCTT - Ban Pháp chế – Tuân thủ/02. Quy chế – Quy định – Quy trình – Hướng dẫn/04.2025.QT-PCTT-Quy trình tiếp đón và làm việc với cơ quan Nhà nước.28-03-2025.pdf,[07] Ban Pháp Chế - Tuân Thủ,04.2025.QT-PCTT-Quy trình tiếp đón và làm việc với cơ quan Nhà nước.28-03-2025.pdf,04.2025.QT-PCTT-Quy trình tiếp đón và làm việc với cơ quan Nhà nước.28-03-2025.pdf,04,2025,2025-03-28,,,Hiệu lực,,Quy trình tiếp đón và làm việc với cơ quan Nhà nước,,,,Quy chế – Quy định – Quy trình – Hướng dẫn,Khác,Quy trình,tiếp đón và làm việc với cơ quan Nhà nước,PCTT,[07] PCTT - Ban Pháp chế – Tuân thủ,ParsedFromFolder,High,,,,,,
data/[07] PCTT - Ban Pháp chế – Tuân thủ/02. Quy chế – Quy định – Quy trình – Hướng dẫn/05.2025.QT-PCTT-Quy trình giải quyết tranh chấp.20-06-2025.docx,[07] Ban Pháp Chế - Tuân Thủ,05.2025.QT-PCTT-Quy trình giải quyết tranh chấp.20-06-2025.docx,05.2025.QT-PCTT-Quy trình giải quyết tranh chấp.20-06-2025.docx,05,2025,2025-06-20,,,Hiệu lực,,Quy trình giải quyết tranh chấp,,,,Quy chế – Quy định – Quy trình – Hướng dẫn,Khác,Quy trình,giải quyết tranh chấp,PCTT,[07] PCTT - Ban Pháp chế – Tuân thủ,ParsedFromFolder,High,,,,,,
data/[07] PCTT - Ban Pháp chế – Tuân thủ/02. Quy chế – Quy định – Quy trình – Hướng dẫn/05.2025.QT-PCTT-Quy trình giải quyết tranh chấp.20-06-2025.pdf,[07] Ban Pháp Chế - Tuân Thủ,05.2025.QT-PCTT-Quy trình giải quyết tranh chấp.20-06-2025.pdf,05.2025.QT-PCTT-Quy trình giải quyết tranh chấp.20-06-2025.pdf,05,2025,2025-06-20,,,Hiệu lực,,Quy trình giải quyết tranh chấp,,,,Quy chế – Quy định – Quy trình – Hướng dẫn,Khác,Quy trình,giải quyết tranh chấp,PCTT,[07] PCTT - Ban Pháp chế – Tuân thủ,ParsedFromFolder,High,,,,,,
data/[07] PCTT - Ban Pháp chế – Tuân thủ/02. Quy chế – Quy định – Quy trình – Hướng dẫn/06.2025.QĐ-PCTT-Quy định quản lý văn bản phát hành ra bên ngoài.10-07-2025.docx,[07] Ban Pháp Chế - Tuân Thủ,06.2025.QĐ-PCTT-Quy định quản lý văn bản phát hành ra bên ngoài.10-07-2025.docx,06.2025.QĐ-PCTT-Quy định quản lý văn bản phát hành ra bên ngoài.10-07-2025.docx,06,2025,2025-07-10,,,Hiệu lực,,Quy định quản lý văn bản phát hành ra bên ngoài,,,,Quy chế – Quy định – Quy trình – Hướng dẫn,Quyết định,Quy định,quản lý văn bản phát hành ra bên ngoài,PCTT,[07] PCTT - Ban Pháp chế – Tuân thủ,ParsedFromFolder,High,,,,,,
data/[07] PCTT - Ban Pháp chế – Tuân thủ/02. Quy chế – Quy định – Quy trình – Hướng dẫn/06.2025.QĐ-PCTT-Quy định quản lý văn bản phát hành ra bên ngoài.10-07-2025.pdf,[07] Ban Pháp Chế - Tuân Thủ,06.2025.QĐ-PCTT-Quy định quản lý văn bản phát hành ra bên ngoài.10-07-2025.pdf,06.2025.QĐ-PCTT-Quy định quản lý văn bản phát hành ra bên ngoài.10-07-2025.pdf,06,2025,2025-07-10,,,Hiệu lực,,Quy định quản lý văn bản phát hành ra bên ngoài,,,,Quy chế – Quy định – Quy trình – Hướng dẫn,Quyết định,Quy định,quản lý văn bản phát hành ra bên ngoài,PCTT,[07] PCTT - Ban Pháp chế – Tuân thủ,ParsedFromFolder,High,,,,,,
data/[07] PCTT - Ban Pháp chế – Tuân thủ/02. Quy chế – Quy định – Quy trình – Hướng dẫn/07.2025.QT-PCTT-Quy trình xử lý kỷ luật.09-10-2025.docx,[07] Ban Pháp Chế - Tuân Thủ,07.2025.QT-PCTT-Quy trình xử lý kỷ luật.09-10-2025.docx,07.2025.QT-PCTT-Quy trình xử lý kỷ luật.09-10-2025.docx,07,2025,2025-10-09,,,Hiệu lực,,Quy trình xử lý kỷ luật,,,,Quy chế – Quy định – Quy trình – Hướng dẫn,Khác,Quy trình,xử lý kỷ luật,PCTT,[07] PCTT - Ban Pháp chế – Tuân thủ,ParsedFromFolder,High,,,,,,
data/[07] PCTT - Ban Pháp chế – Tuân thủ/02. Quy chế – Quy định – Quy trình – Hướng dẫn/07.2025.QT-PCTT-Quy trình xử lý kỷ luật.09-10-2025.pdf,[07] Ban Pháp Chế - Tuân Thủ,07.2025.QT-PCTT-Quy trình xử lý kỷ luật.09-10-2025.pdf,07.2025.QT-PCTT-Quy trình xử lý kỷ luật.09-10-2025.pdf,07,2025,2025-10-09,,,Hiệu lực,,Quy trình xử lý kỷ luật,,,,Quy chế – Quy định – Quy trình – Hướng dẫn,Khác,Quy trình,xử lý kỷ luật,PCTT,[07] PCTT - Ban Pháp chế – Tuân thủ,ParsedFromFolder,High,,,,,,
data/[07] PCTT - Ban Pháp chế – Tuân thủ/03. Tổ chức – Nhân sự/2024.MTCV-PCTT-Mô tả công việc Ban Pháp Chế-Tuân Thủ-NV pháp chế tuân thủ.22-10-2024.docx,[07] Ban Pháp Chế - Tuân Thủ,2024.MTCV-PCTT-Mô tả công việc Ban Pháp Chế-Tuân Thủ-NV pháp chế tuân thủ.22-10-2024.docx,2024.MTCV-PCTT-Mô tả công việc Ban Pháp Chế-Tuân Thủ-NV pháp chế tuân thủ.22-10-2024.docx,,2024,2024-10-22,,,Hiệu lực,,Mô tả công việc Ban Pháp Chế-Tuân Thủ-NV pháp chế tuân thủ,,,,Tổ chức – Nhân sự,Khác,,Mô tả công việc Ban Pháp Chế-Tuân Thủ-NV pháp chế tuân thủ,PCTT,[07] PCTT - Ban Pháp chế – Tuân thủ,ParsedFromFolder,High,,,,,,
data/[07] PCTT - Ban Pháp chế – Tuân thủ/03. Tổ chức – Nhân sự/2024.MTCV-PCTT-Mô tả công việc Ban Pháp Chế-Tuân Thủ-Phó ban.22-10-2024.docx,[07] Ban Pháp Chế - Tuân Thủ,2024.MTCV-PCTT-Mô tả công việc Ban Pháp Chế-Tuân Thủ-Phó ban.22-10-2024.docx,2024.MTCV-PCTT-Mô tả công việc Ban Pháp Chế-Tuân Thủ-Phó ban.22-10-2024.docx,,2024,2024-10-22,,,Hiệu lực,,Mô tả công việc Ban Pháp Chế-Tuân Thủ-Phó ban,,,,Tổ chức – Nhân sự,Khác,,Mô tả công việc Ban Pháp Chế-Tuân Thủ-Phó ban,PCTT,[07] PCTT - Ban Pháp chế – Tuân thủ,ParsedFromFolder,High,,,,,,
data/[07] PCTT - Ban Pháp chế – Tuân thủ/03. Tổ chức – Nhân sự/2024.MTCV-PCTT-Mô tả công việc Ban Pháp Chế-Tuân Thủ-Trưởng ban.22-10-2024.docx,[07] Ban Pháp Chế - Tuân Thủ,2024.MTCV-PCTT-Mô tả công việc Ban Pháp Chế-Tuân Thủ-Trưởng ban.22-10-2024.docx,2024.MTCV-PCTT-Mô tả công việc Ban Pháp Chế-Tuân Thủ-Trưởng ban.22-10-2024.docx,,2024,2024-10-22,,,Hiệu lực,,Mô tả công việc Ban Pháp Chế-Tuân Thủ-Trưởng ban,,,,Tổ chức – Nhân sự,Khác,,Mô tả công việc Ban Pháp Chế-Tuân Thủ-Trưởng ban,PCTT,[07] PCTT - Ban Pháp chế – Tuân thủ,ParsedFromFolder,High,,,,,,
data/[07] PCTT - Ban Pháp chế – Tuân thủ/03. Tổ chức – Nhân sự/2024.MTCV-PCTT-Mô tả công việc Ban Pháp Chế-Tuân Thủ.22-10-2024.pdf,[07] Ban Pháp Chế - Tuân Thủ,2024.MTCV-PCTT-Mô tả công việc Ban Pháp Chế-Tuân Thủ.22-10-2024.pdf,2024.MTCV-PCTT-Mô tả công việc Ban Pháp Chế-Tuân Thủ.22-10-2024.pdf,,2024,2024-10-22,,,Hiệu lực,,Mô tả công việc Ban Pháp Chế-Tuân Thủ,,,,Tổ chức – Nhân sự,Khác,,Mô tả công việc Ban Pháp Chế-Tuân Thủ,PCTT,[07] PCTT - Ban Pháp chế – Tuân thủ,ParsedFromFolder,High,,,,,,
data/[07] PCTT - Ban Pháp chế – Tuân thủ/03. Tổ chức – Nhân sự/820.2024.QĐ-HLB-Quyết định của TGĐ Công ty Ban hành và áp dụng thực hiện bản mô tả công việc cho CBCNV.31-10-2024.pdf,[07] Ban Pháp Chế - Tuân Thủ,820.2024.QĐ-HLB-Quyết định của TGĐ Công ty Ban hành và áp dụng thực hiện bản mô tả công việc cho CBCNV.31-10-2024.pdf,820.2024.QĐ-HLB-Quyết định của TGĐ Công ty Ban hành và áp dụng thực hiện bản mô tả công việc cho CBCNV.31-10-2024.pdf,820,2024,2024-10-31,,,Hiệu lực,,Quyết định của TGĐ Công ty Ban hành và áp dụng thực hiện bản mô tả công việc cho CBCNV,,,,Tổ chức – Nhân sự,Quyết định,,Quyết định của TGĐ Công ty Ban hành và áp dụng thực hiện bản mô tả công việc cho CBCNV,HLB,[07] PCTT - Ban Pháp chế – Tuân thủ,ParsedFromFolder,High,,,,,,
data/[07] PCTT - Ban Pháp chế – Tuân thủ/04. Điều hành – Tác nghiệp/2022-Hồ sơ họp HĐQT HLB phiên họp số 20.06-01-2022.pdf,[07] Ban Pháp Chế - Tuân Thủ,2022-Hồ sơ họp HĐQT HLB phiên họp số 20.06-01-2022.pdf,2022-Hồ sơ họp HĐQT HLB phiên họp số 20.06-01-2022.pdf,,,2022-01-06,,,Hiệu lực,,Hồ sơ họp HĐQT HLB phiên họp số 20,,,,Điều hành – Tác nghiệp,Khác,,Hồ sơ họp HĐQT BHL phiên họp số 20,,[07] PCTT - Ban Pháp chế – Tuân thủ,ParsedFromFolder,High,,,,,,
data/[07] PCTT - Ban Pháp chế – Tuân thủ/04. Điều hành – Tác nghiệp/2022-Hồ sơ họp HĐQT HLB phiên họp số 21.10-01-2021.pdf,[07] Ban Pháp Chế - Tuân Thủ,2022-Hồ sơ họp HĐQT HLB phiên họp số 21.10-01-2021.pdf,2022-Hồ sơ họp HĐQT HLB phiên họp số 21.10-01-2021.pdf,,,2021-01-10,,,Hiệu lực,,Hồ sơ họp HĐQT HLB phiên họp số 21,,,,Điều hành – Tác nghiệp,Khác,,Hồ sơ họp HĐQT BHL phiên họp số 21,,[07] PCTT - Ban Pháp chế – Tuân thủ,ParsedFromFolder,High,,,,,,
data/[07] PCTT - Ban Pháp chế – Tuân thủ/04. Điều hành – Tác nghiệp/2022-Hồ sơ họp HĐQT HLB phiên họp số 22.25-03-2022.pdf,[07] Ban Pháp Chế - Tuân Thủ,2022-Hồ sơ họp HĐQT HLB phiên họp số 22.25-03-2022.pdf,2022-Hồ sơ họp HĐQT HLB phiên họp số 22.25-03-2022.pdf,,,2022-03-25,,,Hiệu lực,,Hồ sơ họp HĐQT HLB phiên họp số 22,,,,Điều hành – Tác nghiệp,Khác,,Hồ sơ họp HĐQT BHL phiên họp số 22,,[07] PCTT - Ban Pháp chế – Tuân thủ,ParsedFromFolder,High,,,,,,
data/[07] PCTT - Ban Pháp chế – Tuân thủ/04. Điều hành – Tác nghiệp/2022-Hồ sơ họp HĐQT HLB phiên họp số 23.03-06-2022.pdf,[07] Ban Pháp Chế - Tuân Thủ,2022-Hồ sơ họp HĐQT HLB phiên họp số 23.03-06-2022.pdf,2022-Hồ sơ họp HĐQT HLB phiên họp số 23.03-06-2022.pdf,,,2022-06-03,,,Hiệu lực,,Hồ sơ họp HĐQT HLB phiên họp số 23,,,,Điều hành – Tác nghiệp,Khác,,Hồ sơ họp HĐQT BHL phiên họp số 23,,[07] PCTT - Ban Pháp chế – Tuân thủ,ParsedFromFolder,High,,,,,,
data/[07] PCTT - Ban Pháp chế – Tuân thủ/04. Điều hành – Tác nghiệp/2022-Hồ sơ họp HĐQT HLB phiên họp số 24.07-2022.pdf,[07] Ban Pháp Chế - Tuân Thủ,2022-Hồ sơ họp HĐQT HLB phiên họp số 24.07-2022.pdf,2022-Hồ sơ họp HĐQT HLB phiên họp số 24.07-2022.pdf,,,,,,Hiệu lực,,2022,,,,Điều hành – Tác nghiệp,Khác,,2022,Hồ sơ họp HĐQT HLB phiên họp số 24.07,[07] PCTT - Ban Pháp chế – Tuân thủ,ParsedFromFolder,High,,,,,,
data/[07] PCTT - Ban Pháp chế – Tuân thủ/04. Điều hành – Tác nghiệp/2022-Hồ sơ họp HĐQT HLB phiên họp số 25.03-08-2022.pdf,[07] Ban Pháp Chế - Tuân Thủ,2022-Hồ sơ họp HĐQT HLB phiên họp số 25.03-08-2022.pdf,2022-Hồ sơ họp HĐQT HLB phiên họp số 25.03-08-2022.pdf,,,2022-08-03,,,Hiệu lực,,Hồ sơ họp HĐQT HLB phiên họp số 25,,,,Điều hành – Tác nghiệp,Khác,,Hồ sơ họp HĐQT BHL phiên họp số 25,,[07] PCTT - Ban Pháp chế – Tuân thủ,ParsedFromFolder,High,,,,,,
data/[07] PCTT - Ban Pháp chế – Tuân thủ/04. Điều hành – Tác nghiệp/2022-Hồ sơ họp HĐQT HLB phiên họp số 26.26-08-2022.pdf,[07] Ban Pháp Chế - Tuân Thủ,2022-Hồ sơ họp HĐQT HLB phiên họp số 26.26-08-2022.pdf,2022-Hồ sơ họp HĐQT HLB phiên họp số 26.26-08-2022.pdf,,,2022-08-26,,,Hiệu lực,,Hồ sơ họp HĐQT HLB phiên họp số 26,,,,Điều hành – Tác nghiệp,Khác,,Hồ sơ họp HĐQT BHL phiên họp số 26,,[07] PCTT - Ban Pháp chế – Tuân thủ,ParsedFromFolder,High,,,,,,
data/[07] PCTT - Ban Pháp chế – Tuân thủ/04. Điều hành – Tác nghiệp/2022-Hồ sơ họp HĐQT HLB phiên họp số 27.05-10-2022.pdf,[07] Ban Pháp Chế - Tuân Thủ,2022-Hồ sơ họp HĐQT HLB phiên họp số 27.05-10-2022.pdf,2022-Hồ sơ họp HĐQT HLB phiên họp số 27.05-10-2022.pdf,,,2022-10-05,,,Hiệu lực,,Hồ sơ họp HĐQT HLB phiên họp số 27,,,,Điều hành – Tác nghiệp,Khác,,Hồ sơ họp HĐQT BHL phiên họp số 27,,[07] PCTT - Ban Pháp chế – Tuân thủ,ParsedFromFolder,High,,,,,,
data/[07] PCTT - Ban Pháp chế – Tuân thủ/04. Điều hành – Tác nghiệp/2022-Hồ sơ họp HĐQT HLB phiên họp số 28.01-11-2022.pdf,[07] Ban Pháp Chế - Tuân Thủ,2022-Hồ sơ họp HĐQT HLB phiên họp số 28.01-11-2022.pdf,2022-Hồ sơ họp HĐQT HLB phiên họp số 28.01-11-2022.pdf,,,2022-11-01,,,Hiệu lực,,Hồ sơ họp HĐQT HLB phiên họp số 28,,,,Điều hành – Tác nghiệp,Khác,,Hồ sơ họp HĐQT BHL phiên họp số 28,,[07] PCTT - Ban Pháp chế – Tuân thủ,ParsedFromFolder,High,,,,,,
data/[07] PCTT - Ban Pháp chế – Tuân thủ/04. Điều hành – Tác nghiệp/2022-Hồ sơ họp HĐQT HLB phiên họp số 29.01-11-2022.pdf,[07] Ban Pháp Chế - Tuân Thủ,2022-Hồ sơ họp HĐQT HLB phiên họp số 29.01-11-2022.pdf,2022-Hồ sơ họp HĐQT HLB phiên họp số 29.01-11-2022.pdf,,,2022-11-01,,,Hiệu lực,,Hồ sơ họp HĐQT HLB phiên họp số 29,,,,Điều hành – Tác nghiệp,Khác,,Hồ sơ họp HĐQT BHL phiên họp số 29,,[07] PCTT - Ban Pháp chế – Tuân thủ,ParsedFromFolder,High,,,,,,
data/[07] PCTT - Ban Pháp chế – Tuân thủ/04. Điều hành – Tác nghiệp/2022-Hồ sơ họp HĐQT HLB phiên họp số 32.17-02-2023.pdf,[07] Ban Pháp Chế - Tuân Thủ,2022-Hồ sơ họp HĐQT HLB phiên họp số 32.17-02-2023.pdf,2022-Hồ sơ họp HĐQT HLB phiên họp số 32.17-02-2023.pdf,,,2023-02-17,,,Hiệu lực,,Hồ sơ họp HĐQT HLB phiên họp số 32,,,,Điều hành – Tác nghiệp,Khác,,Hồ sơ họp HĐQT BHL phiên họp số 32,,[07] PCTT - Ban Pháp chế – Tuân thủ,ParsedFromFolder,High,,,,,,
data/[07] PCTT - Ban Pháp chế – Tuân thủ/04. Điều hành – Tác nghiệp/2023-Hồ sơ họp HĐQT HLB phiên họp số 30 5.1.pdf,[07] Ban Pháp Chế - Tuân Thủ,2023-Hồ sơ họp HĐQT HLB phiên họp số 30 5.1.pdf,2023-Hồ sơ họp HĐQT HLB phiên họp số 30 5.1.pdf,,,,,,Hiệu lực,,Hồ sơ họp HĐQT HLB phiên họp số 30 5.1,,,,Điều hành – Tác nghiệp,Khác,,Hồ sơ họp HĐQT BHL phiên họp số 30 5.1,,[07] PCTT - Ban Pháp chế – Tuân thủ,ParsedFromFolder,High,,,,,,
data/[07] PCTT - Ban Pháp chế – Tuân thủ/04. Điều hành – Tác nghiệp/2023-Hồ sơ họp HĐQT HLB phiên họp số 31.08-02-2023.pdf,[07] Ban Pháp Chế - Tuân Thủ,2023-Hồ sơ họp HĐQT HLB phiên họp số 31.08-02-2023.pdf,2023-Hồ sơ họp HĐQT HLB phiên họp số 31.08-02-2023.pdf,,,2023-02-08,,,Hiệu lực,,Hồ sơ họp HĐQT HLB phiên họp số 31,,,,Điều hành – Tác nghiệp,Khác,,Hồ sơ họp HĐQT BHL phiên họp số 31,,[07] PCTT - Ban Pháp chế – Tuân thủ,ParsedFromFolder,High,,,,,,
data/[07] PCTT - Ban Pháp chế – Tuân thủ/04. Điều hành – Tác nghiệp/2023-Hồ sơ họp HĐQT HLB phiên họp số 33.04-03-2023.pdf,[07] Ban Pháp Chế - Tuân Thủ,2023-Hồ sơ họp HĐQT HLB phiên họp số 33.04-03-2023.pdf,2023-Hồ sơ họp HĐQT HLB phiên họp số 33.04-03-2023.pdf,,,2023-03-04,,,Hiệu lực,,Hồ sơ họp HĐQT HLB phiên họp số 33,,,,Điều hành – Tác nghiệp,Khác,,Hồ sơ họp HĐQT BHL phiên họp số 33,,[07] PCTT - Ban Pháp chế – Tuân thủ,ParsedFromFolder,High,,,,,,
data/[07] PCTT - Ban Pháp chế – Tuân thủ/04. Điều hành – Tác nghiệp/2023-Hồ sơ họp HĐQT HLB phiên họp số 34.30-03-2023.pdf,[07] Ban Pháp Chế - Tuân Thủ,2023-Hồ sơ họp HĐQT HLB phiên họp số 34.30-03-2023.pdf,2023-Hồ sơ họp HĐQT HLB phiên họp số 34.30-03-2023.pdf,,,2023-03-30,,,Hiệu lực,,Hồ sơ họp HĐQT HLB phiên họp số 34,,,,Điều hành – Tác nghiệp,Khác,,Hồ sơ họp HĐQT BHL phiên họp số 34,,[07] PCTT - Ban Pháp chế – Tuân thủ,ParsedFromFolder,High,,,,,,
data/[07] PCTT - Ban Pháp chế – Tuân thủ/04. Điều hành – Tác nghiệp/2023-Hồ sơ họp HĐQT HLB phiên họp số 35 25.4.pdf,[07] Ban Pháp Chế - Tuân Thủ,2023-Hồ sơ họp HĐQT HLB phiên họp số 35 25.4.pdf,2023-Hồ sơ họp HĐQT HLB phiên họp số 35 25.4.pdf,,,,,,Hiệu lực,,Hồ sơ họp HĐQT HLB phiên họp số 35 25.4,,,,Điều hành – Tác nghiệp,Khác,,Hồ sơ họp HĐQT BHL phiên họp số 35 25.4,,[07] PCTT - Ban Pháp chế – Tuân thủ,ParsedFromFolder,High,,,,,,
data/[07] PCTT - Ban Pháp chế – Tuân thủ/04. Điều hành – Tác nghiệp/2023-Hồ sơ họp HĐQT HLB phiên họp số 36 11.5.pdf,[07] Ban Pháp Chế - Tuân Thủ,2023-Hồ sơ họp HĐQT HLB phiên họp số 36 11.5.pdf,2023-Hồ sơ họp HĐQT HLB phiên họp số 36 11.5.pdf,,,,,,Hiệu lực,,Hồ sơ họp HĐQT HLB phiên họp số 36 11.5,,,,Điều hành – Tác nghiệp,Khác,,Hồ sơ họp HĐQT BHL phiên họp số 36 11.5,,[07] PCTT - Ban Pháp chế – Tuân thủ,ParsedFromFolder,High,,,,,,
data/[07] PCTT - Ban Pháp chế – Tuân thủ/04. Điều hành – Tác nghiệp/2023-Hồ sơ họp HĐQT HLB phiên họp số 37 1.6.pdf,[07] Ban Pháp Chế - Tuân Thủ,2023-Hồ sơ họp HĐQT HLB phiên họp số 37 1.6.pdf,2023-Hồ sơ họp HĐQT HLB phiên họp số 37 1.6.pdf,,,,,,Hiệu lực,,Hồ sơ họp HĐQT HLB phiên họp số 37 1.6,,,,Điều hành – Tác nghiệp,Khác,,Hồ sơ họp HĐQT BHL phiên họp số 37 1.6,,[07] PCTT - Ban Pháp chế – Tuân thủ,ParsedFromFolder,High,,,,,,
data/[07] PCTT - Ban Pháp chế – Tuân thủ/04. Điều hành – Tác nghiệp/2023-Hồ sơ họp HĐQT HLB phiên họp số 38 30.6.pdf,[07] Ban Pháp Chế - Tuân Thủ,2023-Hồ sơ họp HĐQT HLB phiên họp số 38 30.6.pdf,2023-Hồ sơ họp HĐQT HLB phiên họp số 38 30.6.pdf,,,,,,Hiệu lực,,Hồ sơ họp HĐQT HLB phiên họp số 38 30.6,,,,Điều hành – Tác nghiệp,Khác,,Hồ sơ họp HĐQT BHL phiên họp số 38 30.6,,[07] PCTT - Ban Pháp chế – Tuân thủ,ParsedFromFolder,High,,,,,,
data/[07] PCTT - Ban Pháp chế – Tuân thủ/04. Điều hành – Tác nghiệp/2023-Hồ sơ họp HĐQT HLB phiên họp số 39 28.7.pdf,[07] Ban Pháp Chế - Tuân Thủ,2023-Hồ sơ họp HĐQT HLB phiên họp số 39 28.7.pdf,2023-Hồ sơ họp HĐQT HLB phiên họp số 39 28.7.pdf,,,,,,Hiệu lực,,Hồ sơ họp HĐQT HLB phiên họp số 39 28.7,,,,Điều hành – Tác nghiệp,Khác,,Hồ sơ họp HĐQT BHL phiên họp số 39 28.7,,[07] PCTT - Ban Pháp chế – Tuân thủ,ParsedFromFolder,High,,,,,,
data/[07] PCTT - Ban Pháp chế – Tuân thủ/04. Điều hành – Tác nghiệp/2023-Hồ sơ họp HĐQT HLB phiên họp số 39 7.9.pdf,[07] Ban Pháp Chế - Tuân Thủ,2023-Hồ sơ họp HĐQT HLB phiên họp số 39 7.9.pdf,2023-Hồ sơ họp HĐQT HLB phiên họp số 39 7.9.pdf,,,,,,Hiệu lực,,Hồ sơ họp HĐQT HLB phiên họp số 39 7.9,,,,Điều hành – Tác nghiệp,Khác,,Hồ sơ họp HĐQT BHL phiên họp số 39 7.9,,[07] PCTT - Ban Pháp chế – Tuân thủ,ParsedFromFolder,High,,,,,,
data/[07] PCTT - Ban Pháp chế – Tuân thủ/04. Điều hành – Tác nghiệp/2023-Hồ sơ họp HĐQT HLB phiên họp số 40 7.9.pdf,[07] Ban Pháp Chế - Tuân Thủ,2023-Hồ sơ họp HĐQT HLB phiên họp số 40 7.9.pdf,2023-Hồ sơ họp HĐQT HLB phiên họp số 40 7.9.pdf,,,,,,Hiệu lực,,Hồ sơ họp HĐQT HLB phiên họp số 40 7.9,,,,Điều hành – Tác nghiệp,Khác,,Hồ sơ họp HĐQT BHL phiên họp số 40 7.9,,[07] PCTT - Ban Pháp chế – Tuân thủ,ParsedFromFolder,High,,,,,,
data/[07] PCTT - Ban Pháp chế – Tuân thủ/04. Điều hành – Tác nghiệp/2023-Hồ sơ họp HĐQT HLB phiên họp số 41 6.10.pdf,[07] Ban Pháp Chế - Tuân Thủ,2023-Hồ sơ họp HĐQT HLB phiên họp số 41 6.10.pdf,2023-Hồ sơ họp HĐQT HLB phiên họp số 41 6.10.pdf,,,,,,Hiệu lực,,Hồ sơ họp HĐQT HLB phiên họp số 41 6.10,,,,Điều hành – Tác nghiệp,Khác,,Hồ sơ họp HĐQT BHL phiên họp số 41 6.10,,[07] PCTT - Ban Pháp chế – Tuân thủ,ParsedFromFolder,High,,,,,,
data/[07] PCTT - Ban Pháp chế – Tuân thủ/04. Điều hành – Tác nghiệp/2023-Hồ sơ họp HĐQT HLB phiên họp số 42 19.10.pdf,[07] Ban Pháp Chế - Tuân Thủ,2023-Hồ sơ họp HĐQT HLB phiên họp số 42 19.10.pdf,2023-Hồ sơ họp HĐQT HLB phiên họp số 42 19.10.pdf,,,,,,Hiệu lực,,Hồ sơ họp HĐQT HLB phiên họp số 42 19.10,,,,Điều hành – Tác nghiệp,Khác,,Hồ sơ họp HĐQT BHL phiên họp số 42 19.10,,[07] PCTT - Ban Pháp chế – Tuân thủ,ParsedFromFolder,High,,,,,,
data/[07] PCTT - Ban Pháp chế – Tuân thủ/04. Điều hành – Tác nghiệp/2023-Hồ sơ họp HĐQT HLB phiên họp số 43 2.11.pdf,[07] Ban Pháp Chế - Tuân Thủ,2023-Hồ sơ họp HĐQT HLB phiên họp số 43 2.11.pdf,2023-Hồ sơ họp HĐQT HLB phiên họp số 43 2.11.pdf,,,,,,Hiệu lực,,Hồ sơ họp HĐQT HLB phiên họp số 43 2.11,,,,Điều hành – Tác nghiệp,Khác,,Hồ sơ họp HĐQT BHL phiên họp số 43 2.11,,[07] PCTT - Ban Pháp chế – Tuân thủ,ParsedFromFolder,High,,,,,,
data/[07] PCTT - Ban Pháp chế – Tuân thủ/04. Điều hành – Tác nghiệp/2023-Hồ sơ họp HĐQT HLB phiên họp số 44 22.11.pdf,[07] Ban Pháp Chế - Tuân Thủ,2023-Hồ sơ họp HĐQT HLB phiên họp số 44 22.11.pdf,2023-Hồ sơ họp HĐQT HLB phiên họp số 44 22.11.pdf,,,,,,Hiệu lực,,Hồ sơ họp HĐQT HLB phiên họp số 44 22.11,,,,Điều hành – Tác nghiệp,Khác,,Hồ sơ họp HĐQT BHL phiên họp số 44 22.11,,[07] PCTT - Ban Pháp chế – Tuân thủ,ParsedFromFolder,High,,,,,,
data/[07] PCTT - Ban Pháp chế – Tuân thủ/04. Điều hành – Tác nghiệp/2023-Hồ sơ họp HĐQT HLB phiên họp số 45 20.12.pdf,[07] Ban Pháp Chế - Tuân Thủ,2023-Hồ sơ họp HĐQT HLB phiên họp số 45 20.12.pdf,2023-Hồ sơ họp HĐQT HLB phiên họp số 45 20.12.pdf,,,,,,Hiệu lực,,Hồ sơ họp HĐQT HLB phiên họp số 45 20.12,,,,Điều hành – Tác nghiệp,Khác,,Hồ sơ họp HĐQT BHL phiên họp số 45 20.12,,[07] PCTT - Ban Pháp chế – Tuân thủ,ParsedFromFolder,High,,,,,,
"data/[07] PCTT - Ban Pháp chế – Tuân thủ/06. Hết hiệu lực/01.2024.QyĐ-PCTT-Ban hành quy định chức năng, nhiệm vụ, và cơ cấu tổ chức của Ban Pháp Chế-Tuân Thủ.02-01-2024.docx",[99] Archive,"01.2024.QyĐ-PCTT-Ban hành quy định chức năng, nhiệm vụ, và cơ cấu tổ chức của Ban Pháp Chế-Tuân Thủ.02-01-2024.docx","01.2024.QyĐ-PCTT-Ban hành quy định chức năng, nhiệm vụ, và cơ cấu tổ chức của Ban Pháp Chế-Tuân Thủ.02-01-2024.docx",01,2024,2024-01-02,,,Hết hiệu lực,,"Ban hành quy định chức năng, nhiệm vụ, và cơ cấu tổ chức của Ban Pháp Chế-Tuân Thủ",,,,Hết hiệu lực,Khác,Quy định,"chức năng, nhiệm vụ, và cơ cấu tổ chức của Ban Pháp Chế-Tuân Thủ",PCTT,[07] PCTT - Ban Pháp chế – Tuân thủ,ParsedFromFolder,High,,,,,,
"data/[07] PCTT - Ban Pháp chế – Tuân thủ/06. Hết hiệu lực/01.2024.QyĐ-PCTT-Ban hành quy định chức năng, nhiệm vụ, và cơ cấu tổ chức của Ban Pháp Chế-Tuân Thủ.02-01-2024.pdf",[99] Archive,"01.2024.QyĐ-PCTT-Ban hành quy định chức năng, nhiệm vụ, và cơ cấu tổ chức của Ban Pháp Chế-Tuân Thủ.02-01-2024.pdf","01.2024.QyĐ-PCTT-Ban hành quy định chức năng, nhiệm vụ, và cơ cấu tổ chức của Ban Pháp Chế-Tuân Thủ.02-01-2024.pdf",01,2024,2024-01-02,,,Hết hiệu lực,,"Ban hành quy định chức năng, nhiệm vụ, và cơ cấu tổ chức của Ban Pháp Chế-Tuân Thủ",,,,Hết hiệu lực,Khác,Quy định,"chức năng, nhiệm vụ, và cơ cấu tổ chức của Ban Pháp Chế-Tuân Thủ",PCTT,[07] PCTT - Ban Pháp chế – Tuân thủ,ParsedFromFolder,High,,,,,,
data/[07] PCTT - Ban Pháp chế – Tuân thủ/06. Hết hiệu lực/PC01.2023.QT-Quy trình trình tự thủ tục xử lý kỷ luât QT-PC01 28.02.pdf,[99] Archive,PC01.2023.QT-Quy trình trình tự thủ tục xử lý kỷ luât QT-PC01 28.02.pdf,PC01.2023.QT-Quy trình trình tự thủ tục xử lý kỷ luât QT-PC01 28.02.pdf,,,,,,Hết hiệu lực,,PC01 28.02,,,,Hết hiệu lực,Khác,Quy trình,PC01 28.02,Quy trình trình tự thủ tục xử lý kỷ luât QT,[07] PCTT - Ban Pháp chế – Tuân thủ,ParsedFromFolder,High,,,,,,
data/[08] TCKS - Ban Tài chính – Kiểm soát nội bộ/02. Quy chế – Quy định – Quy trình – Hướng dẫn/01.2025.HD-TCKS-Hướng dẫn nghiệp vụ quyết toán biển quảng cáo trên thị trường.10-06-2025.pdf,[08] Ban Tài Chính - Kiểm Soát Nội Bộ,01.2025.HD-TCKS-Hướng dẫn nghiệp vụ quyết toán biển quảng cáo trên thị trường.10-06-2025.pdf,01.2025.HD-TCKS-Hướng dẫn nghiệp vụ quyết toán biển quảng cáo trên thị trường.10-06-2025.pdf,01,2025,2025-06-10,,,Hiệu lực,,Hướng dẫn nghiệp vụ quyết toán biển quảng cáo trên thị trường,,,,Quy chế – Quy định – Quy trình – Hướng dẫn,Khác,Hướng dẫn,nghiệp vụ quyết toán biển quảng cáo trên thị trường,TCKS,[08] TCKS - Ban Tài chính – Kiểm soát nội bộ,ParsedFromFolder,High,,,,,,
data/[08] TCKS - Ban Tài chính – Kiểm soát nội bộ/02. Quy chế – Quy định – Quy trình – Hướng dẫn/01.2025.QT-TCKS-Quy trình thanh tra kiểm tra nội bộ.18-02-2025.docx,[08] Ban Tài Chính - Kiểm Soát Nội Bộ,01.2025.QT-TCKS-Quy trình thanh tra kiểm tra nội bộ.18-02-2025.docx,01.2025.QT-TCKS-Quy trình thanh tra kiểm tra nội bộ.18-02-2025.docx,01,2025,2025-02-18,,,Hiệu lực,,Quy trình thanh tra kiểm tra nội bộ,,,,Quy chế – Quy định – Quy trình – Hướng dẫn,Khác,Quy trình,thanh tra kiểm tra nội bộ,TCKS,[08] TCKS - Ban Tài chính – Kiểm soát nội bộ,ParsedFromFolder,High,,,,,,
data/[08] TCKS - Ban Tài chính – Kiểm soát nội bộ/02. Quy chế – Quy định – Quy trình – Hướng dẫn/01.2025.QT-TCKS-Quy trình thanh tra kiểm tra nội bộ.18-02-2025.pdf,[08] Ban Tài Chính - Kiểm Soát Nội Bộ,01.2025.QT-TCKS-Quy trình thanh tra kiểm tra nội bộ.18-02-2025.pdf,01.2025.QT-TCKS-Quy trình thanh tra kiểm tra nội bộ.18-02-2025.pdf,01,2025,2025-02-18,,,Hiệu lực,,Quy trình thanh tra kiểm tra nội bộ,,,,Quy chế – Quy định – Quy trình – Hướng dẫn,Khác,Quy trình,thanh tra kiểm tra nội bộ,TCKS,[08] TCKS - Ban Tài chính – Kiểm soát nội bộ,ParsedFromFolder,High,,,,,,
data/[08] TCKS - Ban Tài chính – Kiểm soát nội bộ/02. Quy chế – Quy định – Quy trình – Hướng dẫn/02.2025.QT-TCKS-Quy trình giám sát kiểm toán nội bộ ban hành.20-02-2025.docx,[08] Ban Tài Chính - Kiểm Soát Nội Bộ,02.2025.QT-TCKS-Quy trình giám sát kiểm toán nội bộ ban hành.20-02-2025.docx,02.2025.QT-TCKS-Quy trình giám sát kiểm toán nội bộ ban hành.20-02-2025.docx,02,2025,2025-02-20,,,Hiệu lực,,Quy trình giám sát kiểm toán nội bộ ban hành,,,,Quy chế – Quy định – Quy trình – Hướng dẫn,Khác,Quy trình,giám sát kiểm toán nội bộ ban hành,TCKS,[08] TCKS - Ban Tài chính – Kiểm soát nội bộ,ParsedFromFolder,High,,,,,,
data/[08] TCKS - Ban Tài chính – Kiểm soát nội bộ/02. Quy chế – Quy định – Quy trình – Hướng dẫn/02.2025.QT-TCKS-Quy trình giám sát kiểm toán nội bộ ban hành.20-02-2025.pdf,[08] Ban Tài Chính - Kiểm Soát Nội Bộ,02.2025.QT-TCKS-Quy trình giám sát kiểm toán nội bộ ban hành.20-02-2025.pdf,02.2025.QT-TCKS-Quy trình giám sát kiểm toán nội bộ ban hành.20-02-2025.pdf,02,2025,2025-02-20,,,Hiệu lực,,Quy trình giám sát kiểm toán nội bộ ban hành,,,,Quy chế – Quy định – Quy trình – Hướng dẫn,Khác,Quy trình,giám sát kiểm toán nội bộ ban hành,TCKS,[08] TCKS - Ban Tài chính – Kiểm soát nội bộ,ParsedFromFolder,High,,,,,,
data/[08] TCKS - Ban Tài chính – Kiểm soát nội bộ/02. Quy chế – Quy định – Quy trình – Hướng dẫn/03.2025.QC-TCKS-Quy chế quản lý rủi ro.08-05-2025.docx,[08] Ban Tài Chính - Kiểm Soát Nội Bộ,03.2025.QC-TCKS-Quy chế quản lý rủi ro.08-05-2025.docx,03.2025.QC-TCKS-Quy chế quản lý rủi ro.08-05-2025.docx,03,2025,2025-05-08,,,Hiệu lực,,Quy chế quản lý rủi ro,,,,Quy chế – Quy định – Quy trình – Hướng dẫn,Khác,Quy chế,quản lý rủi ro,TCKS,[08] TCKS - Ban Tài chính – Kiểm soát nội bộ,ParsedFromFolder,High,,,,,,
data/[08] TCKS - Ban Tài chính – Kiểm soát nội bộ/02. Quy chế – Quy định – Quy trình – Hướng dẫn/03.2025.QC-TCKS-Quy chế quản lý rủi ro.08-05-2025.pdf,[08] Ban Tài Chính - Kiểm Soát Nội Bộ,03.2025.QC-TCKS-Quy chế quản lý rủi ro.08-05-2025.pdf,03.2025.QC-TCKS-Quy chế quản lý rủi ro.08-05-2025.pdf,03,2025,2025-05-08,,,Hiệu lực,,Quy chế quản lý rủi ro,,,,Quy chế – Quy định – Quy trình – Hướng dẫn,Khác,Quy chế,quản lý rủi ro,TCKS,[08] TCKS - Ban Tài chính – Kiểm soát nội bộ,ParsedFromFolder,High,,,,,,
data/[08] TCKS - Ban Tài chính – Kiểm soát nội bộ/02. Quy chế – Quy định – Quy trình – Hướng dẫn/04.2025.QC-TCKS-Quy chế tài chính.11-07-2025.docx,[08] Ban Tài Chính - Kiểm Soát Nội Bộ,04.2025.QC-TCKS-Quy chế tài chính.11-07-2025.docx,04.2025.QC-TCKS-Quy chế tài chính.11-07-2025.docx,04,2025,2025-07-11,,,Hiệu lực,,Quy chế tài chính,,,,Quy chế – Quy định – Quy trình – Hướng dẫn,Khác,Quy chế,tài chính,TCKS,[08] TCKS - Ban Tài chính – Kiểm soát nội bộ,ParsedFromFolder,High,,,,,,
data/[08] TCKS - Ban Tài chính – Kiểm soát nội bộ/02. Quy chế – Quy định – Quy trình – Hướng dẫn/04.2025.QC-TCKS-Quy chế tài chính.11-07-2025.pdf,[08] Ban Tài Chính - Kiểm Soát Nội Bộ,04.2025.QC-TCKS-Quy chế tài chính.11-07-2025.pdf,04.2025.QC-TCKS-Quy chế tài chính.11-07-2025.pdf,04,2025,2025-07-11,,,Hiệu lực,,Quy chế tài chính,,,,Quy chế – Quy định – Quy trình – Hướng dẫn,Khác,Quy chế,tài chính,TCKS,[08] TCKS - Ban Tài chính – Kiểm soát nội bộ,ParsedFromFolder,High,,,,,,
data/[08] TCKS - Ban Tài chính – Kiểm soát nội bộ/02. Quy chế – Quy định – Quy trình – Hướng dẫn/05.2025.QyĐ-TCKS-Quy định về quản lý công cụ và thiết bị bán hàng.25-12-2025.docx,[08] Ban Tài Chính - Kiểm Soát Nội Bộ,05.2025.QyĐ-TCKS-Quy định về quản lý công cụ và thiết bị bán hàng.25-12-2025.docx,05.2025.QyĐ-TCKS-Quy định về quản lý công cụ và thiết bị bán hàng.25-12-2025.docx,05,2025,2025-12-25,,,Hiệu lực,,Quy định về quản lý công cụ và thiết bị bán hàng,,,,Quy chế – Quy định – Quy trình – Hướng dẫn,Khác,Quy định,về quản lý công cụ và thiết bị bán hàng,TCKS,[08] TCKS - Ban Tài chính – Kiểm soát nội bộ,ParsedFromFolder,High,,,,,,
data/[08] TCKS - Ban Tài chính – Kiểm soát nội bộ/02. Quy chế – Quy định – Quy trình – Hướng dẫn/05.2025.QyĐ-TCKS-Quy định về quản lý công cụ và thiết bị bán hàng.25-12-2025.pdf,[08] Ban Tài Chính - Kiểm Soát Nội Bộ,05.2025.QyĐ-TCKS-Quy định về quản lý công cụ và thiết bị bán hàng.25-12-2025.pdf,05.2025.QyĐ-TCKS-Quy định về quản lý công cụ và thiết bị bán hàng.25-12-2025.pdf,05,2025,2025-12-25,,,Hiệu lực,,Quy định về quản lý công cụ và thiết bị bán hàng,,,,Quy chế – Quy định – Quy trình – Hướng dẫn,Khác,Quy định,về quản lý công cụ và thiết bị bán hàng,TCKS,[08] TCKS - Ban Tài chính – Kiểm soát nội bộ,ParsedFromFolder,High,,,,,,
data/[08] TCKS - Ban Tài chính – Kiểm soát nội bộ/02. Quy chế – Quy định – Quy trình – Hướng dẫn/156.2025.QĐ-HCNS-Ban hành quy trình Quản lý ngân sách ban hành.21-03-2025.pdf,[08] Ban Tài Chính - Kiểm Soát Nội Bộ,156.2025.QĐ-HCNS-Ban hành quy trình Quản lý ngân sách ban hành.21-03-2025.pdf,156.2025.QĐ-HCNS-Ban hành quy trình Quản lý ngân sách ban hành.21-03-2025.pdf,156,2025,2025-03-21,,,Hiệu lực,,Ban hành quy trình Quản lý ngân sách ban hành,,,,Quy chế – Quy định – Quy trình – Hướng dẫn,Quyết định,Quy trình,Quản lý ngân sách ban hành,HCNS,[08] TCKS - Ban Tài chính – Kiểm soát nội bộ,ParsedFromFolder,High,,,,,,
data/[08] TCKS - Ban Tài chính – Kiểm soát nội bộ/02. Quy chế – Quy định – Quy trình – Hướng dẫn/Layout Configure Network_BiaHaLong.xlsx,[08] Ban Tài Chính - Kiểm Soát Nội Bộ,Layout Configure Network_BiaHaLong.xlsx,Layout Configure Network_BiaHaLong.xlsx,,,,,,Hiệu lực,,Layout Configure Network_BiaHaLong,,,,Quy chế – Quy định – Quy trình – Hướng dẫn,Khác,,Layout Configure Network_BiaHaLong,,[08] TCKS - Ban Tài chính – Kiểm soát nội bộ,ParsedFromFolder,High,,,,,,
data/[08] TCKS - Ban Tài chính – Kiểm soát nội bộ/02. Quy chế – Quy định – Quy trình – Hướng dẫn/Network_BiaHaLong.xlsx,[08] Ban Tài Chính - Kiểm Soát Nội Bộ,Network_BiaHaLong.xlsx,Network_BiaHaLong.xlsx,,,,,,Hiệu lực,,Network_BiaHaLong,,,,Quy chế – Quy định – Quy trình – Hướng dẫn,Khác,,Network_BiaHaLong,,[08] TCKS - Ban Tài chính – Kiểm soát nội bộ,ParsedFromFolder,High,,,,,,
data/[08] TCKS - Ban Tài chính – Kiểm soát nội bộ/03. Tổ chức – Nhân sự/01.2025.QyĐ-TCKS-Quy định về chức năng nhiệm vụ và cơ cấu tổ chức của Ban tài chính-Kiểm soát nội bộ-v1.22-07-2025.docx,[08] Ban Tài Chính - Kiểm Soát Nội Bộ,01.2025.QyĐ-TCKS-Quy định về chức năng nhiệm vụ và cơ cấu tổ chức của Ban tài chính-Kiểm soát nội bộ-v1.22-07-2025.docx,01.2025.QyĐ-TCKS-Quy định về chức năng nhiệm vụ và cơ cấu tổ chức của Ban tài chính-Kiểm soát nội bộ-v1.22-07-2025.docx,01,2025,2025-07-22,,,Hiệu lực,,Quy định về chức năng nhiệm vụ và cơ cấu tổ chức của Ban tài chính-Kiểm soát nội bộ-v1,,,,Tổ chức – Nhân sự,Khác,Quy định,về chức năng nhiệm vụ và cơ cấu tổ chức của Ban tài chính-Kiểm soát nội bộ-v1,TCKS,[08] TCKS - Ban Tài chính – Kiểm soát nội bộ,ParsedFromFolder,High,,,,,,
data/[08] TCKS - Ban Tài chính – Kiểm soát nội bộ/03. Tổ chức – Nhân sự/01.2025.QyĐ-TCKS-Quy định về chức năng nhiệm vụ và cơ cấu tổ chức của Ban tài chính-Kiểm soát nội bộ.22-07-2025.docx,[08] Ban Tài Chính - Kiểm Soát Nội Bộ,01.2025.QyĐ-TCKS-Quy định về chức năng nhiệm vụ và cơ cấu tổ chức của Ban tài chính-Kiểm soát nội bộ.22-07-2025.docx,01.2025.QyĐ-TCKS-Quy định về chức năng nhiệm vụ và cơ cấu tổ chức của Ban tài chính-Kiểm soát nội bộ.22-07-2025.docx,01,2025,2025-07-22,,,Hiệu lực,,Quy định về chức năng nhiệm vụ và cơ cấu tổ chức của Ban tài chính-Kiểm soát nội bộ,,,,Tổ chức – Nhân sự,Khác,Quy định,về chức năng nhiệm vụ và cơ cấu tổ chức của Ban tài chính-Kiểm soát nội bộ,TCKS,[08] TCKS - Ban Tài chính – Kiểm soát nội bộ,ParsedFromFolder,High,,,,,,
data/[08] TCKS - Ban Tài chính – Kiểm soát nội bộ/03. Tổ chức – Nhân sự/01.2025.QyĐ-TCKS-Quy định về chức năng nhiệm vụ và cơ cấu tổ chức của Ban tài chính-Kiểm soát nội bộ.22-07-2025.pdf,[08] Ban Tài Chính - Kiểm Soát Nội Bộ,01.2025.QyĐ-TCKS-Quy định về chức năng nhiệm vụ và cơ cấu tổ chức của Ban tài chính-Kiểm soát nội bộ.22-07-2025.pdf,01.2025.QyĐ-TCKS-Quy định về chức năng nhiệm vụ và cơ cấu tổ chức của Ban tài chính-Kiểm soát nội bộ.22-07-2025.pdf,01,2025,2025-07-22,,,Hiệu lực,,Quy định về chức năng nhiệm vụ và cơ cấu tổ chức của Ban tài chính-Kiểm soát nội bộ,,,,Tổ chức – Nhân sự,Khác,Quy định,về chức năng nhiệm vụ và cơ cấu tổ chức của Ban tài chính-Kiểm soát nội bộ,TCKS,[08] TCKS - Ban Tài chính – Kiểm soát nội bộ,ParsedFromFolder,High,,,,,,
data/[08] TCKS - Ban Tài chính – Kiểm soát nội bộ/03. Tổ chức – Nhân sự/2024.MTCV-TCKS-Bản mô tả công việc của Ban Tài chính-Kiểm soát nội bộ-IT-v1.22.10.2024.docx,[08] Ban Tài Chính - Kiểm Soát Nội Bộ,2024.MTCV-TCKS-Bản mô tả công việc của Ban Tài chính-Kiểm soát nội bộ-IT-v1.22.10.2024.docx,2024.MTCV-TCKS-Bản mô tả công việc của Ban Tài chính-Kiểm soát nội bộ-IT-v1.22.10.2024.docx,,2024,,,,Hiệu lực,,Bản mô tả công việc của Ban Tài chính-Kiểm soát nội bộ-IT-v1.22.10.2024,,,,Tổ chức – Nhân sự,Khác,,Bản mô tả công việc của Ban Tài chính-Kiểm soát nội bộ-IT-v1.22.10.2024,TCKS,[08] TCKS - Ban Tài chính – Kiểm soát nội bộ,ParsedFromFolder,High,,,,,,
data/[08] TCKS - Ban Tài chính – Kiểm soát nội bộ/03. Tổ chức – Nhân sự/2024.MTCV-TCKS-Bản mô tả công việc của Ban Tài chính-Kiểm soát nội bộ-IT.22.10.2024.docx,[08] Ban Tài Chính - Kiểm Soát Nội Bộ,2024.MTCV-TCKS-Bản mô tả công việc của Ban Tài chính-Kiểm soát nội bộ-IT.22.10.2024.docx,2024.MTCV-TCKS-Bản mô tả công việc của Ban Tài chính-Kiểm soát nội bộ-IT.22.10.2024.docx,,2024,,,,Hiệu lực,,Bản mô tả công việc của Ban Tài chính-Kiểm soát nội bộ-IT.22.10.2024,,,,Tổ chức – Nhân sự,Khác,,Bản mô tả công việc của Ban Tài chính-Kiểm soát nội bộ-IT.22.10.2024,TCKS,[08] TCKS - Ban Tài chính – Kiểm soát nội bộ,ParsedFromFolder,High,,,,,,
data/[08] TCKS - Ban Tài chính – Kiểm soát nội bộ/03. Tổ chức – Nhân sự/2024.MTCV-TCKS-Bản mô tả công việc của Ban Tài chính-Kiểm soát nội bộ-Phó ban.22.10.2024.docx,[08] Ban Tài Chính - Kiểm Soát Nội Bộ,2024.MTCV-TCKS-Bản mô tả công việc của Ban Tài chính-Kiểm soát nội bộ-Phó ban.22.10.2024.docx,2024.MTCV-TCKS-Bản mô tả công việc của Ban Tài chính-Kiểm soát nội bộ-Phó ban.22.10.2024.docx,,2024,,,,Hiệu lực,,Bản mô tả công việc của Ban Tài chính-Kiểm soát nội bộ-Phó ban.22.10.2024,,,,Tổ chức – Nhân sự,Khác,,Bản mô tả công việc của Ban Tài chính-Kiểm soát nội bộ-Phó ban.22.10.2024,TCKS,[08] TCKS - Ban Tài chính – Kiểm soát nội bộ,ParsedFromFolder,High,,,,,,
data/[08] TCKS - Ban Tài chính – Kiểm soát nội bộ/03. Tổ chức – Nhân sự/2024.MTCV-TCKS-Bản mô tả công việc của Ban Tài chính-Kiểm soát nội bộ-Trưởng ban.22.10.2024.docx,[08] Ban Tài Chính - Kiểm Soát Nội Bộ,2024.MTCV-TCKS-Bản mô tả công việc của Ban Tài chính-Kiểm soát nội bộ-Trưởng ban.22.10.2024.docx,2024.MTCV-TCKS-Bản mô tả công việc của Ban Tài chính-Kiểm soát nội bộ-Trưởng ban.22.10.2024.docx,,2024,,,,Hiệu lực,,Bản mô tả công việc của Ban Tài chính-Kiểm soát nội bộ-Trưởng ban.22.10.2024,,,,Tổ chức – Nhân sự,Khác,,Bản mô tả công việc của Ban Tài chính-Kiểm soát nội bộ-Trưởng ban.22.10.2024,TCKS,[08] TCKS - Ban Tài chính – Kiểm soát nội bộ,ParsedFromFolder,High,,,,,,
data/[08] TCKS - Ban Tài chính – Kiểm soát nội bộ/03. Tổ chức – Nhân sự/2024.MTCV-TCKS-Bản mô tả công việc của Ban Tài chính-Kiểm soát nội bộ.22.10.2024.pdf,[08] Ban Tài Chính - Kiểm Soát Nội Bộ,2024.MTCV-TCKS-Bản mô tả công việc của Ban Tài chính-Kiểm soát nội bộ.22.10.2024.pdf,2024.MTCV-TCKS-Bản mô tả công việc của Ban Tài chính-Kiểm soát nội bộ.22.10.2024.pdf,,2024,,,,Hiệu lực,,Bản mô tả công việc của Ban Tài chính-Kiểm soát nội bộ.22.10.2024,,,,Tổ chức – Nhân sự,Khác,,Bản mô tả công việc của Ban Tài chính-Kiểm soát nội bộ.22.10.2024,TCKS,[08] TCKS - Ban Tài chính – Kiểm soát nội bộ,ParsedFromFolder,High,,,,,,
data/[08] TCKS - Ban Tài chính – Kiểm soát nội bộ/03. Tổ chức – Nhân sự/419.2025.QĐ-HCNS-Quyết định Luân chuyển công tác đối với Ông Phạm Ngọc Vinh.11-07-2025.pdf,[08] Ban Tài Chính - Kiểm Soát Nội Bộ,419.2025.QĐ-HCNS-Quyết định Luân chuyển công tác đối với Ông Phạm Ngọc Vinh.11-07-2025.pdf,419.2025.QĐ-HCNS-Quyết định Luân chuyển công tác đối với Ông Phạm Ngọc Vinh.11-07-2025.pdf,419,2025,2025-07-11,,,Hiệu lực,,Quyết định Luân chuyển công tác đối với Ông Phạm Ngọc Vinh,,,,Tổ chức – Nhân sự,Quyết định,,Quyết định Luân chuyển công tác đối với Ông Phạm Ngọc Vinh,HCNS,[08] TCKS - Ban Tài chính – Kiểm soát nội bộ,ParsedFromFolder,High,,,,,,
data/[08] TCKS - Ban Tài chính – Kiểm soát nội bộ/03. Tổ chức – Nhân sự/421.2025.QĐ-HCNS-Quyết định Kiêm nhiệm chức danh của Ông Thái Nguyễn Cần.11-07-2025.pdf,[08] Ban Tài Chính - Kiểm Soát Nội Bộ,421.2025.QĐ-HCNS-Quyết định Kiêm nhiệm chức danh của Ông Thái Nguyễn Cần.11-07-2025.pdf,421.2025.QĐ-HCNS-Quyết định Kiêm nhiệm chức danh của Ông Thái Nguyễn Cần.11-07-2025.pdf,421,2025,2025-07-11,,,Hiệu lực,,Quyết định Kiêm nhiệm chức danh của Ông Thái Nguyễn Cần,,,,Tổ chức – Nhân sự,Quyết định,,Quyết định Kiêm nhiệm chức danh của Ông Thái Nguyễn Cần,HCNS,[08] TCKS - Ban Tài chính – Kiểm soát nội bộ,ParsedFromFolder,High,,,,,Bản chuẩn,
data/[08] TCKS - Ban Tài chính – Kiểm soát nội bộ/03. Tổ chức – Nhân sự/774.2025.QĐ-HCNS-Bổ nhiệm Trưởng bộ phận tài chính-Nguyễn thị khánh Linh.05-11-2025.pdf,[08] Ban Tài Chính - Kiểm Soát Nội Bộ,774.2025.QĐ-HCNS-Bổ nhiệm Trưởng bộ phận tài chính-Nguyễn thị khánh Linh.05-11-2025.pdf,774.2025.QĐ-HCNS-Bổ nhiệm Trưởng bộ phận tài chính-Nguyễn thị khánh Linh.05-11-2025.pdf,774,2025,2025-11-05,,,Hiệu lực,,Bổ nhiệm Trưởng bộ phận tài chính-Nguyễn thị khánh Linh,,,,Tổ chức – Nhân sự,Quyết định,,Bổ nhiệm Trưởng bộ phận tài chính-Nguyễn thị khánh Linh,HCNS,[08] TCKS - Ban Tài chính – Kiểm soát nội bộ,ParsedFromFolder,High,,,,,,
data/[08] TCKS - Ban Tài chính – Kiểm soát nội bộ/06. Hết hiệu lực/2024.QyĐ-TCKS-Quy định về Chức năng nhiệm vụ và cơ cấu tổ chức của Ban tài chính Kiểm soát nội bộ-v1.02-01-2024.pdf,[99] Archive,2024.QyĐ-TCKS-Quy định về Chức năng nhiệm vụ và cơ cấu tổ chức của Ban tài chính Kiểm soát nội bộ-v1.02-01-2024.pdf,2024.QyĐ-TCKS-Quy định về Chức năng nhiệm vụ và cơ cấu tổ chức của Ban tài chính Kiểm soát nội bộ-v1.02-01-2024.pdf,,2024,2024-01-02,,,Hết hiệu lực,,Quy định về Chức năng nhiệm vụ và cơ cấu tổ chức của Ban tài chính Kiểm soát nội bộ-v1,,,,Hết hiệu lực,Khác,Quy định,về Chức năng nhiệm vụ và cơ cấu tổ chức của Ban tài chính Kiểm soát nội bộ-v1,TCKS,[08] TCKS - Ban Tài chính – Kiểm soát nội bộ,ParsedFromFolder,High,,,,,Bản chuẩn,
data/[08] TCKS - Ban Tài chính – Kiểm soát nội bộ/06. Hết hiệu lực/2024.QyĐ-TCKS-Quy định về Chức năng nhiệm vụ và cơ cấu tổ chức của Ban tài chính Kiểm soát nội bộ.02-01-2024.pdf,[99] Archive,2024.QyĐ-TCKS-Quy định về Chức năng nhiệm vụ và cơ cấu tổ chức của Ban tài chính Kiểm soát nội bộ.02-01-2024.pdf,2024.QyĐ-TCKS-Quy định về Chức năng nhiệm vụ và cơ cấu tổ chức của Ban tài chính Kiểm soát nội bộ.02-01-2024.pdf,,2024,2024-01-02,,,Hết hiệu lực,,Quy định về Chức năng nhiệm vụ và cơ cấu tổ chức của Ban tài chính Kiểm soát nội bộ,,,,Hết hiệu lực,Khác,Quy định,về Chức năng nhiệm vụ và cơ cấu tổ chức của Ban tài chính Kiểm soát nội bộ,TCKS,[08] TCKS - Ban Tài chính – Kiểm soát nội bộ,ParsedFromFolder,High,,,,,Bản sao,
"data/[08] TCKS - Ban Tài chính – Kiểm soát nội bộ/06. Hết hiệu lực/2024.QyĐ-TCKS-Quy định về chức năng, nhiệm vụ, và cơ cấu tổ chức của ban tài chính-kiểm soát nội bộ draft.docx",[99] Archive,"2024.QyĐ-TCKS-Quy định về chức năng, nhiệm vụ, và cơ cấu tổ chức của ban tài chính-kiểm soát nội bộ draft.docx","2024.QyĐ-TCKS-Quy định về chức năng, nhiệm vụ, và cơ cấu tổ chức của ban tài chính-kiểm soát nội bộ draft.docx",,2024,,,,Hết hiệu lực,,"Quy định về chức năng, nhiệm vụ, và cơ cấu tổ chức của ban tài chính-kiểm soát nội bộ draft",,,,Hết hiệu lực,Khác,Quy định,"về chức năng, nhiệm vụ, và cơ cấu tổ chức của ban tài chính-kiểm soát nội bộ draft",TCKS,[08] TCKS - Ban Tài chính – Kiểm soát nội bộ,ParsedFromFolder,High,,,,,,
data/[09] SHE - Ban S-H-E/02. Quy chế – Quy định – Quy trình – Hướng dẫn/01.2025.HD-BAN5S-Hướng dẫn thực hành 4S.17-11-2025.docx,[09] Ban S-H-E,01.2025.HD-BAN5S-Hướng dẫn thực hành 4S.17-11-2025.docx,01.2025.HD-BAN5S-Hướng dẫn thực hành 4S.17-11-2025.docx,01,2025,2025-11-17,,,Hiệu lực,,Hướng dẫn thực hành 4S,,,,Quy chế – Quy định – Quy trình – Hướng dẫn,Khác,Hướng dẫn,thực hành 4S,BAN5S,[09] SHE - Ban S-H-E,ParsedFromFolder,High,,,,,,
data/[09] SHE - Ban S-H-E/02. Quy chế – Quy định – Quy trình – Hướng dẫn/01.2025.HD-BAN5S-Hướng dẫn thực hành 4S.17-11-2025.pdf,[09] Ban S-H-E,01.2025.HD-BAN5S-Hướng dẫn thực hành 4S.17-11-2025.pdf,01.2025.HD-BAN5S-Hướng dẫn thực hành 4S.17-11-2025.pdf,01,2025,2025-11-17,,,Hiệu lực,,Hướng dẫn thực hành 4S,,,,Quy chế – Quy định – Quy trình – Hướng dẫn,Khác,Hướng dẫn,thực hành 4S,BAN5S,[09] SHE - Ban S-H-E,ParsedFromFolder,High,,,,,,
data/[09] SHE - Ban S-H-E/02. Quy chế – Quy định – Quy trình – Hướng dẫn/01.2025.QT-SHE-Quy trình cấp phép làm việc an toàn số 21-02-2025.docx,[09] Ban S-H-E,01.2025.QT-SHE-Quy trình cấp phép làm việc an toàn số 21-02-2025.docx,01.2025.QT-SHE-Quy trình cấp phép làm việc an toàn số 21-02-2025.docx,01,2025,2025-02-21,,,Hiệu lực,,Quy trình cấp phép làm việc an toàn số,,,,Quy chế – Quy định – Quy trình – Hướng dẫn,Khác,Quy trình,cấp phép làm việc an toàn số,SHE,[09] SHE - Ban S-H-E,ParsedFromFolder,High,,,,,,
data/[09] SHE - Ban S-H-E/02. Quy chế – Quy định – Quy trình – Hướng dẫn/01.2025.QT-SHE-Quy trình cấp phép làm việc an toàn số.21-02-2025.pdf,[09] Ban S-H-E,01.2025.QT-SHE-Quy trình cấp phép làm việc an toàn số.21-02-2025.pdf,01.2025.QT-SHE-Quy trình cấp phép làm việc an toàn số.21-02-2025.pdf,01,2025,2025-02-21,,,Hiệu lực,,Quy trình cấp phép làm việc an toàn số,,,,Quy chế – Quy định – Quy trình – Hướng dẫn,Khác,Quy trình,cấp phép làm việc an toàn số,SHE,[09] SHE - Ban S-H-E,ParsedFromFolder,High,,,,,,
data/[09] SHE - Ban S-H-E/02. Quy chế – Quy định – Quy trình – Hướng dẫn/01.2025.QT-SHE-Quy trình quản lý về an toàn-môi trường sức khỏe nhà thầu và khách.21-08-2025.pdf,[09] Ban S-H-E,01.2025.QT-SHE-Quy trình quản lý về an toàn-môi trường sức khỏe nhà thầu và khách.21-08-2025.pdf,01.2025.QT-SHE-Quy trình quản lý về an toàn-môi trường sức khỏe nhà thầu và khách.21-08-2025.pdf,01,2025,2025-08-21,,,Hiệu lực,,Quy trình quản lý về an toàn-môi trường sức khỏe nhà thầu và khách,,,,Quy chế – Quy định – Quy trình – Hướng dẫn,Khác,Quy trình,quản lý về an toàn-môi trường sức khỏe nhà thầu và khách,SHE,[09] SHE - Ban S-H-E,ParsedFromFolder,High,,,,,,
data/[09] SHE - Ban S-H-E/02. Quy chế – Quy định – Quy trình – Hướng dẫn/01.2025.QyĐ-SHE-quy định trang bị phương tiện bảo hộ lao động cá nhân.20-11-2025.docx,[09] Ban S-H-E,01.2025.QyĐ-SHE-quy định trang bị phương tiện bảo hộ lao động cá nhân.20-11-2025.docx,01.2025.QyĐ-SHE-quy định trang bị phương tiện bảo hộ lao động cá nhân.20-11-2025.docx,01,2025,2025-11-20,,,Hiệu lực,,quy định trang bị phương tiện bảo hộ lao động cá nhân,,,,Quy chế – Quy định – Quy trình – Hướng dẫn,Khác,Quy định,trang bị phương tiện bảo hộ lao động cá nhân,SHE,[09] SHE - Ban S-H-E,ParsedFromFolder,High,,,,,,
data/[09] SHE - Ban S-H-E/02. Quy chế – Quy định – Quy trình – Hướng dẫn/01.2025.QyĐ-SHE-quy định trang bị phương tiện bảo hộ lao động cá nhân.20-11-2025.pdf,[09] Ban S-H-E,01.2025.QyĐ-SHE-quy định trang bị phương tiện bảo hộ lao động cá nhân.20-11-2025.pdf,01.2025.QyĐ-SHE-quy định trang bị phương tiện bảo hộ lao động cá nhân.20-11-2025.pdf,01,2025,2025-11-20,,,Hiệu lực,,quy định trang bị phương tiện bảo hộ lao động cá nhân,,,,Quy chế – Quy định – Quy trình – Hướng dẫn,Khác,Quy định,trang bị phương tiện bảo hộ lao động cá nhân,SHE,[09] SHE - Ban S-H-E,ParsedFromFolder,High,,,,,,
data/[09] SHE - Ban S-H-E/02. Quy chế – Quy định – Quy trình – Hướng dẫn/01.2026.HD-SHE-Hướng dẫn cấp phát vật tư y tế.06-02-2026.docx,[09] Ban S-H-E,01.2026.HD-SHE-Hướng dẫn cấp phát vật tư y tế.06-02-2026.docx,01.2026.HD-SHE-Hướng dẫn cấp phát vật tư y tế.06-02-2026.docx,01,2026,2026-02-06,,,Hiệu lực,,Hướng dẫn cấp phát vật tư y tế,,,,Quy chế – Quy định – Quy trình – Hướng dẫn,Khác,Hướng dẫn,cấp phát vật tư y tế,SHE,[09] SHE - Ban S-H-E,ParsedFromFolder,High,,,,,,
data/[09] SHE - Ban S-H-E/02. Quy chế – Quy định – Quy trình – Hướng dẫn/01.2026.HD-SHE-Hướng dẫn cấp phát vật tư y tế.06-02-2026.pdf,[09] Ban S-H-E,01.2026.HD-SHE-Hướng dẫn cấp phát vật tư y tế.06-02-2026.pdf,01.2026.HD-SHE-Hướng dẫn cấp phát vật tư y tế.06-02-2026.pdf,01,2026,2026-02-06,,,Hiệu lực,,Hướng dẫn cấp phát vật tư y tế,,,,Quy chế – Quy định – Quy trình – Hướng dẫn,Khác,Hướng dẫn,cấp phát vật tư y tế,SHE,[09] SHE - Ban S-H-E,ParsedFromFolder,High,,,,,,
data/[09] SHE - Ban S-H-E/02. Quy chế – Quy định – Quy trình – Hướng dẫn/02.2025.QĐ-SHE-quy định an toàn điện ban hành.17-09-2025.docx,[09] Ban S-H-E,02.2025.QĐ-SHE-quy định an toàn điện ban hành.17-09-2025.docx,02.2025.QĐ-SHE-quy định an toàn điện ban hành.17-09-2025.docx,02,2025,2025-09-17,,,Hiệu lực,,quy định an toàn điện ban hành,,,,Quy chế – Quy định – Quy trình – Hướng dẫn,Quyết định,Quy định,an toàn điện ban hành,SHE,[09] SHE - Ban S-H-E,ParsedFromFolder,High,,,,,,
data/[09] SHE - Ban S-H-E/02. Quy chế – Quy định – Quy trình – Hướng dẫn/02.2025.QĐ-SHE-quy định an toàn điện ban hành.17-09-2025.pdf,[09] Ban S-H-E,02.2025.QĐ-SHE-quy định an toàn điện ban hành.17-09-2025.pdf,02.2025.QĐ-SHE-quy định an toàn điện ban hành.17-09-2025.pdf,02,2025,2025-09-17,,,Hiệu lực,,quy định an toàn điện ban hành,,,,Quy chế – Quy định – Quy trình – Hướng dẫn,Quyết định,Quy định,an toàn điện ban hành,SHE,[09] SHE - Ban S-H-E,ParsedFromFolder,High,,,,,,
data/[09] SHE - Ban S-H-E/02. Quy chế – Quy định – Quy trình – Hướng dẫn/03.2025.QĐ-SHE-Quy định an toàn vận hành.21-08-2025.docx,[09] Ban S-H-E,03.2025.QĐ-SHE-Quy định an toàn vận hành.21-08-2025.docx,03.2025.QĐ-SHE-Quy định an toàn vận hành.21-08-2025.docx,03,2025,2025-08-21,,,Hiệu lực,,Quy định an toàn vận hành,,,,Quy chế – Quy định – Quy trình – Hướng dẫn,Quyết định,Quy định,an toàn vận hành,SHE,[09] SHE - Ban S-H-E,ParsedFromFolder,High,,,,,,
data/[09] SHE - Ban S-H-E/02. Quy chế – Quy định – Quy trình – Hướng dẫn/03.2025.QĐ-SHE-Quy định an toàn vận hành.21-08-2025.pdf,[09] Ban S-H-E,03.2025.QĐ-SHE-Quy định an toàn vận hành.21-08-2025.pdf,03.2025.QĐ-SHE-Quy định an toàn vận hành.21-08-2025.pdf,03,2025,2025-08-21,,,Hiệu lực,,Quy định an toàn vận hành,,,,Quy chế – Quy định – Quy trình – Hướng dẫn,Quyết định,Quy định,an toàn vận hành,SHE,[09] SHE - Ban S-H-E,ParsedFromFolder,High,,,,,,
data/[09] SHE - Ban S-H-E/02. Quy chế – Quy định – Quy trình – Hướng dẫn/04.2025.QT-SHE-Quy trình điều tra an toàn lao động.17-09-2025.docx,[09] Ban S-H-E,04.2025.QT-SHE-Quy trình điều tra an toàn lao động.17-09-2025.docx,04.2025.QT-SHE-Quy trình điều tra an toàn lao động.17-09-2025.docx,04,2025,2025-09-17,,,Hiệu lực,,Quy trình điều tra an toàn lao động,,,,Quy chế – Quy định – Quy trình – Hướng dẫn,Khác,Quy trình,điều tra an toàn lao động,SHE,[09] SHE - Ban S-H-E,ParsedFromFolder,High,,,,,,
data/[09] SHE - Ban S-H-E/02. Quy chế – Quy định – Quy trình – Hướng dẫn/04.2025.QT-SHE-Quy trình điều tra an toàn lao động.17-09-2025.pdf,[09] Ban S-H-E,04.2025.QT-SHE-Quy trình điều tra an toàn lao động.17-09-2025.pdf,04.2025.QT-SHE-Quy trình điều tra an toàn lao động.17-09-2025.pdf,04,2025,2025-09-17,,,Hiệu lực,,Quy trình điều tra an toàn lao động,,,,Quy chế – Quy định – Quy trình – Hướng dẫn,Khác,Quy trình,điều tra an toàn lao động,SHE,[09] SHE - Ban S-H-E,ParsedFromFolder,High,,,,,,
data/[09] SHE - Ban S-H-E/02. Quy chế – Quy định – Quy trình – Hướng dẫn/244.2025.QĐ-SHE-Quy chế hoạt động của đội Phòng cháy chữa cháy ban hành.01-07-2025.docx,[09] Ban S-H-E,244.2025.QĐ-SHE-Quy chế hoạt động của đội Phòng cháy chữa cháy ban hành.01-07-2025.docx,244.2025.QĐ-SHE-Quy chế hoạt động của đội Phòng cháy chữa cháy ban hành.01-07-2025.docx,244,2025,2025-07-01,,,Hiệu lực,,Quy chế hoạt động của đội Phòng cháy chữa cháy ban hành,,,,Quy chế – Quy định – Quy trình – Hướng dẫn,Quyết định,Quy chế,hoạt động của đội Phòng cháy chữa cháy ban hành,SHE,[09] SHE - Ban S-H-E,ParsedFromFolder,High,,,,,,
data/[09] SHE - Ban S-H-E/02. Quy chế – Quy định – Quy trình – Hướng dẫn/244.2025.QĐ-SHE-Quy chế hoạt động của đội Phòng cháy chữa cháy ban hành.01-07-2025.pdf,[09] Ban S-H-E,244.2025.QĐ-SHE-Quy chế hoạt động của đội Phòng cháy chữa cháy ban hành.01-07-2025.pdf,244.2025.QĐ-SHE-Quy chế hoạt động của đội Phòng cháy chữa cháy ban hành.01-07-2025.pdf,244,2025,2025-07-01,,,Hiệu lực,,Quy chế hoạt động của đội Phòng cháy chữa cháy ban hành,,,,Quy chế – Quy định – Quy trình – Hướng dẫn,Quyết định,Quy chế,hoạt động của đội Phòng cháy chữa cháy ban hành,SHE,[09] SHE - Ban S-H-E,ParsedFromFolder,High,,,,,,
data/[09] SHE - Ban S-H-E/02. Quy chế – Quy định – Quy trình – Hướng dẫn/522.2025.QĐ-HCNS-Quy trình quản lý về an toàn-môi trường sức khỏe nhà thầu và khách.21-08-2025.doc,[09] Ban S-H-E,522.2025.QĐ-HCNS-Quy trình quản lý về an toàn-môi trường sức khỏe nhà thầu và khách.21-08-2025.doc,522.2025.QĐ-HCNS-Quy trình quản lý về an toàn-môi trường sức khỏe nhà thầu và khách.21-08-2025.doc,522,2025,2025-08-21,,,Hiệu lực,,Quy trình quản lý về an toàn-môi trường sức khỏe nhà thầu và khách,,,,Quy chế – Quy định – Quy trình – Hướng dẫn,Quyết định,Quy trình,quản lý về an toàn-môi trường sức khỏe nhà thầu và khách,HCNS,[09] SHE - Ban S-H-E,ParsedFromFolder,High,,,,,,
data/[09] SHE - Ban S-H-E/02. Quy chế – Quy định – Quy trình – Hướng dẫn/BM-HD.01-03 Bang phan cong ve sinh-v2.doc,[09] Ban S-H-E,BM-HD.01-03 Bang phan cong ve sinh-v2.doc,BM-HD.01-03 Bang phan cong ve sinh-v2.doc,,,,,,Hiệu lực,,03 Bang phan cong ve sinh-v2,,,,Quy chế – Quy định – Quy trình – Hướng dẫn,Khác,,03 Bang phan cong ve sinh-v2,HD.01,[09] SHE - Ban S-H-E,ParsedFromFolder,High,,,,,,
data/[09] SHE - Ban S-H-E/02. Quy chế – Quy định – Quy trình – Hướng dẫn/BM-HD.01-03 Bang phan cong ve sinh.doc,[09] Ban S-H-E,BM-HD.01-03 Bang phan cong ve sinh.doc,BM-HD.01-03 Bang phan cong ve sinh.doc,,,,,,Hiệu lực,,03 Bang phan cong ve sinh,,,,Quy chế – Quy định – Quy trình – Hướng dẫn,Khác,,03 Bang phan cong ve sinh,HD.01,[09] SHE - Ban S-H-E,ParsedFromFolder,High,,,,,,
data/[09] SHE - Ban S-H-E/03. Tổ chức – Nhân sự/01.2025.QĐ-SHE-Thành lập ban chỉ đạo về công tác PCCC và CNCH.02-01-2025.pdf,[09] Ban S-H-E,01.2025.QĐ-SHE-Thành lập ban chỉ đạo về công tác PCCC và CNCH.02-01-2025.pdf,01.2025.QĐ-SHE-Thành lập ban chỉ đạo về công tác PCCC và CNCH.02-01-2025.pdf,01,2025,2025-01-02,,,Hiệu lực,,Thành lập ban chỉ đạo về công tác PCCC và CNCH,,,,Tổ chức – Nhân sự,Quyết định,,Thành lập ban chỉ đạo về công tác PCCC và CNCH,SHE,[09] SHE - Ban S-H-E,ParsedFromFolder,High,,,,,,
data/[09] SHE - Ban S-H-E/03. Tổ chức – Nhân sự/02.2025.QĐ-SHE-Ban hành Nội quy PCCC và CNCH.02-01-2025.pdf,[09] Ban S-H-E,02.2025.QĐ-SHE-Ban hành Nội quy PCCC và CNCH.02-01-2025.pdf,02.2025.QĐ-SHE-Ban hành Nội quy PCCC và CNCH.02-01-2025.pdf,02,2025,2025-01-02,,,Hiệu lực,,Ban hành Nội quy PCCC và CNCH,,,,Tổ chức – Nhân sự,Quyết định,Nội quy,PCCC và CNCH,SHE,[09] SHE - Ban S-H-E,ParsedFromFolder,High,,,,,,
data/[09] SHE - Ban S-H-E/03. Tổ chức – Nhân sự/09.2026.QyĐ-SHE-SĐTC chức năng nhiệm vụ của phòng ban SHE.15-05-2026.docx,[09] Ban S-H-E,09.2026.QyĐ-SHE-SĐTC chức năng nhiệm vụ của phòng ban SHE.15-05-2026.docx,09.2026.QyĐ-SHE-SĐTC chức năng nhiệm vụ của phòng ban SHE.15-05-2026.docx,09,2026,2026-05-15,,,Hiệu lực,,SĐTC chức năng nhiệm vụ của phòng ban SHE,,,,Tổ chức – Nhân sự,Khác,,SĐTC chức năng nhiệm vụ của phòng ban SHE,SHE,[09] SHE - Ban S-H-E,ParsedFromFolder,High,,,,,,
data/[09] SHE - Ban S-H-E/03. Tổ chức – Nhân sự/09.2026.QyĐ-SHE-SĐTC chức năng nhiệm vụ của phòng ban SHE.15-05-2026.pdf,[09] Ban S-H-E,09.2026.QyĐ-SHE-SĐTC chức năng nhiệm vụ của phòng ban SHE.15-05-2026.pdf,09.2026.QyĐ-SHE-SĐTC chức năng nhiệm vụ của phòng ban SHE.15-05-2026.pdf,09,2026,2026-05-15,,,Hiệu lực,,SĐTC chức năng nhiệm vụ của phòng ban SHE,,,,Tổ chức – Nhân sự,Khác,,SĐTC chức năng nhiệm vụ của phòng ban SHE,SHE,[09] SHE - Ban S-H-E,ParsedFromFolder,High,,,,,,
data/[09] SHE - Ban S-H-E/03. Tổ chức – Nhân sự/2025-Miễn nhiệm vị trí Trưởng ban SHE ông Lê Thanh Việt.15-08-2025.docx,[09] Ban S-H-E,2025-Miễn nhiệm vị trí Trưởng ban SHE ông Lê Thanh Việt.15-08-2025.docx,2025-Miễn nhiệm vị trí Trưởng ban SHE ông Lê Thanh Việt.15-08-2025.docx,,,2025-08-15,,,Hiệu lực,,Miễn nhiệm vị trí Trưởng ban SHE ông Lê Thanh Việt,,,,Tổ chức – Nhân sự,Khác,,Miễn nhiệm vị trí Trưởng ban SHE ông Lê Thanh Việt,,[09] SHE - Ban S-H-E,ParsedFromFolder,High,,,,,,
data/[09] SHE - Ban S-H-E/03. Tổ chức – Nhân sự/2025.QĐ-HCNS.Quyết định bổ nhiệm Bà Nguyễn Thị Mai Hương-Phó ban SHE.15-08-2025.docx,[09] Ban S-H-E,2025.QĐ-HCNS.Quyết định bổ nhiệm Bà Nguyễn Thị Mai Hương-Phó ban SHE.15-08-2025.docx,2025.QĐ-HCNS.Quyết định bổ nhiệm Bà Nguyễn Thị Mai Hương-Phó ban SHE.15-08-2025.docx,,2025,2025-08-15,,,Hiệu lực,,Phó ban SHE,,,,Tổ chức – Nhân sự,Quyết định,,Phó ban SHE,HCNS.Quyết định bổ nhiệm Bà Nguyễn Thị Mai Hương,[09] SHE - Ban S-H-E,ParsedFromFolder,High,,,,,,
data/[09] SHE - Ban S-H-E/03. Tổ chức – Nhân sự/243.2025.QĐ-SHE-Quyết định Thành lập đội Phòng cháy chữa cháy.01-07-2025.pdf,[09] Ban S-H-E,243.2025.QĐ-SHE-Quyết định Thành lập đội Phòng cháy chữa cháy.01-07-2025.pdf,243.2025.QĐ-SHE-Quyết định Thành lập đội Phòng cháy chữa cháy.01-07-2025.pdf,243,2025,2025-07-01,,,Hiệu lực,,Quyết định Thành lập đội Phòng cháy chữa cháy,,,,Tổ chức – Nhân sự,Quyết định,,Quyết định Thành lập đội Phòng cháy chữa cháy,SHE,[09] SHE - Ban S-H-E,ParsedFromFolder,High,,,,,,
data/[09] SHE - Ban S-H-E/03. Tổ chức – Nhân sự/245.2025.QĐ-SHE-Quyết định Thành lập Ban chỉ đạo về công tác PCCC &CNCH.01-07-2025.pdf,[09] Ban S-H-E,245.2025.QĐ-SHE-Quyết định Thành lập Ban chỉ đạo về công tác PCCC &CNCH.01-07-2025.pdf,245.2025.QĐ-SHE-Quyết định Thành lập Ban chỉ đạo về công tác PCCC &CNCH.01-07-2025.pdf,245,2025,2025-07-01,,,Hiệu lực,,Quyết định Thành lập Ban chỉ đạo về công tác PCCC &CNCH,,,,Tổ chức – Nhân sự,Quyết định,,Quyết định Thành lập Ban chỉ đạo về công tác PCCC &CNCH,SHE,[09] SHE - Ban S-H-E,ParsedFromFolder,High,,,,,,
data/[09] SHE - Ban S-H-E/03. Tổ chức – Nhân sự/247.2025.QĐ-HCNS-Quyết định Miễn nhiệm vị trí Phó ban SHE-v2.02-07-2025.pdf,[09] Ban S-H-E,247.2025.QĐ-HCNS-Quyết định Miễn nhiệm vị trí Phó ban SHE-v2.02-07-2025.pdf,247.2025.QĐ-HCNS-Quyết định Miễn nhiệm vị trí Phó ban SHE-v2.02-07-2025.pdf,247,2025,2025-07-02,,,Hiệu lực,,Quyết định Miễn nhiệm vị trí Phó ban SHE-v2,,,,Tổ chức – Nhân sự,Quyết định,,Quyết định Miễn nhiệm vị trí Phó ban SHE-v2,HCNS,[09] SHE - Ban S-H-E,ParsedFromFolder,High,,,,,Bản chuẩn,
data/[09] SHE - Ban S-H-E/03. Tổ chức – Nhân sự/247.2025.QĐ-HCNS-Quyết định Miễn nhiệm vị trí Phó ban SHE.02-07-2025.pdf,[09] Ban S-H-E,247.2025.QĐ-HCNS-Quyết định Miễn nhiệm vị trí Phó ban SHE.02-07-2025.pdf,247.2025.QĐ-HCNS-Quyết định Miễn nhiệm vị trí Phó ban SHE.02-07-2025.pdf,247,2025,2025-07-02,,,Hiệu lực,,Quyết định Miễn nhiệm vị trí Phó ban SHE,,,,Tổ chức – Nhân sự,Quyết định,,Quyết định Miễn nhiệm vị trí Phó ban SHE,HCNS,[09] SHE - Ban S-H-E,ParsedFromFolder,High,,,,,Bản sao,
data/[09] SHE - Ban S-H-E/03. Tổ chức – Nhân sự/33.2024.QĐ-NS-Ban hành Quy định về chức năng nhiệm vụ và cơ cấu tổ chức của ban SHE.02-01-2024.docx,[09] Ban S-H-E,33.2024.QĐ-NS-Ban hành Quy định về chức năng nhiệm vụ và cơ cấu tổ chức của ban SHE.02-01-2024.docx,33.2024.QĐ-NS-Ban hành Quy định về chức năng nhiệm vụ và cơ cấu tổ chức của ban SHE.02-01-2024.docx,33,2024,2024-01-02,,,Hiệu lực,,Ban hành Quy định về chức năng nhiệm vụ và cơ cấu tổ chức của ban SHE,,,,Tổ chức – Nhân sự,Quyết định,Quy định,về chức năng nhiệm vụ và cơ cấu tổ chức của ban SHE,NS,[09] SHE - Ban S-H-E,ParsedFromFolder,High,,,,,,
data/[09] SHE - Ban S-H-E/03. Tổ chức – Nhân sự/33.2024.QĐ-NS-Ban hành Quy định về chức năng nhiệm vụ và cơ cấu tổ chức của ban SHE.02-01-2024.pdf,[09] Ban S-H-E,33.2024.QĐ-NS-Ban hành Quy định về chức năng nhiệm vụ và cơ cấu tổ chức của ban SHE.02-01-2024.pdf,33.2024.QĐ-NS-Ban hành Quy định về chức năng nhiệm vụ và cơ cấu tổ chức của ban SHE.02-01-2024.pdf,33,2024,2024-01-02,,,Hiệu lực,,Ban hành Quy định về chức năng nhiệm vụ và cơ cấu tổ chức của ban SHE,,,,Tổ chức – Nhân sự,Quyết định,Quy định,về chức năng nhiệm vụ và cơ cấu tổ chức của ban SHE,NS,[09] SHE - Ban S-H-E,ParsedFromFolder,High,,,,,,
data/[09] SHE - Ban S-H-E/03. Tổ chức – Nhân sự/MTCV-SHE-Mô tả công việc Nhân viên PCCC.docx,[09] Ban S-H-E,MTCV-SHE-Mô tả công việc Nhân viên PCCC.docx,MTCV-SHE-Mô tả công việc Nhân viên PCCC.docx,,,,,,Hiệu lực,,Mô tả công việc Nhân viên PCCC,,,,Tổ chức – Nhân sự,Khác,,Mô tả công việc Nhân viên PCCC,SHE,[09] SHE - Ban S-H-E,ParsedFromFolder,High,,,,,,
data/[09] SHE - Ban S-H-E/03. Tổ chức – Nhân sự/MTCV-SHE-Mô tả công việc Nhân viên an toàn.docx,[09] Ban S-H-E,MTCV-SHE-Mô tả công việc Nhân viên an toàn.docx,MTCV-SHE-Mô tả công việc Nhân viên an toàn.docx,,,,,,Hiệu lực,,Mô tả công việc Nhân viên an toàn,,,,Tổ chức – Nhân sự,Khác,,Mô tả công việc Nhân viên an toàn,SHE,[09] SHE - Ban S-H-E,ParsedFromFolder,High,,,,,,
data/[09] SHE - Ban S-H-E/03. Tổ chức – Nhân sự/MTCV-SHE-Mô tả công việc Nhân viên môi trường.docx,[09] Ban S-H-E,MTCV-SHE-Mô tả công việc Nhân viên môi trường.docx,MTCV-SHE-Mô tả công việc Nhân viên môi trường.docx,,,,,,Hiệu lực,,Mô tả công việc Nhân viên môi trường,,,,Tổ chức – Nhân sự,Khác,,Mô tả công việc Nhân viên môi trường,SHE,[09] SHE - Ban S-H-E,ParsedFromFolder,High,,,,,,
data/[09] SHE - Ban S-H-E/03. Tổ chức – Nhân sự/MTCV-SHE-Mô tả công việc Nhân viên y tế sức khỏe.docx,[09] Ban S-H-E,MTCV-SHE-Mô tả công việc Nhân viên y tế sức khỏe.docx,MTCV-SHE-Mô tả công việc Nhân viên y tế sức khỏe.docx,,,,,,Hiệu lực,,Mô tả công việc Nhân viên y tế sức khỏe,,,,Tổ chức – Nhân sự,Khác,,Mô tả công việc Nhân viên y tế sức khỏe,SHE,[09] SHE - Ban S-H-E,ParsedFromFolder,High,,,,,,
data/[09] SHE - Ban S-H-E/03. Tổ chức – Nhân sự/MTCV-SHE-Mô tả công việc Trưởng ban SHE.docx,[09] Ban S-H-E,MTCV-SHE-Mô tả công việc Trưởng ban SHE.docx,MTCV-SHE-Mô tả công việc Trưởng ban SHE.docx,,,,,,Hiệu lực,,Mô tả công việc Trưởng ban SHE,,,,Tổ chức – Nhân sự,Khác,,Mô tả công việc Trưởng ban SHE,SHE,[09] SHE - Ban S-H-E,ParsedFromFolder,High,,,,,,
data/[09] SHE - Ban S-H-E/04. Điều hành – Tác nghiệp/BB-Biên bản kiểm tra giấy cấp phép MT nhà máy 20 triệu lít Đông Mai.24-04-2025.pdf,[09] Ban S-H-E,BB-Biên bản kiểm tra giấy cấp phép MT nhà máy 20 triệu lít Đông Mai.24-04-2025.pdf,BB-Biên bản kiểm tra giấy cấp phép MT nhà máy 20 triệu lít Đông Mai.24-04-2025.pdf,,,2025-04-24,,,Hiệu lực,,Biên bản kiểm tra giấy cấp phép MT nhà máy 20 triệu lít Đông Mai,,,,Điều hành – Tác nghiệp,Biên bản,,Biên bản kiểm tra giấy cấp phép MT nhà máy 20 triệu lít Đông Mai,,[09] SHE - Ban S-H-E,ParsedFromFolder,High,,,,,,
"data/[10] KTCN - Phòng Kỹ thuật, Công nghệ và Cải tiến sản xuất/02. Quy chế – Quy định – Quy trình – Hướng dẫn/01.2025.HD-KTCN-hướng dẫn lộ trình trụ cột lãnh đạo Leadership.21-03-2025.pdf","[10] Phòng Kỹ Thuật, Công Nghệ và Cải Tiến Sản Xuất",01.2025.HD-KTCN-hướng dẫn lộ trình trụ cột lãnh đạo Leadership.21-03-2025.pdf,01.2025.HD-KTCN-hướng dẫn lộ trình trụ cột lãnh đạo Leadership.21-03-2025.pdf,01,2025,2025-03-21,,,Hiệu lực,,hướng dẫn lộ trình trụ cột lãnh đạo Leadership,,,,Quy chế – Quy định – Quy trình – Hướng dẫn,Khác,Hướng dẫn,lộ trình trụ cột lãnh đạo Leadership,KTCN,"[10] KTCN - Phòng Kỹ thuật, Công nghệ và Cải tiến sản xuất",ParsedFromFolder,High,,,,,,
"data/[10] KTCN - Phòng Kỹ thuật, Công nghệ và Cải tiến sản xuất/02. Quy chế – Quy định – Quy trình – Hướng dẫn/01.2025.HD-KTCV-hướng dẫn lộ trình trụ cột lãnh đạo Leadership.21-03-2025.docx","[10] Phòng Kỹ Thuật, Công Nghệ và Cải Tiến Sản Xuất",01.2025.HD-KTCV-hướng dẫn lộ trình trụ cột lãnh đạo Leadership.21-03-2025.docx,01.2025.HD-KTCV-hướng dẫn lộ trình trụ cột lãnh đạo Leadership.21-03-2025.docx,01,2025,2025-03-21,,,Hiệu lực,,hướng dẫn lộ trình trụ cột lãnh đạo Leadership,,,,Quy chế – Quy định – Quy trình – Hướng dẫn,Khác,Hướng dẫn,lộ trình trụ cột lãnh đạo Leadership,KTCV,"[10] KTCN - Phòng Kỹ thuật, Công nghệ và Cải tiến sản xuất",ParsedFromFolder,High,,,,,,
"data/[10] KTCN - Phòng Kỹ thuật, Công nghệ và Cải tiến sản xuất/02. Quy chế – Quy định – Quy trình – Hướng dẫn/01.2026.HD-KTCN-Hướng dẫn tẩy cặn máy rửa chai.22-05-2026.docx","[10] Phòng Kỹ Thuật, Công Nghệ và Cải Tiến Sản Xuất",01.2026.HD-KTCN-Hướng dẫn tẩy cặn máy rửa chai.22-05-2026.docx,01.2026.HD-KTCN-Hướng dẫn tẩy cặn máy rửa chai.22-05-2026.docx,01,2026,2026-05-22,,,Hiệu lực,,Hướng dẫn tẩy cặn máy rửa chai,,,,Quy chế – Quy định – Quy trình – Hướng dẫn,Khác,Hướng dẫn,tẩy cặn máy rửa chai,KTCN,"[10] KTCN - Phòng Kỹ thuật, Công nghệ và Cải tiến sản xuất",ParsedFromFolder,High,,,,,,
"data/[10] KTCN - Phòng Kỹ thuật, Công nghệ và Cải tiến sản xuất/02. Quy chế – Quy định – Quy trình – Hướng dẫn/01.2026.HD-KTCN-Hướng dẫn tẩy cặn máy rửa chai.22-05-2026.pdf","[10] Phòng Kỹ Thuật, Công Nghệ và Cải Tiến Sản Xuất",01.2026.HD-KTCN-Hướng dẫn tẩy cặn máy rửa chai.22-05-2026.pdf,01.2026.HD-KTCN-Hướng dẫn tẩy cặn máy rửa chai.22-05-2026.pdf,01,2026,2026-05-22,,,Hiệu lực,,Hướng dẫn tẩy cặn máy rửa chai,,,,Quy chế – Quy định – Quy trình – Hướng dẫn,Khác,Hướng dẫn,tẩy cặn máy rửa chai,KTCN,"[10] KTCN - Phòng Kỹ thuật, Công nghệ và Cải tiến sản xuất",ParsedFromFolder,High,,,,,,
"data/[10] KTCN - Phòng Kỹ thuật, Công nghệ và Cải tiến sản xuất/02. Quy chế – Quy định – Quy trình – Hướng dẫn/02.2025.HD-KTCN-Hướng dẫn lộ trình trụ cột bảo trì tự quản AM.24-03-2025.docx","[10] Phòng Kỹ Thuật, Công Nghệ và Cải Tiến Sản Xuất",02.2025.HD-KTCN-Hướng dẫn lộ trình trụ cột bảo trì tự quản AM.24-03-2025.docx,02.2025.HD-KTCN-Hướng dẫn lộ trình trụ cột bảo trì tự quản AM.24-03-2025.docx,02,2025,2025-03-24,,,Hiệu lực,,Hướng dẫn lộ trình trụ cột bảo trì tự quản AM,,,,Quy chế – Quy định – Quy trình – Hướng dẫn,Khác,Hướng dẫn,lộ trình trụ cột bảo trì tự quản AM,KTCN,"[10] KTCN - Phòng Kỹ thuật, Công nghệ và Cải tiến sản xuất",ParsedFromFolder,High,,,,,,
"data/[10] KTCN - Phòng Kỹ thuật, Công nghệ và Cải tiến sản xuất/02. Quy chế – Quy định – Quy trình – Hướng dẫn/02.2025.HD-KTCN-Hướng dẫn lộ trình trụ cột bảo trì tự quản AM.24-03-2025.pdf","[10] Phòng Kỹ Thuật, Công Nghệ và Cải Tiến Sản Xuất",02.2025.HD-KTCN-Hướng dẫn lộ trình trụ cột bảo trì tự quản AM.24-03-2025.pdf,02.2025.HD-KTCN-Hướng dẫn lộ trình trụ cột bảo trì tự quản AM.24-03-2025.pdf,02,2025,2025-03-24,,,Hiệu lực,,Hướng dẫn lộ trình trụ cột bảo trì tự quản AM,,,,Quy chế – Quy định – Quy trình – Hướng dẫn,Khác,Hướng dẫn,lộ trình trụ cột bảo trì tự quản AM,KTCN,"[10] KTCN - Phòng Kỹ thuật, Công nghệ và Cải tiến sản xuất",ParsedFromFolder,High,,,,,,
"data/[10] KTCN - Phòng Kỹ thuật, Công nghệ và Cải tiến sản xuất/02. Quy chế – Quy định – Quy trình – Hướng dẫn/03.2025.HD-KTCN-Hướng dẫn lộ trình trụ cột bảo trì kế hoạch PM.21-03-2025.docx","[10] Phòng Kỹ Thuật, Công Nghệ và Cải Tiến Sản Xuất",03.2025.HD-KTCN-Hướng dẫn lộ trình trụ cột bảo trì kế hoạch PM.21-03-2025.docx,03.2025.HD-KTCN-Hướng dẫn lộ trình trụ cột bảo trì kế hoạch PM.21-03-2025.docx,03,2025,2025-03-21,,,Hiệu lực,,Hướng dẫn lộ trình trụ cột bảo trì kế hoạch PM,,,,Quy chế – Quy định – Quy trình – Hướng dẫn,Khác,Hướng dẫn,lộ trình trụ cột bảo trì kế hoạch PM,KTCN,"[10] KTCN - Phòng Kỹ thuật, Công nghệ và Cải tiến sản xuất",ParsedFromFolder,High,,,,,,
"data/[10] KTCN - Phòng Kỹ thuật, Công nghệ và Cải tiến sản xuất/02. Quy chế – Quy định – Quy trình – Hướng dẫn/03.2025.HD-KTCN-Hướng dẫn lộ trình trụ cột bảo trì kế hoạch PM.21-03-2025.pdf","[10] Phòng Kỹ Thuật, Công Nghệ và Cải Tiến Sản Xuất",03.2025.HD-KTCN-Hướng dẫn lộ trình trụ cột bảo trì kế hoạch PM.21-03-2025.pdf,03.2025.HD-KTCN-Hướng dẫn lộ trình trụ cột bảo trì kế hoạch PM.21-03-2025.pdf,03,2025,2025-03-21,,,Hiệu lực,,Hướng dẫn lộ trình trụ cột bảo trì kế hoạch PM,,,,Quy chế – Quy định – Quy trình – Hướng dẫn,Khác,Hướng dẫn,lộ trình trụ cột bảo trì kế hoạch PM,KTCN,"[10] KTCN - Phòng Kỹ thuật, Công nghệ và Cải tiến sản xuất",ParsedFromFolder,High,,,,,Bản chuẩn,
"data/[10] KTCN - Phòng Kỹ thuật, Công nghệ và Cải tiến sản xuất/02. Quy chế – Quy định – Quy trình – Hướng dẫn/03.2025.HD-KTCN-hướng dẫn lộ trình trụ cột bảo trì kế hoạch PM-v2.21-03-2025.docx","[10] Phòng Kỹ Thuật, Công Nghệ và Cải Tiến Sản Xuất",03.2025.HD-KTCN-hướng dẫn lộ trình trụ cột bảo trì kế hoạch PM-v2.21-03-2025.docx,03.2025.HD-KTCN-hướng dẫn lộ trình trụ cột bảo trì kế hoạch PM-v2.21-03-2025.docx,03,2025,2025-03-21,,,Hiệu lực,,hướng dẫn lộ trình trụ cột bảo trì kế hoạch PM-v2,,,,Quy chế – Quy định – Quy trình – Hướng dẫn,Khác,Hướng dẫn,lộ trình trụ cột bảo trì kế hoạch PM-v2,KTCN,"[10] KTCN - Phòng Kỹ thuật, Công nghệ và Cải tiến sản xuất",ParsedFromFolder,High,,,,,,
"data/[10] KTCN - Phòng Kỹ thuật, Công nghệ và Cải tiến sản xuất/02. Quy chế – Quy định – Quy trình – Hướng dẫn/03.2025.HD-KTCN-hướng dẫn lộ trình trụ cột bảo trì kế hoạch PM-v2.21-03-2025.pdf","[10] Phòng Kỹ Thuật, Công Nghệ và Cải Tiến Sản Xuất",03.2025.HD-KTCN-hướng dẫn lộ trình trụ cột bảo trì kế hoạch PM-v2.21-03-2025.pdf,03.2025.HD-KTCN-hướng dẫn lộ trình trụ cột bảo trì kế hoạch PM-v2.21-03-2025.pdf,03,2025,2025-03-21,,,Hiệu lực,,hướng dẫn lộ trình trụ cột bảo trì kế hoạch PM-v2,,,,Quy chế – Quy định – Quy trình – Hướng dẫn,Khác,Hướng dẫn,lộ trình trụ cột bảo trì kế hoạch PM-v2,KTCN,"[10] KTCN - Phòng Kỹ thuật, Công nghệ và Cải tiến sản xuất",ParsedFromFolder,High,,,,,Bản sao,
"data/[10] KTCN - Phòng Kỹ thuật, Công nghệ và Cải tiến sản xuất/02. Quy chế – Quy định – Quy trình – Hướng dẫn/04.2025.HD-KTCN-Hướng dẫn lộ trình trụ cột chất lượng tiến bộ PQ.28-03-2025.docx","[10] Phòng Kỹ Thuật, Công Nghệ và Cải Tiến Sản Xuất",04.2025.HD-KTCN-Hướng dẫn lộ trình trụ cột chất lượng tiến bộ PQ.28-03-2025.docx,04.2025.HD-KTCN-Hướng dẫn lộ trình trụ cột chất lượng tiến bộ PQ.28-03-2025.docx,04,2025,2025-03-28,,,Hiệu lực,,Hướng dẫn lộ trình trụ cột chất lượng tiến bộ PQ,,,,Quy chế – Quy định – Quy trình – Hướng dẫn,Khác,Hướng dẫn,lộ trình trụ cột chất lượng tiến bộ PQ,KTCN,"[10] KTCN - Phòng Kỹ thuật, Công nghệ và Cải tiến sản xuất",ParsedFromFolder,High,,,,,,
"data/[10] KTCN - Phòng Kỹ thuật, Công nghệ và Cải tiến sản xuất/02. Quy chế – Quy định – Quy trình – Hướng dẫn/04.2025.HD-KTCN-Hướng dẫn lộ trình trụ cột chất lượng tiến bộ PQ.28-03-2025.pdf","[10] Phòng Kỹ Thuật, Công Nghệ và Cải Tiến Sản Xuất",04.2025.HD-KTCN-Hướng dẫn lộ trình trụ cột chất lượng tiến bộ PQ.28-03-2025.pdf,04.2025.HD-KTCN-Hướng dẫn lộ trình trụ cột chất lượng tiến bộ PQ.28-03-2025.pdf,04,2025,2025-03-28,,,Hiệu lực,,Hướng dẫn lộ trình trụ cột chất lượng tiến bộ PQ,,,,Quy chế – Quy định – Quy trình – Hướng dẫn,Khác,Hướng dẫn,lộ trình trụ cột chất lượng tiến bộ PQ,KTCN,"[10] KTCN - Phòng Kỹ thuật, Công nghệ và Cải tiến sản xuất",ParsedFromFolder,High,,,,,,
"data/[10] KTCN - Phòng Kỹ thuật, Công nghệ và Cải tiến sản xuất/02. Quy chế – Quy định – Quy trình – Hướng dẫn/05.2025.HD-KTCN-Hướng dẫn lộ trình trụ cột an toàn Safety.04-06-2025.pdf","[10] Phòng Kỹ Thuật, Công Nghệ và Cải Tiến Sản Xuất",05.2025.HD-KTCN-Hướng dẫn lộ trình trụ cột an toàn Safety.04-06-2025.pdf,05.2025.HD-KTCN-Hướng dẫn lộ trình trụ cột an toàn Safety.04-06-2025.pdf,05,2025,2025-06-04,,,Hiệu lực,,Hướng dẫn lộ trình trụ cột an toàn Safety,,,,Quy chế – Quy định – Quy trình – Hướng dẫn,Khác,Hướng dẫn,lộ trình trụ cột an toàn Safety,KTCN,"[10] KTCN - Phòng Kỹ thuật, Công nghệ và Cải tiến sản xuất",ParsedFromFolder,High,,,,,,
"data/[10] KTCN - Phòng Kỹ thuật, Công nghệ và Cải tiến sản xuất/02. Quy chế – Quy định – Quy trình – Hướng dẫn/05.2025.QT-KTCN-quy trình điều phối cải tiến sản xuất.21-03-2025.docx","[10] Phòng Kỹ Thuật, Công Nghệ và Cải Tiến Sản Xuất",05.2025.QT-KTCN-quy trình điều phối cải tiến sản xuất.21-03-2025.docx,05.2025.QT-KTCN-quy trình điều phối cải tiến sản xuất.21-03-2025.docx,05,2025,2025-03-21,,,Hiệu lực,,quy trình điều phối cải tiến sản xuất,,,,Quy chế – Quy định – Quy trình – Hướng dẫn,Khác,Quy trình,điều phối cải tiến sản xuất,KTCN,"[10] KTCN - Phòng Kỹ thuật, Công nghệ và Cải tiến sản xuất",ParsedFromFolder,High,,,,,,
"data/[10] KTCN - Phòng Kỹ thuật, Công nghệ và Cải tiến sản xuất/02. Quy chế – Quy định – Quy trình – Hướng dẫn/05.2025.QT-KTCN-quy trình điều phối cải tiến sản xuất.21-03-2025.pdf","[10] Phòng Kỹ Thuật, Công Nghệ và Cải Tiến Sản Xuất",05.2025.QT-KTCN-quy trình điều phối cải tiến sản xuất.21-03-2025.pdf,05.2025.QT-KTCN-quy trình điều phối cải tiến sản xuất.21-03-2025.pdf,05,2025,2025-03-21,,,Hiệu lực,,quy trình điều phối cải tiến sản xuất,,,,Quy chế – Quy định – Quy trình – Hướng dẫn,Khác,Quy trình,điều phối cải tiến sản xuất,KTCN,"[10] KTCN - Phòng Kỹ thuật, Công nghệ và Cải tiến sản xuất",ParsedFromFolder,High,,,,,,
"data/[10] KTCN - Phòng Kỹ thuật, Công nghệ và Cải tiến sản xuất/02. Quy chế – Quy định – Quy trình – Hướng dẫn/06.2025.HD-CTSX-Hướng dẫn lộ trình trụ cột kho vận Logistics.04-06-2025.pdf","[10] Phòng Kỹ Thuật, Công Nghệ và Cải Tiến Sản Xuất",06.2025.HD-CTSX-Hướng dẫn lộ trình trụ cột kho vận Logistics.04-06-2025.pdf,06.2025.HD-CTSX-Hướng dẫn lộ trình trụ cột kho vận Logistics.04-06-2025.pdf,06,2025,2025-06-04,,,Hiệu lực,,Hướng dẫn lộ trình trụ cột kho vận Logistics,,,,Quy chế – Quy định – Quy trình – Hướng dẫn,Khác,Hướng dẫn,lộ trình trụ cột kho vận Logistics,CTSX,"[10] KTCN - Phòng Kỹ thuật, Công nghệ và Cải tiến sản xuất",ParsedFromFolder,High,,,,,,
"data/[10] KTCN - Phòng Kỹ thuật, Công nghệ và Cải tiến sản xuất/03. Tổ chức – Nhân sự/2024.MTCV-KTCN-Mô tả công việc Phòng KTCN & CTSX ban hành-CV công nghệ.31-10-2024.docx","[10] Phòng Kỹ Thuật, Công Nghệ và Cải Tiến Sản Xuất",2024.MTCV-KTCN-Mô tả công việc Phòng KTCN & CTSX ban hành-CV công nghệ.31-10-2024.docx,2024.MTCV-KTCN-Mô tả công việc Phòng KTCN & CTSX ban hành-CV công nghệ.31-10-2024.docx,,2024,2024-10-31,,,Hiệu lực,,Mô tả công việc Phòng KTCN & CTSX ban hành-CV công nghệ,,,,Tổ chức – Nhân sự,Khác,,Mô tả công việc Phòng KTCN & CTSX ban hành-CV công nghệ,KTCN,"[10] KTCN - Phòng Kỹ thuật, Công nghệ và Cải tiến sản xuất",ParsedFromFolder,High,,,,,,
"data/[10] KTCN - Phòng Kỹ thuật, Công nghệ và Cải tiến sản xuất/03. Tổ chức – Nhân sự/2024.MTCV-KTCN-Mô tả công việc Phòng KTCN & CTSX ban hành-NV cải tiến sản xuất.31-10-2024.docx","[10] Phòng Kỹ Thuật, Công Nghệ và Cải Tiến Sản Xuất",2024.MTCV-KTCN-Mô tả công việc Phòng KTCN & CTSX ban hành-NV cải tiến sản xuất.31-10-2024.docx,2024.MTCV-KTCN-Mô tả công việc Phòng KTCN & CTSX ban hành-NV cải tiến sản xuất.31-10-2024.docx,,2024,2024-10-31,,,Hiệu lực,,Mô tả công việc Phòng KTCN & CTSX ban hành-NV cải tiến sản xuất,,,,Tổ chức – Nhân sự,Khác,,Mô tả công việc Phòng KTCN & CTSX ban hành-NV cải tiến sản xuất,KTCN,"[10] KTCN - Phòng Kỹ thuật, Công nghệ và Cải tiến sản xuất",ParsedFromFolder,High,,,,,,
"data/[10] KTCN - Phòng Kỹ thuật, Công nghệ và Cải tiến sản xuất/03. Tổ chức – Nhân sự/2024.MTCV-KTCN-Mô tả công việc Phòng KTCN & CTSX ban hành-Phó phòng.31-10-2024.docx","[10] Phòng Kỹ Thuật, Công Nghệ và Cải Tiến Sản Xuất",2024.MTCV-KTCN-Mô tả công việc Phòng KTCN & CTSX ban hành-Phó phòng.31-10-2024.docx,2024.MTCV-KTCN-Mô tả công việc Phòng KTCN & CTSX ban hành-Phó phòng.31-10-2024.docx,,2024,2024-10-31,,,Hiệu lực,,Mô tả công việc Phòng KTCN & CTSX ban hành-Phó phòng,,,,Tổ chức – Nhân sự,Khác,,Mô tả công việc Phòng KTCN & CTSX ban hành-Phó phòng,KTCN,"[10] KTCN - Phòng Kỹ thuật, Công nghệ và Cải tiến sản xuất",ParsedFromFolder,High,,,,,,
"data/[10] KTCN - Phòng Kỹ thuật, Công nghệ và Cải tiến sản xuất/03. Tổ chức – Nhân sự/2024.MTCV-KTCN-Mô tả công việc Phòng KTCN & CTSX ban hành-TBP công nghệ.31-10-2024.docx","[10] Phòng Kỹ Thuật, Công Nghệ và Cải Tiến Sản Xuất",2024.MTCV-KTCN-Mô tả công việc Phòng KTCN & CTSX ban hành-TBP công nghệ.31-10-2024.docx,2024.MTCV-KTCN-Mô tả công việc Phòng KTCN & CTSX ban hành-TBP công nghệ.31-10-2024.docx,,2024,2024-10-31,,,Hiệu lực,,Mô tả công việc Phòng KTCN & CTSX ban hành-TBP công nghệ,,,,Tổ chức – Nhân sự,Khác,,Mô tả công việc Phòng KTCN & CTSX ban hành-TBP công nghệ,KTCN,"[10] KTCN - Phòng Kỹ thuật, Công nghệ và Cải tiến sản xuất",ParsedFromFolder,High,,,,,,
"data/[10] KTCN - Phòng Kỹ thuật, Công nghệ và Cải tiến sản xuất/03. Tổ chức – Nhân sự/2024.MTCV-KTCN-Mô tả công việc Phòng KTCN & CTSX ban hành-TBP cải tiến sản xuất.31-10-2024.docx","[10] Phòng Kỹ Thuật, Công Nghệ và Cải Tiến Sản Xuất",2024.MTCV-KTCN-Mô tả công việc Phòng KTCN & CTSX ban hành-TBP cải tiến sản xuất.31-10-2024.docx,2024.MTCV-KTCN-Mô tả công việc Phòng KTCN & CTSX ban hành-TBP cải tiến sản xuất.31-10-2024.docx,,2024,2024-10-31,,,Hiệu lực,,Mô tả công việc Phòng KTCN & CTSX ban hành-TBP cải tiến sản xuất,,,,Tổ chức – Nhân sự,Khác,,Mô tả công việc Phòng KTCN & CTSX ban hành-TBP cải tiến sản xuất,KTCN,"[10] KTCN - Phòng Kỹ thuật, Công nghệ và Cải tiến sản xuất",ParsedFromFolder,High,,,,,,
"data/[10] KTCN - Phòng Kỹ thuật, Công nghệ và Cải tiến sản xuất/03. Tổ chức – Nhân sự/2024.MTCV-KTCN-Mô tả công việc Phòng KTCN & CTSX ban hành-Trưởng phòng.31-10-2024.docx","[10] Phòng Kỹ Thuật, Công Nghệ và Cải Tiến Sản Xuất",2024.MTCV-KTCN-Mô tả công việc Phòng KTCN & CTSX ban hành-Trưởng phòng.31-10-2024.docx,2024.MTCV-KTCN-Mô tả công việc Phòng KTCN & CTSX ban hành-Trưởng phòng.31-10-2024.docx,,2024,2024-10-31,,,Hiệu lực,,Mô tả công việc Phòng KTCN & CTSX ban hành-Trưởng phòng,,,,Tổ chức – Nhân sự,Khác,,Mô tả công việc Phòng KTCN & CTSX ban hành-Trưởng phòng,KTCN,"[10] KTCN - Phòng Kỹ thuật, Công nghệ và Cải tiến sản xuất",ParsedFromFolder,High,,,,,,
"data/[10] KTCN - Phòng Kỹ thuật, Công nghệ và Cải tiến sản xuất/03. Tổ chức – Nhân sự/2024.MTCV-KTCN-Mô tả công việc Phòng KTCN & CTSX ban hành.31-10-2024.pdf","[10] Phòng Kỹ Thuật, Công Nghệ và Cải Tiến Sản Xuất",2024.MTCV-KTCN-Mô tả công việc Phòng KTCN & CTSX ban hành.31-10-2024.pdf,2024.MTCV-KTCN-Mô tả công việc Phòng KTCN & CTSX ban hành.31-10-2024.pdf,,2024,2024-10-31,,,Hiệu lực,,Mô tả công việc Phòng KTCN & CTSX ban hành,,,,Tổ chức – Nhân sự,Khác,,Mô tả công việc Phòng KTCN & CTSX ban hành,KTCN,"[10] KTCN - Phòng Kỹ thuật, Công nghệ và Cải tiến sản xuất",ParsedFromFolder,High,,,,,,
"data/[10] KTCN - Phòng Kỹ thuật, Công nghệ và Cải tiến sản xuất/03. Tổ chức – Nhân sự/2024.QyĐ-KTCN-Quy định chức năng nhiệm vụ Phòng Kỹ thuật Công nghệ và Cải tiến Sản xuất.docx","[10] Phòng Kỹ Thuật, Công Nghệ và Cải Tiến Sản Xuất",2024.QyĐ-KTCN-Quy định chức năng nhiệm vụ Phòng Kỹ thuật Công nghệ và Cải tiến Sản xuất.docx,2024.QyĐ-KTCN-Quy định chức năng nhiệm vụ Phòng Kỹ thuật Công nghệ và Cải tiến Sản xuất.docx,,2024,,,,Hiệu lực,,Quy định chức năng nhiệm vụ Phòng Kỹ thuật Công nghệ và Cải tiến Sản xuất,,,,Tổ chức – Nhân sự,Khác,Quy định,chức năng nhiệm vụ Phòng Kỹ thuật Công nghệ và Cải tiến Sản xuất,KTCN,"[10] KTCN - Phòng Kỹ thuật, Công nghệ và Cải tiến sản xuất",ParsedFromFolder,High,,,,,,
"data/[10] KTCN - Phòng Kỹ thuật, Công nghệ và Cải tiến sản xuất/03. Tổ chức – Nhân sự/745.2025.QĐ-HCNS-Bổ nhiệm Trưởng bộ phận công nghệ-P.kỹ thuật CN & CTSX.15-10-2025.pdf","[10] Phòng Kỹ Thuật, Công Nghệ và Cải Tiến Sản Xuất",745.2025.QĐ-HCNS-Bổ nhiệm Trưởng bộ phận công nghệ-P.kỹ thuật CN & CTSX.15-10-2025.pdf,745.2025.QĐ-HCNS-Bổ nhiệm Trưởng bộ phận công nghệ-P.kỹ thuật CN & CTSX.15-10-2025.pdf,745,2025,2025-10-15,,,Hiệu lực,,Bổ nhiệm Trưởng bộ phận công nghệ-P.kỹ thuật CN & CTSX,,,,Tổ chức – Nhân sự,Quyết định,,Bổ nhiệm Trưởng bộ phận công nghệ-P.kỹ thuật CN & CTSX,HCNS,"[10] KTCN - Phòng Kỹ thuật, Công nghệ và Cải tiến sản xuất",ParsedFromFolder,High,,,,,,
data/[11] VHKD - Phòng Vận hành Kinh doanh/02. Quy chế – Quy định – Quy trình – Hướng dẫn/01.2025.HD-VHKD-Hướng dẫn công việc phê duyệt hợp đồng.15-12-2025.pdf,[11] Phòng Vận Hành Kinh Doanh,01.2025.HD-VHKD-Hướng dẫn công việc phê duyệt hợp đồng.15-12-2025.pdf,01.2025.HD-VHKD-Hướng dẫn công việc phê duyệt hợp đồng.15-12-2025.pdf,01,2025,2025-12-15,,,Hiệu lực,,Hướng dẫn công việc phê duyệt hợp đồng,,,,Quy chế – Quy định – Quy trình – Hướng dẫn,Khác,Hướng dẫn,công việc phê duyệt hợp đồng,VHKD,[11] VHKD - Phòng Vận hành Kinh doanh,ParsedFromFolder,High,,,,,,
data/[11] VHKD - Phòng Vận hành Kinh doanh/02. Quy chế – Quy định – Quy trình – Hướng dẫn/01.2025.HD-VHKD-Hướng dẫn công việc quản lý tài sản trên điểm bán(áp dụng cho GSBH).19-12-2025.pdf,[11] Phòng Vận Hành Kinh Doanh,01.2025.HD-VHKD-Hướng dẫn công việc quản lý tài sản trên điểm bán(áp dụng cho GSBH).19-12-2025.pdf,01.2025.HD-VHKD-Hướng dẫn công việc quản lý tài sản trên điểm bán(áp dụng cho GSBH).19-12-2025.pdf,01,2025,2025-12-19,,,Hiệu lực,,Hướng dẫn công việc quản lý tài sản trên điểm bán(áp dụng cho GSBH),,,,Quy chế – Quy định – Quy trình – Hướng dẫn,Khác,Hướng dẫn,công việc quản lý tài sản trên điểm bán(áp dụng cho GSBH),VHKD,[11] VHKD - Phòng Vận hành Kinh doanh,ParsedFromFolder,High,,,,,,
data/[11] VHKD - Phòng Vận hành Kinh doanh/02. Quy chế – Quy định – Quy trình – Hướng dẫn/01.2025.HD-VHKD-Hướng dẫn công việc quản lý tồn kho nhà phân phối.15-12-2025.pdf,[11] Phòng Vận Hành Kinh Doanh,01.2025.HD-VHKD-Hướng dẫn công việc quản lý tồn kho nhà phân phối.15-12-2025.pdf,01.2025.HD-VHKD-Hướng dẫn công việc quản lý tồn kho nhà phân phối.15-12-2025.pdf,01,2025,2025-12-15,,,Hiệu lực,,Hướng dẫn công việc quản lý tồn kho nhà phân phối,,,,Quy chế – Quy định – Quy trình – Hướng dẫn,Khác,Hướng dẫn,công việc quản lý tồn kho nhà phân phối,VHKD,[11] VHKD - Phòng Vận hành Kinh doanh,ParsedFromFolder,High,,,,,,
data/[11] VHKD - Phòng Vận hành Kinh doanh/02. Quy chế – Quy định – Quy trình – Hướng dẫn/01.2025.HD-VHKD-Hướng dẫn công việc triển khai chính sách và chương trình khuyến mại.15-12-2025.pdf,[11] Phòng Vận Hành Kinh Doanh,01.2025.HD-VHKD-Hướng dẫn công việc triển khai chính sách và chương trình khuyến mại.15-12-2025.pdf,01.2025.HD-VHKD-Hướng dẫn công việc triển khai chính sách và chương trình khuyến mại.15-12-2025.pdf,01,2025,2025-12-15,,,Hiệu lực,,Hướng dẫn công việc triển khai chính sách và chương trình khuyến mại,,,,Quy chế – Quy định – Quy trình – Hướng dẫn,Khác,Hướng dẫn,công việc triển khai chính sách và chương trình khuyến mại,VHKD,[11] VHKD - Phòng Vận hành Kinh doanh,ParsedFromFolder,High,,,,,,
data/[11] VHKD - Phòng Vận hành Kinh doanh/02. Quy chế – Quy định – Quy trình – Hướng dẫn/01.2025.HD-VHKD-Hướng dẫn công việc triển khai chỉ tiêu kinh doanh.15-12-2025.pdf,[11] Phòng Vận Hành Kinh Doanh,01.2025.HD-VHKD-Hướng dẫn công việc triển khai chỉ tiêu kinh doanh.15-12-2025.pdf,01.2025.HD-VHKD-Hướng dẫn công việc triển khai chỉ tiêu kinh doanh.15-12-2025.pdf,01,2025,2025-12-15,,,Hiệu lực,,Hướng dẫn công việc triển khai chỉ tiêu kinh doanh,,,,Quy chế – Quy định – Quy trình – Hướng dẫn,Khác,Hướng dẫn,công việc triển khai chỉ tiêu kinh doanh,VHKD,[11] VHKD - Phòng Vận hành Kinh doanh,ParsedFromFolder,High,,,,,,
data/[11] VHKD - Phòng Vận hành Kinh doanh/02. Quy chế – Quy định – Quy trình – Hướng dẫn/01.2025.QT-VHKD-Quy trình mở và đóng nhà phân phối.02-12-2025.docx,[11] Phòng Vận Hành Kinh Doanh,01.2025.QT-VHKD-Quy trình mở và đóng nhà phân phối.02-12-2025.docx,01.2025.QT-VHKD-Quy trình mở và đóng nhà phân phối.02-12-2025.docx,01,2025,2025-12-02,,,Hiệu lực,,Quy trình mở và đóng nhà phân phối,,,,Quy chế – Quy định – Quy trình – Hướng dẫn,Khác,Quy trình,mở và đóng nhà phân phối,VHKD,[11] VHKD - Phòng Vận hành Kinh doanh,ParsedFromFolder,High,,,,,,
data/[11] VHKD - Phòng Vận hành Kinh doanh/02. Quy chế – Quy định – Quy trình – Hướng dẫn/01.2025.QT-VHKD-Quy trình mở và đóng nhà phân phối.02-12-2025.pdf,[11] Phòng Vận Hành Kinh Doanh,01.2025.QT-VHKD-Quy trình mở và đóng nhà phân phối.02-12-2025.pdf,01.2025.QT-VHKD-Quy trình mở và đóng nhà phân phối.02-12-2025.pdf,01,2025,2025-12-02,,,Hiệu lực,,Quy trình mở và đóng nhà phân phối,,,,Quy chế – Quy định – Quy trình – Hướng dẫn,Khác,Quy trình,mở và đóng nhà phân phối,VHKD,[11] VHKD - Phòng Vận hành Kinh doanh,ParsedFromFolder,High,,,,,,
data/[11] VHKD - Phòng Vận hành Kinh doanh/02. Quy chế – Quy định – Quy trình – Hướng dẫn/01.2025.QyĐ-VHKD-Quy định trưng bày sản phẩm vật phẩm quảng cáo tại điểm bán.02-12-2025.docx,[11] Phòng Vận Hành Kinh Doanh,01.2025.QyĐ-VHKD-Quy định trưng bày sản phẩm vật phẩm quảng cáo tại điểm bán.02-12-2025.docx,01.2025.QyĐ-VHKD-Quy định trưng bày sản phẩm vật phẩm quảng cáo tại điểm bán.02-12-2025.docx,01,2025,2025-12-02,,,Hiệu lực,,Quy định trưng bày sản phẩm vật phẩm quảng cáo tại điểm bán,,,,Quy chế – Quy định – Quy trình – Hướng dẫn,Khác,Quy định,trưng bày sản phẩm vật phẩm quảng cáo tại điểm bán,VHKD,[11] VHKD - Phòng Vận hành Kinh doanh,ParsedFromFolder,High,,,,,,
data/[11] VHKD - Phòng Vận hành Kinh doanh/02. Quy chế – Quy định – Quy trình – Hướng dẫn/01.2025.QyĐ-VHKD-Quy định trưng bày sản phẩm vật phẩm quảng cáo tại điểm bán.02-12-2025.pdf,[11] Phòng Vận Hành Kinh Doanh,01.2025.QyĐ-VHKD-Quy định trưng bày sản phẩm vật phẩm quảng cáo tại điểm bán.02-12-2025.pdf,01.2025.QyĐ-VHKD-Quy định trưng bày sản phẩm vật phẩm quảng cáo tại điểm bán.02-12-2025.pdf,01,2025,2025-12-02,,,Hiệu lực,,Quy định trưng bày sản phẩm vật phẩm quảng cáo tại điểm bán,,,,Quy chế – Quy định – Quy trình – Hướng dẫn,Khác,Quy định,trưng bày sản phẩm vật phẩm quảng cáo tại điểm bán,VHKD,[11] VHKD - Phòng Vận hành Kinh doanh,ParsedFromFolder,High,,,,,,
data/[11] VHKD - Phòng Vận hành Kinh doanh/02. Quy chế – Quy định – Quy trình – Hướng dẫn/02.2025.QyĐ-VHKD-Quy định làm việc đối với Giám đốc bán hàng vùng.02-12-2025.docx,[11] Phòng Vận Hành Kinh Doanh,02.2025.QyĐ-VHKD-Quy định làm việc đối với Giám đốc bán hàng vùng.02-12-2025.docx,02.2025.QyĐ-VHKD-Quy định làm việc đối với Giám đốc bán hàng vùng.02-12-2025.docx,02,2025,2025-12-02,,,Hiệu lực,,Quy định làm việc đối với Giám đốc bán hàng vùng,,,,Quy chế – Quy định – Quy trình – Hướng dẫn,Khác,Quy định,làm việc đối với Giám đốc bán hàng vùng,VHKD,[11] VHKD - Phòng Vận hành Kinh doanh,ParsedFromFolder,High,,,,,,
data/[11] VHKD - Phòng Vận hành Kinh doanh/02. Quy chế – Quy định – Quy trình – Hướng dẫn/02.2025.QyĐ-VHKD-Quy định làm việc đối với Giám đốc bán hàng vùng.02-12-2025.pdf,[11] Phòng Vận Hành Kinh Doanh,02.2025.QyĐ-VHKD-Quy định làm việc đối với Giám đốc bán hàng vùng.02-12-2025.pdf,02.2025.QyĐ-VHKD-Quy định làm việc đối với Giám đốc bán hàng vùng.02-12-2025.pdf,02,2025,2025-12-02,,,Hiệu lực,,Quy định làm việc đối với Giám đốc bán hàng vùng,,,,Quy chế – Quy định – Quy trình – Hướng dẫn,Khác,Quy định,làm việc đối với Giám đốc bán hàng vùng,VHKD,[11] VHKD - Phòng Vận hành Kinh doanh,ParsedFromFolder,High,,,,,,
data/[11] VHKD - Phòng Vận hành Kinh doanh/02. Quy chế – Quy định – Quy trình – Hướng dẫn/03.2025.QyĐ-VHKD-ban hành quy định làm việc đối với giám sát bán hàng.15-12-2025.pdf,[11] Phòng Vận Hành Kinh Doanh,03.2025.QyĐ-VHKD-ban hành quy định làm việc đối với giám sát bán hàng.15-12-2025.pdf,03.2025.QyĐ-VHKD-ban hành quy định làm việc đối với giám sát bán hàng.15-12-2025.pdf,03,2025,2025-12-15,,,Hiệu lực,,ban hành quy định làm việc đối với giám sát bán hàng,,,,Quy chế – Quy định – Quy trình – Hướng dẫn,Khác,Quy định,làm việc đối với giám sát bán hàng,VHKD,[11] VHKD - Phòng Vận hành Kinh doanh,ParsedFromFolder,High,,,,,,
data/[11] VHKD - Phòng Vận hành Kinh doanh/02. Quy chế – Quy định – Quy trình – Hướng dẫn/04.2025.QyĐ-VHKD-Quy định làm việc đối với nhân viên bán hàng.15-12-2025.pdf,[11] Phòng Vận Hành Kinh Doanh,04.2025.QyĐ-VHKD-Quy định làm việc đối với nhân viên bán hàng.15-12-2025.pdf,04.2025.QyĐ-VHKD-Quy định làm việc đối với nhân viên bán hàng.15-12-2025.pdf,04,2025,2025-12-15,,,Hiệu lực,,Quy định làm việc đối với nhân viên bán hàng,,,,Quy chế – Quy định – Quy trình – Hướng dẫn,Khác,Quy định,làm việc đối với nhân viên bán hàng,VHKD,[11] VHKD - Phòng Vận hành Kinh doanh,ParsedFromFolder,High,,,,,,
data/[11] VHKD - Phòng Vận hành Kinh doanh/02. Quy chế – Quy định – Quy trình – Hướng dẫn/05.2025.HD-VHKD-Hướng dẫn công việc giải quyết xung đột địa bàn giữa các nhà phân phối.15-12-2025.pdf,[11] Phòng Vận Hành Kinh Doanh,05.2025.HD-VHKD-Hướng dẫn công việc giải quyết xung đột địa bàn giữa các nhà phân phối.15-12-2025.pdf,05.2025.HD-VHKD-Hướng dẫn công việc giải quyết xung đột địa bàn giữa các nhà phân phối.15-12-2025.pdf,05,2025,2025-12-15,,,Hiệu lực,,Hướng dẫn công việc giải quyết xung đột địa bàn giữa các nhà phân phối,,,,Quy chế – Quy định – Quy trình – Hướng dẫn,Khác,Hướng dẫn,công việc giải quyết xung đột địa bàn giữa các nhà phân phối,VHKD,[11] VHKD - Phòng Vận hành Kinh doanh,ParsedFromFolder,High,,,,,,
data/[11] VHKD - Phòng Vận hành Kinh doanh/02. Quy chế – Quy định – Quy trình – Hướng dẫn/06.2025.HD-VHKD-Hướng dẫn công việc quản lý tài sản trên điểm bán.15-12-2025.pdf,[11] Phòng Vận Hành Kinh Doanh,06.2025.HD-VHKD-Hướng dẫn công việc quản lý tài sản trên điểm bán.15-12-2025.pdf,06.2025.HD-VHKD-Hướng dẫn công việc quản lý tài sản trên điểm bán.15-12-2025.pdf,06,2025,2025-12-15,,,Hiệu lực,,Hướng dẫn công việc quản lý tài sản trên điểm bán,,,,Quy chế – Quy định – Quy trình – Hướng dẫn,Khác,Hướng dẫn,công việc quản lý tài sản trên điểm bán,VHKD,[11] VHKD - Phòng Vận hành Kinh doanh,ParsedFromFolder,High,,,,,,
data/[11] VHKD - Phòng Vận hành Kinh doanh/02. Quy chế – Quy định – Quy trình – Hướng dẫn/1.2025.HD-VHKD-Hướng dẫn công việc quản lý tồn kho Nhà phân phối(áp dụng cho GSBH).19-12-2025.pdf,[11] Phòng Vận Hành Kinh Doanh,1.2025.HD-VHKD-Hướng dẫn công việc quản lý tồn kho Nhà phân phối(áp dụng cho GSBH).19-12-2025.pdf,1.2025.HD-VHKD-Hướng dẫn công việc quản lý tồn kho Nhà phân phối(áp dụng cho GSBH).19-12-2025.pdf,1,2025,2025-12-19,,,Hiệu lực,,Hướng dẫn công việc quản lý tồn kho Nhà phân phối(áp dụng cho GSBH),,,,Quy chế – Quy định – Quy trình – Hướng dẫn,Khác,Hướng dẫn,công việc quản lý tồn kho Nhà phân phối(áp dụng cho GSBH),VHKD,[11] VHKD - Phòng Vận hành Kinh doanh,ParsedFromFolder,High,,,,,,
data/[11] VHKD - Phòng Vận hành Kinh doanh/02. Quy chế – Quy định – Quy trình – Hướng dẫn/1.2025.HD-VHKD-Hướng dẫn công việc triển khai chỉ tiêu kinh doanh (áp dụng cho GSBH).19-12-2025.pdf,[11] Phòng Vận Hành Kinh Doanh,1.2025.HD-VHKD-Hướng dẫn công việc triển khai chỉ tiêu kinh doanh (áp dụng cho GSBH).19-12-2025.pdf,1.2025.HD-VHKD-Hướng dẫn công việc triển khai chỉ tiêu kinh doanh (áp dụng cho GSBH).19-12-2025.pdf,1,2025,2025-12-19,,,Hiệu lực,,Hướng dẫn công việc triển khai chỉ tiêu kinh doanh (áp dụng cho GSBH),,,,Quy chế – Quy định – Quy trình – Hướng dẫn,Khác,Hướng dẫn,công việc triển khai chỉ tiêu kinh doanh (áp dụng cho GSBH),VHKD,[11] VHKD - Phòng Vận hành Kinh doanh,ParsedFromFolder,High,,,,,,
data/[11] VHKD - Phòng Vận hành Kinh doanh/02. Quy chế – Quy định – Quy trình – Hướng dẫn/3.2025.HD-VHKD-Hướng dẫn công việc quản lý tài sản trên điểm bán(áp dụng cho NVBH).19-12-2025.pdf,[11] Phòng Vận Hành Kinh Doanh,3.2025.HD-VHKD-Hướng dẫn công việc quản lý tài sản trên điểm bán(áp dụng cho NVBH).19-12-2025.pdf,3.2025.HD-VHKD-Hướng dẫn công việc quản lý tài sản trên điểm bán(áp dụng cho NVBH).19-12-2025.pdf,3,2025,2025-12-19,,,Hiệu lực,,Hướng dẫn công việc quản lý tài sản trên điểm bán(áp dụng cho NVBH),,,,Quy chế – Quy định – Quy trình – Hướng dẫn,Khác,Hướng dẫn,công việc quản lý tài sản trên điểm bán(áp dụng cho NVBH),VHKD,[11] VHKD - Phòng Vận hành Kinh doanh,ParsedFromFolder,High,,,,,,
data/[11] VHKD - Phòng Vận hành Kinh doanh/02. Quy chế – Quy định – Quy trình – Hướng dẫn/3.2025.HD-VHKD-Hướng dẫn công việc quản lý tồn kho nhà phân phối(áp dụng cho NVBH).19-12-2025.pdf,[11] Phòng Vận Hành Kinh Doanh,3.2025.HD-VHKD-Hướng dẫn công việc quản lý tồn kho nhà phân phối(áp dụng cho NVBH).19-12-2025.pdf,3.2025.HD-VHKD-Hướng dẫn công việc quản lý tồn kho nhà phân phối(áp dụng cho NVBH).19-12-2025.pdf,3,2025,2025-12-19,,,Hiệu lực,,Hướng dẫn công việc quản lý tồn kho nhà phân phối(áp dụng cho NVBH),,,,Quy chế – Quy định – Quy trình – Hướng dẫn,Khác,Hướng dẫn,công việc quản lý tồn kho nhà phân phối(áp dụng cho NVBH),VHKD,[11] VHKD - Phòng Vận hành Kinh doanh,ParsedFromFolder,High,,,,,,
data/[11] VHKD - Phòng Vận hành Kinh doanh/02. Quy chế – Quy định – Quy trình – Hướng dẫn/BB-Biên bản bàn giao km 3 bên.xlsx,[11] Phòng Vận Hành Kinh Doanh,BB-Biên bản bàn giao km 3 bên.xlsx,BB-Biên bản bàn giao km 3 bên.xlsx,,,,,,Hiệu lực,,Biên bản bàn giao km 3 bên,,,,Quy chế – Quy định – Quy trình – Hướng dẫn,Biên bản,,Biên bản bàn giao km 3 bên,,[11] VHKD - Phòng Vận hành Kinh doanh,ParsedFromFolder,High,,,,,,
data/[11] VHKD - Phòng Vận hành Kinh doanh/02. Quy chế – Quy định – Quy trình – Hướng dẫn/HD-Biểu mẫu hướng dẫn.zip,[11] Phòng Vận Hành Kinh Doanh,HD-Biểu mẫu hướng dẫn.zip,HD-Biểu mẫu hướng dẫn.zip,,,,,,Hiệu lực,,Biểu mẫu hướng dẫn,,,,Quy chế – Quy định – Quy trình – Hướng dẫn,Khác,Hướng dẫn,Biểu mẫu hướng dẫn,,[11] VHKD - Phòng Vận hành Kinh doanh,ParsedFromFolder,High,,,,,,
data/[11] VHKD - Phòng Vận hành Kinh doanh/03. Tổ chức – Nhân sự/01.2024.QyĐ-HLB-Ban hành và áp dụng thực hiện bản mô tả công việc cho cán bộ nhân viên phòng vận hành kinh doanh.31-10-2024.pdf,[11] Phòng Vận Hành Kinh Doanh,01.2024.QyĐ-HLB-Ban hành và áp dụng thực hiện bản mô tả công việc cho cán bộ nhân viên phòng vận hành kinh doanh.31-10-2024.pdf,01.2024.QyĐ-HLB-Ban hành và áp dụng thực hiện bản mô tả công việc cho cán bộ nhân viên phòng vận hành kinh doanh.31-10-2024.pdf,01,2024,2024-10-31,,,Hiệu lực,,Ban hành và áp dụng thực hiện bản mô tả công việc cho cán bộ nhân viên phòng vận hành kinh doanh,,,,Tổ chức – Nhân sự,Khác,,và áp dụng thực hiện bản mô tả công việc cho cán bộ nhân viên phòng vận hành kinh doanh,HLB,[11] VHKD - Phòng Vận hành Kinh doanh,ParsedFromFolder,High,,,,,,
data/[11] VHKD - Phòng Vận hành Kinh doanh/03. Tổ chức – Nhân sự/01.2025.MTCV-VHKD-Ban hành mô tả công việc của trưởng nhóm khai thác và quản trị hệ thống.18-03-2025.pdf,[11] Phòng Vận Hành Kinh Doanh,01.2025.MTCV-VHKD-Ban hành mô tả công việc của trưởng nhóm khai thác và quản trị hệ thống.18-03-2025.pdf,01.2025.MTCV-VHKD-Ban hành mô tả công việc của trưởng nhóm khai thác và quản trị hệ thống.18-03-2025.pdf,01,2025,2025-03-18,,,Hiệu lực,,Ban hành mô tả công việc của trưởng nhóm khai thác và quản trị hệ thống,,,,Tổ chức – Nhân sự,Khác,,mô tả công việc của trưởng nhóm khai thác và quản trị hệ thống,VHKD,[11] VHKD - Phòng Vận hành Kinh doanh,ParsedFromFolder,High,,,,,,
data/[11] VHKD - Phòng Vận hành Kinh doanh/03. Tổ chức – Nhân sự/430.2025.QĐ-HLB-Quyết định Bổ nhiệm Trưởng phòng vận hành kinh doanh.21-07-2025.pdf,[11] Phòng Vận Hành Kinh Doanh,430.2025.QĐ-HLB-Quyết định Bổ nhiệm Trưởng phòng vận hành kinh doanh.21-07-2025.pdf,430.2025.QĐ-HLB-Quyết định Bổ nhiệm Trưởng phòng vận hành kinh doanh.21-07-2025.pdf,430,2025,2025-07-21,,,Hiệu lực,,Quyết định Bổ nhiệm Trưởng phòng vận hành kinh doanh,,,,Tổ chức – Nhân sự,Quyết định,,Quyết định Bổ nhiệm Trưởng phòng vận hành kinh doanh,HLB,[11] VHKD - Phòng Vận hành Kinh doanh,ParsedFromFolder,High,,,,,,
data/[11] VHKD - Phòng Vận hành Kinh doanh/03. Tổ chức – Nhân sự/53.2025.QĐ-HCNS-Ban hành mô tả công việc trưởng nhóm tác nghiệp kinh doanh và nhân viên quan hệ đối tác.05-02-2025.pdf,[11] Phòng Vận Hành Kinh Doanh,53.2025.QĐ-HCNS-Ban hành mô tả công việc trưởng nhóm tác nghiệp kinh doanh và nhân viên quan hệ đối tác.05-02-2025.pdf,53.2025.QĐ-HCNS-Ban hành mô tả công việc trưởng nhóm tác nghiệp kinh doanh và nhân viên quan hệ đối tác.05-02-2025.pdf,53,2025,2025-02-05,,,Hiệu lực,,Ban hành mô tả công việc trưởng nhóm tác nghiệp kinh doanh và nhân viên quan hệ đối tác,,,,Tổ chức – Nhân sự,Quyết định,,mô tả công việc trưởng nhóm tác nghiệp kinh doanh và nhân viên quan hệ đối tác,HCNS,[11] VHKD - Phòng Vận hành Kinh doanh,ParsedFromFolder,High,,,,,,
data/[11] VHKD - Phòng Vận hành Kinh doanh/03. Tổ chức – Nhân sự/879.2026.QĐ-HCNS-Bổ nhiệm Trưởng nhóm tác nghiệp kinh doanh-Kênh phân phối bia hơi bia tươi.01-01-2026.pdf,[11] Phòng Vận Hành Kinh Doanh,879.2026.QĐ-HCNS-Bổ nhiệm Trưởng nhóm tác nghiệp kinh doanh-Kênh phân phối bia hơi bia tươi.01-01-2026.pdf,879.2026.QĐ-HCNS-Bổ nhiệm Trưởng nhóm tác nghiệp kinh doanh-Kênh phân phối bia hơi bia tươi.01-01-2026.pdf,879,2026,2026-01-01,,,Hiệu lực,,Bổ nhiệm Trưởng nhóm tác nghiệp kinh doanh-Kênh phân phối bia hơi bia tươi,,,,Tổ chức – Nhân sự,Quyết định,,Bổ nhiệm Trưởng nhóm tác nghiệp kinh doanh-Kênh phân phối bia hơi bia tươi,HCNS,[11] VHKD - Phòng Vận hành Kinh doanh,ParsedFromFolder,High,,,,,,
data/[11] VHKD - Phòng Vận hành Kinh doanh/03. Tổ chức – Nhân sự/880.2026.QĐ-HCNS-Bổ nhiệm Trưởng nhóm tác nghiệp kinh doanh-Kênh phân phối bia lon bia chai.01-01-2026.pdf,[11] Phòng Vận Hành Kinh Doanh,880.2026.QĐ-HCNS-Bổ nhiệm Trưởng nhóm tác nghiệp kinh doanh-Kênh phân phối bia lon bia chai.01-01-2026.pdf,880.2026.QĐ-HCNS-Bổ nhiệm Trưởng nhóm tác nghiệp kinh doanh-Kênh phân phối bia lon bia chai.01-01-2026.pdf,880,2026,2026-01-01,,,Hiệu lực,,Bổ nhiệm Trưởng nhóm tác nghiệp kinh doanh-Kênh phân phối bia lon bia chai,,,,Tổ chức – Nhân sự,Quyết định,,Bổ nhiệm Trưởng nhóm tác nghiệp kinh doanh-Kênh phân phối bia lon bia chai,HCNS,[11] VHKD - Phòng Vận hành Kinh doanh,ParsedFromFolder,High,,,,,,
data/[11] VHKD - Phòng Vận hành Kinh doanh/03. Tổ chức – Nhân sự/MTCV-KDBH-Mô tả công việc Phó phòng kinh doanh bia hơi.docx,[11] Phòng Vận Hành Kinh Doanh,MTCV-KDBH-Mô tả công việc Phó phòng kinh doanh bia hơi.docx,MTCV-KDBH-Mô tả công việc Phó phòng kinh doanh bia hơi.docx,,,,,,Hiệu lực,,Mô tả công việc Phó phòng kinh doanh bia hơi,,,,Tổ chức – Nhân sự,Khác,,Mô tả công việc Phó phòng kinh doanh bia hơi,KDBH,[11] VHKD - Phòng Vận hành Kinh doanh,ParsedFromFolder,High,,,,,,
data/[11] VHKD - Phòng Vận hành Kinh doanh/03. Tổ chức – Nhân sự/MTCV-VHKD-Mô tả công việc Nhân viên chăm sóc khách hàng.docx,[11] Phòng Vận Hành Kinh Doanh,MTCV-VHKD-Mô tả công việc Nhân viên chăm sóc khách hàng.docx,MTCV-VHKD-Mô tả công việc Nhân viên chăm sóc khách hàng.docx,,,,,,Hiệu lực,,Mô tả công việc Nhân viên chăm sóc khách hàng,,,,Tổ chức – Nhân sự,Khác,,Mô tả công việc Nhân viên chăm sóc khách hàng,VHKD,[11] VHKD - Phòng Vận hành Kinh doanh,ParsedFromFolder,High,,,,,,
data/[11] VHKD - Phòng Vận hành Kinh doanh/03. Tổ chức – Nhân sự/MTCV-VHKD-Mô tả công việc Nhân viên giám sát TBBH.docx,[11] Phòng Vận Hành Kinh Doanh,MTCV-VHKD-Mô tả công việc Nhân viên giám sát TBBH.docx,MTCV-VHKD-Mô tả công việc Nhân viên giám sát TBBH.docx,,,,,,Hiệu lực,,Mô tả công việc Nhân viên giám sát TBBH,,,,Tổ chức – Nhân sự,Khác,,Mô tả công việc Nhân viên giám sát TBBH,VHKD,[11] VHKD - Phòng Vận hành Kinh doanh,ParsedFromFolder,High,,,,,,
data/[11] VHKD - Phòng Vận hành Kinh doanh/03. Tổ chức – Nhân sự/MTCV-VHKD-Mô tả công việc Nhân viên giám sát hệ thống.docx,[11] Phòng Vận Hành Kinh Doanh,MTCV-VHKD-Mô tả công việc Nhân viên giám sát hệ thống.docx,MTCV-VHKD-Mô tả công việc Nhân viên giám sát hệ thống.docx,,,,,,Hiệu lực,,Mô tả công việc Nhân viên giám sát hệ thống,,,,Tổ chức – Nhân sự,Khác,,Mô tả công việc Nhân viên giám sát hệ thống,VHKD,[11] VHKD - Phòng Vận hành Kinh doanh,ParsedFromFolder,High,,,,,,
data/[11] VHKD - Phòng Vận hành Kinh doanh/03. Tổ chức – Nhân sự/MTCV-VHKD-Mô tả công việc Nhân viên khai thác hệ thống DMS.docx,[11] Phòng Vận Hành Kinh Doanh,MTCV-VHKD-Mô tả công việc Nhân viên khai thác hệ thống DMS.docx,MTCV-VHKD-Mô tả công việc Nhân viên khai thác hệ thống DMS.docx,,,,,,Hiệu lực,,Mô tả công việc Nhân viên khai thác hệ thống DMS,,,,Tổ chức – Nhân sự,Khác,,Mô tả công việc Nhân viên khai thác hệ thống DMS,VHKD,[11] VHKD - Phòng Vận hành Kinh doanh,ParsedFromFolder,High,,,,,,
data/[11] VHKD - Phòng Vận hành Kinh doanh/03. Tổ chức – Nhân sự/MTCV-VHKD-Mô tả công việc Nhân viên phát triển hệ thống và đào tạo.docx,[11] Phòng Vận Hành Kinh Doanh,MTCV-VHKD-Mô tả công việc Nhân viên phát triển hệ thống và đào tạo.docx,MTCV-VHKD-Mô tả công việc Nhân viên phát triển hệ thống và đào tạo.docx,,,,,,Hiệu lực,,Mô tả công việc Nhân viên phát triển hệ thống và đào tạo,,,,Tổ chức – Nhân sự,Khác,,Mô tả công việc Nhân viên phát triển hệ thống và đào tạo,VHKD,[11] VHKD - Phòng Vận hành Kinh doanh,ParsedFromFolder,High,,,,,,
data/[11] VHKD - Phòng Vận hành Kinh doanh/03. Tổ chức – Nhân sự/MTCV-VHKD-Mô tả công việc Nhân viên tác nghiệp.docx,[11] Phòng Vận Hành Kinh Doanh,MTCV-VHKD-Mô tả công việc Nhân viên tác nghiệp.docx,MTCV-VHKD-Mô tả công việc Nhân viên tác nghiệp.docx,,,,,,Hiệu lực,,Mô tả công việc Nhân viên tác nghiệp,,,,Tổ chức – Nhân sự,Khác,,Mô tả công việc Nhân viên tác nghiệp,VHKD,[11] VHKD - Phòng Vận hành Kinh doanh,ParsedFromFolder,High,,,,,,
data/[11] VHKD - Phòng Vận hành Kinh doanh/03. Tổ chức – Nhân sự/MTCV-VHKD-Mô tả công việc Phó phòng vận hành kinh doanh.docx,[11] Phòng Vận Hành Kinh Doanh,MTCV-VHKD-Mô tả công việc Phó phòng vận hành kinh doanh.docx,MTCV-VHKD-Mô tả công việc Phó phòng vận hành kinh doanh.docx,,,,,,Hiệu lực,,Mô tả công việc Phó phòng vận hành kinh doanh,,,,Tổ chức – Nhân sự,Khác,,Mô tả công việc Phó phòng vận hành kinh doanh,VHKD,[11] VHKD - Phòng Vận hành Kinh doanh,ParsedFromFolder,High,,,,,,
data/[11] VHKD - Phòng Vận hành Kinh doanh/03. Tổ chức – Nhân sự/MTCV-VHKD-Mô tả công việc Trưởng BP dịch vụ khách hàng.docx,[11] Phòng Vận Hành Kinh Doanh,MTCV-VHKD-Mô tả công việc Trưởng BP dịch vụ khách hàng.docx,MTCV-VHKD-Mô tả công việc Trưởng BP dịch vụ khách hàng.docx,,,,,,Hiệu lực,,Mô tả công việc Trưởng BP dịch vụ khách hàng,,,,Tổ chức – Nhân sự,Khác,,Mô tả công việc Trưởng BP dịch vụ khách hàng,VHKD,[11] VHKD - Phòng Vận hành Kinh doanh,ParsedFromFolder,High,,,,,,
data/[11] VHKD - Phòng Vận hành Kinh doanh/03. Tổ chức – Nhân sự/MTCV-VHKD-Mô tả công việc Trưởng bộ phận phát triển hệ thống.docx,[11] Phòng Vận Hành Kinh Doanh,MTCV-VHKD-Mô tả công việc Trưởng bộ phận phát triển hệ thống.docx,MTCV-VHKD-Mô tả công việc Trưởng bộ phận phát triển hệ thống.docx,,,,,,Hiệu lực,,Mô tả công việc Trưởng bộ phận phát triển hệ thống,,,,Tổ chức – Nhân sự,Khác,,Mô tả công việc Trưởng bộ phận phát triển hệ thống,VHKD,[11] VHKD - Phòng Vận hành Kinh doanh,ParsedFromFolder,High,,,,,,
data/[11] VHKD - Phòng Vận hành Kinh doanh/03. Tổ chức – Nhân sự/MTCV-VHKD-Mô tả công việc Trưởng bộ phận tác nghiêp kinh doanh.docx,[11] Phòng Vận Hành Kinh Doanh,MTCV-VHKD-Mô tả công việc Trưởng bộ phận tác nghiêp kinh doanh.docx,MTCV-VHKD-Mô tả công việc Trưởng bộ phận tác nghiêp kinh doanh.docx,,,,,,Hiệu lực,,Mô tả công việc Trưởng bộ phận tác nghiêp kinh doanh,,,,Tổ chức – Nhân sự,Khác,,Mô tả công việc Trưởng bộ phận tác nghiêp kinh doanh,VHKD,[11] VHKD - Phòng Vận hành Kinh doanh,ParsedFromFolder,High,,,,,,
data/[11] VHKD - Phòng Vận hành Kinh doanh/03. Tổ chức – Nhân sự/MTCV-VHKD-Mô tả công việc Trưởng phòng vận hành kinh doanh.docx,[11] Phòng Vận Hành Kinh Doanh,MTCV-VHKD-Mô tả công việc Trưởng phòng vận hành kinh doanh.docx,MTCV-VHKD-Mô tả công việc Trưởng phòng vận hành kinh doanh.docx,,,,,,Hiệu lực,,Mô tả công việc Trưởng phòng vận hành kinh doanh,,,,Tổ chức – Nhân sự,Khác,,Mô tả công việc Trưởng phòng vận hành kinh doanh,VHKD,[11] VHKD - Phòng Vận hành Kinh doanh,ParsedFromFolder,High,,,,,,
data/[12] MKT - Phòng Marketing/02. Quy chế – Quy định – Quy trình – Hướng dẫn/03.2024.QT-MKT-Quy trình cung cấp nghiệm thu và thanh toán Biển Bảng.20-03-2024.pdf,[12] Phòng Marketing,03.2024.QT-MKT-Quy trình cung cấp nghiệm thu và thanh toán Biển Bảng.20-03-2024.pdf,03.2024.QT-MKT-Quy trình cung cấp nghiệm thu và thanh toán Biển Bảng.20-03-2024.pdf,03,2024,2024-03-20,,,Hiệu lực,,Quy trình cung cấp nghiệm thu và thanh toán Biển Bảng,,,,Quy chế – Quy định – Quy trình – Hướng dẫn,Khác,Quy trình,cung cấp nghiệm thu và thanh toán Biển Bảng,MKT,[12] MKT - Phòng Marketing,ParsedFromFolder,High,,,,,,
data/[12] MKT - Phòng Marketing/02. Quy chế – Quy định – Quy trình – Hướng dẫn/2024.QyĐ-MKT-Quy định quản lý các kênh truyền thông tự sở hữu (owned media).03-12-2024.docx,[12] Phòng Marketing,2024.QyĐ-MKT-Quy định quản lý các kênh truyền thông tự sở hữu (owned media).03-12-2024.docx,2024.QyĐ-MKT-Quy định quản lý các kênh truyền thông tự sở hữu (owned media).03-12-2024.docx,,2024,2024-12-03,,,Hiệu lực,,Quy định quản lý các kênh truyền thông tự sở hữu (owned media),,,,Quy chế – Quy định – Quy trình – Hướng dẫn,Khác,Quy định,quản lý các kênh truyền thông tự sở hữu (owned media),MKT,[12] MKT - Phòng Marketing,ParsedFromFolder,High,,,,,,
data/[12] MKT - Phòng Marketing/03. Tổ chức – Nhân sự/376.2026.QĐ-HCNS-Điều chuyển nhân sự-Nguyễn Hương Ngát.17-04-2026.pdf,[12] Phòng Marketing,376.2026.QĐ-HCNS-Điều chuyển nhân sự-Nguyễn Hương Ngát.17-04-2026.pdf,376.2026.QĐ-HCNS-Điều chuyển nhân sự-Nguyễn Hương Ngát.17-04-2026.pdf,376,2026,2026-04-17,,,Hiệu lực,,Điều chuyển nhân sự-Nguyễn Hương Ngát,,,,Tổ chức – Nhân sự,Quyết định,,Điều chuyển nhân sự-Nguyễn Hương Ngát,HCNS,[12] MKT - Phòng Marketing,ParsedFromFolder,High,,,,,,
data/[12] MKT - Phòng Marketing/03. Tổ chức – Nhân sự/512.2023.QĐ-NS-Quy định về chức năng nhiệm vụ và cơ cấu tổ chức của phòng Marketing.08-09-2023.docx,[12] Phòng Marketing,512.2023.QĐ-NS-Quy định về chức năng nhiệm vụ và cơ cấu tổ chức của phòng Marketing.08-09-2023.docx,512.2023.QĐ-NS-Quy định về chức năng nhiệm vụ và cơ cấu tổ chức của phòng Marketing.08-09-2023.docx,512,2023,2023-09-08,,,Hiệu lực,,Quy định về chức năng nhiệm vụ và cơ cấu tổ chức của phòng Marketing,,,,Tổ chức – Nhân sự,Quyết định,Quy định,về chức năng nhiệm vụ và cơ cấu tổ chức của phòng Marketing,NS,[12] MKT - Phòng Marketing,ParsedFromFolder,High,,,,,,
data/[12] MKT - Phòng Marketing/03. Tổ chức – Nhân sự/512.2023.QĐ-NS-Quy định về chức năng nhiệm vụ và cơ cấu tổ chức của phòng Marketing.08-09-2023.pdf,[12] Phòng Marketing,512.2023.QĐ-NS-Quy định về chức năng nhiệm vụ và cơ cấu tổ chức của phòng Marketing.08-09-2023.pdf,512.2023.QĐ-NS-Quy định về chức năng nhiệm vụ và cơ cấu tổ chức của phòng Marketing.08-09-2023.pdf,512,2023,2023-09-08,,,Hiệu lực,,Quy định về chức năng nhiệm vụ và cơ cấu tổ chức của phòng Marketing,,,,Tổ chức – Nhân sự,Quyết định,Quy định,về chức năng nhiệm vụ và cơ cấu tổ chức của phòng Marketing,NS,[12] MKT - Phòng Marketing,ParsedFromFolder,High,,,,,,
data/[12] MKT - Phòng Marketing/03. Tổ chức – Nhân sự/760.2025.QĐ-HCNS-Tạm thời đình chỉ công việc đối với bà Nguyễn Vũ Hà Vân-Trưởng bộ phận PG-v2.27-10-2025.pdf,[12] Phòng Marketing,760.2025.QĐ-HCNS-Tạm thời đình chỉ công việc đối với bà Nguyễn Vũ Hà Vân-Trưởng bộ phận PG-v2.27-10-2025.pdf,760.2025.QĐ-HCNS-Tạm thời đình chỉ công việc đối với bà Nguyễn Vũ Hà Vân-Trưởng bộ phận PG-v2.27-10-2025.pdf,760,2025,2025-10-27,,,Hiệu lực,,Tạm thời đình chỉ công việc đối với bà Nguyễn Vũ Hà Vân-Trưởng bộ phận PG-v2,,,,Tổ chức – Nhân sự,Quyết định,,Tạm thời đình chỉ công việc đối với bà Nguyễn Vũ Hà Vân-Trưởng bộ phận PG-v2,HCNS,[12] MKT - Phòng Marketing,ParsedFromFolder,High,,,,,Bản chuẩn,
data/[12] MKT - Phòng Marketing/03. Tổ chức – Nhân sự/760.2025.QĐ-HCNS-Tạm thời đình chỉ công việc đối với bà Nguyễn Vũ Hà Vân-Trưởng bộ phận PG.27-10-2025.pdf,[12] Phòng Marketing,760.2025.QĐ-HCNS-Tạm thời đình chỉ công việc đối với bà Nguyễn Vũ Hà Vân-Trưởng bộ phận PG.27-10-2025.pdf,760.2025.QĐ-HCNS-Tạm thời đình chỉ công việc đối với bà Nguyễn Vũ Hà Vân-Trưởng bộ phận PG.27-10-2025.pdf,760,2025,2025-10-27,,,Hiệu lực,,Tạm thời đình chỉ công việc đối với bà Nguyễn Vũ Hà Vân-Trưởng bộ phận PG,,,,Tổ chức – Nhân sự,Quyết định,,Tạm thời đình chỉ công việc đối với bà Nguyễn Vũ Hà Vân-Trưởng bộ phận PG,HCNS,[12] MKT - Phòng Marketing,ParsedFromFolder,High,,,,,Bản sao,
data/[12] MKT - Phòng Marketing/03. Tổ chức – Nhân sự/MTCV-Bản mô tả công việc Phòng Maketting.pdf,[12] Phòng Marketing,MTCV-Bản mô tả công việc Phòng Maketting.pdf,MTCV-Bản mô tả công việc Phòng Maketting.pdf,,,,,,Hiệu lực,,Bản mô tả công việc Phòng Maketting,,,,Tổ chức – Nhân sự,Khác,,Bản mô tả công việc Phòng Maketting,,[12] MKT - Phòng Marketing,ParsedFromFolder,High,,,,,,
data/[12] MKT - Phòng Marketing/03. Tổ chức – Nhân sự/MTCV-MKT-Mô tả công việc Chuyên viên Bộ phận Thiết kế.docx,[12] Phòng Marketing,MTCV-MKT-Mô tả công việc Chuyên viên Bộ phận Thiết kế.docx,MTCV-MKT-Mô tả công việc Chuyên viên Bộ phận Thiết kế.docx,,,,,,Hiệu lực,,Mô tả công việc Chuyên viên Bộ phận Thiết kế,,,,Tổ chức – Nhân sự,Khác,,Mô tả công việc Chuyên viên Bộ phận Thiết kế,MKT,[12] MKT - Phòng Marketing,ParsedFromFolder,High,,,,,,
data/[12] MKT - Phòng Marketing/03. Tổ chức – Nhân sự/MTCV-MKT-Mô tả công việc Leader.docx,[12] Phòng Marketing,MTCV-MKT-Mô tả công việc Leader.docx,MTCV-MKT-Mô tả công việc Leader.docx,,,,,,Hiệu lực,,Mô tả công việc Leader,,,,Tổ chức – Nhân sự,Khác,,Mô tả công việc Leader,MKT,[12] MKT - Phòng Marketing,ParsedFromFolder,High,,,,,,
data/[12] MKT - Phòng Marketing/03. Tổ chức – Nhân sự/MTCV-MKT-Mô tả công việc Nhân viên Brand MKT(Content Creative).docx,[12] Phòng Marketing,MTCV-MKT-Mô tả công việc Nhân viên Brand MKT(Content Creative).docx,MTCV-MKT-Mô tả công việc Nhân viên Brand MKT(Content Creative).docx,,,,,,Hiệu lực,,Mô tả công việc Nhân viên Brand MKT(Content Creative),,,,Tổ chức – Nhân sự,Khác,,Mô tả công việc Nhân viên Brand MKT(Content Creative),MKT,[12] MKT - Phòng Marketing,ParsedFromFolder,High,,,,,,
data/[12] MKT - Phòng Marketing/03. Tổ chức – Nhân sự/MTCV-MKT-Mô tả công việc Nhân viên Brand MKT.docx,[12] Phòng Marketing,MTCV-MKT-Mô tả công việc Nhân viên Brand MKT.docx,MTCV-MKT-Mô tả công việc Nhân viên Brand MKT.docx,,,,,,Hiệu lực,,Mô tả công việc Nhân viên Brand MKT,,,,Tổ chức – Nhân sự,Khác,,Mô tả công việc Nhân viên Brand MKT,MKT,[12] MKT - Phòng Marketing,ParsedFromFolder,High,,,,,,
data/[12] MKT - Phòng Marketing/03. Tổ chức – Nhân sự/MTCV-MKT-Mô tả công việc Nhân viên Digital Marketing.docx,[12] Phòng Marketing,MTCV-MKT-Mô tả công việc Nhân viên Digital Marketing.docx,MTCV-MKT-Mô tả công việc Nhân viên Digital Marketing.docx,,,,,,Hiệu lực,,Mô tả công việc Nhân viên Digital Marketing,,,,Tổ chức – Nhân sự,Khác,,Mô tả công việc Nhân viên Digital Marketing,MKT,[12] MKT - Phòng Marketing,ParsedFromFolder,High,,,,,,
data/[12] MKT - Phòng Marketing/03. Tổ chức – Nhân sự/MTCV-MKT-Mô tả công việc PG.docx,[12] Phòng Marketing,MTCV-MKT-Mô tả công việc PG.docx,MTCV-MKT-Mô tả công việc PG.docx,,,,,,Hiệu lực,,Mô tả công việc PG,,,,Tổ chức – Nhân sự,Khác,,Mô tả công việc PG,MKT,[12] MKT - Phòng Marketing,ParsedFromFolder,High,,,,,,
data/[12] MKT - Phòng Marketing/03. Tổ chức – Nhân sự/MTCV-MKT-Mô tả công việc Phó phòng MARKETING.docx,[12] Phòng Marketing,MTCV-MKT-Mô tả công việc Phó phòng MARKETING.docx,MTCV-MKT-Mô tả công việc Phó phòng MARKETING.docx,,,,,,Hiệu lực,,Mô tả công việc Phó phòng MARKETING,,,,Tổ chức – Nhân sự,Khác,,Mô tả công việc Phó phòng MARKETING,MKT,[12] MKT - Phòng Marketing,ParsedFromFolder,High,,,,,,
data/[12] MKT - Phòng Marketing/03. Tổ chức – Nhân sự/MTCV-MKT-Mô tả công việc Trưởng Bộ phận Thiết kế.docx,[12] Phòng Marketing,MTCV-MKT-Mô tả công việc Trưởng Bộ phận Thiết kế.docx,MTCV-MKT-Mô tả công việc Trưởng Bộ phận Thiết kế.docx,,,,,,Hiệu lực,,Mô tả công việc Trưởng Bộ phận Thiết kế,,,,Tổ chức – Nhân sự,Khác,,Mô tả công việc Trưởng Bộ phận Thiết kế,MKT,[12] MKT - Phòng Marketing,ParsedFromFolder,High,,,,,,
data/[12] MKT - Phòng Marketing/03. Tổ chức – Nhân sự/MTCV-MKT-Mô tả công việc Trưởng bộ phận PG.docx,[12] Phòng Marketing,MTCV-MKT-Mô tả công việc Trưởng bộ phận PG.docx,MTCV-MKT-Mô tả công việc Trưởng bộ phận PG.docx,,,,,,Hiệu lực,,Mô tả công việc Trưởng bộ phận PG,,,,Tổ chức – Nhân sự,Khác,,Mô tả công việc Trưởng bộ phận PG,MKT,[12] MKT - Phòng Marketing,ParsedFromFolder,High,,,,,,
data/[12] MKT - Phòng Marketing/03. Tổ chức – Nhân sự/MTCV-MKT-Mô tả công việc Trưởng phòng MARKETING.docx,[12] Phòng Marketing,MTCV-MKT-Mô tả công việc Trưởng phòng MARKETING.docx,MTCV-MKT-Mô tả công việc Trưởng phòng MARKETING.docx,,,,,,Hiệu lực,,Mô tả công việc Trưởng phòng MARKETING,,,,Tổ chức – Nhân sự,Khác,,Mô tả công việc Trưởng phòng MARKETING,MKT,[12] MKT - Phòng Marketing,ParsedFromFolder,High,,,,,,
data/[12] MKT - Phòng Marketing/04. Điều hành – Tác nghiệp/BC-Báo cáo nghiệm thu chương trình uống tặng theo từng quán.xlsx,[12] Phòng Marketing,BC-Báo cáo nghiệm thu chương trình uống tặng theo từng quán.xlsx,BC-Báo cáo nghiệm thu chương trình uống tặng theo từng quán.xlsx,,,,,,Hiệu lực,,Báo cáo nghiệm thu chương trình uống tặng theo từng quán,,,,Điều hành – Tác nghiệp,Khác,,Báo cáo nghiệm thu chương trình uống tặng theo từng quán,,[12] MKT - Phòng Marketing,ParsedFromFolder,High,,,,,,
data/[12] MKT - Phòng Marketing/04. Điều hành – Tác nghiệp/BC-Báo cáo nghiệm thu quà tặng.xlsx,[12] Phòng Marketing,BC-Báo cáo nghiệm thu quà tặng.xlsx,BC-Báo cáo nghiệm thu quà tặng.xlsx,,,,,,Hiệu lực,,Báo cáo nghiệm thu quà tặng,,,,Điều hành – Tác nghiệp,Khác,,Báo cáo nghiệm thu quà tặng,,[12] MKT - Phòng Marketing,ParsedFromFolder,High,,,,,,
data/[12] MKT - Phòng Marketing/04. Điều hành – Tác nghiệp/BC-Báo cáo nghiệm thu tổng hợp.xlsx,[12] Phòng Marketing,BC-Báo cáo nghiệm thu tổng hợp.xlsx,BC-Báo cáo nghiệm thu tổng hợp.xlsx,,,,,,Hiệu lực,,Báo cáo nghiệm thu tổng hợp,,,,Điều hành – Tác nghiệp,Khác,,Báo cáo nghiệm thu tổng hợp,,[12] MKT - Phòng Marketing,ParsedFromFolder,High,,,,,,
data/[12] MKT - Phòng Marketing/04. Điều hành – Tác nghiệp/BC-Báo cáo tổng hợp nghiệm thu quyết toán.xlsx,[12] Phòng Marketing,BC-Báo cáo tổng hợp nghiệm thu quyết toán.xlsx,BC-Báo cáo tổng hợp nghiệm thu quyết toán.xlsx,,,,,,Hiệu lực,,Báo cáo tổng hợp nghiệm thu quyết toán,,,,Điều hành – Tác nghiệp,Khác,,Báo cáo tổng hợp nghiệm thu quyết toán,,[12] MKT - Phòng Marketing,ParsedFromFolder,High,,,,,,
data/[12] MKT - Phòng Marketing/04. Điều hành – Tác nghiệp/KH-HLB-Biểu mẫu kế hoạch chiến dịch marketing.xlsx,[12] Phòng Marketing,KH-HLB-Biểu mẫu kế hoạch chiến dịch marketing.xlsx,KH-HLB-Biểu mẫu kế hoạch chiến dịch marketing.xlsx,,,,,,Hiệu lực,,Biểu mẫu kế hoạch chiến dịch marketing,,,,Điều hành – Tác nghiệp,Khác,Kế hoạch,Biểu mẫu kế hoạch chiến dịch marketing,HLB,[12] MKT - Phòng Marketing,ParsedFromFolder,High,,,,,,
data/[12] MKT - Phòng Marketing/04. Điều hành – Tác nghiệp/ĐX-HLB-Biểu mẫu đề xuất chiến dịch marketing.docx,[12] Phòng Marketing,ĐX-HLB-Biểu mẫu đề xuất chiến dịch marketing.docx,ĐX-HLB-Biểu mẫu đề xuất chiến dịch marketing.docx,,,,,,Hiệu lực,,Biểu mẫu đề xuất chiến dịch marketing,,,,Điều hành – Tác nghiệp,Khác,Biểu mẫu,đề xuất chiến dịch marketing,HLB,[12] MKT - Phòng Marketing,ParsedFromFolder,High,,,,,,
data/[12] MKT - Phòng Marketing/04. Điều hành – Tác nghiệp/ĐX-HLB-Biểu mẫu đề xuất chương trình khuyến mại mkt.docx,[12] Phòng Marketing,ĐX-HLB-Biểu mẫu đề xuất chương trình khuyến mại mkt.docx,ĐX-HLB-Biểu mẫu đề xuất chương trình khuyến mại mkt.docx,,,,,,Hiệu lực,,Biểu mẫu đề xuất chương trình khuyến mại mkt,,,,Điều hành – Tác nghiệp,Khác,Biểu mẫu,đề xuất chương trình khuyến mại mkt,HLB,[12] MKT - Phòng Marketing,ParsedFromFolder,High,,,,,,
data/[13] KDBH - Phòng Kinh doanh Bia hơi/02. Quy chế – Quy định – Quy trình – Hướng dẫn/01.2025.QT-KDBH-Quy trình vệ sinh thiết bị bán hàng-v2.29-04-2025.pdf,[13] Phòng Kinh Doanh Bia Hơi,01.2025.QT-KDBH-Quy trình vệ sinh thiết bị bán hàng-v2.29-04-2025.pdf,01.2025.QT-KDBH-Quy trình vệ sinh thiết bị bán hàng-v2.29-04-2025.pdf,01,2025,2025-04-29,,,Hiệu lực,,Quy trình vệ sinh thiết bị bán hàng-v2,,,,Quy chế – Quy định – Quy trình – Hướng dẫn,Khác,Quy trình,vệ sinh thiết bị bán hàng-v2,KDBH,[13] KDBH - Phòng Kinh doanh Bia hơi,ParsedFromFolder,High,,,,,Bản chuẩn,
data/[13] KDBH - Phòng Kinh doanh Bia hơi/02. Quy chế – Quy định – Quy trình – Hướng dẫn/01.2025.QT-KDBH-Quy trình vệ sinh thiết bị bán hàng.29-04-2025.pdf,[13] Phòng Kinh Doanh Bia Hơi,01.2025.QT-KDBH-Quy trình vệ sinh thiết bị bán hàng.29-04-2025.pdf,01.2025.QT-KDBH-Quy trình vệ sinh thiết bị bán hàng.29-04-2025.pdf,01,2025,2025-04-29,,,Hiệu lực,,Quy trình vệ sinh thiết bị bán hàng,,,,Quy chế – Quy định – Quy trình – Hướng dẫn,Khác,Quy trình,vệ sinh thiết bị bán hàng,KDBH,[13] KDBH - Phòng Kinh doanh Bia hơi,ParsedFromFolder,High,,,,,Bản sao,
data/[13] KDBH - Phòng Kinh doanh Bia hơi/03. Tổ chức – Nhân sự/808.2025.QĐ-HCNS-Miễn nhiệm vị trí Trưởng phòng-Phòng kinh doanh bia hơi.27-11-2025.pdf,[13] Phòng Kinh Doanh Bia Hơi,808.2025.QĐ-HCNS-Miễn nhiệm vị trí Trưởng phòng-Phòng kinh doanh bia hơi.27-11-2025.pdf,808.2025.QĐ-HCNS-Miễn nhiệm vị trí Trưởng phòng-Phòng kinh doanh bia hơi.27-11-2025.pdf,808,2025,2025-11-27,,,Hiệu lực,,Miễn nhiệm vị trí Trưởng phòng-Phòng kinh doanh bia hơi,,,,Tổ chức – Nhân sự,Quyết định,,Miễn nhiệm vị trí Trưởng phòng-Phòng kinh doanh bia hơi,HCNS,[13] KDBH - Phòng Kinh doanh Bia hơi,ParsedFromFolder,High,,,,,,
data/[13] KDBH - Phòng Kinh doanh Bia hơi/03. Tổ chức – Nhân sự/809.2025.QĐ-HCNS-Bổ nhiệm vị trí Phó phòng-Phòng kinh doanh bia hơi.27-11-2025.pdf,[13] Phòng Kinh Doanh Bia Hơi,809.2025.QĐ-HCNS-Bổ nhiệm vị trí Phó phòng-Phòng kinh doanh bia hơi.27-11-2025.pdf,809.2025.QĐ-HCNS-Bổ nhiệm vị trí Phó phòng-Phòng kinh doanh bia hơi.27-11-2025.pdf,809,2025,2025-11-27,,,Hiệu lực,,Bổ nhiệm vị trí Phó phòng-Phòng kinh doanh bia hơi,,,,Tổ chức – Nhân sự,Quyết định,,Bổ nhiệm vị trí Phó phòng-Phòng kinh doanh bia hơi,HCNS,[13] KDBH - Phòng Kinh doanh Bia hơi,ParsedFromFolder,High,,,,,,
data/[13] KDBH - Phòng Kinh doanh Bia hơi/03. Tổ chức – Nhân sự/892.2024.QĐ-HCNS-Quyết định của TGĐ Công ty Bổ nhiệm quyền trưởng phòng KDBH.10-12-2024.pdf,[13] Phòng Kinh Doanh Bia Hơi,892.2024.QĐ-HCNS-Quyết định của TGĐ Công ty Bổ nhiệm quyền trưởng phòng KDBH.10-12-2024.pdf,892.2024.QĐ-HCNS-Quyết định của TGĐ Công ty Bổ nhiệm quyền trưởng phòng KDBH.10-12-2024.pdf,892,2024,2024-12-10,,,Hiệu lực,,Quyết định của TGĐ Công ty Bổ nhiệm quyền trưởng phòng KDBH,,,,Tổ chức – Nhân sự,Quyết định,,Quyết định của TGĐ Công ty Bổ nhiệm quyền trưởng phòng KDBH,HCNS,[13] KDBH - Phòng Kinh doanh Bia hơi,ParsedFromFolder,High,,,,,,
data/[13] KDBH - Phòng Kinh doanh Bia hơi/03. Tổ chức – Nhân sự/CNNV-KDBH-Quy định chức năng nhiệm vụ Phòng Kinh doanh Bia hơi.docx,[13] Phòng Kinh Doanh Bia Hơi,CNNV-KDBH-Quy định chức năng nhiệm vụ Phòng Kinh doanh Bia hơi.docx,CNNV-KDBH-Quy định chức năng nhiệm vụ Phòng Kinh doanh Bia hơi.docx,,,,,,Hiệu lực,,Quy định chức năng nhiệm vụ Phòng Kinh doanh Bia hơi,,,,Tổ chức – Nhân sự,Khác,Quy định,chức năng nhiệm vụ Phòng Kinh doanh Bia hơi,KDBH,[13] KDBH - Phòng Kinh doanh Bia hơi,ParsedFromFolder,High,,,,,,
data/[13] KDBH - Phòng Kinh doanh Bia hơi/03. Tổ chức – Nhân sự/MTCV-KDBH-Mô tả công việc Giám sát bán hàng phòng bia hơi kênh bán lẻ.docx,[13] Phòng Kinh Doanh Bia Hơi,MTCV-KDBH-Mô tả công việc Giám sát bán hàng phòng bia hơi kênh bán lẻ.docx,MTCV-KDBH-Mô tả công việc Giám sát bán hàng phòng bia hơi kênh bán lẻ.docx,,,,,,Hiệu lực,,Mô tả công việc Giám sát bán hàng phòng bia hơi kênh bán lẻ,,,,Tổ chức – Nhân sự,Khác,,Mô tả công việc Giám sát bán hàng phòng bia hơi kênh bán lẻ,KDBH,[13] KDBH - Phòng Kinh doanh Bia hơi,ParsedFromFolder,High,,,,,,
data/[13] KDBH - Phòng Kinh doanh Bia hơi/03. Tổ chức – Nhân sự/MTCV-KDBH-Mô tả công việc Giám sát bán hàng phòng bia hơi kênh phân phối.docx,[13] Phòng Kinh Doanh Bia Hơi,MTCV-KDBH-Mô tả công việc Giám sát bán hàng phòng bia hơi kênh phân phối.docx,MTCV-KDBH-Mô tả công việc Giám sát bán hàng phòng bia hơi kênh phân phối.docx,,,,,,Hiệu lực,,Mô tả công việc Giám sát bán hàng phòng bia hơi kênh phân phối,,,,Tổ chức – Nhân sự,Khác,,Mô tả công việc Giám sát bán hàng phòng bia hơi kênh phân phối,KDBH,[13] KDBH - Phòng Kinh doanh Bia hơi,ParsedFromFolder,High,,,,,,
data/[13] KDBH - Phòng Kinh doanh Bia hơi/03. Tổ chức – Nhân sự/MTCV-KDBH-Mô tả công việc Nhân viên bán hàng phòng bia hơi kênh bán lẻ.docx,[13] Phòng Kinh Doanh Bia Hơi,MTCV-KDBH-Mô tả công việc Nhân viên bán hàng phòng bia hơi kênh bán lẻ.docx,MTCV-KDBH-Mô tả công việc Nhân viên bán hàng phòng bia hơi kênh bán lẻ.docx,,,,,,Hiệu lực,,Mô tả công việc Nhân viên bán hàng phòng bia hơi kênh bán lẻ,,,,Tổ chức – Nhân sự,Khác,,Mô tả công việc Nhân viên bán hàng phòng bia hơi kênh bán lẻ,KDBH,[13] KDBH - Phòng Kinh doanh Bia hơi,ParsedFromFolder,High,,,,,,
data/[13] KDBH - Phòng Kinh doanh Bia hơi/03. Tổ chức – Nhân sự/MTCV-KDBH-Mô tả công việc Đại diện tiêu thụ phòng kinh doanh kênh phân phối.docx,[13] Phòng Kinh Doanh Bia Hơi,MTCV-KDBH-Mô tả công việc Đại diện tiêu thụ phòng kinh doanh kênh phân phối.docx,MTCV-KDBH-Mô tả công việc Đại diện tiêu thụ phòng kinh doanh kênh phân phối.docx,,,,,,Hiệu lực,,Mô tả công việc Đại diện tiêu thụ phòng kinh doanh kênh phân phối,,,,Tổ chức – Nhân sự,Khác,,Mô tả công việc Đại diện tiêu thụ phòng kinh doanh kênh phân phối,KDBH,[13] KDBH - Phòng Kinh doanh Bia hơi,ParsedFromFolder,High,,,,,,
data/[14] KT - Phòng Kế toán/02. Quy chế – Quy định – Quy trình – Hướng dẫn/01.2024-QT-KT-Quy trình kê khai và nộp Thuế.09-05-2024.pdf,[14] Phòng Kế Toán,01.2024-QT-KT-Quy trình kê khai và nộp Thuế.09-05-2024.pdf,01.2024-QT-KT-Quy trình kê khai và nộp Thuế.09-05-2024.pdf,,,2024-05-09,,,Hiệu lực,,KT-Quy trình kê khai và nộp Thuế,,,,Quy chế – Quy định – Quy trình – Hướng dẫn,Khác,Quy trình,KT-Quy trình kê khai và nộp Thuế,QT,[14] KT - Phòng Kế toán,ParsedFromFolder,High,,,,,,
data/[14] KT - Phòng Kế toán/02. Quy chế – Quy định – Quy trình – Hướng dẫn/01.2025.HD-KT-Hướng dẫn nghiệp vụ đổi trả hàng hóa.21-05-2025.pdf,[14] Phòng Kế Toán,01.2025.HD-KT-Hướng dẫn nghiệp vụ đổi trả hàng hóa.21-05-2025.pdf,01.2025.HD-KT-Hướng dẫn nghiệp vụ đổi trả hàng hóa.21-05-2025.pdf,01,2025,2025-05-21,,,Hiệu lực,,Hướng dẫn nghiệp vụ đổi trả hàng hóa,,,,Quy chế – Quy định – Quy trình – Hướng dẫn,Khác,Hướng dẫn,nghiệp vụ đổi trả hàng hóa,KT,[14] KT - Phòng Kế toán,ParsedFromFolder,High,,,,,,
data/[14] KT - Phòng Kế toán/02. Quy chế – Quy định – Quy trình – Hướng dẫn/01.2025.QT-KT-Quy trình kiểm kê tài sản và hàng tồn kho.23-01-2025.docx,[14] Phòng Kế Toán,01.2025.QT-KT-Quy trình kiểm kê tài sản và hàng tồn kho.23-01-2025.docx,01.2025.QT-KT-Quy trình kiểm kê tài sản và hàng tồn kho.23-01-2025.docx,01,2025,2025-01-23,,,Hiệu lực,,Quy trình kiểm kê tài sản và hàng tồn kho,,,,Quy chế – Quy định – Quy trình – Hướng dẫn,Khác,Quy trình,kiểm kê tài sản và hàng tồn kho,KT,[14] KT - Phòng Kế toán,ParsedFromFolder,High,,,,,,
data/[14] KT - Phòng Kế toán/02. Quy chế – Quy định – Quy trình – Hướng dẫn/01.2025.QT-KT-Quy trình kiểm kê tài sản và hàng tồn kho.23-01-2025.pdf,[14] Phòng Kế Toán,01.2025.QT-KT-Quy trình kiểm kê tài sản và hàng tồn kho.23-01-2025.pdf,01.2025.QT-KT-Quy trình kiểm kê tài sản và hàng tồn kho.23-01-2025.pdf,01,2025,2025-01-23,,,Hiệu lực,,Quy trình kiểm kê tài sản và hàng tồn kho,,,,Quy chế – Quy định – Quy trình – Hướng dẫn,Khác,Quy trình,kiểm kê tài sản và hàng tồn kho,KT,[14] KT - Phòng Kế toán,ParsedFromFolder,High,,,,,,
data/[14] KT - Phòng Kế toán/02. Quy chế – Quy định – Quy trình – Hướng dẫn/02.2025.QT-KT-Quy trình thanh toán và đối chiếu công nợ phải trả.16-05-2025.docx,[14] Phòng Kế Toán,02.2025.QT-KT-Quy trình thanh toán và đối chiếu công nợ phải trả.16-05-2025.docx,02.2025.QT-KT-Quy trình thanh toán và đối chiếu công nợ phải trả.16-05-2025.docx,02,2025,2025-05-16,,,Hiệu lực,,Quy trình thanh toán và đối chiếu công nợ phải trả,,,,Quy chế – Quy định – Quy trình – Hướng dẫn,Khác,Quy trình,thanh toán và đối chiếu công nợ phải trả,KT,[14] KT - Phòng Kế toán,ParsedFromFolder,High,,,,,,
data/[14] KT - Phòng Kế toán/02. Quy chế – Quy định – Quy trình – Hướng dẫn/02.2025.QT-KT-Quy trình thanh toán và đối chiếu công nợ phải trả.16-05-2025.pdf,[14] Phòng Kế Toán,02.2025.QT-KT-Quy trình thanh toán và đối chiếu công nợ phải trả.16-05-2025.pdf,02.2025.QT-KT-Quy trình thanh toán và đối chiếu công nợ phải trả.16-05-2025.pdf,02,2025,2025-05-16,,,Hiệu lực,,Quy trình thanh toán và đối chiếu công nợ phải trả,,,,Quy chế – Quy định – Quy trình – Hướng dẫn,Khác,Quy trình,thanh toán và đối chiếu công nợ phải trả,KT,[14] KT - Phòng Kế toán,ParsedFromFolder,High,,,,,Bản chuẩn,
data/[14] KT - Phòng Kế toán/02. Quy chế – Quy định – Quy trình – Hướng dẫn/03.2025.HD-KT-Hướng dẫn thanh toán công tác phí-v2.30-10-2025.pdf,[14] Phòng Kế Toán,03.2025.HD-KT-Hướng dẫn thanh toán công tác phí-v2.30-10-2025.pdf,03.2025.HD-KT-Hướng dẫn thanh toán công tác phí-v2.30-10-2025.pdf,03,2025,2025-10-30,,,Hiệu lực,,Hướng dẫn thanh toán công tác phí-v2,,,,Quy chế – Quy định – Quy trình – Hướng dẫn,Khác,Hướng dẫn,thanh toán công tác phí-v2,KT,[14] KT - Phòng Kế toán,ParsedFromFolder,High,,,,,Bản chuẩn,
data/[14] KT - Phòng Kế toán/02. Quy chế – Quy định – Quy trình – Hướng dẫn/03.2025.HD-KT-Hướng dẫn thanh toán công tác phí.25-10-2025.docx,[14] Phòng Kế Toán,03.2025.HD-KT-Hướng dẫn thanh toán công tác phí.25-10-2025.docx,03.2025.HD-KT-Hướng dẫn thanh toán công tác phí.25-10-2025.docx,03,2025,2025-10-25,,,Hiệu lực,,Hướng dẫn thanh toán công tác phí,,,,Quy chế – Quy định – Quy trình – Hướng dẫn,Khác,Hướng dẫn,thanh toán công tác phí,KT,[14] KT - Phòng Kế toán,ParsedFromFolder,High,,,,,,
data/[14] KT - Phòng Kế toán/02. Quy chế – Quy định – Quy trình – Hướng dẫn/03.2025.HD-KT-Hướng dẫn thanh toán công tác phí.30-10-2025.pdf,[14] Phòng Kế Toán,03.2025.HD-KT-Hướng dẫn thanh toán công tác phí.30-10-2025.pdf,03.2025.HD-KT-Hướng dẫn thanh toán công tác phí.30-10-2025.pdf,03,2025,2025-10-30,,,Hiệu lực,,Hướng dẫn thanh toán công tác phí,,,,Quy chế – Quy định – Quy trình – Hướng dẫn,Khác,Hướng dẫn,thanh toán công tác phí,KT,[14] KT - Phòng Kế toán,ParsedFromFolder,High,,,,,Bản sao,
data/[14] KT - Phòng Kế toán/02. Quy chế – Quy định – Quy trình – Hướng dẫn/03.2025.QT-KT-Quy trình khóa sổ kế toán.24-05-2025.pdf,[14] Phòng Kế Toán,03.2025.QT-KT-Quy trình khóa sổ kế toán.24-05-2025.pdf,03.2025.QT-KT-Quy trình khóa sổ kế toán.24-05-2025.pdf,03,2025,2025-05-24,,,Hiệu lực,,Quy trình khóa sổ kế toán,,,,Quy chế – Quy định – Quy trình – Hướng dẫn,Khác,Quy trình,khóa sổ kế toán,KT,[14] KT - Phòng Kế toán,ParsedFromFolder,High,,,,,,
data/[14] KT - Phòng Kế toán/02. Quy chế – Quy định – Quy trình – Hướng dẫn/04.2025.QT-KT-Quy trình xuất hóa đơn và kiểm soát công nợ phải thu-v2.16-05-2025.pdf,[14] Phòng Kế Toán,04.2025.QT-KT-Quy trình xuất hóa đơn và kiểm soát công nợ phải thu-v2.16-05-2025.pdf,04.2025.QT-KT-Quy trình xuất hóa đơn và kiểm soát công nợ phải thu-v2.16-05-2025.pdf,04,2025,2025-05-16,,,Hiệu lực,,Quy trình xuất hóa đơn và kiểm soát công nợ phải thu-v2,,,,Quy chế – Quy định – Quy trình – Hướng dẫn,Khác,Quy trình,xuất hóa đơn và kiểm soát công nợ phải thu-v2,KT,[14] KT - Phòng Kế toán,ParsedFromFolder,High,,,,,Bản chuẩn,
data/[14] KT - Phòng Kế toán/02. Quy chế – Quy định – Quy trình – Hướng dẫn/04.2025.QT-KT-Quy trình xuất hóa đơn và kiểm soát công nợ phải thu.16-05-2025.docx,[14] Phòng Kế Toán,04.2025.QT-KT-Quy trình xuất hóa đơn và kiểm soát công nợ phải thu.16-05-2025.docx,04.2025.QT-KT-Quy trình xuất hóa đơn và kiểm soát công nợ phải thu.16-05-2025.docx,04,2025,2025-05-16,,,Hiệu lực,,Quy trình xuất hóa đơn và kiểm soát công nợ phải thu,,,,Quy chế – Quy định – Quy trình – Hướng dẫn,Khác,Quy trình,xuất hóa đơn và kiểm soát công nợ phải thu,KT,[14] KT - Phòng Kế toán,ParsedFromFolder,High,,,,,,
data/[14] KT - Phòng Kế toán/02. Quy chế – Quy định – Quy trình – Hướng dẫn/04.2025.QT-KT-Quy trình xuất hóa đơn và kiểm soát công nợ phải thu.16-05-2025.pdf,[14] Phòng Kế Toán,04.2025.QT-KT-Quy trình xuất hóa đơn và kiểm soát công nợ phải thu.16-05-2025.pdf,04.2025.QT-KT-Quy trình xuất hóa đơn và kiểm soát công nợ phải thu.16-05-2025.pdf,04,2025,2025-05-16,,,Hiệu lực,,Quy trình xuất hóa đơn và kiểm soát công nợ phải thu,,,,Quy chế – Quy định – Quy trình – Hướng dẫn,Khác,Quy trình,xuất hóa đơn và kiểm soát công nợ phải thu,KT,[14] KT - Phòng Kế toán,ParsedFromFolder,High,,,,,Bản sao,
data/[14] KT - Phòng Kế toán/02. Quy chế – Quy định – Quy trình – Hướng dẫn/05.2025.QT-KT-Quy trình tính giá thành.10-06-2025.docx,[14] Phòng Kế Toán,05.2025.QT-KT-Quy trình tính giá thành.10-06-2025.docx,05.2025.QT-KT-Quy trình tính giá thành.10-06-2025.docx,05,2025,2025-06-10,,,Hiệu lực,,Quy trình tính giá thành,,,,Quy chế – Quy định – Quy trình – Hướng dẫn,Khác,Quy trình,tính giá thành,KT,[14] KT - Phòng Kế toán,ParsedFromFolder,High,,,,,,
data/[14] KT - Phòng Kế toán/02. Quy chế – Quy định – Quy trình – Hướng dẫn/05.2025.QT-KT-Quy trình tính giá thành.10-06-2025.pdf,[14] Phòng Kế Toán,05.2025.QT-KT-Quy trình tính giá thành.10-06-2025.pdf,05.2025.QT-KT-Quy trình tính giá thành.10-06-2025.pdf,05,2025,2025-06-10,,,Hiệu lực,,Quy trình tính giá thành,,,,Quy chế – Quy định – Quy trình – Hướng dẫn,Khác,Quy trình,tính giá thành,KT,[14] KT - Phòng Kế toán,ParsedFromFolder,High,,,,,,
data/[14] KT - Phòng Kế toán/02. Quy chế – Quy định – Quy trình – Hướng dẫn/06.2025.QT-KT-Quy trình lập và nộp báo cáo tài chính.10-06-2025.pdf,[14] Phòng Kế Toán,06.2025.QT-KT-Quy trình lập và nộp báo cáo tài chính.10-06-2025.pdf,06.2025.QT-KT-Quy trình lập và nộp báo cáo tài chính.10-06-2025.pdf,06,2025,2025-06-10,,,Hiệu lực,,Quy trình lập và nộp báo cáo tài chính,,,,Quy chế – Quy định – Quy trình – Hướng dẫn,Khác,Quy trình,lập và nộp báo cáo tài chính,KT,[14] KT - Phòng Kế toán,ParsedFromFolder,High,,,,,,
data/[14] KT - Phòng Kế toán/02. Quy chế – Quy định – Quy trình – Hướng dẫn/289A.2025.QĐ-HCNS-Ban hành quy trình thanh toán và đối chiếu công nợ phải trả.16-05-2025.pdf,[14] Phòng Kế Toán,289A.2025.QĐ-HCNS-Ban hành quy trình thanh toán và đối chiếu công nợ phải trả.16-05-2025.pdf,289A.2025.QĐ-HCNS-Ban hành quy trình thanh toán và đối chiếu công nợ phải trả.16-05-2025.pdf,,,2025-05-16,,,Hiệu lực,,Ban hành quy trình thanh toán và đối chiếu công nợ phải trả,,,,Quy chế – Quy định – Quy trình – Hướng dẫn,Khác,Quy trình,thanh toán và đối chiếu công nợ phải trả,HCNS,[14] KT - Phòng Kế toán,ParsedFromFolder,High,,,,,Bản sao,
data/[14] KT - Phòng Kế toán/03. Tổ chức – Nhân sự/01.2024.QyĐ-KT-Chức năng nhiệm vụ và cơ cấu tổ chức của Phòng Kế toán-v1.02-01-2024.pdf,[14] Phòng Kế Toán,01.2024.QyĐ-KT-Chức năng nhiệm vụ và cơ cấu tổ chức của Phòng Kế toán-v1.02-01-2024.pdf,01.2024.QyĐ-KT-Chức năng nhiệm vụ và cơ cấu tổ chức của Phòng Kế toán-v1.02-01-2024.pdf,01,2024,2024-01-02,,,Hiệu lực,,Chức năng nhiệm vụ và cơ cấu tổ chức của Phòng Kế toán-v1,,,,Tổ chức – Nhân sự,Khác,,Chức năng nhiệm vụ và cơ cấu tổ chức của Phòng Kế toán-v1,KT,[14] KT - Phòng Kế toán,ParsedFromFolder,High,,,,,Bản chuẩn,
data/[14] KT - Phòng Kế toán/03. Tổ chức – Nhân sự/01.2024.QyĐ-KT-Chức năng nhiệm vụ và cơ cấu tổ chức của Phòng Kế toán.02-01-2024.docx,[14] Phòng Kế Toán,01.2024.QyĐ-KT-Chức năng nhiệm vụ và cơ cấu tổ chức của Phòng Kế toán.02-01-2024.docx,01.2024.QyĐ-KT-Chức năng nhiệm vụ và cơ cấu tổ chức của Phòng Kế toán.02-01-2024.docx,01,2024,2024-01-02,,,Hiệu lực,,Chức năng nhiệm vụ và cơ cấu tổ chức của Phòng Kế toán,,,,Tổ chức – Nhân sự,Khác,,Chức năng nhiệm vụ và cơ cấu tổ chức của Phòng Kế toán,KT,[14] KT - Phòng Kế toán,ParsedFromFolder,High,,,,,,
data/[14] KT - Phòng Kế toán/03. Tổ chức – Nhân sự/01.2024.QyĐ-KT-Chức năng nhiệm vụ và cơ cấu tổ chức của Phòng Kế toán.02-01-2024.pdf,[14] Phòng Kế Toán,01.2024.QyĐ-KT-Chức năng nhiệm vụ và cơ cấu tổ chức của Phòng Kế toán.02-01-2024.pdf,01.2024.QyĐ-KT-Chức năng nhiệm vụ và cơ cấu tổ chức của Phòng Kế toán.02-01-2024.pdf,01,2024,2024-01-02,,,Hiệu lực,,Chức năng nhiệm vụ và cơ cấu tổ chức của Phòng Kế toán,,,,Tổ chức – Nhân sự,Khác,,Chức năng nhiệm vụ và cơ cấu tổ chức của Phòng Kế toán,KT,[14] KT - Phòng Kế toán,ParsedFromFolder,High,,,,,Bản sao,
data/[14] KT - Phòng Kế toán/03. Tổ chức – Nhân sự/2024.MTCV-KT-Bản mô tả công việc của Phòng Kế toán.22-10-2024.pdf,[14] Phòng Kế Toán,2024.MTCV-KT-Bản mô tả công việc của Phòng Kế toán.22-10-2024.pdf,2024.MTCV-KT-Bản mô tả công việc của Phòng Kế toán.22-10-2024.pdf,,2024,2024-10-22,,,Hiệu lực,,Bản mô tả công việc của Phòng Kế toán,,,,Tổ chức – Nhân sự,Khác,,Bản mô tả công việc của Phòng Kế toán,KT,[14] KT - Phòng Kế toán,ParsedFromFolder,High,,,,,,
data/[14] KT - Phòng Kế toán/03. Tổ chức – Nhân sự/253.2025.QĐ-HCNS-Quyết định Bổ nhiệm Trưởng bộ phận quỹ Bà Nguyễn Kim Loan.30-04-2025.pdf,[14] Phòng Kế Toán,253.2025.QĐ-HCNS-Quyết định Bổ nhiệm Trưởng bộ phận quỹ Bà Nguyễn Kim Loan.30-04-2025.pdf,253.2025.QĐ-HCNS-Quyết định Bổ nhiệm Trưởng bộ phận quỹ Bà Nguyễn Kim Loan.30-04-2025.pdf,253,2025,2025-04-30,,,Hiệu lực,,Quyết định Bổ nhiệm Trưởng bộ phận quỹ Bà Nguyễn Kim Loan,,,,Tổ chức – Nhân sự,Quyết định,,Quyết định Bổ nhiệm Trưởng bộ phận quỹ Bà Nguyễn Kim Loan,HCNS,[14] KT - Phòng Kế toán,ParsedFromFolder,High,,,,,,
data/[14] KT - Phòng Kế toán/03. Tổ chức – Nhân sự/MTCV-KHVT-Mô tả công việc Nhân viên thống kê.docx,[14] Phòng Kế Toán,MTCV-KHVT-Mô tả công việc Nhân viên thống kê.docx,MTCV-KHVT-Mô tả công việc Nhân viên thống kê.docx,,,,,,Hiệu lực,,Mô tả công việc Nhân viên thống kê,,,,Tổ chức – Nhân sự,Khác,,Mô tả công việc Nhân viên thống kê,KHVT,[14] KT - Phòng Kế toán,ParsedFromFolder,High,,,,,,
data/[14] KT - Phòng Kế toán/03. Tổ chức – Nhân sự/MTCV-KT-Mô tả công việc Kế toán chi phí bán hàng.docx,[14] Phòng Kế Toán,MTCV-KT-Mô tả công việc Kế toán chi phí bán hàng.docx,MTCV-KT-Mô tả công việc Kế toán chi phí bán hàng.docx,,,,,,Hiệu lực,,Mô tả công việc Kế toán chi phí bán hàng,,,,Tổ chức – Nhân sự,Khác,,Mô tả công việc Kế toán chi phí bán hàng,KT,[14] KT - Phòng Kế toán,ParsedFromFolder,High,,,,,,
data/[14] KT - Phòng Kế toán/03. Tổ chức – Nhân sự/MTCV-KT-Mô tả công việc Kế toán doanh thu.docx,[14] Phòng Kế Toán,MTCV-KT-Mô tả công việc Kế toán doanh thu.docx,MTCV-KT-Mô tả công việc Kế toán doanh thu.docx,,,,,,Hiệu lực,,Mô tả công việc Kế toán doanh thu,,,,Tổ chức – Nhân sự,Khác,,Mô tả công việc Kế toán doanh thu,KT,[14] KT - Phòng Kế toán,ParsedFromFolder,High,,,,,,
data/[14] KT - Phòng Kế toán/03. Tổ chức – Nhân sự/MTCV-KT-Mô tả công việc Kế toán thanh toán.docx,[14] Phòng Kế Toán,MTCV-KT-Mô tả công việc Kế toán thanh toán.docx,MTCV-KT-Mô tả công việc Kế toán thanh toán.docx,,,,,,Hiệu lực,,Mô tả công việc Kế toán thanh toán,,,,Tổ chức – Nhân sự,Khác,,Mô tả công việc Kế toán thanh toán,KT,[14] KT - Phòng Kế toán,ParsedFromFolder,High,,,,,,
data/[14] KT - Phòng Kế toán/03. Tổ chức – Nhân sự/MTCV-KT-Mô tả công việc Kế toán thuế.docx,[14] Phòng Kế Toán,MTCV-KT-Mô tả công việc Kế toán thuế.docx,MTCV-KT-Mô tả công việc Kế toán thuế.docx,,,,,,Hiệu lực,,Mô tả công việc Kế toán thuế,,,,Tổ chức – Nhân sự,Khác,,Mô tả công việc Kế toán thuế,KT,[14] KT - Phòng Kế toán,ParsedFromFolder,High,,,,,,
data/[14] KT - Phòng Kế toán/03. Tổ chức – Nhân sự/MTCV-KT-Mô tả công việc Kế toán trưởng.docx,[14] Phòng Kế Toán,MTCV-KT-Mô tả công việc Kế toán trưởng.docx,MTCV-KT-Mô tả công việc Kế toán trưởng.docx,,,,,,Hiệu lực,,Mô tả công việc Kế toán trưởng,,,,Tổ chức – Nhân sự,Khác,,Mô tả công việc Kế toán trưởng,KT,[14] KT - Phòng Kế toán,ParsedFromFolder,High,,,,,,
data/[14] KT - Phòng Kế toán/03. Tổ chức – Nhân sự/MTCV-KT-Mô tả công việc Kế toán tài sản.docx,[14] Phòng Kế Toán,MTCV-KT-Mô tả công việc Kế toán tài sản.docx,MTCV-KT-Mô tả công việc Kế toán tài sản.docx,,,,,,Hiệu lực,,Mô tả công việc Kế toán tài sản,,,,Tổ chức – Nhân sự,Khác,,Mô tả công việc Kế toán tài sản,KT,[14] KT - Phòng Kế toán,ParsedFromFolder,High,,,,,,
data/[14] KT - Phòng Kế toán/03. Tổ chức – Nhân sự/MTCV-KT-Mô tả công việc Kế toán tổng hợp.docx,[14] Phòng Kế Toán,MTCV-KT-Mô tả công việc Kế toán tổng hợp.docx,MTCV-KT-Mô tả công việc Kế toán tổng hợp.docx,,,,,,Hiệu lực,,Mô tả công việc Kế toán tổng hợp,,,,Tổ chức – Nhân sự,Khác,,Mô tả công việc Kế toán tổng hợp,KT,[14] KT - Phòng Kế toán,ParsedFromFolder,High,,,,,,
data/[14] KT - Phòng Kế toán/03. Tổ chức – Nhân sự/MTCV-KT-Mô tả công việc Trưởng bộ phận kế toán doanh thu công nợ.docx,[14] Phòng Kế Toán,MTCV-KT-Mô tả công việc Trưởng bộ phận kế toán doanh thu công nợ.docx,MTCV-KT-Mô tả công việc Trưởng bộ phận kế toán doanh thu công nợ.docx,,,,,,Hiệu lực,,Mô tả công việc Trưởng bộ phận kế toán doanh thu công nợ,,,,Tổ chức – Nhân sự,Khác,,Mô tả công việc Trưởng bộ phận kế toán doanh thu công nợ,KT,[14] KT - Phòng Kế toán,ParsedFromFolder,High,,,,,,
data/[14] KT - Phòng Kế toán/03. Tổ chức – Nhân sự/MTCV-KT-Mô tả công việc Trưởng bộ phận kế toán thanh toán.docx,[14] Phòng Kế Toán,MTCV-KT-Mô tả công việc Trưởng bộ phận kế toán thanh toán.docx,MTCV-KT-Mô tả công việc Trưởng bộ phận kế toán thanh toán.docx,,,,,,Hiệu lực,,Mô tả công việc Trưởng bộ phận kế toán thanh toán,,,,Tổ chức – Nhân sự,Khác,,Mô tả công việc Trưởng bộ phận kế toán thanh toán,KT,[14] KT - Phòng Kế toán,ParsedFromFolder,High,,,,,,
data/[14] KT - Phòng Kế toán/03. Tổ chức – Nhân sự/MTCV-KT-Mô tả công việc Trưởng bộ phận thủ quỹ.docx,[14] Phòng Kế Toán,MTCV-KT-Mô tả công việc Trưởng bộ phận thủ quỹ.docx,MTCV-KT-Mô tả công việc Trưởng bộ phận thủ quỹ.docx,,,,,,Hiệu lực,,Mô tả công việc Trưởng bộ phận thủ quỹ,,,,Tổ chức – Nhân sự,Khác,,Mô tả công việc Trưởng bộ phận thủ quỹ,KT,[14] KT - Phòng Kế toán,ParsedFromFolder,High,,,,,,
data/[14] KT - Phòng Kế toán/03. Tổ chức – Nhân sự/MTCV-KT-Mô tả công việc thủ quỹ.docx,[14] Phòng Kế Toán,MTCV-KT-Mô tả công việc thủ quỹ.docx,MTCV-KT-Mô tả công việc thủ quỹ.docx,,,,,,Hiệu lực,,Mô tả công việc thủ quỹ,,,,Tổ chức – Nhân sự,Khác,,Mô tả công việc thủ quỹ,KT,[14] KT - Phòng Kế toán,ParsedFromFolder,High,,,,,,
data/[14] KT - Phòng Kế toán/03. Tổ chức – Nhân sự/MTCV-MKT-Mô tả công việc Nhân viên Trade Marketing POSM.docx,[14] Phòng Kế Toán,MTCV-MKT-Mô tả công việc Nhân viên Trade Marketing POSM.docx,MTCV-MKT-Mô tả công việc Nhân viên Trade Marketing POSM.docx,,,,,,Hiệu lực,,Mô tả công việc Nhân viên Trade Marketing POSM,,,,Tổ chức – Nhân sự,Khác,,Mô tả công việc Nhân viên Trade Marketing POSM,MKT,[14] KT - Phòng Kế toán,ParsedFromFolder,High,,,,,,
data/[14] KT - Phòng Kế toán/03. Tổ chức – Nhân sự/MTCV-MKT-Mô tả công việc Nhân viên bộ phận Trade Marketing.docx,[14] Phòng Kế Toán,MTCV-MKT-Mô tả công việc Nhân viên bộ phận Trade Marketing.docx,MTCV-MKT-Mô tả công việc Nhân viên bộ phận Trade Marketing.docx,,,,,,Hiệu lực,,Mô tả công việc Nhân viên bộ phận Trade Marketing,,,,Tổ chức – Nhân sự,Khác,,Mô tả công việc Nhân viên bộ phận Trade Marketing,MKT,[14] KT - Phòng Kế toán,ParsedFromFolder,High,,,,,,
data/[14] KT - Phòng Kế toán/03. Tổ chức – Nhân sự/MTCV-MKT-Mô tả công việc Trưởng Bộ phận Trade Marketing.docx,[14] Phòng Kế Toán,MTCV-MKT-Mô tả công việc Trưởng Bộ phận Trade Marketing.docx,MTCV-MKT-Mô tả công việc Trưởng Bộ phận Trade Marketing.docx,,,,,,Hiệu lực,,Mô tả công việc Trưởng Bộ phận Trade Marketing,,,,Tổ chức – Nhân sự,Khác,,Mô tả công việc Trưởng Bộ phận Trade Marketing,MKT,[14] KT - Phòng Kế toán,ParsedFromFolder,High,,,,,,
data/[14] KT - Phòng Kế toán/04. Điều hành – Tác nghiệp/412.2025.TB-KT-Thông báo thanh toán theo Nghị định số 181-2025-NĐ-CP.08-07-2025.pdf,[14] Phòng Kế Toán,412.2025.TB-KT-Thông báo thanh toán theo Nghị định số 181-2025-NĐ-CP.08-07-2025.pdf,412.2025.TB-KT-Thông báo thanh toán theo Nghị định số 181-2025-NĐ-CP.08-07-2025.pdf,412,2025,2025-07-08,,,Hiệu lực,,Thông báo thanh toán theo Nghị định số 181-2025-NĐ-CP,,,,Điều hành – Tác nghiệp,Thông báo,,Thông báo thanh toán theo Nghị định số 181-2025-NĐ-CP,KT,[14] KT - Phòng Kế toán,ParsedFromFolder,High,,,,,,
data/[15] KHVT - Phòng Kế hoạch – Vật tư/02. Quy chế – Quy định – Quy trình – Hướng dẫn/01.2022.QT-KHVT-Quy trình mua vật tư dịch vụ.01-08-2022.pdf,[15] Phòng Kế Hoạch - Vật Tư,01.2022.QT-KHVT-Quy trình mua vật tư dịch vụ.01-08-2022.pdf,01.2022.QT-KHVT-Quy trình mua vật tư dịch vụ.01-08-2022.pdf,01,2022,2022-08-01,,,Hiệu lực,,Quy trình mua vật tư dịch vụ,,,,Quy chế – Quy định – Quy trình – Hướng dẫn,Khác,Quy trình,mua vật tư dịch vụ,KHVT,[15] KHVT - Phòng Kế hoạch – Vật tư,ParsedFromFolder,High,,,,,,
data/[15] KHVT - Phòng Kế hoạch – Vật tư/02. Quy chế – Quy định – Quy trình – Hướng dẫn/01.2023.HD-KH-Hướng dẫn mua hàng hóa dịch vụ.15-08-2023.pdf,[15] Phòng Kế Hoạch - Vật Tư,01.2023.HD-KH-Hướng dẫn mua hàng hóa dịch vụ.15-08-2023.pdf,01.2023.HD-KH-Hướng dẫn mua hàng hóa dịch vụ.15-08-2023.pdf,01,2023,2023-08-15,,,Hiệu lực,,Hướng dẫn mua hàng hóa dịch vụ,,,,Quy chế – Quy định – Quy trình – Hướng dẫn,Khác,Hướng dẫn,mua hàng hóa dịch vụ,KH,[15] KHVT - Phòng Kế hoạch – Vật tư,ParsedFromFolder,High,,,,,,
data/[15] KHVT - Phòng Kế hoạch – Vật tư/02. Quy chế – Quy định – Quy trình – Hướng dẫn/01.2023.HD-KH-Hướng dẫn mua vật tư dịch vụ.01-08-2023.pdf,[15] Phòng Kế Hoạch - Vật Tư,01.2023.HD-KH-Hướng dẫn mua vật tư dịch vụ.01-08-2023.pdf,01.2023.HD-KH-Hướng dẫn mua vật tư dịch vụ.01-08-2023.pdf,01,2023,2023-08-01,,,Hiệu lực,,Hướng dẫn mua vật tư dịch vụ,,,,Quy chế – Quy định – Quy trình – Hướng dẫn,Khác,Hướng dẫn,mua vật tư dịch vụ,KH,[15] KHVT - Phòng Kế hoạch – Vật tư,ParsedFromFolder,High,,,,,,
data/[15] KHVT - Phòng Kế hoạch – Vật tư/02. Quy chế – Quy định – Quy trình – Hướng dẫn/01.2025.QT-KHVT-Quy trình giao và lập kế hoạch.22-07-2025.docx,[15] Phòng Kế Hoạch - Vật Tư,01.2025.QT-KHVT-Quy trình giao và lập kế hoạch.22-07-2025.docx,01.2025.QT-KHVT-Quy trình giao và lập kế hoạch.22-07-2025.docx,01,2025,2025-07-22,,,Hiệu lực,,Quy trình giao và lập kế hoạch,,,,Quy chế – Quy định – Quy trình – Hướng dẫn,Khác,Quy trình,giao và lập kế hoạch,KHVT,[15] KHVT - Phòng Kế hoạch – Vật tư,ParsedFromFolder,High,,,,,,
data/[15] KHVT - Phòng Kế hoạch – Vật tư/02. Quy chế – Quy định – Quy trình – Hướng dẫn/01.2025.QT-KHVT-Quy trình giao và lập kế hoạch.22-07-2025.pdf,[15] Phòng Kế Hoạch - Vật Tư,01.2025.QT-KHVT-Quy trình giao và lập kế hoạch.22-07-2025.pdf,01.2025.QT-KHVT-Quy trình giao và lập kế hoạch.22-07-2025.pdf,01,2025,2025-07-22,,,Hiệu lực,,Quy trình giao và lập kế hoạch,,,,Quy chế – Quy định – Quy trình – Hướng dẫn,Khác,Quy trình,giao và lập kế hoạch,KHVT,[15] KHVT - Phòng Kế hoạch – Vật tư,ParsedFromFolder,High,,,,,,
data/[15] KHVT - Phòng Kế hoạch – Vật tư/02. Quy chế – Quy định – Quy trình – Hướng dẫn/02.2022.QT-KHVT-Quy trình đánh giá Nhà Cung Cấp.01-08-2022.pdf,[15] Phòng Kế Hoạch - Vật Tư,02.2022.QT-KHVT-Quy trình đánh giá Nhà Cung Cấp.01-08-2022.pdf,02.2022.QT-KHVT-Quy trình đánh giá Nhà Cung Cấp.01-08-2022.pdf,02,2022,2022-08-01,,,Hiệu lực,,Quy trình đánh giá Nhà Cung Cấp,,,,Quy chế – Quy định – Quy trình – Hướng dẫn,Khác,Quy trình,đánh giá Nhà Cung Cấp,KHVT,[15] KHVT - Phòng Kế hoạch – Vật tư,ParsedFromFolder,High,,,,,,
data/[15] KHVT - Phòng Kế hoạch – Vật tư/02. Quy chế – Quy định – Quy trình – Hướng dẫn/02.2025.QyĐ-KHVT-Quy định nhập-xuất-tồn kho thành phẩm 29-4-2025.15-02-2025.docx,[15] Phòng Kế Hoạch - Vật Tư,02.2025.QyĐ-KHVT-Quy định nhập-xuất-tồn kho thành phẩm 29-4-2025.15-02-2025.docx,02.2025.QyĐ-KHVT-Quy định nhập-xuất-tồn kho thành phẩm 29-4-2025.15-02-2025.docx,02,2025,2025-02-15,,,Hiệu lực,,Quy định nhập-xuất-tồn kho thành phẩm 29-4-2025,,,,Quy chế – Quy định – Quy trình – Hướng dẫn,Khác,Quy định,nhập-xuất-tồn kho thành phẩm 29-4-2025,KHVT,[15] KHVT - Phòng Kế hoạch – Vật tư,ParsedFromFolder,High,,,,,,
data/[15] KHVT - Phòng Kế hoạch – Vật tư/03. Tổ chức – Nhân sự/15.2026.QyĐ-KHVT-Quy định về chức năng nhiệm vụ và cơ cấu tổ chức của phòng Kế hoạch vật tư.15-05-2026.pdf,[15] Phòng Kế Hoạch - Vật Tư,15.2026.QyĐ-KHVT-Quy định về chức năng nhiệm vụ và cơ cấu tổ chức của phòng Kế hoạch vật tư.15-05-2026.pdf,15.2026.QyĐ-KHVT-Quy định về chức năng nhiệm vụ và cơ cấu tổ chức của phòng Kế hoạch vật tư.15-05-2026.pdf,15,2026,2026-05-15,,,Hiệu lực,,Quy định về chức năng nhiệm vụ và cơ cấu tổ chức của phòng Kế hoạch vật tư,,,,Tổ chức – Nhân sự,Khác,Quy định,về chức năng nhiệm vụ và cơ cấu tổ chức của phòng Kế hoạch vật tư,KHVT,[15] KHVT - Phòng Kế hoạch – Vật tư,ParsedFromFolder,High,,,,,,
data/[15] KHVT - Phòng Kế hoạch – Vật tư/03. Tổ chức – Nhân sự/18.2026.QĐ-HCNS-Điều chuyển nhân sự-Lê Thị Thùy Dung.01-01-2026.pdf,[15] Phòng Kế Hoạch - Vật Tư,18.2026.QĐ-HCNS-Điều chuyển nhân sự-Lê Thị Thùy Dung.01-01-2026.pdf,18.2026.QĐ-HCNS-Điều chuyển nhân sự-Lê Thị Thùy Dung.01-01-2026.pdf,18,2026,2026-01-01,,,Hiệu lực,,Điều chuyển nhân sự-Lê Thị Thùy Dung,,,,Tổ chức – Nhân sự,Quyết định,,Điều chuyển nhân sự-Lê Thị Thùy Dung,HCNS,[15] KHVT - Phòng Kế hoạch – Vật tư,ParsedFromFolder,High,,,,,,
data/[15] KHVT - Phòng Kế hoạch – Vật tư/03. Tổ chức – Nhân sự/2024.MTCV-KHVT-Bản mô tả công việc của Phòng Kế hoạch vật tư.22-10-2024.pdf,[15] Phòng Kế Hoạch - Vật Tư,2024.MTCV-KHVT-Bản mô tả công việc của Phòng Kế hoạch vật tư.22-10-2024.pdf,2024.MTCV-KHVT-Bản mô tả công việc của Phòng Kế hoạch vật tư.22-10-2024.pdf,,2024,2024-10-22,,,Hiệu lực,,Bản mô tả công việc của Phòng Kế hoạch vật tư,,,,Tổ chức – Nhân sự,Khác,Kế hoạch,Bản mô tả công việc của Phòng Kế hoạch vật tư,KHVT,[15] KHVT - Phòng Kế hoạch – Vật tư,ParsedFromFolder,High,,,,,,
data/[15] KHVT - Phòng Kế hoạch – Vật tư/03. Tổ chức – Nhân sự/300.2026.QĐ-HCNS-Bổ nhiệm Trưởng bộ phận kho-Phòng kế hoạch vật tư.30-03-2026.pdf,[15] Phòng Kế Hoạch - Vật Tư,300.2026.QĐ-HCNS-Bổ nhiệm Trưởng bộ phận kho-Phòng kế hoạch vật tư.30-03-2026.pdf,300.2026.QĐ-HCNS-Bổ nhiệm Trưởng bộ phận kho-Phòng kế hoạch vật tư.30-03-2026.pdf,300,2026,2026-03-30,,,Hiệu lực,,Bổ nhiệm Trưởng bộ phận kho-Phòng kế hoạch vật tư,,,,Tổ chức – Nhân sự,Quyết định,Kế hoạch,Bổ nhiệm Trưởng bộ phận kho-Phòng kế hoạch vật tư,HCNS,[15] KHVT - Phòng Kế hoạch – Vật tư,ParsedFromFolder,High,,,,,,
data/[15] KHVT - Phòng Kế hoạch – Vật tư/03. Tổ chức – Nhân sự/443.2025.QĐ-HCNS-Quyết định Bổ nhiệm Quyền Trưởng bộ phận kế hoạch.23-07-2025.pdf,[15] Phòng Kế Hoạch - Vật Tư,443.2025.QĐ-HCNS-Quyết định Bổ nhiệm Quyền Trưởng bộ phận kế hoạch.23-07-2025.pdf,443.2025.QĐ-HCNS-Quyết định Bổ nhiệm Quyền Trưởng bộ phận kế hoạch.23-07-2025.pdf,443,2025,2025-07-23,,,Hiệu lực,,Quyết định Bổ nhiệm Quyền Trưởng bộ phận kế hoạch,,,,Tổ chức – Nhân sự,Quyết định,Kế hoạch,Quyết định Bổ nhiệm Quyền Trưởng bộ phận kế hoạch,HCNS,[15] KHVT - Phòng Kế hoạch – Vật tư,ParsedFromFolder,High,,,,,Bản sao,
data/[15] KHVT - Phòng Kế hoạch – Vật tư/03. Tổ chức – Nhân sự/443.2025.QĐ-HLB-Quyết định Bổ nhiệm Quyền Trưởng bộ phận kế hoạch.23-07-2025.pdf,[15] Phòng Kế Hoạch - Vật Tư,443.2025.QĐ-HLB-Quyết định Bổ nhiệm Quyền Trưởng bộ phận kế hoạch.23-07-2025.pdf,443.2025.QĐ-HLB-Quyết định Bổ nhiệm Quyền Trưởng bộ phận kế hoạch.23-07-2025.pdf,443,2025,2025-07-23,,,Hiệu lực,,Quyết định Bổ nhiệm Quyền Trưởng bộ phận kế hoạch,,,,Tổ chức – Nhân sự,Quyết định,Kế hoạch,Quyết định Bổ nhiệm Quyền Trưởng bộ phận kế hoạch,HLB,[15] KHVT - Phòng Kế hoạch – Vật tư,ParsedFromFolder,High,,,,,Bản chuẩn,
data/[15] KHVT - Phòng Kế hoạch – Vật tư/03. Tổ chức – Nhân sự/477.2026.QĐ-HCNS-Bổ nhiệm Phó phòng Kế hoạch vật tư.15-05-2026.docx,[15] Phòng Kế Hoạch - Vật Tư,477.2026.QĐ-HCNS-Bổ nhiệm Phó phòng Kế hoạch vật tư.15-05-2026.docx,477.2026.QĐ-HCNS-Bổ nhiệm Phó phòng Kế hoạch vật tư.15-05-2026.docx,477,2026,2026-05-15,,,Hiệu lực,,Bổ nhiệm Phó phòng Kế hoạch vật tư,,,,Tổ chức – Nhân sự,Quyết định,Kế hoạch,Bổ nhiệm Phó phòng Kế hoạch vật tư,HCNS,[15] KHVT - Phòng Kế hoạch – Vật tư,ParsedFromFolder,High,,,,,,
data/[15] KHVT - Phòng Kế hoạch – Vật tư/03. Tổ chức – Nhân sự/477.2026.QĐ-HCNS-Bổ nhiệm Phó phòng Kế hoạch vật tư.15-05-2026.pdf,[15] Phòng Kế Hoạch - Vật Tư,477.2026.QĐ-HCNS-Bổ nhiệm Phó phòng Kế hoạch vật tư.15-05-2026.pdf,477.2026.QĐ-HCNS-Bổ nhiệm Phó phòng Kế hoạch vật tư.15-05-2026.pdf,477,2026,2026-05-15,,,Hiệu lực,,Bổ nhiệm Phó phòng Kế hoạch vật tư,,,,Tổ chức – Nhân sự,Quyết định,Kế hoạch,Bổ nhiệm Phó phòng Kế hoạch vật tư,HCNS,[15] KHVT - Phòng Kế hoạch – Vật tư,ParsedFromFolder,High,,,,,,
data/[15] KHVT - Phòng Kế hoạch – Vật tư/03. Tổ chức – Nhân sự/478.2026.QĐ-HCNS-Kiêm nhiệm chức danh cho bà Phạm Kiều Anh.15-05-2026.pdf,[15] Phòng Kế Hoạch - Vật Tư,478.2026.QĐ-HCNS-Kiêm nhiệm chức danh cho bà Phạm Kiều Anh.15-05-2026.pdf,478.2026.QĐ-HCNS-Kiêm nhiệm chức danh cho bà Phạm Kiều Anh.15-05-2026.pdf,478,2026,2026-05-15,,,Hiệu lực,,Kiêm nhiệm chức danh cho bà Phạm Kiều Anh,,,,Tổ chức – Nhân sự,Quyết định,,Kiêm nhiệm chức danh cho bà Phạm Kiều Anh,HCNS,[15] KHVT - Phòng Kế hoạch – Vật tư,ParsedFromFolder,High,,,,,,
data/[15] KHVT - Phòng Kế hoạch – Vật tư/03. Tổ chức – Nhân sự/479.2026.QĐ-HCNS-Bổ nhiệm Trưởng phòng Kế hoạch vật tư.15-05-2026.pdf,[15] Phòng Kế Hoạch - Vật Tư,479.2026.QĐ-HCNS-Bổ nhiệm Trưởng phòng Kế hoạch vật tư.15-05-2026.pdf,479.2026.QĐ-HCNS-Bổ nhiệm Trưởng phòng Kế hoạch vật tư.15-05-2026.pdf,479,2026,2026-05-15,,,Hiệu lực,,Bổ nhiệm Trưởng phòng Kế hoạch vật tư,,,,Tổ chức – Nhân sự,Quyết định,Kế hoạch,Bổ nhiệm Trưởng phòng Kế hoạch vật tư,HCNS,[15] KHVT - Phòng Kế hoạch – Vật tư,ParsedFromFolder,High,,,,,,
data/[15] KHVT - Phòng Kế hoạch – Vật tư/03. Tổ chức – Nhân sự/596.2025.QĐ-HCNS-Bổ nhiệm Trưởng bộ phận kế hoạch-Phòng kế hoạch vật tư-v2.11-09-2025.pdf,[15] Phòng Kế Hoạch - Vật Tư,596.2025.QĐ-HCNS-Bổ nhiệm Trưởng bộ phận kế hoạch-Phòng kế hoạch vật tư-v2.11-09-2025.pdf,596.2025.QĐ-HCNS-Bổ nhiệm Trưởng bộ phận kế hoạch-Phòng kế hoạch vật tư-v2.11-09-2025.pdf,596,2025,2025-09-11,,,Hiệu lực,,Bổ nhiệm Trưởng bộ phận kế hoạch-Phòng kế hoạch vật tư-v2,,,,Tổ chức – Nhân sự,Quyết định,Kế hoạch,Bổ nhiệm Trưởng bộ phận kế hoạch-Phòng kế hoạch vật tư-v2,HCNS,[15] KHVT - Phòng Kế hoạch – Vật tư,ParsedFromFolder,High,,,,,Bản chuẩn,
data/[15] KHVT - Phòng Kế hoạch – Vật tư/03. Tổ chức – Nhân sự/596.2025.QĐ-HCNS-Bổ nhiệm Trưởng bộ phận kế hoạch-Phòng kế hoạch vật tư.11-09-2025.pdf,[15] Phòng Kế Hoạch - Vật Tư,596.2025.QĐ-HCNS-Bổ nhiệm Trưởng bộ phận kế hoạch-Phòng kế hoạch vật tư.11-09-2025.pdf,596.2025.QĐ-HCNS-Bổ nhiệm Trưởng bộ phận kế hoạch-Phòng kế hoạch vật tư.11-09-2025.pdf,596,2025,2025-09-11,,,Hiệu lực,,Bổ nhiệm Trưởng bộ phận kế hoạch-Phòng kế hoạch vật tư,,,,Tổ chức – Nhân sự,Quyết định,Kế hoạch,Bổ nhiệm Trưởng bộ phận kế hoạch-Phòng kế hoạch vật tư,HCNS,[15] KHVT - Phòng Kế hoạch – Vật tư,ParsedFromFolder,High,,,,,Bản sao,
data/[15] KHVT - Phòng Kế hoạch – Vật tư/03. Tổ chức – Nhân sự/597.2025.QĐ-HCNS-Bổ nhiệm Trưởng bộ phận mua hàng Phòng kế hoạch vật tư.11-09-2025.pdf,[15] Phòng Kế Hoạch - Vật Tư,597.2025.QĐ-HCNS-Bổ nhiệm Trưởng bộ phận mua hàng Phòng kế hoạch vật tư.11-09-2025.pdf,597.2025.QĐ-HCNS-Bổ nhiệm Trưởng bộ phận mua hàng Phòng kế hoạch vật tư.11-09-2025.pdf,597,2025,2025-09-11,,,Hiệu lực,,Bổ nhiệm Trưởng bộ phận mua hàng Phòng kế hoạch vật tư,,,,Tổ chức – Nhân sự,Quyết định,Kế hoạch,Bổ nhiệm Trưởng bộ phận mua hàng Phòng kế hoạch vật tư,HCNS,[15] KHVT - Phòng Kế hoạch – Vật tư,ParsedFromFolder,High,,,,,Bản chuẩn,
data/[15] KHVT - Phòng Kế hoạch – Vật tư/03. Tổ chức – Nhân sự/597.2025.QĐ-HCNS-Bổ nhiệm Trưởng bộ phận mua hàng-Phòng kế hoạch vật tư.11-09-2025.docx,[15] Phòng Kế Hoạch - Vật Tư,597.2025.QĐ-HCNS-Bổ nhiệm Trưởng bộ phận mua hàng-Phòng kế hoạch vật tư.11-09-2025.docx,597.2025.QĐ-HCNS-Bổ nhiệm Trưởng bộ phận mua hàng-Phòng kế hoạch vật tư.11-09-2025.docx,597,2025,2025-09-11,,,Hiệu lực,,Bổ nhiệm Trưởng bộ phận mua hàng-Phòng kế hoạch vật tư,,,,Tổ chức – Nhân sự,Quyết định,Kế hoạch,Bổ nhiệm Trưởng bộ phận mua hàng-Phòng kế hoạch vật tư,HCNS,[15] KHVT - Phòng Kế hoạch – Vật tư,ParsedFromFolder,High,,,,,,
data/[15] KHVT - Phòng Kế hoạch – Vật tư/03. Tổ chức – Nhân sự/597.2025.QĐ-HCNS-Bổ nhiệm Trưởng bộ phận mua hàng-Phòng kế hoạch vật tư.11-09-2025.pdf,[15] Phòng Kế Hoạch - Vật Tư,597.2025.QĐ-HCNS-Bổ nhiệm Trưởng bộ phận mua hàng-Phòng kế hoạch vật tư.11-09-2025.pdf,597.2025.QĐ-HCNS-Bổ nhiệm Trưởng bộ phận mua hàng-Phòng kế hoạch vật tư.11-09-2025.pdf,597,2025,2025-09-11,,,Hiệu lực,,Bổ nhiệm Trưởng bộ phận mua hàng-Phòng kế hoạch vật tư,,,,Tổ chức – Nhân sự,Quyết định,Kế hoạch,Bổ nhiệm Trưởng bộ phận mua hàng-Phòng kế hoạch vật tư,HCNS,[15] KHVT - Phòng Kế hoạch – Vật tư,ParsedFromFolder,High,,,,,Bản sao,
data/[15] KHVT - Phòng Kế hoạch – Vật tư/03. Tổ chức – Nhân sự/598.2025.QĐ-HCNS-Bổ nhiệm Phó phòng kế hoạch vật tư-v2.11-09-2025.pdf,[15] Phòng Kế Hoạch - Vật Tư,598.2025.QĐ-HCNS-Bổ nhiệm Phó phòng kế hoạch vật tư-v2.11-09-2025.pdf,598.2025.QĐ-HCNS-Bổ nhiệm Phó phòng kế hoạch vật tư-v2.11-09-2025.pdf,598,2025,2025-09-11,,,Hiệu lực,,Bổ nhiệm Phó phòng kế hoạch vật tư-v2,,,,Tổ chức – Nhân sự,Quyết định,Kế hoạch,Bổ nhiệm Phó phòng kế hoạch vật tư-v2,HCNS,[15] KHVT - Phòng Kế hoạch – Vật tư,ParsedFromFolder,High,,,,,Bản chuẩn,
data/[15] KHVT - Phòng Kế hoạch – Vật tư/03. Tổ chức – Nhân sự/598.2025.QĐ-HCNS-Bổ nhiệm Phó phòng kế hoạch vật tư.11-09-2025.docx,[15] Phòng Kế Hoạch - Vật Tư,598.2025.QĐ-HCNS-Bổ nhiệm Phó phòng kế hoạch vật tư.11-09-2025.docx,598.2025.QĐ-HCNS-Bổ nhiệm Phó phòng kế hoạch vật tư.11-09-2025.docx,598,2025,2025-09-11,,,Hiệu lực,,Bổ nhiệm Phó phòng kế hoạch vật tư,,,,Tổ chức – Nhân sự,Quyết định,Kế hoạch,Bổ nhiệm Phó phòng kế hoạch vật tư,HCNS,[15] KHVT - Phòng Kế hoạch – Vật tư,ParsedFromFolder,High,,,,,,
data/[15] KHVT - Phòng Kế hoạch – Vật tư/03. Tổ chức – Nhân sự/598.2025.QĐ-HCNS-Bổ nhiệm Phó phòng kế hoạch vật tư.11-09-2025.pdf,[15] Phòng Kế Hoạch - Vật Tư,598.2025.QĐ-HCNS-Bổ nhiệm Phó phòng kế hoạch vật tư.11-09-2025.pdf,598.2025.QĐ-HCNS-Bổ nhiệm Phó phòng kế hoạch vật tư.11-09-2025.pdf,598,2025,2025-09-11,,,Hiệu lực,,Bổ nhiệm Phó phòng kế hoạch vật tư,,,,Tổ chức – Nhân sự,Quyết định,Kế hoạch,Bổ nhiệm Phó phòng kế hoạch vật tư,HCNS,[15] KHVT - Phòng Kế hoạch – Vật tư,ParsedFromFolder,High,,,,,Bản sao,
data/[15] KHVT - Phòng Kế hoạch – Vật tư/03. Tổ chức – Nhân sự/MTCV-KHVT-Mô tả công việc Nhân viên kế hoạch.docx,[15] Phòng Kế Hoạch - Vật Tư,MTCV-KHVT-Mô tả công việc Nhân viên kế hoạch.docx,MTCV-KHVT-Mô tả công việc Nhân viên kế hoạch.docx,,,,,,Hiệu lực,,Mô tả công việc Nhân viên kế hoạch,,,,Tổ chức – Nhân sự,Khác,Kế hoạch,Mô tả công việc Nhân viên kế hoạch,KHVT,[15] KHVT - Phòng Kế hoạch – Vật tư,ParsedFromFolder,High,,,,,,
data/[15] KHVT - Phòng Kế hoạch – Vật tư/03. Tổ chức – Nhân sự/MTCV-KHVT-Mô tả công việc Nhân viên mua hàng.docx,[15] Phòng Kế Hoạch - Vật Tư,MTCV-KHVT-Mô tả công việc Nhân viên mua hàng.docx,MTCV-KHVT-Mô tả công việc Nhân viên mua hàng.docx,,,,,,Hiệu lực,,Mô tả công việc Nhân viên mua hàng,,,,Tổ chức – Nhân sự,Khác,,Mô tả công việc Nhân viên mua hàng,KHVT,[15] KHVT - Phòng Kế hoạch – Vật tư,ParsedFromFolder,High,,,,,,
data/[15] KHVT - Phòng Kế hoạch – Vật tư/03. Tổ chức – Nhân sự/MTCV-KHVT-Mô tả công việc Nhân viên thủ kho.docx,[15] Phòng Kế Hoạch - Vật Tư,MTCV-KHVT-Mô tả công việc Nhân viên thủ kho.docx,MTCV-KHVT-Mô tả công việc Nhân viên thủ kho.docx,,,,,,Hiệu lực,,Mô tả công việc Nhân viên thủ kho,,,,Tổ chức – Nhân sự,Khác,,Mô tả công việc Nhân viên thủ kho,KHVT,[15] KHVT - Phòng Kế hoạch – Vật tư,ParsedFromFolder,High,,,,,,
data/[15] KHVT - Phòng Kế hoạch – Vật tư/03. Tổ chức – Nhân sự/MTCV-KHVT-Mô tả công việc Phó phòng kế hoạch vật tư.docx,[15] Phòng Kế Hoạch - Vật Tư,MTCV-KHVT-Mô tả công việc Phó phòng kế hoạch vật tư.docx,MTCV-KHVT-Mô tả công việc Phó phòng kế hoạch vật tư.docx,,,,,,Hiệu lực,,Mô tả công việc Phó phòng kế hoạch vật tư,,,,Tổ chức – Nhân sự,Khác,Kế hoạch,Mô tả công việc Phó phòng kế hoạch vật tư,KHVT,[15] KHVT - Phòng Kế hoạch – Vật tư,ParsedFromFolder,High,,,,,,
data/[15] KHVT - Phòng Kế hoạch – Vật tư/03. Tổ chức – Nhân sự/MTCV-KHVT-Mô tả công việc Trưởng bộ phận kho-v2.docx,[15] Phòng Kế Hoạch - Vật Tư,MTCV-KHVT-Mô tả công việc Trưởng bộ phận kho-v2.docx,MTCV-KHVT-Mô tả công việc Trưởng bộ phận kho-v2.docx,,,,,,Hiệu lực,,Mô tả công việc Trưởng bộ phận kho-v2,,,,Tổ chức – Nhân sự,Khác,,Mô tả công việc Trưởng bộ phận kho-v2,KHVT,[15] KHVT - Phòng Kế hoạch – Vật tư,ParsedFromFolder,High,,,,,,
data/[15] KHVT - Phòng Kế hoạch – Vật tư/03. Tổ chức – Nhân sự/MTCV-KHVT-Mô tả công việc Trưởng bộ phận kho.docx,[15] Phòng Kế Hoạch - Vật Tư,MTCV-KHVT-Mô tả công việc Trưởng bộ phận kho.docx,MTCV-KHVT-Mô tả công việc Trưởng bộ phận kho.docx,,,,,,Hiệu lực,,Mô tả công việc Trưởng bộ phận kho,,,,Tổ chức – Nhân sự,Khác,,Mô tả công việc Trưởng bộ phận kho,KHVT,[15] KHVT - Phòng Kế hoạch – Vật tư,ParsedFromFolder,High,,,,,,
data/[15] KHVT - Phòng Kế hoạch – Vật tư/03. Tổ chức – Nhân sự/MTCV-KHVT-Mô tả công việc Trưởng bộ phận kế hoạch.docx,[15] Phòng Kế Hoạch - Vật Tư,MTCV-KHVT-Mô tả công việc Trưởng bộ phận kế hoạch.docx,MTCV-KHVT-Mô tả công việc Trưởng bộ phận kế hoạch.docx,,,,,,Hiệu lực,,Mô tả công việc Trưởng bộ phận kế hoạch,,,,Tổ chức – Nhân sự,Khác,Kế hoạch,Mô tả công việc Trưởng bộ phận kế hoạch,KHVT,[15] KHVT - Phòng Kế hoạch – Vật tư,ParsedFromFolder,High,,,,,,
data/[15] KHVT - Phòng Kế hoạch – Vật tư/03. Tổ chức – Nhân sự/MTCV-KHVT-Mô tả công việc Trưởng bộ phận mua hàng.docx,[15] Phòng Kế Hoạch - Vật Tư,MTCV-KHVT-Mô tả công việc Trưởng bộ phận mua hàng.docx,MTCV-KHVT-Mô tả công việc Trưởng bộ phận mua hàng.docx,,,,,,Hiệu lực,,Mô tả công việc Trưởng bộ phận mua hàng,,,,Tổ chức – Nhân sự,Khác,,Mô tả công việc Trưởng bộ phận mua hàng,KHVT,[15] KHVT - Phòng Kế hoạch – Vật tư,ParsedFromFolder,High,,,,,,
data/[15] KHVT - Phòng Kế hoạch – Vật tư/03. Tổ chức – Nhân sự/MTCV-KHVT-Mô tả công việc Trưởng phòng kế hoạch vật tư.docx,[15] Phòng Kế Hoạch - Vật Tư,MTCV-KHVT-Mô tả công việc Trưởng phòng kế hoạch vật tư.docx,MTCV-KHVT-Mô tả công việc Trưởng phòng kế hoạch vật tư.docx,,,,,,Hiệu lực,,Mô tả công việc Trưởng phòng kế hoạch vật tư,,,,Tổ chức – Nhân sự,Khác,Kế hoạch,Mô tả công việc Trưởng phòng kế hoạch vật tư,KHVT,[15] KHVT - Phòng Kế hoạch – Vật tư,ParsedFromFolder,High,,,,,,
data/[15] KHVT - Phòng Kế hoạch – Vật tư/04. Điều hành – Tác nghiệp/2025.DS-KHVT-Danh sách nhà cung cấp nguyên nhiên vật liệu được phê duyệt 2025-Thực hiện.01-12-2025.pdf,[15] Phòng Kế Hoạch - Vật Tư,2025.DS-KHVT-Danh sách nhà cung cấp nguyên nhiên vật liệu được phê duyệt 2025-Thực hiện.01-12-2025.pdf,2025.DS-KHVT-Danh sách nhà cung cấp nguyên nhiên vật liệu được phê duyệt 2025-Thực hiện.01-12-2025.pdf,,2025,2025-12-01,,,Hiệu lực,,Danh sách nhà cung cấp nguyên nhiên vật liệu được phê duyệt 2025-Thực hiện,,,,Điều hành – Tác nghiệp,Khác,,Danh sách nhà cung cấp nguyên nhiên vật liệu được phê duyệt 2025-Thực hiện,KHVT,[15] KHVT - Phòng Kế hoạch – Vật tư,ParsedFromFolder,High,,,,,,
data/[15] KHVT - Phòng Kế hoạch – Vật tư/06. Hết hiệu lực/15.2024.QyĐ-KHVT-Quy định về chức năng nhiệm vụ và cơ cấu tổ chức của Phòng Kế hoạch vật tư.02-01-2024.docx,[99] Archive,15.2024.QyĐ-KHVT-Quy định về chức năng nhiệm vụ và cơ cấu tổ chức của Phòng Kế hoạch vật tư.02-01-2024.docx,15.2024.QyĐ-KHVT-Quy định về chức năng nhiệm vụ và cơ cấu tổ chức của Phòng Kế hoạch vật tư.02-01-2024.docx,15,2024,2024-01-02,,,Hết hiệu lực,,Quy định về chức năng nhiệm vụ và cơ cấu tổ chức của Phòng Kế hoạch vật tư,,,,Hết hiệu lực,Khác,Quy định,về chức năng nhiệm vụ và cơ cấu tổ chức của Phòng Kế hoạch vật tư,KHVT,[15] KHVT - Phòng Kế hoạch – Vật tư,ParsedFromFolder,High,,,,,,
data/[15] KHVT - Phòng Kế hoạch – Vật tư/06. Hết hiệu lực/15.2024.QyĐ-KHVT-Quy định về chức năng nhiệm vụ và cơ cấu tổ chức của Phòng Kế hoạch vật tư.02-01-2024.pdf,[99] Archive,15.2024.QyĐ-KHVT-Quy định về chức năng nhiệm vụ và cơ cấu tổ chức của Phòng Kế hoạch vật tư.02-01-2024.pdf,15.2024.QyĐ-KHVT-Quy định về chức năng nhiệm vụ và cơ cấu tổ chức của Phòng Kế hoạch vật tư.02-01-2024.pdf,15,2024,2024-01-02,,,Hết hiệu lực,,Quy định về chức năng nhiệm vụ và cơ cấu tổ chức của Phòng Kế hoạch vật tư,,,,Hết hiệu lực,Khác,Quy định,về chức năng nhiệm vụ và cơ cấu tổ chức của Phòng Kế hoạch vật tư,KHVT,[15] KHVT - Phòng Kế hoạch – Vật tư,ParsedFromFolder,High,,,,,Bản chuẩn,
"data/[15] KHVT - Phòng Kế hoạch – Vật tư/06. Hết hiệu lực/36.2024.QĐ-NS-Quy định về Chức năng, nhiệm vụ, và cơ cấu tổ chức của Phòng Kế Hoạch-Vật Tư.02-01-2024.pdf",[99] Archive,"36.2024.QĐ-NS-Quy định về Chức năng, nhiệm vụ, và cơ cấu tổ chức của Phòng Kế Hoạch-Vật Tư.02-01-2024.pdf","36.2024.QĐ-NS-Quy định về Chức năng, nhiệm vụ, và cơ cấu tổ chức của Phòng Kế Hoạch-Vật Tư.02-01-2024.pdf",36,2024,2024-01-02,,,Hết hiệu lực,,"Quy định về Chức năng, nhiệm vụ, và cơ cấu tổ chức của Phòng Kế Hoạch-Vật Tư",,,,Hết hiệu lực,Quyết định,Quy định,"về Chức năng, nhiệm vụ, và cơ cấu tổ chức của Phòng Kế Hoạch-Vật Tư",NS,[15] KHVT - Phòng Kế hoạch – Vật tư,ParsedFromFolder,High,,,,,Bản sao,
data/[16] HCNS - Phòng Hành chính – Nhân sự/02. Quy chế – Quy định – Quy trình – Hướng dẫn/01.2022.BM-HCNS-sổ theo dõi khách ra vào công ty.01-08-2022.docx,[16] Phòng Hành Chính - Nhân Sự,01.2022.BM-HCNS-sổ theo dõi khách ra vào công ty.01-08-2022.docx,01.2022.BM-HCNS-sổ theo dõi khách ra vào công ty.01-08-2022.docx,01,2022,2022-08-01,,,Hiệu lực,,sổ theo dõi khách ra vào công ty,,,,Quy chế – Quy định – Quy trình – Hướng dẫn,Khác,,sổ theo dõi khách ra vào công ty,HCNS,[16] HCNS - Phòng Hành chính – Nhân sự,ParsedFromFolder,High,,,,,,
data/[16] HCNS - Phòng Hành chính – Nhân sự/02. Quy chế – Quy định – Quy trình – Hướng dẫn/01.2022.QT-HCNS-Quy trình lễ tân tiếp khách.docx,[16] Phòng Hành Chính - Nhân Sự,01.2022.QT-HCNS-Quy trình lễ tân tiếp khách.docx,01.2022.QT-HCNS-Quy trình lễ tân tiếp khách.docx,01,2022,,,,Hiệu lực,,Quy trình lễ tân tiếp khách,,,,Quy chế – Quy định – Quy trình – Hướng dẫn,Khác,Quy trình,lễ tân tiếp khách,HCNS,[16] HCNS - Phòng Hành chính – Nhân sự,ParsedFromFolder,High,,,,,,
data/[16] HCNS - Phòng Hành chính – Nhân sự/02. Quy chế – Quy định – Quy trình – Hướng dẫn/02.2022-BM-HCNS-Phiếu bàn giao trước nghỉ việc.10-09-2022.doc,[16] Phòng Hành Chính - Nhân Sự,02.2022-BM-HCNS-Phiếu bàn giao trước nghỉ việc.10-09-2022.doc,02.2022-BM-HCNS-Phiếu bàn giao trước nghỉ việc.10-09-2022.doc,,,2022-09-10,,,Hiệu lực,,HCNS-Phiếu bàn giao trước nghỉ việc,,,,Quy chế – Quy định – Quy trình – Hướng dẫn,Khác,,HCNS-Phiếu bàn giao trước nghỉ việc,BM,[16] HCNS - Phòng Hành chính – Nhân sự,ParsedFromFolder,High,,,,,,
data/[16] HCNS - Phòng Hành chính – Nhân sự/02. Quy chế – Quy định – Quy trình – Hướng dẫn/159.2025.QĐ-HCNS-Lưu đồ quy trình điều phối cải tiến sản xuất.21-03-2025.vsdx,[16] Phòng Hành Chính - Nhân Sự,159.2025.QĐ-HCNS-Lưu đồ quy trình điều phối cải tiến sản xuất.21-03-2025.vsdx,159.2025.QĐ-HCNS-Lưu đồ quy trình điều phối cải tiến sản xuất.21-03-2025.vsdx,159,2025,2025-03-21,,,Hiệu lực,,Lưu đồ quy trình điều phối cải tiến sản xuất,,,,Quy chế – Quy định – Quy trình – Hướng dẫn,Quyết định,Quy trình,Lưu đồ quy trình điều phối cải tiến sản xuất,HCNS,[16] HCNS - Phòng Hành chính – Nhân sự,ParsedFromFolder,High,,,,,,
data/[16] HCNS - Phòng Hành chính – Nhân sự/02. Quy chế – Quy định – Quy trình – Hướng dẫn/16.2024.QT-HCNS-Quy trình đánh giá hiệu quả công việc.23-04-2025.pdf,[16] Phòng Hành Chính - Nhân Sự,16.2024.QT-HCNS-Quy trình đánh giá hiệu quả công việc.23-04-2025.pdf,16.2024.QT-HCNS-Quy trình đánh giá hiệu quả công việc.23-04-2025.pdf,16,2024,2025-04-23,,,Hiệu lực,,Quy trình đánh giá hiệu quả công việc,,,,Quy chế – Quy định – Quy trình – Hướng dẫn,Khác,Quy trình,đánh giá hiệu quả công việc,HCNS,[16] HCNS - Phòng Hành chính – Nhân sự,ParsedFromFolder,High,,,,,,
data/[16] HCNS - Phòng Hành chính – Nhân sự/02. Quy chế – Quy định – Quy trình – Hướng dẫn/17.2025.QT-HCNS-Quy trình định mức đơn giá tiền lương.18-06-2025.pdf,[16] Phòng Hành Chính - Nhân Sự,17.2025.QT-HCNS-Quy trình định mức đơn giá tiền lương.18-06-2025.pdf,17.2025.QT-HCNS-Quy trình định mức đơn giá tiền lương.18-06-2025.pdf,17,2025,2025-06-18,,,Hiệu lực,,Quy trình định mức đơn giá tiền lương,,,,Quy chế – Quy định – Quy trình – Hướng dẫn,Khác,Quy trình,định mức đơn giá tiền lương,HCNS,[16] HCNS - Phòng Hành chính – Nhân sự,ParsedFromFolder,High,,,,,,
data/[16] HCNS - Phòng Hành chính – Nhân sự/02. Quy chế – Quy định – Quy trình – Hướng dẫn/17.2026.HCNS-Quy trình phối hợp quản lý lao động thuê lại.30-03-2026.pdf,[16] Phòng Hành Chính - Nhân Sự,17.2026.HCNS-Quy trình phối hợp quản lý lao động thuê lại.30-03-2026.pdf,17.2026.HCNS-Quy trình phối hợp quản lý lao động thuê lại.30-03-2026.pdf,17,2026,2026-03-30,,,Hiệu lực,,Quy trình phối hợp quản lý lao động thuê lại,,,,Quy chế – Quy định – Quy trình – Hướng dẫn,Khác,Quy trình,phối hợp quản lý lao động thuê lại,,[16] HCNS - Phòng Hành chính – Nhân sự,ParsedFromFolder,High,,,,,,
data/[16] HCNS - Phòng Hành chính – Nhân sự/02. Quy chế – Quy định – Quy trình – Hướng dẫn/17.2026.QT-HCNS-Quy trình cấp phát văn phòng phẩm-vật rẻ.15-05-2026.pdf,[16] Phòng Hành Chính - Nhân Sự,17.2026.QT-HCNS-Quy trình cấp phát văn phòng phẩm-vật rẻ.15-05-2026.pdf,17.2026.QT-HCNS-Quy trình cấp phát văn phòng phẩm-vật rẻ.15-05-2026.pdf,17,2026,2026-05-15,,,Hiệu lực,,Quy trình cấp phát văn phòng phẩm-vật rẻ,,,,Quy chế – Quy định – Quy trình – Hướng dẫn,Khác,Quy trình,cấp phát văn phòng phẩm-vật rẻ,HCNS,[16] HCNS - Phòng Hành chính – Nhân sự,ParsedFromFolder,High,,,,,,
data/[16] HCNS - Phòng Hành chính – Nhân sự/02. Quy chế – Quy định – Quy trình – Hướng dẫn/2025-Định biên nhân sự.xlsx,[16] Phòng Hành Chính - Nhân Sự,2025-Định biên nhân sự.xlsx,2025-Định biên nhân sự.xlsx,,,,,,Hiệu lực,,Định biên nhân sự,,,,Quy chế – Quy định – Quy trình – Hướng dẫn,Khác,,Định biên nhân sự,,[16] HCNS - Phòng Hành chính – Nhân sự,ParsedFromFolder,High,,,,,,
data/[16] HCNS - Phòng Hành chính – Nhân sự/02. Quy chế – Quy định – Quy trình – Hướng dẫn/483.2026.QĐ-HCNS-Ban hành quy trình tính lương.15-05-2026.docx,[16] Phòng Hành Chính - Nhân Sự,483.2026.QĐ-HCNS-Ban hành quy trình tính lương.15-05-2026.docx,483.2026.QĐ-HCNS-Ban hành quy trình tính lương.15-05-2026.docx,483,2026,2026-05-15,,,Hiệu lực,,Ban hành quy trình tính lương,,,,Quy chế – Quy định – Quy trình – Hướng dẫn,Quyết định,Quy trình,tính lương,HCNS,[16] HCNS - Phòng Hành chính – Nhân sự,ParsedFromFolder,High,,,,,,
data/[16] HCNS - Phòng Hành chính – Nhân sự/02. Quy chế – Quy định – Quy trình – Hướng dẫn/BM-NS-06(04)-Cam kết.docx,[16] Phòng Hành Chính - Nhân Sự,BM-NS-06(04)-Cam kết.docx,BM-NS-06(04)-Cam kết.docx,,,,,,Hiệu lực,,06(04)-Cam kết,,,,Quy chế – Quy định – Quy trình – Hướng dẫn,Khác,,06(04)-Cam kết,NS,[16] HCNS - Phòng Hành chính – Nhân sự,ParsedFromFolder,High,,,,,,
data/[16] HCNS - Phòng Hành chính – Nhân sự/02. Quy chế – Quy định – Quy trình – Hướng dẫn/BM-NS-12(01)-Đơn đề nghị thôi việc.docx,[16] Phòng Hành Chính - Nhân Sự,BM-NS-12(01)-Đơn đề nghị thôi việc.docx,BM-NS-12(01)-Đơn đề nghị thôi việc.docx,,,,,,Hiệu lực,,12(01)-Đơn đề nghị thôi việc,,,,Quy chế – Quy định – Quy trình – Hướng dẫn,Khác,,12(01)-Đơn đề nghị thôi việc,NS,[16] HCNS - Phòng Hành chính – Nhân sự,ParsedFromFolder,High,,,,,,
data/[16] HCNS - Phòng Hành chính – Nhân sự/02. Quy chế – Quy định – Quy trình – Hướng dẫn/BM-NS-12(03)-Bảng phỏng vấn nghỉ việc.docx,[16] Phòng Hành Chính - Nhân Sự,BM-NS-12(03)-Bảng phỏng vấn nghỉ việc.docx,BM-NS-12(03)-Bảng phỏng vấn nghỉ việc.docx,,,,,,Hiệu lực,,12(03)-Bảng phỏng vấn nghỉ việc,,,,Quy chế – Quy định – Quy trình – Hướng dẫn,Khác,,12(03)-Bảng phỏng vấn nghỉ việc,NS,[16] HCNS - Phòng Hành chính – Nhân sự,ParsedFromFolder,High,,,,,,
data/[16] HCNS - Phòng Hành chính – Nhân sự/02. Quy chế – Quy định – Quy trình – Hướng dẫn/Danh mục lưu trữ-ban hành văn bản.xlsx,[16] Phòng Hành Chính - Nhân Sự,Danh mục lưu trữ-ban hành văn bản.xlsx,Danh mục lưu trữ-ban hành văn bản.xlsx,,,,,,Hiệu lực,,ban hành văn bản,,,,Quy chế – Quy định – Quy trình – Hướng dẫn,Khác,,văn bản,,[16] HCNS - Phòng Hành chính – Nhân sự,ParsedFromFolder,High,,,,,,
data/[16] HCNS - Phòng Hành chính – Nhân sự/02. Quy chế – Quy định – Quy trình – Hướng dẫn/Lưu đồ quản lý văn bản đi 3.vsdx,[16] Phòng Hành Chính - Nhân Sự,Lưu đồ quản lý văn bản đi 3.vsdx,Lưu đồ quản lý văn bản đi 3.vsdx,,,,,,Hiệu lực,,Lưu đồ quản lý văn bản đi 3,,,,Quy chế – Quy định – Quy trình – Hướng dẫn,Khác,,Lưu đồ quản lý văn bản đi 3,,[16] HCNS - Phòng Hành chính – Nhân sự,ParsedFromFolder,High,,,,,,
data/[16] HCNS - Phòng Hành chính – Nhân sự/02. Quy chế – Quy định – Quy trình – Hướng dẫn/Lưu đồ quản lý văn bản đến 4.vsdx,[16] Phòng Hành Chính - Nhân Sự,Lưu đồ quản lý văn bản đến 4.vsdx,Lưu đồ quản lý văn bản đến 4.vsdx,,,,,,Hiệu lực,,Lưu đồ quản lý văn bản đến 4,,,,Quy chế – Quy định – Quy trình – Hướng dẫn,Khác,,Lưu đồ quản lý văn bản đến 4,,[16] HCNS - Phòng Hành chính – Nhân sự,ParsedFromFolder,High,,,,,,
data/[16] HCNS - Phòng Hành chính – Nhân sự/02. Quy chế – Quy định – Quy trình – Hướng dẫn/Lưu đồ xây dựng đinh biên nhân sự.vsdx,[16] Phòng Hành Chính - Nhân Sự,Lưu đồ xây dựng đinh biên nhân sự.vsdx,Lưu đồ xây dựng đinh biên nhân sự.vsdx,,,,,,Hiệu lực,,Lưu đồ xây dựng đinh biên nhân sự,,,,Quy chế – Quy định – Quy trình – Hướng dẫn,Khác,,Lưu đồ xây dựng đinh biên nhân sự,,[16] HCNS - Phòng Hành chính – Nhân sự,ParsedFromFolder,High,,,,,,
data/[16] HCNS - Phòng Hành chính – Nhân sự/02. Quy chế – Quy định – Quy trình – Hướng dẫn/QT-HC01.HLB-Quy trình lễ tân tiếp khách.pdf,[16] Phòng Hành Chính - Nhân Sự,QT-HC01.HLB-Quy trình lễ tân tiếp khách.pdf,QT-HC01.HLB-Quy trình lễ tân tiếp khách.pdf,,,,,,Hiệu lực,,Quy trình lễ tân tiếp khách,,,,Quy chế – Quy định – Quy trình – Hướng dẫn,Khác,Quy trình,lễ tân tiếp khách,HC01.HLB,[16] HCNS - Phòng Hành chính – Nhân sự,ParsedFromFolder,High,,,,,,
data/[16] HCNS - Phòng Hành chính – Nhân sự/02. Quy chế – Quy định – Quy trình – Hướng dẫn/QT-NS-11-Quy trình quản lý hợp đồng lao động.26-06-2024.pdf,[16] Phòng Hành Chính - Nhân Sự,QT-NS-11-Quy trình quản lý hợp đồng lao động.26-06-2024.pdf,QT-NS-11-Quy trình quản lý hợp đồng lao động.26-06-2024.pdf,,,2024-06-26,,,Hiệu lực,,11-Quy trình quản lý hợp đồng lao động,,,,Quy chế – Quy định – Quy trình – Hướng dẫn,Khác,Quy trình,11-Quy trình quản lý hợp đồng lao động,NS,[16] HCNS - Phòng Hành chính – Nhân sự,ParsedFromFolder,High,,,,,,
data/[16] HCNS - Phòng Hành chính – Nhân sự/02. Quy chế – Quy định – Quy trình – Hướng dẫn/QT-QT-NS-01.HLB-Quy trình lễ tân tiếp khách.pdf,[16] Phòng Hành Chính - Nhân Sự,QT-QT-NS-01.HLB-Quy trình lễ tân tiếp khách.pdf,QT-QT-NS-01.HLB-Quy trình lễ tân tiếp khách.pdf,,,,,,Hiệu lực,,NS-01.HLB-Quy trình lễ tân tiếp khách,,,,Quy chế – Quy định – Quy trình – Hướng dẫn,Khác,Quy trình,NS-01.HLB-Quy trình lễ tân tiếp khách,QT,[16] HCNS - Phòng Hành chính – Nhân sự,ParsedFromFolder,High,,,,,,
data/[16] HCNS - Phòng Hành chính – Nhân sự/02. Quy chế – Quy định – Quy trình – Hướng dẫn/QT-QT-NS-12.Quy trình Chấm dứt hợp đồng lao động.pdf,[16] Phòng Hành Chính - Nhân Sự,QT-QT-NS-12.Quy trình Chấm dứt hợp đồng lao động.pdf,QT-QT-NS-12.Quy trình Chấm dứt hợp đồng lao động.pdf,,,,,,Hiệu lực,,NS-12.Quy trình Chấm dứt hợp đồng lao động,,,,Quy chế – Quy định – Quy trình – Hướng dẫn,Khác,Quy trình,NS-12.Quy trình Chấm dứt hợp đồng lao động,QT,[16] HCNS - Phòng Hành chính – Nhân sự,ParsedFromFolder,High,,,,,,
data/[16] HCNS - Phòng Hành chính – Nhân sự/02. Quy chế – Quy định – Quy trình – Hướng dẫn/QĐ-BM-NS-06(03)-Quyết định thôi việc.docx,[16] Phòng Hành Chính - Nhân Sự,QĐ-BM-NS-06(03)-Quyết định thôi việc.docx,QĐ-BM-NS-06(03)-Quyết định thôi việc.docx,,,,,,Hiệu lực,,NS-06(03)-Quyết định thôi việc,,,,Quy chế – Quy định – Quy trình – Hướng dẫn,Quyết định,,NS-06(03)-Quyết định thôi việc,BM,[16] HCNS - Phòng Hành chính – Nhân sự,ParsedFromFolder,High,,,,,,
data/[16] HCNS - Phòng Hành chính – Nhân sự/03. Tổ chức – Nhân sự/122.2026.QĐ-HCNS-Điều chuyển nhân sự.27-02-2026.pdf,[16] Phòng Hành Chính - Nhân Sự,122.2026.QĐ-HCNS-Điều chuyển nhân sự.27-02-2026.pdf,122.2026.QĐ-HCNS-Điều chuyển nhân sự.27-02-2026.pdf,122,2026,2026-02-27,,,Hiệu lực,,Điều chuyển nhân sự,,,,Tổ chức – Nhân sự,Quyết định,,Điều chuyển nhân sự,HCNS,[16] HCNS - Phòng Hành chính – Nhân sự,ParsedFromFolder,High,,,,,Bản sao,
data/[16] HCNS - Phòng Hành chính – Nhân sự/03. Tổ chức – Nhân sự/16.2025.QyĐ-HCNS-Quy định về chức năng nhiệm vụ và cơ cấu tổ chức của phòng hành chính nhân sự ban hành.15-05-2026.docx,[16] Phòng Hành Chính - Nhân Sự,16.2025.QyĐ-HCNS-Quy định về chức năng nhiệm vụ và cơ cấu tổ chức của phòng hành chính nhân sự ban hành.15-05-2026.docx,16.2025.QyĐ-HCNS-Quy định về chức năng nhiệm vụ và cơ cấu tổ chức của phòng hành chính nhân sự ban hành.15-05-2026.docx,16,2025,2026-05-15,,,Hiệu lực,,Quy định về chức năng nhiệm vụ và cơ cấu tổ chức của phòng hành chính nhân sự ban hành,,,,Tổ chức – Nhân sự,Khác,Quy định,về chức năng nhiệm vụ và cơ cấu tổ chức của phòng hành chính nhân sự ban hành,HCNS,[16] HCNS - Phòng Hành chính – Nhân sự,ParsedFromFolder,High,,,,,,
data/[16] HCNS - Phòng Hành chính – Nhân sự/03. Tổ chức – Nhân sự/16.2025.QyĐ-HCNS-Quy định về chức năng nhiệm vụ và cơ cấu tổ chức của phòng hành chính nhân sự ban hành.15-05-2026.pdf,[16] Phòng Hành Chính - Nhân Sự,16.2025.QyĐ-HCNS-Quy định về chức năng nhiệm vụ và cơ cấu tổ chức của phòng hành chính nhân sự ban hành.15-05-2026.pdf,16.2025.QyĐ-HCNS-Quy định về chức năng nhiệm vụ và cơ cấu tổ chức của phòng hành chính nhân sự ban hành.15-05-2026.pdf,16,2025,2026-05-15,,,Hiệu lực,,Quy định về chức năng nhiệm vụ và cơ cấu tổ chức của phòng hành chính nhân sự ban hành,,,,Tổ chức – Nhân sự,Khác,Quy định,về chức năng nhiệm vụ và cơ cấu tổ chức của phòng hành chính nhân sự ban hành,HCNS,[16] HCNS - Phòng Hành chính – Nhân sự,ParsedFromFolder,High,,,,,,
data/[16] HCNS - Phòng Hành chính – Nhân sự/03. Tổ chức – Nhân sự/178.2026.QĐ-HCNS-Miễn nhiệm Giám đốc Công ty Đông Mai.18-03-2026.pdf,[16] Phòng Hành Chính - Nhân Sự,178.2026.QĐ-HCNS-Miễn nhiệm Giám đốc Công ty Đông Mai.18-03-2026.pdf,178.2026.QĐ-HCNS-Miễn nhiệm Giám đốc Công ty Đông Mai.18-03-2026.pdf,178,2026,2026-03-18,,,Hiệu lực,,Miễn nhiệm Giám đốc Công ty Đông Mai,,,,Tổ chức – Nhân sự,Quyết định,,Miễn nhiệm Giám đốc Công ty Đông Mai,HCNS,[16] HCNS - Phòng Hành chính – Nhân sự,ParsedFromFolder,High,,,,,,
data/[16] HCNS - Phòng Hành chính – Nhân sự/03. Tổ chức – Nhân sự/2024.MTCV-HCNS-Bản mô tả công việc Phòng hành chính nhân sự.22-10-2024.pdf,[16] Phòng Hành Chính - Nhân Sự,2024.MTCV-HCNS-Bản mô tả công việc Phòng hành chính nhân sự.22-10-2024.pdf,2024.MTCV-HCNS-Bản mô tả công việc Phòng hành chính nhân sự.22-10-2024.pdf,,2024,2024-10-22,,,Hiệu lực,,Bản mô tả công việc Phòng hành chính nhân sự,,,,Tổ chức – Nhân sự,Khác,,Bản mô tả công việc Phòng hành chính nhân sự,HCNS,[16] HCNS - Phòng Hành chính – Nhân sự,ParsedFromFolder,High,,,,,,
data/[16] HCNS - Phòng Hành chính – Nhân sự/03. Tổ chức – Nhân sự/420.2025.QĐ-HCNS-Quyết định Luân chuyển công tác đối với Ông Thái Nguyễn Cần-v2.11-07-2025.pdf,[16] Phòng Hành Chính - Nhân Sự,420.2025.QĐ-HCNS-Quyết định Luân chuyển công tác đối với Ông Thái Nguyễn Cần-v2.11-07-2025.pdf,420.2025.QĐ-HCNS-Quyết định Luân chuyển công tác đối với Ông Thái Nguyễn Cần-v2.11-07-2025.pdf,420,2025,2025-07-11,,,Hiệu lực,,Quyết định Luân chuyển công tác đối với Ông Thái Nguyễn Cần-v2,,,,Tổ chức – Nhân sự,Quyết định,,Quyết định Luân chuyển công tác đối với Ông Thái Nguyễn Cần-v2,HCNS,[16] HCNS - Phòng Hành chính – Nhân sự,ParsedFromFolder,High,,,,,,
data/[16] HCNS - Phòng Hành chính – Nhân sự/03. Tổ chức – Nhân sự/421.2025.QĐ-HCNS-Quyết định Kiêm nhiệm chức danh của Ông Thái Nguyễn Cần-v2.11-07-2025.pdf,[16] Phòng Hành Chính - Nhân Sự,421.2025.QĐ-HCNS-Quyết định Kiêm nhiệm chức danh của Ông Thái Nguyễn Cần-v2.11-07-2025.pdf,421.2025.QĐ-HCNS-Quyết định Kiêm nhiệm chức danh của Ông Thái Nguyễn Cần-v2.11-07-2025.pdf,421,2025,2025-07-11,,,Hiệu lực,,Quyết định Kiêm nhiệm chức danh của Ông Thái Nguyễn Cần-v2,,,,Tổ chức – Nhân sự,Quyết định,,Quyết định Kiêm nhiệm chức danh của Ông Thái Nguyễn Cần-v2,HCNS,[16] HCNS - Phòng Hành chính – Nhân sự,ParsedFromFolder,High,,,,,Bản sao,
data/[16] HCNS - Phòng Hành chính – Nhân sự/03. Tổ chức – Nhân sự/422.2025.QĐ-HCNS-Quyết định Kiêm nhiệm chức danh của Ông Phạm Ngọc Vinh.11-07-2025.pdf,[16] Phòng Hành Chính - Nhân Sự,422.2025.QĐ-HCNS-Quyết định Kiêm nhiệm chức danh của Ông Phạm Ngọc Vinh.11-07-2025.pdf,422.2025.QĐ-HCNS-Quyết định Kiêm nhiệm chức danh của Ông Phạm Ngọc Vinh.11-07-2025.pdf,422,2025,2025-07-11,,,Hiệu lực,,Quyết định Kiêm nhiệm chức danh của Ông Phạm Ngọc Vinh,,,,Tổ chức – Nhân sự,Quyết định,,Quyết định Kiêm nhiệm chức danh của Ông Phạm Ngọc Vinh,HCNS,[16] HCNS - Phòng Hành chính – Nhân sự,ParsedFromFolder,High,,,,,,
data/[16] HCNS - Phòng Hành chính – Nhân sự/03. Tổ chức – Nhân sự/513.2025.QĐ-HCNS-Bổ nhiệm Trợ lý Ban điều hành kiêm phó ban tài chính và kiểm soát nội bộ.21-08-2025.pdf,[16] Phòng Hành Chính - Nhân Sự,513.2025.QĐ-HCNS-Bổ nhiệm Trợ lý Ban điều hành kiêm phó ban tài chính và kiểm soát nội bộ.21-08-2025.pdf,513.2025.QĐ-HCNS-Bổ nhiệm Trợ lý Ban điều hành kiêm phó ban tài chính và kiểm soát nội bộ.21-08-2025.pdf,513,2025,2025-08-21,,,Hiệu lực,,Bổ nhiệm Trợ lý Ban điều hành kiêm phó ban tài chính và kiểm soát nội bộ,,,,Tổ chức – Nhân sự,Quyết định,,Bổ nhiệm Trợ lý Ban điều hành kiêm phó ban tài chính và kiểm soát nội bộ,HCNS,[16] HCNS - Phòng Hành chính – Nhân sự,ParsedFromFolder,High,,,,,,
data/[16] HCNS - Phòng Hành chính – Nhân sự/03. Tổ chức – Nhân sự/526.2025.QĐ-HCNS-Bổ nhiệm Kế toán trưởng-Trưởng phòng kế toán.26-08-2025.pdf,[16] Phòng Hành Chính - Nhân Sự,526.2025.QĐ-HCNS-Bổ nhiệm Kế toán trưởng-Trưởng phòng kế toán.26-08-2025.pdf,526.2025.QĐ-HCNS-Bổ nhiệm Kế toán trưởng-Trưởng phòng kế toán.26-08-2025.pdf,526,2025,2025-08-26,,,Hiệu lực,,Bổ nhiệm Kế toán trưởng-Trưởng phòng kế toán,,,,Tổ chức – Nhân sự,Quyết định,,Bổ nhiệm Kế toán trưởng-Trưởng phòng kế toán,HCNS,[16] HCNS - Phòng Hành chính – Nhân sự,ParsedFromFolder,High,,,,,,
data/[16] HCNS - Phòng Hành chính – Nhân sự/03. Tổ chức – Nhân sự/527.2025.QĐ-HCNS-Bổ nhiệm vị trí Phó ban An toàn-Sức khỏe-Môi trường.26-08-2025.pdf,[16] Phòng Hành Chính - Nhân Sự,527.2025.QĐ-HCNS-Bổ nhiệm vị trí Phó ban An toàn-Sức khỏe-Môi trường.26-08-2025.pdf,527.2025.QĐ-HCNS-Bổ nhiệm vị trí Phó ban An toàn-Sức khỏe-Môi trường.26-08-2025.pdf,527,2025,2025-08-26,,,Hiệu lực,,Bổ nhiệm vị trí Phó ban An toàn-Sức khỏe-Môi trường,,,,Tổ chức – Nhân sự,Quyết định,,Bổ nhiệm vị trí Phó ban An toàn-Sức khỏe-Môi trường,HCNS,[16] HCNS - Phòng Hành chính – Nhân sự,ParsedFromFolder,High,,,,,,
data/[16] HCNS - Phòng Hành chính – Nhân sự/03. Tổ chức – Nhân sự/528.2025.QĐ-HCNS-Miễn nhiệm vị trí Trưởng ban An toàn-Sức khỏe-Môi trường.26-08-2025.pdf,[16] Phòng Hành Chính - Nhân Sự,528.2025.QĐ-HCNS-Miễn nhiệm vị trí Trưởng ban An toàn-Sức khỏe-Môi trường.26-08-2025.pdf,528.2025.QĐ-HCNS-Miễn nhiệm vị trí Trưởng ban An toàn-Sức khỏe-Môi trường.26-08-2025.pdf,528,2025,2025-08-26,,,Hiệu lực,,Miễn nhiệm vị trí Trưởng ban An toàn-Sức khỏe-Môi trường,,,,Tổ chức – Nhân sự,Quyết định,,Miễn nhiệm vị trí Trưởng ban An toàn-Sức khỏe-Môi trường,HCNS,[16] HCNS - Phòng Hành chính – Nhân sự,ParsedFromFolder,High,,,,,,
data/[16] HCNS - Phòng Hành chính – Nhân sự/03. Tổ chức – Nhân sự/533.2025.QĐ-HCNS-Kiêm nhiệm chức danh.26-08-2025.pdf,[16] Phòng Hành Chính - Nhân Sự,533.2025.QĐ-HCNS-Kiêm nhiệm chức danh.26-08-2025.pdf,533.2025.QĐ-HCNS-Kiêm nhiệm chức danh.26-08-2025.pdf,533,2025,2025-08-26,,,Hiệu lực,,Kiêm nhiệm chức danh,,,,Tổ chức – Nhân sự,Quyết định,,Kiêm nhiệm chức danh,HCNS,[16] HCNS - Phòng Hành chính – Nhân sự,ParsedFromFolder,High,,,,,,
data/[16] HCNS - Phòng Hành chính – Nhân sự/03. Tổ chức – Nhân sự/586.2025.QĐ-HCNS-Bổ nhiệm Trưởng bộ phận tác nghiệp kinh doanh-v2.04-09-2025.pdf,[16] Phòng Hành Chính - Nhân Sự,586.2025.QĐ-HCNS-Bổ nhiệm Trưởng bộ phận tác nghiệp kinh doanh-v2.04-09-2025.pdf,586.2025.QĐ-HCNS-Bổ nhiệm Trưởng bộ phận tác nghiệp kinh doanh-v2.04-09-2025.pdf,586,2025,2025-09-04,,,Hiệu lực,,Bổ nhiệm Trưởng bộ phận tác nghiệp kinh doanh-v2,,,,Tổ chức – Nhân sự,Quyết định,,Bổ nhiệm Trưởng bộ phận tác nghiệp kinh doanh-v2,HCNS,[16] HCNS - Phòng Hành chính – Nhân sự,ParsedFromFolder,High,,,,,Bản chuẩn,
data/[16] HCNS - Phòng Hành chính – Nhân sự/03. Tổ chức – Nhân sự/586.2025.QĐ-HCNS-Bổ nhiệm Trưởng bộ phận tác nghiệp kinh doanh.04-09-2025.pdf,[16] Phòng Hành Chính - Nhân Sự,586.2025.QĐ-HCNS-Bổ nhiệm Trưởng bộ phận tác nghiệp kinh doanh.04-09-2025.pdf,586.2025.QĐ-HCNS-Bổ nhiệm Trưởng bộ phận tác nghiệp kinh doanh.04-09-2025.pdf,586,2025,2025-09-04,,,Hiệu lực,,Bổ nhiệm Trưởng bộ phận tác nghiệp kinh doanh,,,,Tổ chức – Nhân sự,Quyết định,,Bổ nhiệm Trưởng bộ phận tác nghiệp kinh doanh,HCNS,[16] HCNS - Phòng Hành chính – Nhân sự,ParsedFromFolder,High,,,,,Bản sao,
data/[16] HCNS - Phòng Hành chính – Nhân sự/03. Tổ chức – Nhân sự/62.2026.QĐ-HCNS-Tạm thời đình chỉ công việc đối với ông Nguyễn Xuân Đông GSBH khu vực HN3.13-01-2026.pdf,[16] Phòng Hành Chính - Nhân Sự,62.2026.QĐ-HCNS-Tạm thời đình chỉ công việc đối với ông Nguyễn Xuân Đông GSBH khu vực HN3.13-01-2026.pdf,62.2026.QĐ-HCNS-Tạm thời đình chỉ công việc đối với ông Nguyễn Xuân Đông GSBH khu vực HN3.13-01-2026.pdf,62,2026,2026-01-13,,,Hiệu lực,,Tạm thời đình chỉ công việc đối với ông Nguyễn Xuân Đông GSBH khu vực HN3,,,,Tổ chức – Nhân sự,Quyết định,,Tạm thời đình chỉ công việc đối với ông Nguyễn Xuân Đông GSBH khu vực HN3,HCNS,[16] HCNS - Phòng Hành chính – Nhân sự,ParsedFromFolder,High,,,,,,
data/[16] HCNS - Phòng Hành chính – Nhân sự/03. Tổ chức – Nhân sự/63.2026.QĐ-HCNS-Tạm thời đình chỉ công việc đối với ông Vương Anh Tuấn GSBH khu vực HN2.13-01-2026.pdf,[16] Phòng Hành Chính - Nhân Sự,63.2026.QĐ-HCNS-Tạm thời đình chỉ công việc đối với ông Vương Anh Tuấn GSBH khu vực HN2.13-01-2026.pdf,63.2026.QĐ-HCNS-Tạm thời đình chỉ công việc đối với ông Vương Anh Tuấn GSBH khu vực HN2.13-01-2026.pdf,63,2026,2026-01-13,,,Hiệu lực,,Tạm thời đình chỉ công việc đối với ông Vương Anh Tuấn GSBH khu vực HN2,,,,Tổ chức – Nhân sự,Quyết định,,Tạm thời đình chỉ công việc đối với ông Vương Anh Tuấn GSBH khu vực HN2,HCNS,[16] HCNS - Phòng Hành chính – Nhân sự,ParsedFromFolder,High,,,,,,
data/[16] HCNS - Phòng Hành chính – Nhân sự/03. Tổ chức – Nhân sự/65.2026.QĐ-HCNS-Phân công công việc đối với ông Vũ Huy Hoàng.13-01-2026.pdf,[16] Phòng Hành Chính - Nhân Sự,65.2026.QĐ-HCNS-Phân công công việc đối với ông Vũ Huy Hoàng.13-01-2026.pdf,65.2026.QĐ-HCNS-Phân công công việc đối với ông Vũ Huy Hoàng.13-01-2026.pdf,65,2026,2026-01-13,,,Hiệu lực,,Phân công công việc đối với ông Vũ Huy Hoàng,,,,Tổ chức – Nhân sự,Quyết định,,Phân công công việc đối với ông Vũ Huy Hoàng,HCNS,[16] HCNS - Phòng Hành chính – Nhân sự,ParsedFromFolder,High,,,,,,
data/[16] HCNS - Phòng Hành chính – Nhân sự/03. Tổ chức – Nhân sự/705.QĐ-HCNS-Bổ nhiệm Trưởng bộ phận tuyển dụng và đào tạo-P.HCNS.pdf,[16] Phòng Hành Chính - Nhân Sự,705.QĐ-HCNS-Bổ nhiệm Trưởng bộ phận tuyển dụng và đào tạo-P.HCNS.pdf,705.QĐ-HCNS-Bổ nhiệm Trưởng bộ phận tuyển dụng và đào tạo-P.HCNS.pdf,,,,,,Hiệu lực,,Bổ nhiệm Trưởng bộ phận tuyển dụng và đào tạo-P.HCNS,,,,Tổ chức – Nhân sự,Khác,,Bổ nhiệm Trưởng bộ phận tuyển dụng và đào tạo-P.HCNS,HCNS,[16] HCNS - Phòng Hành chính – Nhân sự,ParsedFromFolder,High,,,,,,
data/[16] HCNS - Phòng Hành chính – Nhân sự/03. Tổ chức – Nhân sự/706.2025.QĐ-HCNS-Kiêm nhiệm chức danh bà Vũ Minh Hằng.pdf,[16] Phòng Hành Chính - Nhân Sự,706.2025.QĐ-HCNS-Kiêm nhiệm chức danh bà Vũ Minh Hằng.pdf,706.2025.QĐ-HCNS-Kiêm nhiệm chức danh bà Vũ Minh Hằng.pdf,706,2025,,,,Hiệu lực,,Kiêm nhiệm chức danh bà Vũ Minh Hằng,,,,Tổ chức – Nhân sự,Quyết định,,Kiêm nhiệm chức danh bà Vũ Minh Hằng,HCNS,[16] HCNS - Phòng Hành chính – Nhân sự,ParsedFromFolder,High,,,,,,
data/[16] HCNS - Phòng Hành chính – Nhân sự/03. Tổ chức – Nhân sự/710.2025.QĐ-HCNS-Miễn nhiệm vị trí Trưởng bộ phận thiết kế-Marketing.02-10-2025.pdf,[16] Phòng Hành Chính - Nhân Sự,710.2025.QĐ-HCNS-Miễn nhiệm vị trí Trưởng bộ phận thiết kế-Marketing.02-10-2025.pdf,710.2025.QĐ-HCNS-Miễn nhiệm vị trí Trưởng bộ phận thiết kế-Marketing.02-10-2025.pdf,710,2025,2025-10-02,,,Hiệu lực,,Miễn nhiệm vị trí Trưởng bộ phận thiết kế-Marketing,,,,Tổ chức – Nhân sự,Quyết định,,Miễn nhiệm vị trí Trưởng bộ phận thiết kế-Marketing,HCNS,[16] HCNS - Phòng Hành chính – Nhân sự,ParsedFromFolder,High,,,,,,
data/[16] HCNS - Phòng Hành chính – Nhân sự/03. Tổ chức – Nhân sự/733.2025.QĐ-HCNS-Luân chuyển công tác.10-10-2025.pdf,[16] Phòng Hành Chính - Nhân Sự,733.2025.QĐ-HCNS-Luân chuyển công tác.10-10-2025.pdf,733.2025.QĐ-HCNS-Luân chuyển công tác.10-10-2025.pdf,733,2025,2025-10-10,,,Hiệu lực,,Luân chuyển công tác,,,,Tổ chức – Nhân sự,Quyết định,,Luân chuyển công tác,HCNS,[16] HCNS - Phòng Hành chính – Nhân sự,ParsedFromFolder,High,,,,,,
data/[16] HCNS - Phòng Hành chính – Nhân sự/03. Tổ chức – Nhân sự/74.2026.QĐ-HCNS-Xử lý kỷ luật.15-01-2026.pdf,[16] Phòng Hành Chính - Nhân Sự,74.2026.QĐ-HCNS-Xử lý kỷ luật.15-01-2026.pdf,74.2026.QĐ-HCNS-Xử lý kỷ luật.15-01-2026.pdf,74,2026,2026-01-15,,,Hiệu lực,,Xử lý kỷ luật,,,,Tổ chức – Nhân sự,Quyết định,,Xử lý kỷ luật,HCNS,[16] HCNS - Phòng Hành chính – Nhân sự,ParsedFromFolder,High,,,,,,
data/[16] HCNS - Phòng Hành chính – Nhân sự/03. Tổ chức – Nhân sự/774.2025.QĐ-HCNS-Bổ nhiệm Trưởng bộ phận tài chính.05-11-2025.pdf,[16] Phòng Hành Chính - Nhân Sự,774.2025.QĐ-HCNS-Bổ nhiệm Trưởng bộ phận tài chính.05-11-2025.pdf,774.2025.QĐ-HCNS-Bổ nhiệm Trưởng bộ phận tài chính.05-11-2025.pdf,774,2025,2025-11-05,,,Hiệu lực,,Bổ nhiệm Trưởng bộ phận tài chính,,,,Tổ chức – Nhân sự,Quyết định,,Bổ nhiệm Trưởng bộ phận tài chính,HCNS,[16] HCNS - Phòng Hành chính – Nhân sự,ParsedFromFolder,High,,,,,,
data/[16] HCNS - Phòng Hành chính – Nhân sự/03. Tổ chức – Nhân sự/779.2025.QĐ-HCNS-Miễn nhiệm vị trí Trợ lý ban điều hành.07-11-2025.pdf,[16] Phòng Hành Chính - Nhân Sự,779.2025.QĐ-HCNS-Miễn nhiệm vị trí Trợ lý ban điều hành.07-11-2025.pdf,779.2025.QĐ-HCNS-Miễn nhiệm vị trí Trợ lý ban điều hành.07-11-2025.pdf,779,2025,2025-11-07,,,Hiệu lực,,Miễn nhiệm vị trí Trợ lý ban điều hành,,,,Tổ chức – Nhân sự,Quyết định,,Miễn nhiệm vị trí Trợ lý ban điều hành,HCNS,[16] HCNS - Phòng Hành chính – Nhân sự,ParsedFromFolder,High,,,,,,
data/[16] HCNS - Phòng Hành chính – Nhân sự/03. Tổ chức – Nhân sự/MTCV-HCNS-Mô tả công việc Nhân viên Lái xe.docx,[16] Phòng Hành Chính - Nhân Sự,MTCV-HCNS-Mô tả công việc Nhân viên Lái xe.docx,MTCV-HCNS-Mô tả công việc Nhân viên Lái xe.docx,,,,,,Hiệu lực,,Mô tả công việc Nhân viên Lái xe,,,,Tổ chức – Nhân sự,Khác,,Mô tả công việc Nhân viên Lái xe,HCNS,[16] HCNS - Phòng Hành chính – Nhân sự,ParsedFromFolder,High,,,,,,
data/[16] HCNS - Phòng Hành chính – Nhân sự/03. Tổ chức – Nhân sự/MTCV-HCNS-Mô tả công việc Nhân viên Lễ tân.docx,[16] Phòng Hành Chính - Nhân Sự,MTCV-HCNS-Mô tả công việc Nhân viên Lễ tân.docx,MTCV-HCNS-Mô tả công việc Nhân viên Lễ tân.docx,,,,,,Hiệu lực,,Mô tả công việc Nhân viên Lễ tân,,,,Tổ chức – Nhân sự,Khác,,Mô tả công việc Nhân viên Lễ tân,HCNS,[16] HCNS - Phòng Hành chính – Nhân sự,ParsedFromFolder,High,,,,,,
data/[16] HCNS - Phòng Hành chính – Nhân sự/03. Tổ chức – Nhân sự/MTCV-HCNS-Mô tả công việc Nhân viên hành chính văn phòng.docx,[16] Phòng Hành Chính - Nhân Sự,MTCV-HCNS-Mô tả công việc Nhân viên hành chính văn phòng.docx,MTCV-HCNS-Mô tả công việc Nhân viên hành chính văn phòng.docx,,,,,,Hiệu lực,,Mô tả công việc Nhân viên hành chính văn phòng,,,,Tổ chức – Nhân sự,Khác,,Mô tả công việc Nhân viên hành chính văn phòng,HCNS,[16] HCNS - Phòng Hành chính – Nhân sự,ParsedFromFolder,High,,,,,,
data/[16] HCNS - Phòng Hành chính – Nhân sự/03. Tổ chức – Nhân sự/MTCV-HCNS-Mô tả công việc Nhân viên phiên dịch.docx,[16] Phòng Hành Chính - Nhân Sự,MTCV-HCNS-Mô tả công việc Nhân viên phiên dịch.docx,MTCV-HCNS-Mô tả công việc Nhân viên phiên dịch.docx,,,,,,Hiệu lực,,Mô tả công việc Nhân viên phiên dịch,,,,Tổ chức – Nhân sự,Khác,,Mô tả công việc Nhân viên phiên dịch,HCNS,[16] HCNS - Phòng Hành chính – Nhân sự,ParsedFromFolder,High,,,,,,
data/[16] HCNS - Phòng Hành chính – Nhân sự/03. Tổ chức – Nhân sự/MTCV-HCNS-Mô tả công việc Phó phòng hành chính nhân sự.docx,[16] Phòng Hành Chính - Nhân Sự,MTCV-HCNS-Mô tả công việc Phó phòng hành chính nhân sự.docx,MTCV-HCNS-Mô tả công việc Phó phòng hành chính nhân sự.docx,,,,,,Hiệu lực,,Mô tả công việc Phó phòng hành chính nhân sự,,,,Tổ chức – Nhân sự,Khác,,Mô tả công việc Phó phòng hành chính nhân sự,HCNS,[16] HCNS - Phòng Hành chính – Nhân sự,ParsedFromFolder,High,,,,,,
data/[16] HCNS - Phòng Hành chính – Nhân sự/03. Tổ chức – Nhân sự/MTCV-HCNS-Mô tả công việc Trưởng bộ phận Truyền thông.docx,[16] Phòng Hành Chính - Nhân Sự,MTCV-HCNS-Mô tả công việc Trưởng bộ phận Truyền thông.docx,MTCV-HCNS-Mô tả công việc Trưởng bộ phận Truyền thông.docx,,,,,,Hiệu lực,,Mô tả công việc Trưởng bộ phận Truyền thông,,,,Tổ chức – Nhân sự,Khác,,Mô tả công việc Trưởng bộ phận Truyền thông,HCNS,[16] HCNS - Phòng Hành chính – Nhân sự,ParsedFromFolder,High,,,,,,
data/[16] HCNS - Phòng Hành chính – Nhân sự/03. Tổ chức – Nhân sự/MTCV-HCNS-Mô tả công việc Trưởng phòng hành chính nhân sự.docx,[16] Phòng Hành Chính - Nhân Sự,MTCV-HCNS-Mô tả công việc Trưởng phòng hành chính nhân sự.docx,MTCV-HCNS-Mô tả công việc Trưởng phòng hành chính nhân sự.docx,,,,,,Hiệu lực,,Mô tả công việc Trưởng phòng hành chính nhân sự,,,,Tổ chức – Nhân sự,Khác,,Mô tả công việc Trưởng phòng hành chính nhân sự,HCNS,[16] HCNS - Phòng Hành chính – Nhân sự,ParsedFromFolder,High,,,,,,
data/[16] HCNS - Phòng Hành chính – Nhân sự/03. Tổ chức – Nhân sự/MTCV-HCNS-Mô tả công việc nhân viên Truyền thông.docx,[16] Phòng Hành Chính - Nhân Sự,MTCV-HCNS-Mô tả công việc nhân viên Truyền thông.docx,MTCV-HCNS-Mô tả công việc nhân viên Truyền thông.docx,,,,,,Hiệu lực,,Mô tả công việc nhân viên Truyền thông,,,,Tổ chức – Nhân sự,Khác,,Mô tả công việc nhân viên Truyền thông,HCNS,[16] HCNS - Phòng Hành chính – Nhân sự,ParsedFromFolder,High,,,,,,
data/[16] HCNS - Phòng Hành chính – Nhân sự/03. Tổ chức – Nhân sự/MTCV-HCNS-Mô tả công việc nhân viên tuyển dụng.docx,[16] Phòng Hành Chính - Nhân Sự,MTCV-HCNS-Mô tả công việc nhân viên tuyển dụng.docx,MTCV-HCNS-Mô tả công việc nhân viên tuyển dụng.docx,,,,,,Hiệu lực,,Mô tả công việc nhân viên tuyển dụng,,,,Tổ chức – Nhân sự,Khác,,Mô tả công việc nhân viên tuyển dụng,HCNS,[16] HCNS - Phòng Hành chính – Nhân sự,ParsedFromFolder,High,,,,,,
data/[16] HCNS - Phòng Hành chính – Nhân sự/03. Tổ chức – Nhân sự/MTCV-HCNS-Mô tả công việc trưởng bộ phận Tuyển dụng đào tạo.docx,[16] Phòng Hành Chính - Nhân Sự,MTCV-HCNS-Mô tả công việc trưởng bộ phận Tuyển dụng đào tạo.docx,MTCV-HCNS-Mô tả công việc trưởng bộ phận Tuyển dụng đào tạo.docx,,,,,,Hiệu lực,,Mô tả công việc trưởng bộ phận Tuyển dụng đào tạo,,,,Tổ chức – Nhân sự,Khác,,Mô tả công việc trưởng bộ phận Tuyển dụng đào tạo,HCNS,[16] HCNS - Phòng Hành chính – Nhân sự,ParsedFromFolder,High,,,,,,
data/[16] HCNS - Phòng Hành chính – Nhân sự/03. Tổ chức – Nhân sự/MTCV-HCNS-Mô tả công việc trưởng bộ phận hành chính văn phòng.docx,[16] Phòng Hành Chính - Nhân Sự,MTCV-HCNS-Mô tả công việc trưởng bộ phận hành chính văn phòng.docx,MTCV-HCNS-Mô tả công việc trưởng bộ phận hành chính văn phòng.docx,,,,,,Hiệu lực,,Mô tả công việc trưởng bộ phận hành chính văn phòng,,,,Tổ chức – Nhân sự,Khác,,Mô tả công việc trưởng bộ phận hành chính văn phòng,HCNS,[16] HCNS - Phòng Hành chính – Nhân sự,ParsedFromFolder,High,,,,,,
data/[16] HCNS - Phòng Hành chính – Nhân sự/04. Điều hành – Tác nghiệp/124.2026.TB-HCNS-Lịch nghỉ Tết Nguyên đán 2026 và chế độ làm Tết.23-01-2026.docx,[16] Phòng Hành Chính - Nhân Sự,124.2026.TB-HCNS-Lịch nghỉ Tết Nguyên đán 2026 và chế độ làm Tết.23-01-2026.docx,124.2026.TB-HCNS-Lịch nghỉ Tết Nguyên đán 2026 và chế độ làm Tết.23-01-2026.docx,124,2026,2026-01-23,,,Hiệu lực,,Lịch nghỉ Tết Nguyên đán 2026 và chế độ làm Tết,,,,Điều hành – Tác nghiệp,Thông báo,,Lịch nghỉ Tết Nguyên đán 2026 và chế độ làm Tết,HCNS,[16] HCNS - Phòng Hành chính – Nhân sự,ParsedFromFolder,High,,,,,,
data/[16] HCNS - Phòng Hành chính – Nhân sự/04. Điều hành – Tác nghiệp/124.2026.TB-HCNS-Lịch nghỉ Tết Nguyên đán 2026 và chế độ làm Tết.23-01-2026.pdf,[16] Phòng Hành Chính - Nhân Sự,124.2026.TB-HCNS-Lịch nghỉ Tết Nguyên đán 2026 và chế độ làm Tết.23-01-2026.pdf,124.2026.TB-HCNS-Lịch nghỉ Tết Nguyên đán 2026 và chế độ làm Tết.23-01-2026.pdf,124,2026,2026-01-23,,,Hiệu lực,,Lịch nghỉ Tết Nguyên đán 2026 và chế độ làm Tết,,,,Điều hành – Tác nghiệp,Thông báo,,Lịch nghỉ Tết Nguyên đán 2026 và chế độ làm Tết,HCNS,[16] HCNS - Phòng Hành chính – Nhân sự,ParsedFromFolder,High,,,,,,
data/[16] HCNS - Phòng Hành chính – Nhân sự/04. Điều hành – Tác nghiệp/177.2026.QĐ-HCNS-Thưởng thêm cho mỗi CBNV 01 vỉ bia Idol.05-02-2026.pdf,[16] Phòng Hành Chính - Nhân Sự,177.2026.QĐ-HCNS-Thưởng thêm cho mỗi CBNV 01 vỉ bia Idol.05-02-2026.pdf,177.2026.QĐ-HCNS-Thưởng thêm cho mỗi CBNV 01 vỉ bia Idol.05-02-2026.pdf,177,2026,2026-02-05,,,Hiệu lực,,Thưởng thêm cho mỗi CBNV 01 vỉ bia Idol,,,,Điều hành – Tác nghiệp,Quyết định,,Thưởng thêm cho mỗi CBNV 01 vỉ bia Idol,HCNS,[16] HCNS - Phòng Hành chính – Nhân sự,ParsedFromFolder,High,,,,,,
data/[16] HCNS - Phòng Hành chính – Nhân sự/04. Điều hành – Tác nghiệp/187.2025.TB-HCNS-Thông báo nghỉ lễ Giỗ Tổ Hùng Vương-10-03 âm lịch.31-03-2025.pdf,[16] Phòng Hành Chính - Nhân Sự,187.2025.TB-HCNS-Thông báo nghỉ lễ Giỗ Tổ Hùng Vương-10-03 âm lịch.31-03-2025.pdf,187.2025.TB-HCNS-Thông báo nghỉ lễ Giỗ Tổ Hùng Vương-10-03 âm lịch.31-03-2025.pdf,187,2025,2025-03-31,,,Hiệu lực,,Thông báo nghỉ lễ Giỗ Tổ Hùng Vương-10-03 âm lịch,,,,Điều hành – Tác nghiệp,Thông báo,,Thông báo nghỉ lễ Giỗ Tổ Hùng Vương-10-03 âm lịch,HCNS,[16] HCNS - Phòng Hành chính – Nhân sự,ParsedFromFolder,High,,,,,,
data/[16] HCNS - Phòng Hành chính – Nhân sự/04. Điều hành – Tác nghiệp/191.2026.TB-HCNS-Nghiêm cấm hút thuốc lá không đúng nơi quy định.12-02-2026.doc,[16] Phòng Hành Chính - Nhân Sự,191.2026.TB-HCNS-Nghiêm cấm hút thuốc lá không đúng nơi quy định.12-02-2026.doc,191.2026.TB-HCNS-Nghiêm cấm hút thuốc lá không đúng nơi quy định.12-02-2026.doc,191,2026,2026-02-12,,,Hiệu lực,,Nghiêm cấm hút thuốc lá không đúng nơi quy định,,,,Điều hành – Tác nghiệp,Thông báo,Quy định,Nghiêm cấm hút thuốc lá không đúng nơi quy định,HCNS,[16] HCNS - Phòng Hành chính – Nhân sự,ParsedFromFolder,High,,,,,,
data/[16] HCNS - Phòng Hành chính – Nhân sự/04. Điều hành – Tác nghiệp/191.2026.TB-HCNS-Nghiêm cấm hút thuốc lá không đúng nơi quy định.12-02-2026.pdf,[16] Phòng Hành Chính - Nhân Sự,191.2026.TB-HCNS-Nghiêm cấm hút thuốc lá không đúng nơi quy định.12-02-2026.pdf,191.2026.TB-HCNS-Nghiêm cấm hút thuốc lá không đúng nơi quy định.12-02-2026.pdf,191,2026,2026-02-12,,,Hiệu lực,,Nghiêm cấm hút thuốc lá không đúng nơi quy định,,,,Điều hành – Tác nghiệp,Thông báo,Quy định,Nghiêm cấm hút thuốc lá không đúng nơi quy định,HCNS,[16] HCNS - Phòng Hành chính – Nhân sự,ParsedFromFolder,High,,,,,,
data/[16] HCNS - Phòng Hành chính – Nhân sự/04. Điều hành – Tác nghiệp/2025-Kịch bản Hội nghị Người lao động.doc,[16] Phòng Hành Chính - Nhân Sự,2025-Kịch bản Hội nghị Người lao động.doc,2025-Kịch bản Hội nghị Người lao động.doc,,,,,,Hiệu lực,,Kịch bản Hội nghị Người lao động,,,,Điều hành – Tác nghiệp,Khác,,Kịch bản Hội nghị Người lao động,,[16] HCNS - Phòng Hành chính – Nhân sự,ParsedFromFolder,High,,,,,,
data/[16] HCNS - Phòng Hành chính – Nhân sự/04. Điều hành – Tác nghiệp/2025.QĐ-HCNS- Thành lập ban tổ chức hội nghị người lao động và tổng kết 2025.docx,[16] Phòng Hành Chính - Nhân Sự,2025.QĐ-HCNS- Thành lập ban tổ chức hội nghị người lao động và tổng kết 2025.docx,2025.QĐ-HCNS- Thành lập ban tổ chức hội nghị người lao động và tổng kết 2025.docx,,2025,,,,Hiệu lực,,Thành lập ban tổ chức hội nghị người lao động và tổng kết 2025,,,,Điều hành – Tác nghiệp,Quyết định,,Thành lập ban tổ chức hội nghị người lao động và tổng kết 2025,HCNS,[16] HCNS - Phòng Hành chính – Nhân sự,ParsedFromFolder,High,,,,,,
data/[16] HCNS - Phòng Hành chính – Nhân sự/04. Điều hành – Tác nghiệp/2025.QĐ-Quyết định thành lập đội văn nghệ cuối năm.docx,[16] Phòng Hành Chính - Nhân Sự,2025.QĐ-Quyết định thành lập đội văn nghệ cuối năm.docx,2025.QĐ-Quyết định thành lập đội văn nghệ cuối năm.docx,,2025,,,,Hiệu lực,,Quyết định thành lập đội văn nghệ cuối năm,,,,Điều hành – Tác nghiệp,Quyết định,,Quyết định thành lập đội văn nghệ cuối năm,,[16] HCNS - Phòng Hành chính – Nhân sự,ParsedFromFolder,High,,,,,,
"data/[16] HCNS - Phòng Hành chính – Nhân sự/04. Điều hành – Tác nghiệp/208.2025.QĐ-HCNS-Quyết đinh không tổ chức hoạt động chăn nuôi gia súc, gia cầm tại khuôn viên nhà máy.01-06-2025.pdf",[16] Phòng Hành Chính - Nhân Sự,"208.2025.QĐ-HCNS-Quyết đinh không tổ chức hoạt động chăn nuôi gia súc, gia cầm tại khuôn viên nhà máy.01-06-2025.pdf","208.2025.QĐ-HCNS-Quyết đinh không tổ chức hoạt động chăn nuôi gia súc, gia cầm tại khuôn viên nhà máy.01-06-2025.pdf",208,2025,2025-06-01,,,Hiệu lực,,"Quyết đinh không tổ chức hoạt động chăn nuôi gia súc, gia cầm tại khuôn viên nhà máy",,,,Điều hành – Tác nghiệp,Quyết định,,"Quyết đinh không tổ chức hoạt động chăn nuôi gia súc, gia cầm tại khuôn viên nhà máy",HCNS,[16] HCNS - Phòng Hành chính – Nhân sự,ParsedFromFolder,High,,,,,,
"data/[16] HCNS - Phòng Hành chính – Nhân sự/04. Điều hành – Tác nghiệp/217.2026.QĐ-HCNS-Áp dụng thời gian làm việc cho nhân viên lái xe khi cho xe ô tô đi đăng ký ,đăng kiểm.27-02-2026.pdf",[16] Phòng Hành Chính - Nhân Sự,"217.2026.QĐ-HCNS-Áp dụng thời gian làm việc cho nhân viên lái xe khi cho xe ô tô đi đăng ký ,đăng kiểm.27-02-2026.pdf","217.2026.QĐ-HCNS-Áp dụng thời gian làm việc cho nhân viên lái xe khi cho xe ô tô đi đăng ký ,đăng kiểm.27-02-2026.pdf",217,2026,2026-02-27,,,Hiệu lực,,"Áp dụng thời gian làm việc cho nhân viên lái xe khi cho xe ô tô đi đăng ký ,đăng kiểm",,,,Điều hành – Tác nghiệp,Quyết định,,"Áp dụng thời gian làm việc cho nhân viên lái xe khi cho xe ô tô đi đăng ký ,đăng kiểm",HCNS,[16] HCNS - Phòng Hành chính – Nhân sự,ParsedFromFolder,High,,,,,,
data/[16] HCNS - Phòng Hành chính – Nhân sự/04. Điều hành – Tác nghiệp/232.2025.TB-HCNS-Thông báo nghỉ Lễ ngày 30-4 và 1-5 năm 2025.19-04-2025.pdf,[16] Phòng Hành Chính - Nhân Sự,232.2025.TB-HCNS-Thông báo nghỉ Lễ ngày 30-4 và 1-5 năm 2025.19-04-2025.pdf,232.2025.TB-HCNS-Thông báo nghỉ Lễ ngày 30-4 và 1-5 năm 2025.19-04-2025.pdf,232,2025,2025-04-19,,,Hiệu lực,,Thông báo nghỉ Lễ ngày 30-4 và 1-5 năm 2025,,,,Điều hành – Tác nghiệp,Thông báo,,Thông báo nghỉ Lễ ngày 30-4 và 1-5 năm 2025,HCNS,[16] HCNS - Phòng Hành chính – Nhân sự,ParsedFromFolder,High,,,,,,
data/[16] HCNS - Phòng Hành chính – Nhân sự/04. Điều hành – Tác nghiệp/232.2026.TB-HCNS-Sử dụng phép tồn năm 2025.05-03-2026.pdf,[16] Phòng Hành Chính - Nhân Sự,232.2026.TB-HCNS-Sử dụng phép tồn năm 2025.05-03-2026.pdf,232.2026.TB-HCNS-Sử dụng phép tồn năm 2025.05-03-2026.pdf,232,2026,2026-03-05,,,Hiệu lực,,Sử dụng phép tồn năm 2025,,,,Điều hành – Tác nghiệp,Thông báo,,Sử dụng phép tồn năm 2025,HCNS,[16] HCNS - Phòng Hành chính – Nhân sự,ParsedFromFolder,High,,,,,,
data/[16] HCNS - Phòng Hành chính – Nhân sự/04. Điều hành – Tác nghiệp/233.2026.QĐ-HCNS-Thưởng nhân ngày 8-3-2026.05-03-2026.pdf,[16] Phòng Hành Chính - Nhân Sự,233.2026.QĐ-HCNS-Thưởng nhân ngày 8-3-2026.05-03-2026.pdf,233.2026.QĐ-HCNS-Thưởng nhân ngày 8-3-2026.05-03-2026.pdf,233,2026,2026-03-05,,,Hiệu lực,,Thưởng nhân ngày 8-3-2026,,,,Điều hành – Tác nghiệp,Quyết định,,Thưởng nhân ngày 8-3-2026,HCNS,[16] HCNS - Phòng Hành chính – Nhân sự,ParsedFromFolder,High,,,,,,
data/[16] HCNS - Phòng Hành chính – Nhân sự/04. Điều hành – Tác nghiệp/248.2026.QĐ-HCNS-Ban hành danh mục KPIs Khối vận hành và Chuỗi cung ứng Khối tài chính và Quản trị.13-03-2026.pdf,[16] Phòng Hành Chính - Nhân Sự,248.2026.QĐ-HCNS-Ban hành danh mục KPIs Khối vận hành và Chuỗi cung ứng Khối tài chính và Quản trị.13-03-2026.pdf,248.2026.QĐ-HCNS-Ban hành danh mục KPIs Khối vận hành và Chuỗi cung ứng Khối tài chính và Quản trị.13-03-2026.pdf,248,2026,2026-03-13,,,Hiệu lực,,Ban hành danh mục KPIs Khối vận hành và Chuỗi cung ứng Khối tài chính và Quản trị,,,,Điều hành – Tác nghiệp,Quyết định,,danh mục KPIs Khối vận hành và Chuỗi cung ứng Khối tài chính và Quản trị,HCNS,[16] HCNS - Phòng Hành chính – Nhân sự,ParsedFromFolder,High,,,,,Bản chuẩn,
"data/[16] HCNS - Phòng Hành chính – Nhân sự/04. Điều hành – Tác nghiệp/248.2026.QĐ-HCNS-Ban hành danh mục KPIs Khối vận hành và Chuỗi cung ứng, Khối tài chính và Quản trị.13-03-2026.pdf",[16] Phòng Hành Chính - Nhân Sự,"248.2026.QĐ-HCNS-Ban hành danh mục KPIs Khối vận hành và Chuỗi cung ứng, Khối tài chính và Quản trị.13-03-2026.pdf","248.2026.QĐ-HCNS-Ban hành danh mục KPIs Khối vận hành và Chuỗi cung ứng, Khối tài chính và Quản trị.13-03-2026.pdf",248,2026,2026-03-13,,,Hiệu lực,,"Ban hành danh mục KPIs Khối vận hành và Chuỗi cung ứng, Khối tài chính và Quản trị",,,,Điều hành – Tác nghiệp,Quyết định,,"danh mục KPIs Khối vận hành và Chuỗi cung ứng, Khối tài chính và Quản trị",HCNS,[16] HCNS - Phòng Hành chính – Nhân sự,ParsedFromFolder,High,,,,,Bản sao,
data/[16] HCNS - Phòng Hành chính – Nhân sự/04. Điều hành – Tác nghiệp/28.2026.QĐ-HCNS-Tổ chức Hội nghị người lao động và tổng kết năm 2025.07-01-2026.pdf,[16] Phòng Hành Chính - Nhân Sự,28.2026.QĐ-HCNS-Tổ chức Hội nghị người lao động và tổng kết năm 2025.07-01-2026.pdf,28.2026.QĐ-HCNS-Tổ chức Hội nghị người lao động và tổng kết năm 2025.07-01-2026.pdf,28,2026,2026-01-07,,,Hiệu lực,,Tổ chức Hội nghị người lao động và tổng kết năm 2025,,,,Điều hành – Tác nghiệp,Quyết định,,Tổ chức Hội nghị người lao động và tổng kết năm 2025,HCNS,[16] HCNS - Phòng Hành chính – Nhân sự,ParsedFromFolder,High,,,,,,
data/[16] HCNS - Phòng Hành chính – Nhân sự/04. Điều hành – Tác nghiệp/290.2025.TB-HCNS-Thông báo Quy định thời gian mặc đồng phục.16-05-2025.pdf,[16] Phòng Hành Chính - Nhân Sự,290.2025.TB-HCNS-Thông báo Quy định thời gian mặc đồng phục.16-05-2025.pdf,290.2025.TB-HCNS-Thông báo Quy định thời gian mặc đồng phục.16-05-2025.pdf,290,2025,2025-05-16,,,Hiệu lực,,Thông báo Quy định thời gian mặc đồng phục,,,,Điều hành – Tác nghiệp,Thông báo,Quy định,Thông báo Quy định thời gian mặc đồng phục,HCNS,[16] HCNS - Phòng Hành chính – Nhân sự,ParsedFromFolder,High,,,,,,
data/[16] HCNS - Phòng Hành chính – Nhân sự/04. Điều hành – Tác nghiệp/295.2025.TB-HCNS-Nghỉ Lễ Quốc Khánh 02-09.21-08-2025.pdf,[16] Phòng Hành Chính - Nhân Sự,295.2025.TB-HCNS-Nghỉ Lễ Quốc Khánh 02-09.21-08-2025.pdf,295.2025.TB-HCNS-Nghỉ Lễ Quốc Khánh 02-09.21-08-2025.pdf,295,2025,2025-08-21,,,Hiệu lực,,Nghỉ Lễ Quốc Khánh 02-09,,,,Điều hành – Tác nghiệp,Thông báo,,Nghỉ Lễ Quốc Khánh 02-09,HCNS,[16] HCNS - Phòng Hành chính – Nhân sự,ParsedFromFolder,High,,,,,Bản sao,
data/[16] HCNS - Phòng Hành chính – Nhân sự/04. Điều hành – Tác nghiệp/302.2026.QĐ-HCNS-ban hành giá bán vật phẩm quảng cáo.30-03-2026.pdf,[16] Phòng Hành Chính - Nhân Sự,302.2026.QĐ-HCNS-ban hành giá bán vật phẩm quảng cáo.30-03-2026.pdf,302.2026.QĐ-HCNS-ban hành giá bán vật phẩm quảng cáo.30-03-2026.pdf,302,2026,2026-03-30,,,Hiệu lực,,ban hành giá bán vật phẩm quảng cáo,,,,Điều hành – Tác nghiệp,Quyết định,,giá bán vật phẩm quảng cáo,HCNS,[16] HCNS - Phòng Hành chính – Nhân sự,ParsedFromFolder,High,,,,,,
data/[16] HCNS - Phòng Hành chính – Nhân sự/04. Điều hành – Tác nghiệp/320.2025.QĐ-HCNS-Quyết định Thưởng cho CBNV nhân dịp Tết thiếu nhi 1-6.27-05-2025.pdf,[16] Phòng Hành Chính - Nhân Sự,320.2025.QĐ-HCNS-Quyết định Thưởng cho CBNV nhân dịp Tết thiếu nhi 1-6.27-05-2025.pdf,320.2025.QĐ-HCNS-Quyết định Thưởng cho CBNV nhân dịp Tết thiếu nhi 1-6.27-05-2025.pdf,320,2025,2025-05-27,,,Hiệu lực,,Quyết định Thưởng cho CBNV nhân dịp Tết thiếu nhi 1-6,,,,Điều hành – Tác nghiệp,Quyết định,,Quyết định Thưởng cho CBNV nhân dịp Tết thiếu nhi 1-6,HCNS,[16] HCNS - Phòng Hành chính – Nhân sự,ParsedFromFolder,High,,,,,,
"data/[16] HCNS - Phòng Hành chính – Nhân sự/04. Điều hành – Tác nghiệp/354.2026.TB-HCNS-Nghỉ Lễ giỗ tổ Hùng Vương , ngày Chiến thắng 30-4 và Quốc tế lao động 01-5 năm 2026.11-04-2026.pdf",[16] Phòng Hành Chính - Nhân Sự,"354.2026.TB-HCNS-Nghỉ Lễ giỗ tổ Hùng Vương , ngày Chiến thắng 30-4 và Quốc tế lao động 01-5 năm 2026.11-04-2026.pdf","354.2026.TB-HCNS-Nghỉ Lễ giỗ tổ Hùng Vương , ngày Chiến thắng 30-4 và Quốc tế lao động 01-5 năm 2026.11-04-2026.pdf",354,2026,2026-04-11,,,Hiệu lực,,"Nghỉ Lễ giỗ tổ Hùng Vương , ngày Chiến thắng 30-4 và Quốc tế lao động 01-5 năm 2026",,,,Điều hành – Tác nghiệp,Thông báo,,"Nghỉ Lễ giỗ tổ Hùng Vương , ngày Chiến thắng 30-4 và Quốc tế lao động 01-5 năm 2026",HCNS,[16] HCNS - Phòng Hành chính – Nhân sự,ParsedFromFolder,High,,,,,,
data/[16] HCNS - Phòng Hành chính – Nhân sự/04. Điều hành – Tác nghiệp/372.2025.QĐ-HCNS-Quyết định Ban hành Khen thưởng con CBCNV đạt danh hiệu năm học 2024-2025.18-06-2025.pdf,[16] Phòng Hành Chính - Nhân Sự,372.2025.QĐ-HCNS-Quyết định Ban hành Khen thưởng con CBCNV đạt danh hiệu năm học 2024-2025.18-06-2025.pdf,372.2025.QĐ-HCNS-Quyết định Ban hành Khen thưởng con CBCNV đạt danh hiệu năm học 2024-2025.18-06-2025.pdf,372,2025,2025-06-18,,,Hiệu lực,,Quyết định Ban hành Khen thưởng con CBCNV đạt danh hiệu năm học 2024-2025,,,,Điều hành – Tác nghiệp,Quyết định,,Quyết định Ban hành Khen thưởng con CBCNV đạt danh hiệu năm học 2024-2025,HCNS,[16] HCNS - Phòng Hành chính – Nhân sự,ParsedFromFolder,High,,,,,,
data/[16] HCNS - Phòng Hành chính – Nhân sự/04. Điều hành – Tác nghiệp/375.2025.QĐ-HCNS-Quyết định thưởng cho CBCNV nhân dịp kỷ niệm thành lập Công ty.18-06-2025.pdf,[16] Phòng Hành Chính - Nhân Sự,375.2025.QĐ-HCNS-Quyết định thưởng cho CBCNV nhân dịp kỷ niệm thành lập Công ty.18-06-2025.pdf,375.2025.QĐ-HCNS-Quyết định thưởng cho CBCNV nhân dịp kỷ niệm thành lập Công ty.18-06-2025.pdf,375,2025,2025-06-18,,,Hiệu lực,,Quyết định thưởng cho CBCNV nhân dịp kỷ niệm thành lập Công ty,,,,Điều hành – Tác nghiệp,Quyết định,,Quyết định thưởng cho CBCNV nhân dịp kỷ niệm thành lập Công ty,HCNS,[16] HCNS - Phòng Hành chính – Nhân sự,ParsedFromFolder,High,,,,,,
data/[16] HCNS - Phòng Hành chính – Nhân sự/04. Điều hành – Tác nghiệp/429.2025.TB-HCNS-nghỉ Tết dương lịch 01-01-2026-Đông Mai.15-12-2025.docx,[16] Phòng Hành Chính - Nhân Sự,429.2025.TB-HCNS-nghỉ Tết dương lịch 01-01-2026-Đông Mai.15-12-2025.docx,429.2025.TB-HCNS-nghỉ Tết dương lịch 01-01-2026-Đông Mai.15-12-2025.docx,429,2025,2025-12-15,,,Hiệu lực,,nghỉ Tết dương lịch 01-01-2026-Đông Mai,,,,Điều hành – Tác nghiệp,Thông báo,,nghỉ Tết dương lịch 01-01-2026-Đông Mai,HCNS,[16] HCNS - Phòng Hành chính – Nhân sự,ParsedFromFolder,High,,,,,,
data/[16] HCNS - Phòng Hành chính – Nhân sự/04. Điều hành – Tác nghiệp/429.2025.TB-HCNS-nghỉ Tết dương lịch 01-01-2026-Đông Mai.15-12-2025.pdf,[16] Phòng Hành Chính - Nhân Sự,429.2025.TB-HCNS-nghỉ Tết dương lịch 01-01-2026-Đông Mai.15-12-2025.pdf,429.2025.TB-HCNS-nghỉ Tết dương lịch 01-01-2026-Đông Mai.15-12-2025.pdf,429,2025,2025-12-15,,,Hiệu lực,,nghỉ Tết dương lịch 01-01-2026-Đông Mai,,,,Điều hành – Tác nghiệp,Thông báo,,nghỉ Tết dương lịch 01-01-2026-Đông Mai,HCNS,[16] HCNS - Phòng Hành chính – Nhân sự,ParsedFromFolder,High,,,,,,
data/[16] HCNS - Phòng Hành chính – Nhân sự/04. Điều hành – Tác nghiệp/475.2024.QĐ-NS-Thành lập tổ triển khai thực hiện dự án Microsoft.01-06-2024.pdf,[16] Phòng Hành Chính - Nhân Sự,475.2024.QĐ-NS-Thành lập tổ triển khai thực hiện dự án Microsoft.01-06-2024.pdf,475.2024.QĐ-NS-Thành lập tổ triển khai thực hiện dự án Microsoft.01-06-2024.pdf,475,2024,2024-06-01,,,Hiệu lực,,Thành lập tổ triển khai thực hiện dự án Microsoft,,,,Điều hành – Tác nghiệp,Quyết định,,Thành lập tổ triển khai thực hiện dự án Microsoft,NS,[16] HCNS - Phòng Hành chính – Nhân sự,ParsedFromFolder,High,,,,,,
data/[16] HCNS - Phòng Hành chính – Nhân sự/04. Điều hành – Tác nghiệp/481.2026.QĐ-HCNS-Giao định mức tiêu hao nhiên liệu đối với xe con 5 chỗ 14A-509.30.15-05-2026.pdf,[16] Phòng Hành Chính - Nhân Sự,481.2026.QĐ-HCNS-Giao định mức tiêu hao nhiên liệu đối với xe con 5 chỗ 14A-509.30.15-05-2026.pdf,481.2026.QĐ-HCNS-Giao định mức tiêu hao nhiên liệu đối với xe con 5 chỗ 14A-509.30.15-05-2026.pdf,481,2026,2026-05-15,,,Hiệu lực,,Giao định mức tiêu hao nhiên liệu đối với xe con 5 chỗ 14A-509.30,,,,Điều hành – Tác nghiệp,Quyết định,,Giao định mức tiêu hao nhiên liệu đối với xe con 5 chỗ 14A-509.30,HCNS,[16] HCNS - Phòng Hành chính – Nhân sự,ParsedFromFolder,High,,,,,,
data/[16] HCNS - Phòng Hành chính – Nhân sự/04. Điều hành – Tác nghiệp/484.2025.TB-HCNS-Thông báo nghỉ Lễ Quốc khánh 02-09-2025.04-08-2025.pdf,[16] Phòng Hành Chính - Nhân Sự,484.2025.TB-HCNS-Thông báo nghỉ Lễ Quốc khánh 02-09-2025.04-08-2025.pdf,484.2025.TB-HCNS-Thông báo nghỉ Lễ Quốc khánh 02-09-2025.04-08-2025.pdf,484,2025,2025-08-04,,,Hiệu lực,,Thông báo nghỉ Lễ Quốc khánh 02-09-2025,,,,Điều hành – Tác nghiệp,Thông báo,,Thông báo nghỉ Lễ Quốc khánh 02-09-2025,HCNS,[16] HCNS - Phòng Hành chính – Nhân sự,ParsedFromFolder,High,,,,,,
data/[16] HCNS - Phòng Hành chính – Nhân sự/04. Điều hành – Tác nghiệp/532.2026.TB-HCNS-Sử dụng phần mềm có bản quyền.22-05-2026.pdf,[16] Phòng Hành Chính - Nhân Sự,532.2026.TB-HCNS-Sử dụng phần mềm có bản quyền.22-05-2026.pdf,532.2026.TB-HCNS-Sử dụng phần mềm có bản quyền.22-05-2026.pdf,532,2026,2026-05-22,,,Hiệu lực,,Sử dụng phần mềm có bản quyền,,,,Điều hành – Tác nghiệp,Thông báo,,Sử dụng phần mềm có bản quyền,HCNS,[16] HCNS - Phòng Hành chính – Nhân sự,ParsedFromFolder,High,,,,,,
data/[16] HCNS - Phòng Hành chính – Nhân sự/04. Điều hành – Tác nghiệp/593.2025.TB-HCNS-Thông báo điều chỉnh thời gian mặc đồng phục.10-09-2025.pdf,[16] Phòng Hành Chính - Nhân Sự,593.2025.TB-HCNS-Thông báo điều chỉnh thời gian mặc đồng phục.10-09-2025.pdf,593.2025.TB-HCNS-Thông báo điều chỉnh thời gian mặc đồng phục.10-09-2025.pdf,593,2025,2025-09-10,,,Hiệu lực,,Thông báo điều chỉnh thời gian mặc đồng phục,,,,Điều hành – Tác nghiệp,Thông báo,,Thông báo điều chỉnh thời gian mặc đồng phục,HCNS,[16] HCNS - Phòng Hành chính – Nhân sự,ParsedFromFolder,High,,,,,,
data/[16] HCNS - Phòng Hành chính – Nhân sự/04. Điều hành – Tác nghiệp/625.2025.QĐ-HCNS-tặng bánh Trung thu cho CBNV.20-09-2025.pdf,[16] Phòng Hành Chính - Nhân Sự,625.2025.QĐ-HCNS-tặng bánh Trung thu cho CBNV.20-09-2025.pdf,625.2025.QĐ-HCNS-tặng bánh Trung thu cho CBNV.20-09-2025.pdf,625,2025,2025-09-20,,,Hiệu lực,,tặng bánh Trung thu cho CBNV,,,,Điều hành – Tác nghiệp,Quyết định,,tặng bánh Trung thu cho CBNV,HCNS,[16] HCNS - Phòng Hành chính – Nhân sự,ParsedFromFolder,High,,,,,,
data/[16] HCNS - Phòng Hành chính – Nhân sự/04. Điều hành – Tác nghiệp/668.2024.TB-HCNS-Thông báo nghỉ lễ Quốc Khánh 02-09-2024.19-08-2024.pdf,[16] Phòng Hành Chính - Nhân Sự,668.2024.TB-HCNS-Thông báo nghỉ lễ Quốc Khánh 02-09-2024.19-08-2024.pdf,668.2024.TB-HCNS-Thông báo nghỉ lễ Quốc Khánh 02-09-2024.19-08-2024.pdf,668,2024,2024-08-19,,,Hiệu lực,,Thông báo nghỉ lễ Quốc Khánh 02-09-2024,,,,Điều hành – Tác nghiệp,Thông báo,,Thông báo nghỉ lễ Quốc Khánh 02-09-2024,HCNS,[16] HCNS - Phòng Hành chính – Nhân sự,ParsedFromFolder,High,,,,,,
data/[16] HCNS - Phòng Hành chính – Nhân sự/04. Điều hành – Tác nghiệp/715.2025.TB-HCNS-Nghỉ sớm trước 1h làm việc đối với CBNV làm ca hành chính.03-10-2025.pdf,[16] Phòng Hành Chính - Nhân Sự,715.2025.TB-HCNS-Nghỉ sớm trước 1h làm việc đối với CBNV làm ca hành chính.03-10-2025.pdf,715.2025.TB-HCNS-Nghỉ sớm trước 1h làm việc đối với CBNV làm ca hành chính.03-10-2025.pdf,715,2025,2025-10-03,,,Hiệu lực,,Nghỉ sớm trước 1h làm việc đối với CBNV làm ca hành chính,,,,Điều hành – Tác nghiệp,Thông báo,,Nghỉ sớm trước 1h làm việc đối với CBNV làm ca hành chính,HCNS,[16] HCNS - Phòng Hành chính – Nhân sự,ParsedFromFolder,High,,,,,,
data/[16] HCNS - Phòng Hành chính – Nhân sự/04. Điều hành – Tác nghiệp/721.2025.QĐ-HCNS-giao định mức tiêu hao nhiên liệu đối với xe con 05 chỗ 14A-736.53-v2.06-10-2025.pdf,[16] Phòng Hành Chính - Nhân Sự,721.2025.QĐ-HCNS-giao định mức tiêu hao nhiên liệu đối với xe con 05 chỗ 14A-736.53-v2.06-10-2025.pdf,721.2025.QĐ-HCNS-giao định mức tiêu hao nhiên liệu đối với xe con 05 chỗ 14A-736.53-v2.06-10-2025.pdf,721,2025,2025-10-06,,,Hiệu lực,,giao định mức tiêu hao nhiên liệu đối với xe con 05 chỗ 14A-736.53-v2,,,,Điều hành – Tác nghiệp,Quyết định,,giao định mức tiêu hao nhiên liệu đối với xe con 05 chỗ 14A-736.53-v2,HCNS,[16] HCNS - Phòng Hành chính – Nhân sự,ParsedFromFolder,High,,,,,Bản chuẩn,
data/[16] HCNS - Phòng Hành chính – Nhân sự/04. Điều hành – Tác nghiệp/721.2025.QĐ-HCNS-giao định mức tiêu hao nhiên liệu đối với xe con 05 chỗ 14A-736.53.06-10-2025.pdf,[16] Phòng Hành Chính - Nhân Sự,721.2025.QĐ-HCNS-giao định mức tiêu hao nhiên liệu đối với xe con 05 chỗ 14A-736.53.06-10-2025.pdf,721.2025.QĐ-HCNS-giao định mức tiêu hao nhiên liệu đối với xe con 05 chỗ 14A-736.53.06-10-2025.pdf,721,2025,2025-10-06,,,Hiệu lực,,giao định mức tiêu hao nhiên liệu đối với xe con 05 chỗ 14A-736.53,,,,Điều hành – Tác nghiệp,Quyết định,,giao định mức tiêu hao nhiên liệu đối với xe con 05 chỗ 14A-736.53,HCNS,[16] HCNS - Phòng Hành chính – Nhân sự,ParsedFromFolder,High,,,,,Bản sao,
data/[16] HCNS - Phòng Hành chính – Nhân sự/04. Điều hành – Tác nghiệp/732.2025.QĐ-HCNS-Thưởng CBNV nhân ngày phụ nữ Việt Nam 20-10-2025.10-10-2025.pdf,[16] Phòng Hành Chính - Nhân Sự,732.2025.QĐ-HCNS-Thưởng CBNV nhân ngày phụ nữ Việt Nam 20-10-2025.10-10-2025.pdf,732.2025.QĐ-HCNS-Thưởng CBNV nhân ngày phụ nữ Việt Nam 20-10-2025.10-10-2025.pdf,732,2025,2025-10-10,,,Hiệu lực,,Thưởng CBNV nhân ngày phụ nữ Việt Nam 20-10-2025,,,,Điều hành – Tác nghiệp,Quyết định,,Thưởng CBNV nhân ngày phụ nữ Việt Nam 20-10-2025,HCNS,[16] HCNS - Phòng Hành chính – Nhân sự,ParsedFromFolder,High,,,,,,
data/[16] HCNS - Phòng Hành chính – Nhân sự/04. Điều hành – Tác nghiệp/743.2025.QĐ-HCNS-Điều chỉnh giá bán lẻ bán buôn hàng hóa.15-10-2025.pdf,[16] Phòng Hành Chính - Nhân Sự,743.2025.QĐ-HCNS-Điều chỉnh giá bán lẻ bán buôn hàng hóa.15-10-2025.pdf,743.2025.QĐ-HCNS-Điều chỉnh giá bán lẻ bán buôn hàng hóa.15-10-2025.pdf,743,2025,2025-10-15,,,Hiệu lực,,Điều chỉnh giá bán lẻ bán buôn hàng hóa,,,,Điều hành – Tác nghiệp,Quyết định,,Điều chỉnh giá bán lẻ bán buôn hàng hóa,HCNS,[16] HCNS - Phòng Hành chính – Nhân sự,ParsedFromFolder,High,,,,,,
data/[16] HCNS - Phòng Hành chính – Nhân sự/04. Điều hành – Tác nghiệp/793.2025.QĐ-HCNS-Hỗ trợ cho CBNV bị thiệt hại sau cơn bão số 11 năm 2025.18-11-2025.pdf,[16] Phòng Hành Chính - Nhân Sự,793.2025.QĐ-HCNS-Hỗ trợ cho CBNV bị thiệt hại sau cơn bão số 11 năm 2025.18-11-2025.pdf,793.2025.QĐ-HCNS-Hỗ trợ cho CBNV bị thiệt hại sau cơn bão số 11 năm 2025.18-11-2025.pdf,793,2025,2025-11-18,,,Hiệu lực,,Hỗ trợ cho CBNV bị thiệt hại sau cơn bão số 11 năm 2025,,,,Điều hành – Tác nghiệp,Quyết định,,Hỗ trợ cho CBNV bị thiệt hại sau cơn bão số 11 năm 2025,HCNS,[16] HCNS - Phòng Hành chính – Nhân sự,ParsedFromFolder,High,,,,,,
"data/[16] HCNS - Phòng Hành chính – Nhân sự/04. Điều hành – Tác nghiệp/836.2025.QĐ-HCNS-Thực hiện kiểm kê vật tư, tài sản, tiền vốn, CCDC năm 2025.12-12-2025.pdf",[16] Phòng Hành Chính - Nhân Sự,"836.2025.QĐ-HCNS-Thực hiện kiểm kê vật tư, tài sản, tiền vốn, CCDC năm 2025.12-12-2025.pdf","836.2025.QĐ-HCNS-Thực hiện kiểm kê vật tư, tài sản, tiền vốn, CCDC năm 2025.12-12-2025.pdf",836,2025,2025-12-12,,,Hiệu lực,,"Thực hiện kiểm kê vật tư, tài sản, tiền vốn, CCDC năm 2025",,,,Điều hành – Tác nghiệp,Quyết định,,"Thực hiện kiểm kê vật tư, tài sản, tiền vốn, CCDC năm 2025",HCNS,[16] HCNS - Phòng Hành chính – Nhân sự,ParsedFromFolder,High,,,,,,
data/[16] HCNS - Phòng Hành chính – Nhân sự/04. Điều hành – Tác nghiệp/837.2025.TB-HCNS-nghỉ Tết dương lịch Công ty Hạ Long 01-01-2026.12-12-2025.docx,[16] Phòng Hành Chính - Nhân Sự,837.2025.TB-HCNS-nghỉ Tết dương lịch Công ty Hạ Long 01-01-2026.12-12-2025.docx,837.2025.TB-HCNS-nghỉ Tết dương lịch Công ty Hạ Long 01-01-2026.12-12-2025.docx,837,2025,2025-12-12,,,Hiệu lực,,nghỉ Tết dương lịch Công ty Hạ Long 01-01-2026,,,,Điều hành – Tác nghiệp,Thông báo,,nghỉ Tết dương lịch Công ty Hạ Long 01-01-2026,HCNS,[16] HCNS - Phòng Hành chính – Nhân sự,ParsedFromFolder,High,,,,,,
data/[16] HCNS - Phòng Hành chính – Nhân sự/04. Điều hành – Tác nghiệp/837.2025.TB-HCNS-nghỉ Tết dương lịch Công ty Hạ Long 01-01-2026.12-12-2025.pdf,[16] Phòng Hành Chính - Nhân Sự,837.2025.TB-HCNS-nghỉ Tết dương lịch Công ty Hạ Long 01-01-2026.12-12-2025.pdf,837.2025.TB-HCNS-nghỉ Tết dương lịch Công ty Hạ Long 01-01-2026.12-12-2025.pdf,837,2025,2025-12-12,,,Hiệu lực,,nghỉ Tết dương lịch Công ty Hạ Long 01-01-2026,,,,Điều hành – Tác nghiệp,Thông báo,,nghỉ Tết dương lịch Công ty Hạ Long 01-01-2026,HCNS,[16] HCNS - Phòng Hành chính – Nhân sự,ParsedFromFolder,High,,,,,,
data/[16] HCNS - Phòng Hành chính – Nhân sự/04. Điều hành – Tác nghiệp/868.2025.QĐ-HCNS-Thành lập Đội khánh tiết hậu cần phục vụ sự kiện Hội nghị người lao động và Tổng kết năm 2025.20-12-2025.docx,[16] Phòng Hành Chính - Nhân Sự,868.2025.QĐ-HCNS-Thành lập Đội khánh tiết hậu cần phục vụ sự kiện Hội nghị người lao động và Tổng kết năm 2025.20-12-2025.docx,868.2025.QĐ-HCNS-Thành lập Đội khánh tiết hậu cần phục vụ sự kiện Hội nghị người lao động và Tổng kết năm 2025.20-12-2025.docx,868,2025,2025-12-20,,,Hiệu lực,,Thành lập Đội khánh tiết hậu cần phục vụ sự kiện Hội nghị người lao động và Tổng kết năm 2025,,,,Điều hành – Tác nghiệp,Quyết định,,Thành lập Đội khánh tiết hậu cần phục vụ sự kiện Hội nghị người lao động và Tổng kết năm 2025,HCNS,[16] HCNS - Phòng Hành chính – Nhân sự,ParsedFromFolder,High,,,,,,
data/[16] HCNS - Phòng Hành chính – Nhân sự/04. Điều hành – Tác nghiệp/868.2025.QĐ-HCNS-Thành lập Đội khánh tiết hậu cần phục vụ sự kiện Hội nghị người lao động và Tổng kết năm 2025.20-12-2025.pdf,[16] Phòng Hành Chính - Nhân Sự,868.2025.QĐ-HCNS-Thành lập Đội khánh tiết hậu cần phục vụ sự kiện Hội nghị người lao động và Tổng kết năm 2025.20-12-2025.pdf,868.2025.QĐ-HCNS-Thành lập Đội khánh tiết hậu cần phục vụ sự kiện Hội nghị người lao động và Tổng kết năm 2025.20-12-2025.pdf,868,2025,2025-12-20,,,Hiệu lực,,Thành lập Đội khánh tiết hậu cần phục vụ sự kiện Hội nghị người lao động và Tổng kết năm 2025,,,,Điều hành – Tác nghiệp,Quyết định,,Thành lập Đội khánh tiết hậu cần phục vụ sự kiện Hội nghị người lao động và Tổng kết năm 2025,HCNS,[16] HCNS - Phòng Hành chính – Nhân sự,ParsedFromFolder,High,,,,,,
data/[16] HCNS - Phòng Hành chính – Nhân sự/04. Điều hành – Tác nghiệp/869.2025.QĐ-HCNS-Thành lập Hội đồng thi đua khen thưởng năm 2025.20-12-2025.pdf,[16] Phòng Hành Chính - Nhân Sự,869.2025.QĐ-HCNS-Thành lập Hội đồng thi đua khen thưởng năm 2025.20-12-2025.pdf,869.2025.QĐ-HCNS-Thành lập Hội đồng thi đua khen thưởng năm 2025.20-12-2025.pdf,869,2025,2025-12-20,,,Hiệu lực,,Thành lập Hội đồng thi đua khen thưởng năm 2025,,,,Điều hành – Tác nghiệp,Quyết định,,Thành lập Hội đồng thi đua khen thưởng năm 2025,HCNS,[16] HCNS - Phòng Hành chính – Nhân sự,ParsedFromFolder,High,,,,,,
data/[16] HCNS - Phòng Hành chính – Nhân sự/04. Điều hành – Tác nghiệp/883.2024.TB-HCNS-Thông báo Vv Tổ chức Hội nghị người lao động và tổng kết năm 2024.03-12-2024.pdf,[16] Phòng Hành Chính - Nhân Sự,883.2024.TB-HCNS-Thông báo Vv Tổ chức Hội nghị người lao động và tổng kết năm 2024.03-12-2024.pdf,883.2024.TB-HCNS-Thông báo Vv Tổ chức Hội nghị người lao động và tổng kết năm 2024.03-12-2024.pdf,883,2024,2024-12-03,,,Hiệu lực,,Thông báo Vv Tổ chức Hội nghị người lao động và tổng kết năm 2024,,,,Điều hành – Tác nghiệp,Thông báo,,Thông báo Vv Tổ chức Hội nghị người lao động và tổng kết năm 2024,HCNS,[16] HCNS - Phòng Hành chính – Nhân sự,ParsedFromFolder,High,,,,,,
data/[16] HCNS - Phòng Hành chính – Nhân sự/06. Hết hiệu lực/01.2024.HD-HCNS-Hướng dẫn lưu trữ văn bản trên Sharepoint.01-08-2024.pdf,[99] Archive,01.2024.HD-HCNS-Hướng dẫn lưu trữ văn bản trên Sharepoint.01-08-2024.pdf,01.2024.HD-HCNS-Hướng dẫn lưu trữ văn bản trên Sharepoint.01-08-2024.pdf,01,2024,2024-08-01,,,Hết hiệu lực,,Hướng dẫn lưu trữ văn bản trên Sharepoint,,,,Hết hiệu lực,Khác,Hướng dẫn,lưu trữ văn bản trên Sharepoint,HCNS,[16] HCNS - Phòng Hành chính – Nhân sự,ParsedFromFolder,High,,,,,,
"data/[16] HCNS - Phòng Hành chính – Nhân sự/06. Hết hiệu lực/13.2025.QT-HCNS-Quy trình xây dựng , điều chỉnh định biên nhân sự.07-03-2025.pdf",[99] Archive,"13.2025.QT-HCNS-Quy trình xây dựng , điều chỉnh định biên nhân sự.07-03-2025.pdf","13.2025.QT-HCNS-Quy trình xây dựng , điều chỉnh định biên nhân sự.07-03-2025.pdf",13,2025,2025-03-07,,,Hết hiệu lực,,"Quy trình xây dựng , điều chỉnh định biên nhân sự",,,,Hết hiệu lực,Khác,Quy trình,"xây dựng , điều chỉnh định biên nhân sự",HCNS,[16] HCNS - Phòng Hành chính – Nhân sự,ParsedFromFolder,High,,,,,,
data/[16] HCNS - Phòng Hành chính – Nhân sự/06. Hết hiệu lực/15.2025.QT-HCNS-Quy trình cấp phát đồng phục.14-05-2025.pdf,[99] Archive,15.2025.QT-HCNS-Quy trình cấp phát đồng phục.14-05-2025.pdf,15.2025.QT-HCNS-Quy trình cấp phát đồng phục.14-05-2025.pdf,15,2025,2025-05-14,,,Hết hiệu lực,,Quy trình cấp phát đồng phục,,,,Hết hiệu lực,Khác,Quy trình,cấp phát đồng phục,HCNS,[16] HCNS - Phòng Hành chính – Nhân sự,ParsedFromFolder,High,,,,,,
"data/[16] HCNS - Phòng Hành chính – Nhân sự/06. Hết hiệu lực/16.2024.QyĐ-HCNS-Quy định về chức năng, nhiệm vụ, và cơ cấu tổ chức của phòng Hành Chính-Nhân Sự.02.01.2024-v2.pdf",[99] Archive,"16.2024.QyĐ-HCNS-Quy định về chức năng, nhiệm vụ, và cơ cấu tổ chức của phòng Hành Chính-Nhân Sự.02.01.2024-v2.pdf","16.2024.QyĐ-HCNS-Quy định về chức năng, nhiệm vụ, và cơ cấu tổ chức của phòng Hành Chính-Nhân Sự.02.01.2024-v2.pdf",16,2024,,,,Hết hiệu lực,,"Quy định về chức năng, nhiệm vụ, và cơ cấu tổ chức của phòng Hành Chính-Nhân Sự.02.01.2024-v2",,,,Hết hiệu lực,Khác,Quy định,"về chức năng, nhiệm vụ, và cơ cấu tổ chức của phòng Hành Chính-Nhân Sự.02.01.2024-v2",HCNS,[16] HCNS - Phòng Hành chính – Nhân sự,ParsedFromFolder,High,,,,,Bản chuẩn,
"data/[16] HCNS - Phòng Hành chính – Nhân sự/06. Hết hiệu lực/16.2024.QyĐ-HCNS-Quy định về chức năng, nhiệm vụ, và cơ cấu tổ chức của phòng Hành Chính-Nhân Sự.02.01.2024.pdf",[99] Archive,"16.2024.QyĐ-HCNS-Quy định về chức năng, nhiệm vụ, và cơ cấu tổ chức của phòng Hành Chính-Nhân Sự.02.01.2024.pdf","16.2024.QyĐ-HCNS-Quy định về chức năng, nhiệm vụ, và cơ cấu tổ chức của phòng Hành Chính-Nhân Sự.02.01.2024.pdf",16,2024,,,,Hết hiệu lực,,"Quy định về chức năng, nhiệm vụ, và cơ cấu tổ chức của phòng Hành Chính-Nhân Sự.02.01.2024",,,,Hết hiệu lực,Khác,Quy định,"về chức năng, nhiệm vụ, và cơ cấu tổ chức của phòng Hành Chính-Nhân Sự.02.01.2024",HCNS,[16] HCNS - Phòng Hành chính – Nhân sự,ParsedFromFolder,High,,,,,Bản sao,
data/[16] HCNS - Phòng Hành chính – Nhân sự/06. Hết hiệu lực/HĐ-NS07.01.HLB-Chấm dứt hợp đồng lao động.pdf,[99] Archive,HĐ-NS07.01.HLB-Chấm dứt hợp đồng lao động.pdf,HĐ-NS07.01.HLB-Chấm dứt hợp đồng lao động.pdf,,,,,,Hết hiệu lực,,Chấm dứt hợp đồng lao động,,,,Hết hiệu lực,Khác,Hợp đồng,Chấm dứt hợp đồng lao động,NS07.01.HLB,[16] HCNS - Phòng Hành chính – Nhân sự,ParsedFromFolder,High,,,,,,
"data/[17] KCS - Phòng Kiểm soát Chất lượng/01. Chính sách – Định hướng/01.2025.CS-KCS-Chính sách, mục tiêu chất lượng và an toàn thực phẩm.16-09-2025.docx",[17] Phòng Kiểm Soát Chất Lượng - KCS,"01.2025.CS-KCS-Chính sách, mục tiêu chất lượng và an toàn thực phẩm.16-09-2025.docx","01.2025.CS-KCS-Chính sách, mục tiêu chất lượng và an toàn thực phẩm.16-09-2025.docx",01,2025,2025-09-16,,,Hiệu lực,,"Chính sách, mục tiêu chất lượng và an toàn thực phẩm",,,,Chính sách – Định hướng,Khác,Chính sách,", mục tiêu chất lượng và an toàn thực phẩm",KCS,[17] KCS - Phòng Kiểm soát Chất lượng,ParsedFromFolder,High,,,,,,
"data/[17] KCS - Phòng Kiểm soát Chất lượng/01. Chính sách – Định hướng/01.2025.CS-KCS-Chính sách, mục tiêu chất lượng và an toàn thực phẩm.16-09-2025.pdf",[17] Phòng Kiểm Soát Chất Lượng - KCS,"01.2025.CS-KCS-Chính sách, mục tiêu chất lượng và an toàn thực phẩm.16-09-2025.pdf","01.2025.CS-KCS-Chính sách, mục tiêu chất lượng và an toàn thực phẩm.16-09-2025.pdf",01,2025,2025-09-16,,,Hiệu lực,,"Chính sách, mục tiêu chất lượng và an toàn thực phẩm",,,,Chính sách – Định hướng,Khác,Chính sách,", mục tiêu chất lượng và an toàn thực phẩm",KCS,[17] KCS - Phòng Kiểm soát Chất lượng,ParsedFromFolder,High,,,,,,
data/[17] KCS - Phòng Kiểm soát Chất lượng/02. Quy chế – Quy định – Quy trình – Hướng dẫn/01.2025.QT-KCS-Quy trình kế hoạch HACCP.16-09-2025.docx,[17] Phòng Kiểm Soát Chất Lượng - KCS,01.2025.QT-KCS-Quy trình kế hoạch HACCP.16-09-2025.docx,01.2025.QT-KCS-Quy trình kế hoạch HACCP.16-09-2025.docx,01,2025,2025-09-16,,,Hiệu lực,,Quy trình kế hoạch HACCP,,,,Quy chế – Quy định – Quy trình – Hướng dẫn,Khác,Quy trình,kế hoạch HACCP,KCS,[17] KCS - Phòng Kiểm soát Chất lượng,ParsedFromFolder,High,,,,,,
data/[17] KCS - Phòng Kiểm soát Chất lượng/02. Quy chế – Quy định – Quy trình – Hướng dẫn/01.2025.QT-KCS-Quy trình kế hoạch HACCP.16-09-2025.pdf,[17] Phòng Kiểm Soát Chất Lượng - KCS,01.2025.QT-KCS-Quy trình kế hoạch HACCP.16-09-2025.pdf,01.2025.QT-KCS-Quy trình kế hoạch HACCP.16-09-2025.pdf,01,2025,2025-09-16,,,Hiệu lực,,Quy trình kế hoạch HACCP,,,,Quy chế – Quy định – Quy trình – Hướng dẫn,Khác,Quy trình,kế hoạch HACCP,KCS,[17] KCS - Phòng Kiểm soát Chất lượng,ParsedFromFolder,High,,,,,,
data/[17] KCS - Phòng Kiểm soát Chất lượng/02. Quy chế – Quy định – Quy trình – Hướng dẫn/03.2025.QT-KCS-Quy trình đánh giá nội bộ.16-09-2025.docx,[17] Phòng Kiểm Soát Chất Lượng - KCS,03.2025.QT-KCS-Quy trình đánh giá nội bộ.16-09-2025.docx,03.2025.QT-KCS-Quy trình đánh giá nội bộ.16-09-2025.docx,03,2025,2025-09-16,,,Hiệu lực,,Quy trình đánh giá nội bộ,,,,Quy chế – Quy định – Quy trình – Hướng dẫn,Khác,Quy trình,đánh giá nội bộ,KCS,[17] KCS - Phòng Kiểm soát Chất lượng,ParsedFromFolder,High,,,,,,
data/[17] KCS - Phòng Kiểm soát Chất lượng/02. Quy chế – Quy định – Quy trình – Hướng dẫn/03.2025.QT-KCS-Quy trình đánh giá nội bộ.16-09-2025.pdf,[17] Phòng Kiểm Soát Chất Lượng - KCS,03.2025.QT-KCS-Quy trình đánh giá nội bộ.16-09-2025.pdf,03.2025.QT-KCS-Quy trình đánh giá nội bộ.16-09-2025.pdf,03,2025,2025-09-16,,,Hiệu lực,,Quy trình đánh giá nội bộ,,,,Quy chế – Quy định – Quy trình – Hướng dẫn,Khác,Quy trình,đánh giá nội bộ,KCS,[17] KCS - Phòng Kiểm soát Chất lượng,ParsedFromFolder,High,,,,,,
data/[17] KCS - Phòng Kiểm soát Chất lượng/02. Quy chế – Quy định – Quy trình – Hướng dẫn/04.2025.QT-KCS-Quy trình phân tích mối nguy sản phẩm bia tươi loại keg 20 lít.14-03-2025.docx,[17] Phòng Kiểm Soát Chất Lượng - KCS,04.2025.QT-KCS-Quy trình phân tích mối nguy sản phẩm bia tươi loại keg 20 lít.14-03-2025.docx,04.2025.QT-KCS-Quy trình phân tích mối nguy sản phẩm bia tươi loại keg 20 lít.14-03-2025.docx,04,2025,2025-03-14,,,Hiệu lực,,Quy trình phân tích mối nguy sản phẩm bia tươi loại keg 20 lít,,,,Quy chế – Quy định – Quy trình – Hướng dẫn,Khác,Quy trình,phân tích mối nguy sản phẩm bia tươi loại keg 20 lít,KCS,[17] KCS - Phòng Kiểm soát Chất lượng,ParsedFromFolder,High,,,,,,
data/[17] KCS - Phòng Kiểm soát Chất lượng/02. Quy chế – Quy định – Quy trình – Hướng dẫn/04.2025.QT-KCS-Quy trình phân tích mối nguy sản phẩm bia tươi loại keg 20 lít.14-03-2025.pdf,[17] Phòng Kiểm Soát Chất Lượng - KCS,04.2025.QT-KCS-Quy trình phân tích mối nguy sản phẩm bia tươi loại keg 20 lít.14-03-2025.pdf,04.2025.QT-KCS-Quy trình phân tích mối nguy sản phẩm bia tươi loại keg 20 lít.14-03-2025.pdf,04,2025,2025-03-14,,,Hiệu lực,,Quy trình phân tích mối nguy sản phẩm bia tươi loại keg 20 lít,,,,Quy chế – Quy định – Quy trình – Hướng dẫn,Khác,Quy trình,phân tích mối nguy sản phẩm bia tươi loại keg 20 lít,KCS,[17] KCS - Phòng Kiểm soát Chất lượng,ParsedFromFolder,High,,,,,,
data/[17] KCS - Phòng Kiểm soát Chất lượng/02. Quy chế – Quy định – Quy trình – Hướng dẫn/06.2025.QT-KCS-Quy trình nhận diện rủi ro và cơ hại.16-09-2025.docx,[17] Phòng Kiểm Soát Chất Lượng - KCS,06.2025.QT-KCS-Quy trình nhận diện rủi ro và cơ hại.16-09-2025.docx,06.2025.QT-KCS-Quy trình nhận diện rủi ro và cơ hại.16-09-2025.docx,06,2025,2025-09-16,,,Hiệu lực,,Quy trình nhận diện rủi ro và cơ hại,,,,Quy chế – Quy định – Quy trình – Hướng dẫn,Khác,Quy trình,nhận diện rủi ro và cơ hại,KCS,[17] KCS - Phòng Kiểm soát Chất lượng,ParsedFromFolder,High,,,,,,
data/[17] KCS - Phòng Kiểm soát Chất lượng/02. Quy chế – Quy định – Quy trình – Hướng dẫn/06.2025.QT-KCS-Quy trình nhận diện rủi ro và cơ hại.16-09-2025.pdf,[17] Phòng Kiểm Soát Chất Lượng - KCS,06.2025.QT-KCS-Quy trình nhận diện rủi ro và cơ hại.16-09-2025.pdf,06.2025.QT-KCS-Quy trình nhận diện rủi ro và cơ hại.16-09-2025.pdf,06,2025,2025-09-16,,,Hiệu lực,,Quy trình nhận diện rủi ro và cơ hại,,,,Quy chế – Quy định – Quy trình – Hướng dẫn,Khác,Quy trình,nhận diện rủi ro và cơ hại,KCS,[17] KCS - Phòng Kiểm soát Chất lượng,ParsedFromFolder,High,,,,,,
"data/[17] KCS - Phòng Kiểm soát Chất lượng/02. Quy chế – Quy định – Quy trình – Hướng dẫn/1.1.2025.QT-KCS-Quy trình tiếp nhận nguyên, vật liệu, bao bì, hóa chất.27-08-2025.docx",[17] Phòng Kiểm Soát Chất Lượng - KCS,"1.1.2025.QT-KCS-Quy trình tiếp nhận nguyên, vật liệu, bao bì, hóa chất.27-08-2025.docx","1.1.2025.QT-KCS-Quy trình tiếp nhận nguyên, vật liệu, bao bì, hóa chất.27-08-2025.docx",,,2025-08-27,,,Hiệu lực,,"Quy trình tiếp nhận nguyên, vật liệu, bao bì, hóa chất",,,,Quy chế – Quy định – Quy trình – Hướng dẫn,Khác,Quy trình,"tiếp nhận nguyên, vật liệu, bao bì, hóa chất",KCS,[17] KCS - Phòng Kiểm soát Chất lượng,ParsedFromFolder,High,,,,,,
"data/[17] KCS - Phòng Kiểm soát Chất lượng/02. Quy chế – Quy định – Quy trình – Hướng dẫn/1.1.2025.QT-KCS-Quy trình tiếp nhận nguyên, vật liệu, bao bì, hóa chất.27-08-2025.pdf",[17] Phòng Kiểm Soát Chất Lượng - KCS,"1.1.2025.QT-KCS-Quy trình tiếp nhận nguyên, vật liệu, bao bì, hóa chất.27-08-2025.pdf","1.1.2025.QT-KCS-Quy trình tiếp nhận nguyên, vật liệu, bao bì, hóa chất.27-08-2025.pdf",,,2025-08-27,,,Hiệu lực,,"Quy trình tiếp nhận nguyên, vật liệu, bao bì, hóa chất",,,,Quy chế – Quy định – Quy trình – Hướng dẫn,Khác,Quy trình,"tiếp nhận nguyên, vật liệu, bao bì, hóa chất",KCS,[17] KCS - Phòng Kiểm soát Chất lượng,ParsedFromFolder,High,,,,,,
data/[17] KCS - Phòng Kiểm soát Chất lượng/02. Quy chế – Quy định – Quy trình – Hướng dẫn/1.1.2025.QT-KCS-Quy trình vệ sinh nguồn nước-Hạ Long.09-04-2025.docx,[17] Phòng Kiểm Soát Chất Lượng - KCS,1.1.2025.QT-KCS-Quy trình vệ sinh nguồn nước-Hạ Long.09-04-2025.docx,1.1.2025.QT-KCS-Quy trình vệ sinh nguồn nước-Hạ Long.09-04-2025.docx,,,2025-04-09,,,Hiệu lực,,Quy trình vệ sinh nguồn nước-Hạ Long,,,,Quy chế – Quy định – Quy trình – Hướng dẫn,Khác,Quy trình,vệ sinh nguồn nước-Hạ Long,KCS,[17] KCS - Phòng Kiểm soát Chất lượng,ParsedFromFolder,High,,,,,,
data/[17] KCS - Phòng Kiểm soát Chất lượng/02. Quy chế – Quy định – Quy trình – Hướng dẫn/1.1.2025.QT-KCS-Quy trình vệ sinh nguồn nước-Hạ Long.09-04-2025.pdf,[17] Phòng Kiểm Soát Chất Lượng - KCS,1.1.2025.QT-KCS-Quy trình vệ sinh nguồn nước-Hạ Long.09-04-2025.pdf,1.1.2025.QT-KCS-Quy trình vệ sinh nguồn nước-Hạ Long.09-04-2025.pdf,,,2025-04-09,,,Hiệu lực,,Quy trình vệ sinh nguồn nước-Hạ Long,,,,Quy chế – Quy định – Quy trình – Hướng dẫn,Khác,Quy trình,vệ sinh nguồn nước-Hạ Long,KCS,[17] KCS - Phòng Kiểm soát Chất lượng,ParsedFromFolder,High,,,,,,
data/[17] KCS - Phòng Kiểm soát Chất lượng/02. Quy chế – Quy định – Quy trình – Hướng dẫn/1.10.1.2025.QT-KCS-Quy trình lạnh nhanh-Hạ Long.18-04-2025.docx,[17] Phòng Kiểm Soát Chất Lượng - KCS,1.10.1.2025.QT-KCS-Quy trình lạnh nhanh-Hạ Long.18-04-2025.docx,1.10.1.2025.QT-KCS-Quy trình lạnh nhanh-Hạ Long.18-04-2025.docx,,,2025-04-18,,,Hiệu lực,,Quy trình lạnh nhanh-Hạ Long,,,,Quy chế – Quy định – Quy trình – Hướng dẫn,Khác,Quy trình,lạnh nhanh-Hạ Long,KCS,[17] KCS - Phòng Kiểm soát Chất lượng,ParsedFromFolder,High,,,,,,
data/[17] KCS - Phòng Kiểm soát Chất lượng/02. Quy chế – Quy định – Quy trình – Hướng dẫn/1.10.1.2025.QT-KCS-Quy trình lạnh nhanh-Hạ Long.18-04-2025.pdf,[17] Phòng Kiểm Soát Chất Lượng - KCS,1.10.1.2025.QT-KCS-Quy trình lạnh nhanh-Hạ Long.18-04-2025.pdf,1.10.1.2025.QT-KCS-Quy trình lạnh nhanh-Hạ Long.18-04-2025.pdf,,,2025-04-18,,,Hiệu lực,,Quy trình lạnh nhanh-Hạ Long,,,,Quy chế – Quy định – Quy trình – Hướng dẫn,Khác,Quy trình,lạnh nhanh-Hạ Long,KCS,[17] KCS - Phòng Kiểm soát Chất lượng,ParsedFromFolder,High,,,,,,
data/[17] KCS - Phòng Kiểm soát Chất lượng/02. Quy chế – Quy định – Quy trình – Hướng dẫn/1.11.2.2025.QT-KCS-Quy trình lên men bia-Đông Mai.20-03-2025.docx,[17] Phòng Kiểm Soát Chất Lượng - KCS,1.11.2.2025.QT-KCS-Quy trình lên men bia-Đông Mai.20-03-2025.docx,1.11.2.2025.QT-KCS-Quy trình lên men bia-Đông Mai.20-03-2025.docx,,,2025-03-20,,,Hiệu lực,,Quy trình lên men bia-Đông Mai,,,,Quy chế – Quy định – Quy trình – Hướng dẫn,Khác,Quy trình,lên men bia-Đông Mai,KCS,[17] KCS - Phòng Kiểm soát Chất lượng,ParsedFromFolder,High,,,,,,
data/[17] KCS - Phòng Kiểm soát Chất lượng/02. Quy chế – Quy định – Quy trình – Hướng dẫn/1.11.2.2025.QT-KCS-Quy trình lên men bia-Đông Mai.20-03-2025.pdf,[17] Phòng Kiểm Soát Chất Lượng - KCS,1.11.2.2025.QT-KCS-Quy trình lên men bia-Đông Mai.20-03-2025.pdf,1.11.2.2025.QT-KCS-Quy trình lên men bia-Đông Mai.20-03-2025.pdf,,,2025-03-20,,,Hiệu lực,,Quy trình lên men bia-Đông Mai,,,,Quy chế – Quy định – Quy trình – Hướng dẫn,Khác,Quy trình,lên men bia-Đông Mai,KCS,[17] KCS - Phòng Kiểm soát Chất lượng,ParsedFromFolder,High,,,,,,
"data/[17] KCS - Phòng Kiểm soát Chất lượng/02. Quy chế – Quy định – Quy trình – Hướng dẫn/1.12.1.2025.QT-KCS-Quy trình lọc bia, bổ sung CO2-Hạ Long.20-03-2025.docx",[17] Phòng Kiểm Soát Chất Lượng - KCS,"1.12.1.2025.QT-KCS-Quy trình lọc bia, bổ sung CO2-Hạ Long.20-03-2025.docx","1.12.1.2025.QT-KCS-Quy trình lọc bia, bổ sung CO2-Hạ Long.20-03-2025.docx",,,2025-03-20,,,Hiệu lực,,"Quy trình lọc bia, bổ sung CO2-Hạ Long",,,,Quy chế – Quy định – Quy trình – Hướng dẫn,Khác,Quy trình,"lọc bia, bổ sung CO2-Hạ Long",KCS,[17] KCS - Phòng Kiểm soát Chất lượng,ParsedFromFolder,High,,,,,,
"data/[17] KCS - Phòng Kiểm soát Chất lượng/02. Quy chế – Quy định – Quy trình – Hướng dẫn/1.12.1.2025.QT-KCS-Quy trình lọc bia, bổ sung CO2-Hạ Long.20-03-2025.pdf",[17] Phòng Kiểm Soát Chất Lượng - KCS,"1.12.1.2025.QT-KCS-Quy trình lọc bia, bổ sung CO2-Hạ Long.20-03-2025.pdf","1.12.1.2025.QT-KCS-Quy trình lọc bia, bổ sung CO2-Hạ Long.20-03-2025.pdf",,,2025-03-20,,,Hiệu lực,,"Quy trình lọc bia, bổ sung CO2-Hạ Long",,,,Quy chế – Quy định – Quy trình – Hướng dẫn,Khác,Quy trình,"lọc bia, bổ sung CO2-Hạ Long",KCS,[17] KCS - Phòng Kiểm soát Chất lượng,ParsedFromFolder,High,,,,,,
"data/[17] KCS - Phòng Kiểm soát Chất lượng/02. Quy chế – Quy định – Quy trình – Hướng dẫn/1.12.3.2025.QT-KCS-Quy trình lọc, pha bia, bổ sung CO2-Đông Mai.08-05-2025.docx",[17] Phòng Kiểm Soát Chất Lượng - KCS,"1.12.3.2025.QT-KCS-Quy trình lọc, pha bia, bổ sung CO2-Đông Mai.08-05-2025.docx","1.12.3.2025.QT-KCS-Quy trình lọc, pha bia, bổ sung CO2-Đông Mai.08-05-2025.docx",,,2025-05-08,,,Hiệu lực,,"Quy trình lọc, pha bia, bổ sung CO2-Đông Mai",,,,Quy chế – Quy định – Quy trình – Hướng dẫn,Khác,Quy trình,"lọc, pha bia, bổ sung CO2-Đông Mai",KCS,[17] KCS - Phòng Kiểm soát Chất lượng,ParsedFromFolder,High,,,,,,
"data/[17] KCS - Phòng Kiểm soát Chất lượng/02. Quy chế – Quy định – Quy trình – Hướng dẫn/1.12.3.2025.QT-KCS-Quy trình lọc, pha bia, bổ sung CO2-Đông Mai.08-05-2025.pdf",[17] Phòng Kiểm Soát Chất Lượng - KCS,"1.12.3.2025.QT-KCS-Quy trình lọc, pha bia, bổ sung CO2-Đông Mai.08-05-2025.pdf","1.12.3.2025.QT-KCS-Quy trình lọc, pha bia, bổ sung CO2-Đông Mai.08-05-2025.pdf",,,2025-05-08,,,Hiệu lực,,"Quy trình lọc, pha bia, bổ sung CO2-Đông Mai",,,,Quy chế – Quy định – Quy trình – Hướng dẫn,Khác,Quy trình,"lọc, pha bia, bổ sung CO2-Đông Mai",KCS,[17] KCS - Phòng Kiểm soát Chất lượng,ParsedFromFolder,High,,,,,,
data/[17] KCS - Phòng Kiểm soát Chất lượng/02. Quy chế – Quy định – Quy trình – Hướng dẫn/1.13.1.2025.QT-KCS-Quy trình rửa keg bia 30 lít-Hạ Long.20-03-2025.docx,[17] Phòng Kiểm Soát Chất Lượng - KCS,1.13.1.2025.QT-KCS-Quy trình rửa keg bia 30 lít-Hạ Long.20-03-2025.docx,1.13.1.2025.QT-KCS-Quy trình rửa keg bia 30 lít-Hạ Long.20-03-2025.docx,,,2025-03-20,,,Hiệu lực,,Quy trình rửa keg bia 30 lít-Hạ Long,,,,Quy chế – Quy định – Quy trình – Hướng dẫn,Khác,Quy trình,rửa keg bia 30 lít-Hạ Long,KCS,[17] KCS - Phòng Kiểm soát Chất lượng,ParsedFromFolder,High,,,,,,
data/[17] KCS - Phòng Kiểm soát Chất lượng/02. Quy chế – Quy định – Quy trình – Hướng dẫn/1.13.1.2025.QT-KCS-Quy trình rửa keg bia 30 lít-Hạ Long.20-03-2025.pdf,[17] Phòng Kiểm Soát Chất Lượng - KCS,1.13.1.2025.QT-KCS-Quy trình rửa keg bia 30 lít-Hạ Long.20-03-2025.pdf,1.13.1.2025.QT-KCS-Quy trình rửa keg bia 30 lít-Hạ Long.20-03-2025.pdf,,,2025-03-20,,,Hiệu lực,,Quy trình rửa keg bia 30 lít-Hạ Long,,,,Quy chế – Quy định – Quy trình – Hướng dẫn,Khác,Quy trình,rửa keg bia 30 lít-Hạ Long,KCS,[17] KCS - Phòng Kiểm soát Chất lượng,ParsedFromFolder,High,,,,,,
data/[17] KCS - Phòng Kiểm soát Chất lượng/02. Quy chế – Quy định – Quy trình – Hướng dẫn/1.13.2.2025.QT-KCS-Quy trình rửa chai.08-05-2025.pdf,[17] Phòng Kiểm Soát Chất Lượng - KCS,1.13.2.2025.QT-KCS-Quy trình rửa chai.08-05-2025.pdf,1.13.2.2025.QT-KCS-Quy trình rửa chai.08-05-2025.pdf,,,2025-05-08,,,Hiệu lực,,Quy trình rửa chai,,,,Quy chế – Quy định – Quy trình – Hướng dẫn,Khác,Quy trình,rửa chai,KCS,[17] KCS - Phòng Kiểm soát Chất lượng,ParsedFromFolder,High,,,,,,
data/[17] KCS - Phòng Kiểm soát Chất lượng/02. Quy chế – Quy định – Quy trình – Hướng dẫn/1.13.3.2025.QT-KCS-Quy trình rửa lon-dây chuyền lon(Krones).24-03-2025.docx,[17] Phòng Kiểm Soát Chất Lượng - KCS,1.13.3.2025.QT-KCS-Quy trình rửa lon-dây chuyền lon(Krones).24-03-2025.docx,1.13.3.2025.QT-KCS-Quy trình rửa lon-dây chuyền lon(Krones).24-03-2025.docx,,,2025-03-24,,,Hiệu lực,,Quy trình rửa lon-dây chuyền lon(Krones),,,,Quy chế – Quy định – Quy trình – Hướng dẫn,Khác,Quy trình,rửa lon-dây chuyền lon(Krones),KCS,[17] KCS - Phòng Kiểm soát Chất lượng,ParsedFromFolder,High,,,,,,
data/[17] KCS - Phòng Kiểm soát Chất lượng/02. Quy chế – Quy định – Quy trình – Hướng dẫn/1.13.3.2025.QT-KCS-Quy trình rửa lon-dây chuyền lon(Krones).24-03-2025.pdf,[17] Phòng Kiểm Soát Chất Lượng - KCS,1.13.3.2025.QT-KCS-Quy trình rửa lon-dây chuyền lon(Krones).24-03-2025.pdf,1.13.3.2025.QT-KCS-Quy trình rửa lon-dây chuyền lon(Krones).24-03-2025.pdf,,,2025-03-24,,,Hiệu lực,,Quy trình rửa lon-dây chuyền lon(Krones),,,,Quy chế – Quy định – Quy trình – Hướng dẫn,Khác,Quy trình,rửa lon-dây chuyền lon(Krones),KCS,[17] KCS - Phòng Kiểm soát Chất lượng,ParsedFromFolder,High,,,,,,
data/[17] KCS - Phòng Kiểm soát Chất lượng/02. Quy chế – Quy định – Quy trình – Hướng dẫn/1.14.1.2025.QT-KCS-Quy trình chiết keg bia 30 lít(máy Việt Nam)-Hạ Long.20-03-2025.docx,[17] Phòng Kiểm Soát Chất Lượng - KCS,1.14.1.2025.QT-KCS-Quy trình chiết keg bia 30 lít(máy Việt Nam)-Hạ Long.20-03-2025.docx,1.14.1.2025.QT-KCS-Quy trình chiết keg bia 30 lít(máy Việt Nam)-Hạ Long.20-03-2025.docx,,,2025-03-20,,,Hiệu lực,,Quy trình chiết keg bia 30 lít(máy Việt Nam)-Hạ Long,,,,Quy chế – Quy định – Quy trình – Hướng dẫn,Khác,Quy trình,chiết keg bia 30 lít(máy Việt Nam)-Hạ Long,KCS,[17] KCS - Phòng Kiểm soát Chất lượng,ParsedFromFolder,High,,,,,,
data/[17] KCS - Phòng Kiểm soát Chất lượng/02. Quy chế – Quy định – Quy trình – Hướng dẫn/1.14.1.2025.QT-KCS-Quy trình chiết keg bia 30 lít(máy Việt Nam)-Hạ Long.20-03-2025.pdf,[17] Phòng Kiểm Soát Chất Lượng - KCS,1.14.1.2025.QT-KCS-Quy trình chiết keg bia 30 lít(máy Việt Nam)-Hạ Long.20-03-2025.pdf,1.14.1.2025.QT-KCS-Quy trình chiết keg bia 30 lít(máy Việt Nam)-Hạ Long.20-03-2025.pdf,,,2025-03-20,,,Hiệu lực,,Quy trình chiết keg bia 30 lít(máy Việt Nam)-Hạ Long,,,,Quy chế – Quy định – Quy trình – Hướng dẫn,Khác,Quy trình,chiết keg bia 30 lít(máy Việt Nam)-Hạ Long,KCS,[17] KCS - Phòng Kiểm soát Chất lượng,ParsedFromFolder,High,,,,,,
data/[17] KCS - Phòng Kiểm soát Chất lượng/02. Quy chế – Quy định – Quy trình – Hướng dẫn/1.14.2.2025.QT-KCS-Quy trình chiết chai.13-05-2025.docx,[17] Phòng Kiểm Soát Chất Lượng - KCS,1.14.2.2025.QT-KCS-Quy trình chiết chai.13-05-2025.docx,1.14.2.2025.QT-KCS-Quy trình chiết chai.13-05-2025.docx,,,2025-05-13,,,Hiệu lực,,Quy trình chiết chai,,,,Quy chế – Quy định – Quy trình – Hướng dẫn,Khác,Quy trình,chiết chai,KCS,[17] KCS - Phòng Kiểm soát Chất lượng,ParsedFromFolder,High,,,,,,
data/[17] KCS - Phòng Kiểm soát Chất lượng/02. Quy chế – Quy định – Quy trình – Hướng dẫn/1.14.2.2025.QT-KCS-Quy trình chiết chai.13-05-2025.pdf,[17] Phòng Kiểm Soát Chất Lượng - KCS,1.14.2.2025.QT-KCS-Quy trình chiết chai.13-05-2025.pdf,1.14.2.2025.QT-KCS-Quy trình chiết chai.13-05-2025.pdf,,,2025-05-13,,,Hiệu lực,,Quy trình chiết chai,,,,Quy chế – Quy định – Quy trình – Hướng dẫn,Khác,Quy trình,chiết chai,KCS,[17] KCS - Phòng Kiểm soát Chất lượng,ParsedFromFolder,High,,,,,,
data/[17] KCS - Phòng Kiểm soát Chất lượng/02. Quy chế – Quy định – Quy trình – Hướng dẫn/1.14.3.2025.QT-KCS-Quy trình chiết lon-Krones.20-05-2025.docx,[17] Phòng Kiểm Soát Chất Lượng - KCS,1.14.3.2025.QT-KCS-Quy trình chiết lon-Krones.20-05-2025.docx,1.14.3.2025.QT-KCS-Quy trình chiết lon-Krones.20-05-2025.docx,,,2025-05-20,,,Hiệu lực,,Quy trình chiết lon-Krones,,,,Quy chế – Quy định – Quy trình – Hướng dẫn,Khác,Quy trình,chiết lon-Krones,KCS,[17] KCS - Phòng Kiểm soát Chất lượng,ParsedFromFolder,High,,,,,,
data/[17] KCS - Phòng Kiểm soát Chất lượng/02. Quy chế – Quy định – Quy trình – Hướng dẫn/1.14.3.2025.QT-KCS-Quy trình chiết lon-Krones.20-05-2025.pdf,[17] Phòng Kiểm Soát Chất Lượng - KCS,1.14.3.2025.QT-KCS-Quy trình chiết lon-Krones.20-05-2025.pdf,1.14.3.2025.QT-KCS-Quy trình chiết lon-Krones.20-05-2025.pdf,,,2025-05-20,,,Hiệu lực,,Quy trình chiết lon-Krones,,,,Quy chế – Quy định – Quy trình – Hướng dẫn,Khác,Quy trình,chiết lon-Krones,KCS,[17] KCS - Phòng Kiểm soát Chất lượng,ParsedFromFolder,High,,,,,,
"data/[17] KCS - Phòng Kiểm soát Chất lượng/02. Quy chế – Quy định – Quy trình – Hướng dẫn/1.16.1.2025.QT-KCS-Quy trình dán nhãn-in phun, gắp chai, bốc xếp thành phẩm bia chai.08-05-2025.docx",[17] Phòng Kiểm Soát Chất Lượng - KCS,"1.16.1.2025.QT-KCS-Quy trình dán nhãn-in phun, gắp chai, bốc xếp thành phẩm bia chai.08-05-2025.docx","1.16.1.2025.QT-KCS-Quy trình dán nhãn-in phun, gắp chai, bốc xếp thành phẩm bia chai.08-05-2025.docx",,,2025-05-08,,,Hiệu lực,,"Quy trình dán nhãn-in phun, gắp chai, bốc xếp thành phẩm bia chai",,,,Quy chế – Quy định – Quy trình – Hướng dẫn,Khác,Quy trình,"dán nhãn-in phun, gắp chai, bốc xếp thành phẩm bia chai",KCS,[17] KCS - Phòng Kiểm soát Chất lượng,ParsedFromFolder,High,,,,,,
data/[17] KCS - Phòng Kiểm soát Chất lượng/02. Quy chế – Quy định – Quy trình – Hướng dẫn/1.16.1.2025.QT-KCS-Quy trình kiểm tra định lượng-in phun bia keg 30 lít.20-03-2025.docx,[17] Phòng Kiểm Soát Chất Lượng - KCS,1.16.1.2025.QT-KCS-Quy trình kiểm tra định lượng-in phun bia keg 30 lít.20-03-2025.docx,1.16.1.2025.QT-KCS-Quy trình kiểm tra định lượng-in phun bia keg 30 lít.20-03-2025.docx,,,2025-03-20,,,Hiệu lực,,Quy trình kiểm tra định lượng-in phun bia keg 30 lít,,,,Quy chế – Quy định – Quy trình – Hướng dẫn,Khác,Quy trình,kiểm tra định lượng-in phun bia keg 30 lít,KCS,[17] KCS - Phòng Kiểm soát Chất lượng,ParsedFromFolder,High,,,,,,
data/[17] KCS - Phòng Kiểm soát Chất lượng/02. Quy chế – Quy định – Quy trình – Hướng dẫn/1.16.1.2025.QT-KCS-Quy trình kiểm tra định lượng-in phun bia keg 30 lít.20-03-2025.pdf,[17] Phòng Kiểm Soát Chất Lượng - KCS,1.16.1.2025.QT-KCS-Quy trình kiểm tra định lượng-in phun bia keg 30 lít.20-03-2025.pdf,1.16.1.2025.QT-KCS-Quy trình kiểm tra định lượng-in phun bia keg 30 lít.20-03-2025.pdf,,,2025-03-20,,,Hiệu lực,,Quy trình kiểm tra định lượng-in phun bia keg 30 lít,,,,Quy chế – Quy định – Quy trình – Hướng dẫn,Khác,Quy trình,kiểm tra định lượng-in phun bia keg 30 lít,KCS,[17] KCS - Phòng Kiểm soát Chất lượng,ParsedFromFolder,High,,,,,,
"data/[17] KCS - Phòng Kiểm soát Chất lượng/02. Quy chế – Quy định – Quy trình – Hướng dẫn/1.16.2.2025.QT-KCS-Quy trình dán nhãn-in phun, gắp chai, bốc xếp thành phẩm bia chai.08-05-2025.pdf",[17] Phòng Kiểm Soát Chất Lượng - KCS,"1.16.2.2025.QT-KCS-Quy trình dán nhãn-in phun, gắp chai, bốc xếp thành phẩm bia chai.08-05-2025.pdf","1.16.2.2025.QT-KCS-Quy trình dán nhãn-in phun, gắp chai, bốc xếp thành phẩm bia chai.08-05-2025.pdf",,,2025-05-08,,,Hiệu lực,,"Quy trình dán nhãn-in phun, gắp chai, bốc xếp thành phẩm bia chai",,,,Quy chế – Quy định – Quy trình – Hướng dẫn,Khác,Quy trình,"dán nhãn-in phun, gắp chai, bốc xếp thành phẩm bia chai",KCS,[17] KCS - Phòng Kiểm soát Chất lượng,ParsedFromFolder,High,,,,,,
"data/[17] KCS - Phòng Kiểm soát Chất lượng/02. Quy chế – Quy định – Quy trình – Hướng dẫn/1.16.3.2025.QT-KCS-Quy trình kiểm tra chất lượng-in phun, dán hộp.24-03-2025.docx",[17] Phòng Kiểm Soát Chất Lượng - KCS,"1.16.3.2025.QT-KCS-Quy trình kiểm tra chất lượng-in phun, dán hộp.24-03-2025.docx","1.16.3.2025.QT-KCS-Quy trình kiểm tra chất lượng-in phun, dán hộp.24-03-2025.docx",,,2025-03-24,,,Hiệu lực,,"Quy trình kiểm tra chất lượng-in phun, dán hộp",,,,Quy chế – Quy định – Quy trình – Hướng dẫn,Khác,Quy trình,"kiểm tra chất lượng-in phun, dán hộp",KCS,[17] KCS - Phòng Kiểm soát Chất lượng,ParsedFromFolder,High,,,,,,
"data/[17] KCS - Phòng Kiểm soát Chất lượng/02. Quy chế – Quy định – Quy trình – Hướng dẫn/1.16.3.2025.QT-KCS-Quy trình kiểm tra chất lượng-in phun, dán hộp.24-03-2025.pdf",[17] Phòng Kiểm Soát Chất Lượng - KCS,"1.16.3.2025.QT-KCS-Quy trình kiểm tra chất lượng-in phun, dán hộp.24-03-2025.pdf","1.16.3.2025.QT-KCS-Quy trình kiểm tra chất lượng-in phun, dán hộp.24-03-2025.pdf",,,2025-03-24,,,Hiệu lực,,"Quy trình kiểm tra chất lượng-in phun, dán hộp",,,,Quy chế – Quy định – Quy trình – Hướng dẫn,Khác,Quy trình,"kiểm tra chất lượng-in phun, dán hộp",KCS,[17] KCS - Phòng Kiểm soát Chất lượng,ParsedFromFolder,High,,,,,,
"data/[17] KCS - Phòng Kiểm soát Chất lượng/02. Quy chế – Quy định – Quy trình – Hướng dẫn/1.17.1.2025.QT-KCS-Quy trình lưu-xuất kho, nhận lại sản phẩm bia hơi, bia tươi.24-03-2025.docx",[17] Phòng Kiểm Soát Chất Lượng - KCS,"1.17.1.2025.QT-KCS-Quy trình lưu-xuất kho, nhận lại sản phẩm bia hơi, bia tươi.24-03-2025.docx","1.17.1.2025.QT-KCS-Quy trình lưu-xuất kho, nhận lại sản phẩm bia hơi, bia tươi.24-03-2025.docx",,,2025-03-24,,,Hiệu lực,,"Quy trình lưu-xuất kho, nhận lại sản phẩm bia hơi, bia tươi",,,,Quy chế – Quy định – Quy trình – Hướng dẫn,Khác,Quy trình,"lưu-xuất kho, nhận lại sản phẩm bia hơi, bia tươi",KCS,[17] KCS - Phòng Kiểm soát Chất lượng,ParsedFromFolder,High,,,,,,
"data/[17] KCS - Phòng Kiểm soát Chất lượng/02. Quy chế – Quy định – Quy trình – Hướng dẫn/1.17.1.2025.QT-KCS-Quy trình lưu-xuất kho, nhận lại sản phẩm bia hơi, bia tươi.24-03-2025.pdf",[17] Phòng Kiểm Soát Chất Lượng - KCS,"1.17.1.2025.QT-KCS-Quy trình lưu-xuất kho, nhận lại sản phẩm bia hơi, bia tươi.24-03-2025.pdf","1.17.1.2025.QT-KCS-Quy trình lưu-xuất kho, nhận lại sản phẩm bia hơi, bia tươi.24-03-2025.pdf",,,2025-03-24,,,Hiệu lực,,"Quy trình lưu-xuất kho, nhận lại sản phẩm bia hơi, bia tươi",,,,Quy chế – Quy định – Quy trình – Hướng dẫn,Khác,Quy trình,"lưu-xuất kho, nhận lại sản phẩm bia hơi, bia tươi",KCS,[17] KCS - Phòng Kiểm soát Chất lượng,ParsedFromFolder,High,,,,,,
"data/[17] KCS - Phòng Kiểm soát Chất lượng/02. Quy chế – Quy định – Quy trình – Hướng dẫn/1.17.2.2025.QT-KCS-Quy trình nhập lưu-xuất kho sản phẩm bia lon, bia chai.20-05-2025.docx",[17] Phòng Kiểm Soát Chất Lượng - KCS,"1.17.2.2025.QT-KCS-Quy trình nhập lưu-xuất kho sản phẩm bia lon, bia chai.20-05-2025.docx","1.17.2.2025.QT-KCS-Quy trình nhập lưu-xuất kho sản phẩm bia lon, bia chai.20-05-2025.docx",,,2025-05-20,,,Hiệu lực,,"Quy trình nhập lưu-xuất kho sản phẩm bia lon, bia chai",,,,Quy chế – Quy định – Quy trình – Hướng dẫn,Khác,Quy trình,"nhập lưu-xuất kho sản phẩm bia lon, bia chai",KCS,[17] KCS - Phòng Kiểm soát Chất lượng,ParsedFromFolder,High,,,,,,
"data/[17] KCS - Phòng Kiểm soát Chất lượng/02. Quy chế – Quy định – Quy trình – Hướng dẫn/1.17.2.2025.QT-KCS-Quy trình nhập lưu-xuất kho sản phẩm bia lon, bia chai.20-05-2025.pdf",[17] Phòng Kiểm Soát Chất Lượng - KCS,"1.17.2.2025.QT-KCS-Quy trình nhập lưu-xuất kho sản phẩm bia lon, bia chai.20-05-2025.pdf","1.17.2.2025.QT-KCS-Quy trình nhập lưu-xuất kho sản phẩm bia lon, bia chai.20-05-2025.pdf",,,2025-05-20,,,Hiệu lực,,"Quy trình nhập lưu-xuất kho sản phẩm bia lon, bia chai",,,,Quy chế – Quy định – Quy trình – Hướng dẫn,Khác,Quy trình,"nhập lưu-xuất kho sản phẩm bia lon, bia chai",KCS,[17] KCS - Phòng Kiểm soát Chất lượng,ParsedFromFolder,High,,,,,,
data/[17] KCS - Phòng Kiểm soát Chất lượng/02. Quy chế – Quy định – Quy trình – Hướng dẫn/1.17.2.2025.QT-KCS-Quy trình rửa chai.08-05-2025.docx,[17] Phòng Kiểm Soát Chất Lượng - KCS,1.17.2.2025.QT-KCS-Quy trình rửa chai.08-05-2025.docx,1.17.2.2025.QT-KCS-Quy trình rửa chai.08-05-2025.docx,,,2025-05-08,,,Hiệu lực,,Quy trình rửa chai,,,,Quy chế – Quy định – Quy trình – Hướng dẫn,Khác,Quy trình,rửa chai,KCS,[17] KCS - Phòng Kiểm soát Chất lượng,ParsedFromFolder,High,,,,,,
"data/[17] KCS - Phòng Kiểm soát Chất lượng/02. Quy chế – Quy định – Quy trình – Hướng dẫn/1.2.2025.QT-KCS-Bảo quản nguyên liệu, phụ liệu, vật liệu, bao bì, hóa chất.16-09-2025.docx",[17] Phòng Kiểm Soát Chất Lượng - KCS,"1.2.2025.QT-KCS-Bảo quản nguyên liệu, phụ liệu, vật liệu, bao bì, hóa chất.16-09-2025.docx","1.2.2025.QT-KCS-Bảo quản nguyên liệu, phụ liệu, vật liệu, bao bì, hóa chất.16-09-2025.docx",,,2025-09-16,,,Hiệu lực,,"Bảo quản nguyên liệu, phụ liệu, vật liệu, bao bì, hóa chất",,,,Quy chế – Quy định – Quy trình – Hướng dẫn,Khác,,"Bảo quản nguyên liệu, phụ liệu, vật liệu, bao bì, hóa chất",KCS,[17] KCS - Phòng Kiểm soát Chất lượng,ParsedFromFolder,High,,,,,,
"data/[17] KCS - Phòng Kiểm soát Chất lượng/02. Quy chế – Quy định – Quy trình – Hướng dẫn/1.2.2025.QT-KCS-Bảo quản nguyên liệu, phụ liệu, vật liệu, bao bì, hóa chất.16-09-2025.pdf",[17] Phòng Kiểm Soát Chất Lượng - KCS,"1.2.2025.QT-KCS-Bảo quản nguyên liệu, phụ liệu, vật liệu, bao bì, hóa chất.16-09-2025.pdf","1.2.2025.QT-KCS-Bảo quản nguyên liệu, phụ liệu, vật liệu, bao bì, hóa chất.16-09-2025.pdf",,,2025-09-16,,,Hiệu lực,,"Bảo quản nguyên liệu, phụ liệu, vật liệu, bao bì, hóa chất",,,,Quy chế – Quy định – Quy trình – Hướng dẫn,Khác,,"Bảo quản nguyên liệu, phụ liệu, vật liệu, bao bì, hóa chất",KCS,[17] KCS - Phòng Kiểm soát Chất lượng,ParsedFromFolder,High,,,,,,
data/[17] KCS - Phòng Kiểm soát Chất lượng/02. Quy chế – Quy định – Quy trình – Hướng dẫn/1.2.2025.QT-KCS-Quy trình vệ sinh nguồn nước-Đông Mai.09-04-2025.docx,[17] Phòng Kiểm Soát Chất Lượng - KCS,1.2.2025.QT-KCS-Quy trình vệ sinh nguồn nước-Đông Mai.09-04-2025.docx,1.2.2025.QT-KCS-Quy trình vệ sinh nguồn nước-Đông Mai.09-04-2025.docx,,,2025-04-09,,,Hiệu lực,,Quy trình vệ sinh nguồn nước-Đông Mai,,,,Quy chế – Quy định – Quy trình – Hướng dẫn,Khác,Quy trình,vệ sinh nguồn nước-Đông Mai,KCS,[17] KCS - Phòng Kiểm soát Chất lượng,ParsedFromFolder,High,,,,,,
data/[17] KCS - Phòng Kiểm soát Chất lượng/02. Quy chế – Quy định – Quy trình – Hướng dẫn/1.2.2025.QT-KCS-Quy trình vệ sinh nguồn nước-Đông Mai.09-04-2025.pdf,[17] Phòng Kiểm Soát Chất Lượng - KCS,1.2.2025.QT-KCS-Quy trình vệ sinh nguồn nước-Đông Mai.09-04-2025.pdf,1.2.2025.QT-KCS-Quy trình vệ sinh nguồn nước-Đông Mai.09-04-2025.pdf,,,2025-04-09,,,Hiệu lực,,Quy trình vệ sinh nguồn nước-Đông Mai,,,,Quy chế – Quy định – Quy trình – Hướng dẫn,Khác,Quy trình,vệ sinh nguồn nước-Đông Mai,KCS,[17] KCS - Phòng Kiểm soát Chất lượng,ParsedFromFolder,High,,,,,,
data/[17] KCS - Phòng Kiểm soát Chất lượng/02. Quy chế – Quy định – Quy trình – Hướng dẫn/1.2025.ST-ISO-Sổ tay chất lượng và an toàn thực phẩm.16-09-2025.docx,[17] Phòng Kiểm Soát Chất Lượng - KCS,1.2025.ST-ISO-Sổ tay chất lượng và an toàn thực phẩm.16-09-2025.docx,1.2025.ST-ISO-Sổ tay chất lượng và an toàn thực phẩm.16-09-2025.docx,1,2025,2025-09-16,,,Hiệu lực,,Sổ tay chất lượng và an toàn thực phẩm,,,,Quy chế – Quy định – Quy trình – Hướng dẫn,Khác,,Sổ tay chất lượng và an toàn thực phẩm,ISO,[17] KCS - Phòng Kiểm soát Chất lượng,ParsedFromFolder,High,,,,,,
data/[17] KCS - Phòng Kiểm soát Chất lượng/02. Quy chế – Quy định – Quy trình – Hướng dẫn/1.2025.ST-ISO-Sổ tay chất lượng và an toàn thực phẩm.16-09-2025.pdf,[17] Phòng Kiểm Soát Chất Lượng - KCS,1.2025.ST-ISO-Sổ tay chất lượng và an toàn thực phẩm.16-09-2025.pdf,1.2025.ST-ISO-Sổ tay chất lượng và an toàn thực phẩm.16-09-2025.pdf,1,2025,2025-09-16,,,Hiệu lực,,Sổ tay chất lượng và an toàn thực phẩm,,,,Quy chế – Quy định – Quy trình – Hướng dẫn,Khác,,Sổ tay chất lượng và an toàn thực phẩm,ISO,[17] KCS - Phòng Kiểm soát Chất lượng,ParsedFromFolder,High,,,,,,
data/[17] KCS - Phòng Kiểm soát Chất lượng/02. Quy chế – Quy định – Quy trình – Hướng dẫn/1.4.1.2.2025.QT-KCS-Quy trình xay gạo-Đông Mai.17-04-2025.docx,[17] Phòng Kiểm Soát Chất Lượng - KCS,1.4.1.2.2025.QT-KCS-Quy trình xay gạo-Đông Mai.17-04-2025.docx,1.4.1.2.2025.QT-KCS-Quy trình xay gạo-Đông Mai.17-04-2025.docx,,,2025-04-17,,,Hiệu lực,,Quy trình xay gạo-Đông Mai,,,,Quy chế – Quy định – Quy trình – Hướng dẫn,Khác,Quy trình,xay gạo-Đông Mai,KCS,[17] KCS - Phòng Kiểm soát Chất lượng,ParsedFromFolder,High,,,,,,
data/[17] KCS - Phòng Kiểm soát Chất lượng/02. Quy chế – Quy định – Quy trình – Hướng dẫn/1.4.1.2.2025.QT-KCS-Quy trình xay gạo-Đông Mai.17-04-2025.pdf,[17] Phòng Kiểm Soát Chất Lượng - KCS,1.4.1.2.2025.QT-KCS-Quy trình xay gạo-Đông Mai.17-04-2025.pdf,1.4.1.2.2025.QT-KCS-Quy trình xay gạo-Đông Mai.17-04-2025.pdf,,,2025-04-17,,,Hiệu lực,,Quy trình xay gạo-Đông Mai,,,,Quy chế – Quy định – Quy trình – Hướng dẫn,Khác,Quy trình,xay gạo-Đông Mai,KCS,[17] KCS - Phòng Kiểm soát Chất lượng,ParsedFromFolder,High,,,,,,
data/[17] KCS - Phòng Kiểm soát Chất lượng/02. Quy chế – Quy định – Quy trình – Hướng dẫn/1.4.2.1.2025.QT-KCS-Quy trình nghiền malt-Hạ Long.09-04-2025.docx,[17] Phòng Kiểm Soát Chất Lượng - KCS,1.4.2.1.2025.QT-KCS-Quy trình nghiền malt-Hạ Long.09-04-2025.docx,1.4.2.1.2025.QT-KCS-Quy trình nghiền malt-Hạ Long.09-04-2025.docx,,,2025-04-09,,,Hiệu lực,,Quy trình nghiền malt-Hạ Long,,,,Quy chế – Quy định – Quy trình – Hướng dẫn,Khác,Quy trình,nghiền malt-Hạ Long,KCS,[17] KCS - Phòng Kiểm soát Chất lượng,ParsedFromFolder,High,,,,,,
data/[17] KCS - Phòng Kiểm soát Chất lượng/02. Quy chế – Quy định – Quy trình – Hướng dẫn/1.4.2.1.2025.QT-KCS-Quy trình nghiền malt-Hạ Long.09-04-2025.pdf,[17] Phòng Kiểm Soát Chất Lượng - KCS,1.4.2.1.2025.QT-KCS-Quy trình nghiền malt-Hạ Long.09-04-2025.pdf,1.4.2.1.2025.QT-KCS-Quy trình nghiền malt-Hạ Long.09-04-2025.pdf,,,2025-04-09,,,Hiệu lực,,Quy trình nghiền malt-Hạ Long,,,,Quy chế – Quy định – Quy trình – Hướng dẫn,Khác,Quy trình,nghiền malt-Hạ Long,KCS,[17] KCS - Phòng Kiểm soát Chất lượng,ParsedFromFolder,High,,,,,,
data/[17] KCS - Phòng Kiểm soát Chất lượng/02. Quy chế – Quy định – Quy trình – Hướng dẫn/1.6.1.2025.QT-KCS-Quy trình đường hóa-Hạ Long.09-04-2025.docx,[17] Phòng Kiểm Soát Chất Lượng - KCS,1.6.1.2025.QT-KCS-Quy trình đường hóa-Hạ Long.09-04-2025.docx,1.6.1.2025.QT-KCS-Quy trình đường hóa-Hạ Long.09-04-2025.docx,,,2025-04-09,,,Hiệu lực,,Quy trình đường hóa-Hạ Long,,,,Quy chế – Quy định – Quy trình – Hướng dẫn,Khác,Quy trình,đường hóa-Hạ Long,KCS,[17] KCS - Phòng Kiểm soát Chất lượng,ParsedFromFolder,High,,,,,,
data/[17] KCS - Phòng Kiểm soát Chất lượng/02. Quy chế – Quy định – Quy trình – Hướng dẫn/1.6.2.2025.QT-KCS-Quy trình đường hóa-Đông Mai.18-04-2025.docx,[17] Phòng Kiểm Soát Chất Lượng - KCS,1.6.2.2025.QT-KCS-Quy trình đường hóa-Đông Mai.18-04-2025.docx,1.6.2.2025.QT-KCS-Quy trình đường hóa-Đông Mai.18-04-2025.docx,,,2025-04-18,,,Hiệu lực,,Quy trình đường hóa-Đông Mai,,,,Quy chế – Quy định – Quy trình – Hướng dẫn,Khác,Quy trình,đường hóa-Đông Mai,KCS,[17] KCS - Phòng Kiểm soát Chất lượng,ParsedFromFolder,High,,,,,,
data/[17] KCS - Phòng Kiểm soát Chất lượng/02. Quy chế – Quy định – Quy trình – Hướng dẫn/1.6.2.2025.QT-KCS-Quy trình đường hóa-Đông Mai.18-04-2025.pdf,[17] Phòng Kiểm Soát Chất Lượng - KCS,1.6.2.2025.QT-KCS-Quy trình đường hóa-Đông Mai.18-04-2025.pdf,1.6.2.2025.QT-KCS-Quy trình đường hóa-Đông Mai.18-04-2025.pdf,,,2025-04-18,,,Hiệu lực,,Quy trình đường hóa-Đông Mai,,,,Quy chế – Quy định – Quy trình – Hướng dẫn,Khác,Quy trình,đường hóa-Đông Mai,KCS,[17] KCS - Phòng Kiểm soát Chất lượng,ParsedFromFolder,High,,,,,,
data/[17] KCS - Phòng Kiểm soát Chất lượng/02. Quy chế – Quy định – Quy trình – Hướng dẫn/1.7.1.2025.QT-KCS-Quy trình lọc dịch hèm-Hạ Long.19-04-2025.docx,[17] Phòng Kiểm Soát Chất Lượng - KCS,1.7.1.2025.QT-KCS-Quy trình lọc dịch hèm-Hạ Long.19-04-2025.docx,1.7.1.2025.QT-KCS-Quy trình lọc dịch hèm-Hạ Long.19-04-2025.docx,,,2025-04-19,,,Hiệu lực,,Quy trình lọc dịch hèm-Hạ Long,,,,Quy chế – Quy định – Quy trình – Hướng dẫn,Khác,Quy trình,lọc dịch hèm-Hạ Long,KCS,[17] KCS - Phòng Kiểm soát Chất lượng,ParsedFromFolder,High,,,,,,
data/[17] KCS - Phòng Kiểm soát Chất lượng/02. Quy chế – Quy định – Quy trình – Hướng dẫn/1.7.1.2025.QT-KCS-Quy trình lọc dịch hèm-Hạ Long.19-04-2025.pdf,[17] Phòng Kiểm Soát Chất Lượng - KCS,1.7.1.2025.QT-KCS-Quy trình lọc dịch hèm-Hạ Long.19-04-2025.pdf,1.7.1.2025.QT-KCS-Quy trình lọc dịch hèm-Hạ Long.19-04-2025.pdf,,,2025-04-19,,,Hiệu lực,,Quy trình lọc dịch hèm-Hạ Long,,,,Quy chế – Quy định – Quy trình – Hướng dẫn,Khác,Quy trình,lọc dịch hèm-Hạ Long,KCS,[17] KCS - Phòng Kiểm soát Chất lượng,ParsedFromFolder,High,,,,,,
data/[17] KCS - Phòng Kiểm soát Chất lượng/02. Quy chế – Quy định – Quy trình – Hướng dẫn/1.7.2.2025.QT-KCS-Quy trình lọc dịch hèm-Đông Mai.08-05-2025.docx,[17] Phòng Kiểm Soát Chất Lượng - KCS,1.7.2.2025.QT-KCS-Quy trình lọc dịch hèm-Đông Mai.08-05-2025.docx,1.7.2.2025.QT-KCS-Quy trình lọc dịch hèm-Đông Mai.08-05-2025.docx,,,2025-05-08,,,Hiệu lực,,Quy trình lọc dịch hèm-Đông Mai,,,,Quy chế – Quy định – Quy trình – Hướng dẫn,Khác,Quy trình,lọc dịch hèm-Đông Mai,KCS,[17] KCS - Phòng Kiểm soát Chất lượng,ParsedFromFolder,High,,,,,,
data/[17] KCS - Phòng Kiểm soát Chất lượng/02. Quy chế – Quy định – Quy trình – Hướng dẫn/1.7.2.2025.QT-KCS-Quy trình lọc dịch hèm-Đông Mai.08-05-2025.pdf,[17] Phòng Kiểm Soát Chất Lượng - KCS,1.7.2.2025.QT-KCS-Quy trình lọc dịch hèm-Đông Mai.08-05-2025.pdf,1.7.2.2025.QT-KCS-Quy trình lọc dịch hèm-Đông Mai.08-05-2025.pdf,,,2025-05-08,,,Hiệu lực,,Quy trình lọc dịch hèm-Đông Mai,,,,Quy chế – Quy định – Quy trình – Hướng dẫn,Khác,Quy trình,lọc dịch hèm-Đông Mai,KCS,[17] KCS - Phòng Kiểm soát Chất lượng,ParsedFromFolder,High,,,,,,
data/[17] KCS - Phòng Kiểm soát Chất lượng/02. Quy chế – Quy định – Quy trình – Hướng dẫn/1.9.1.2025.QT-KCS-Quy trình lắng nóng.18-04-2025.docx,[17] Phòng Kiểm Soát Chất Lượng - KCS,1.9.1.2025.QT-KCS-Quy trình lắng nóng.18-04-2025.docx,1.9.1.2025.QT-KCS-Quy trình lắng nóng.18-04-2025.docx,,,2025-04-18,,,Hiệu lực,,Quy trình lắng nóng,,,,Quy chế – Quy định – Quy trình – Hướng dẫn,Khác,Quy trình,lắng nóng,KCS,[17] KCS - Phòng Kiểm soát Chất lượng,ParsedFromFolder,High,,,,,,
data/[17] KCS - Phòng Kiểm soát Chất lượng/02. Quy chế – Quy định – Quy trình – Hướng dẫn/1.9.1.2025.QT-KCS-Quy trình lắng nóng.18-04-2025.pdf,[17] Phòng Kiểm Soát Chất Lượng - KCS,1.9.1.2025.QT-KCS-Quy trình lắng nóng.18-04-2025.pdf,1.9.1.2025.QT-KCS-Quy trình lắng nóng.18-04-2025.pdf,,,2025-04-18,,,Hiệu lực,,Quy trình lắng nóng,,,,Quy chế – Quy định – Quy trình – Hướng dẫn,Khác,Quy trình,lắng nóng,KCS,[17] KCS - Phòng Kiểm soát Chất lượng,ParsedFromFolder,High,,,,,,
data/[17] KCS - Phòng Kiểm soát Chất lượng/02. Quy chế – Quy định – Quy trình – Hướng dẫn/1.9.2.2025.QT-KCS-Quy trình lắng nóng-Đông Mai.17-04-2025.docx,[17] Phòng Kiểm Soát Chất Lượng - KCS,1.9.2.2025.QT-KCS-Quy trình lắng nóng-Đông Mai.17-04-2025.docx,1.9.2.2025.QT-KCS-Quy trình lắng nóng-Đông Mai.17-04-2025.docx,,,2025-04-17,,,Hiệu lực,,Quy trình lắng nóng-Đông Mai,,,,Quy chế – Quy định – Quy trình – Hướng dẫn,Khác,Quy trình,lắng nóng-Đông Mai,KCS,[17] KCS - Phòng Kiểm soát Chất lượng,ParsedFromFolder,High,,,,,,
data/[17] KCS - Phòng Kiểm soát Chất lượng/02. Quy chế – Quy định – Quy trình – Hướng dẫn/1.9.2.2025.QT-KCS-Quy trình lắng nóng-Đông Mai.17-04-2025.pdf,[17] Phòng Kiểm Soát Chất Lượng - KCS,1.9.2.2025.QT-KCS-Quy trình lắng nóng-Đông Mai.17-04-2025.pdf,1.9.2.2025.QT-KCS-Quy trình lắng nóng-Đông Mai.17-04-2025.pdf,,,2025-04-17,,,Hiệu lực,,Quy trình lắng nóng-Đông Mai,,,,Quy chế – Quy định – Quy trình – Hướng dẫn,Khác,Quy trình,lắng nóng-Đông Mai,KCS,[17] KCS - Phòng Kiểm soát Chất lượng,ParsedFromFolder,High,,,,,,
data/[17] KCS - Phòng Kiểm soát Chất lượng/02. Quy chế – Quy định – Quy trình – Hướng dẫn/16.1.2025.QT-KCS-Quy trình đường hóa-Hạ Long.09-04-2025.pdf,[17] Phòng Kiểm Soát Chất Lượng - KCS,16.1.2025.QT-KCS-Quy trình đường hóa-Hạ Long.09-04-2025.pdf,16.1.2025.QT-KCS-Quy trình đường hóa-Hạ Long.09-04-2025.pdf,,,2025-04-09,,,Hiệu lực,,Quy trình đường hóa-Hạ Long,,,,Quy chế – Quy định – Quy trình – Hướng dẫn,Khác,Quy trình,đường hóa-Hạ Long,KCS,[17] KCS - Phòng Kiểm soát Chất lượng,ParsedFromFolder,High,,,,,,
data/[17] KCS - Phòng Kiểm soát Chất lượng/02. Quy chế – Quy định – Quy trình – Hướng dẫn/2.1.1.2025.QT-KCS-Quy trình vệ sinh tank lên men-Hạ Long.08-05-2025.docx,[17] Phòng Kiểm Soát Chất Lượng - KCS,2.1.1.2025.QT-KCS-Quy trình vệ sinh tank lên men-Hạ Long.08-05-2025.docx,2.1.1.2025.QT-KCS-Quy trình vệ sinh tank lên men-Hạ Long.08-05-2025.docx,,,2025-05-08,,,Hiệu lực,,Quy trình vệ sinh tank lên men-Hạ Long,,,,Quy chế – Quy định – Quy trình – Hướng dẫn,Khác,Quy trình,vệ sinh tank lên men-Hạ Long,KCS,[17] KCS - Phòng Kiểm soát Chất lượng,ParsedFromFolder,High,,,,,,
data/[17] KCS - Phòng Kiểm soát Chất lượng/02. Quy chế – Quy định – Quy trình – Hướng dẫn/2.1.1.2025.QT-KCS-Quy trình vệ sinh tank lên men-Hạ Long.08-05-2025.pdf,[17] Phòng Kiểm Soát Chất Lượng - KCS,2.1.1.2025.QT-KCS-Quy trình vệ sinh tank lên men-Hạ Long.08-05-2025.pdf,2.1.1.2025.QT-KCS-Quy trình vệ sinh tank lên men-Hạ Long.08-05-2025.pdf,,,2025-05-08,,,Hiệu lực,,Quy trình vệ sinh tank lên men-Hạ Long,,,,Quy chế – Quy định – Quy trình – Hướng dẫn,Khác,Quy trình,vệ sinh tank lên men-Hạ Long,KCS,[17] KCS - Phòng Kiểm soát Chất lượng,ParsedFromFolder,High,,,,,,
data/[17] KCS - Phòng Kiểm soát Chất lượng/02. Quy chế – Quy định – Quy trình – Hướng dẫn/2.1.2.2025.QT-KCS-Quy trình vệ sinh tank lên men-Đông Mai.28-03-2025.docx,[17] Phòng Kiểm Soát Chất Lượng - KCS,2.1.2.2025.QT-KCS-Quy trình vệ sinh tank lên men-Đông Mai.28-03-2025.docx,2.1.2.2025.QT-KCS-Quy trình vệ sinh tank lên men-Đông Mai.28-03-2025.docx,,,2025-03-28,,,Hiệu lực,,Quy trình vệ sinh tank lên men-Đông Mai,,,,Quy chế – Quy định – Quy trình – Hướng dẫn,Khác,Quy trình,vệ sinh tank lên men-Đông Mai,KCS,[17] KCS - Phòng Kiểm soát Chất lượng,ParsedFromFolder,High,,,,,,
data/[17] KCS - Phòng Kiểm soát Chất lượng/02. Quy chế – Quy định – Quy trình – Hướng dẫn/2.1.2.2025.QT-KCS-Quy trình vệ sinh tank lên men-Đông Mai.28-03-2025.pdf,[17] Phòng Kiểm Soát Chất Lượng - KCS,2.1.2.2025.QT-KCS-Quy trình vệ sinh tank lên men-Đông Mai.28-03-2025.pdf,2.1.2.2025.QT-KCS-Quy trình vệ sinh tank lên men-Đông Mai.28-03-2025.pdf,,,2025-03-28,,,Hiệu lực,,Quy trình vệ sinh tank lên men-Đông Mai,,,,Quy chế – Quy định – Quy trình – Hướng dẫn,Khác,Quy trình,vệ sinh tank lên men-Đông Mai,KCS,[17] KCS - Phòng Kiểm soát Chất lượng,ParsedFromFolder,High,,,,,,
data/[17] KCS - Phòng Kiểm soát Chất lượng/02. Quy chế – Quy định – Quy trình – Hướng dẫn/2.1.2025.QT-KCS-Quy trình vệ sinh các bề mặt tiếp xúc với sản phẩm-Hạ Long.24-03-2025.docx,[17] Phòng Kiểm Soát Chất Lượng - KCS,2.1.2025.QT-KCS-Quy trình vệ sinh các bề mặt tiếp xúc với sản phẩm-Hạ Long.24-03-2025.docx,2.1.2025.QT-KCS-Quy trình vệ sinh các bề mặt tiếp xúc với sản phẩm-Hạ Long.24-03-2025.docx,,,2025-03-24,,,Hiệu lực,,Quy trình vệ sinh các bề mặt tiếp xúc với sản phẩm-Hạ Long,,,,Quy chế – Quy định – Quy trình – Hướng dẫn,Khác,Quy trình,vệ sinh các bề mặt tiếp xúc với sản phẩm-Hạ Long,KCS,[17] KCS - Phòng Kiểm soát Chất lượng,ParsedFromFolder,High,,,,,,
data/[17] KCS - Phòng Kiểm soát Chất lượng/02. Quy chế – Quy định – Quy trình – Hướng dẫn/2.1.2025.QT-KCS-Quy trình vệ sinh các bề mặt tiếp xúc với sản phẩm-Hạ Long.24-03-2025.pdf,[17] Phòng Kiểm Soát Chất Lượng - KCS,2.1.2025.QT-KCS-Quy trình vệ sinh các bề mặt tiếp xúc với sản phẩm-Hạ Long.24-03-2025.pdf,2.1.2025.QT-KCS-Quy trình vệ sinh các bề mặt tiếp xúc với sản phẩm-Hạ Long.24-03-2025.pdf,,,2025-03-24,,,Hiệu lực,,Quy trình vệ sinh các bề mặt tiếp xúc với sản phẩm-Hạ Long,,,,Quy chế – Quy định – Quy trình – Hướng dẫn,Khác,Quy trình,vệ sinh các bề mặt tiếp xúc với sản phẩm-Hạ Long,KCS,[17] KCS - Phòng Kiểm soát Chất lượng,ParsedFromFolder,High,,,,,,
"data/[17] KCS - Phòng Kiểm soát Chất lượng/02. Quy chế – Quy định – Quy trình – Hướng dẫn/2.2.1.2025.QT-KCS-Quy trình vệ sinh tank thành phẩm, tank chứa nước, hóa chất khử trùng-Hạ Long.08-05-2025.pdf",[17] Phòng Kiểm Soát Chất Lượng - KCS,"2.2.1.2025.QT-KCS-Quy trình vệ sinh tank thành phẩm, tank chứa nước, hóa chất khử trùng-Hạ Long.08-05-2025.pdf","2.2.1.2025.QT-KCS-Quy trình vệ sinh tank thành phẩm, tank chứa nước, hóa chất khử trùng-Hạ Long.08-05-2025.pdf",,,2025-05-08,,,Hiệu lực,,"Quy trình vệ sinh tank thành phẩm, tank chứa nước, hóa chất khử trùng-Hạ Long",,,,Quy chế – Quy định – Quy trình – Hướng dẫn,Khác,Quy trình,"vệ sinh tank thành phẩm, tank chứa nước, hóa chất khử trùng-Hạ Long",KCS,[17] KCS - Phòng Kiểm soát Chất lượng,ParsedFromFolder,High,,,,,,
data/[17] KCS - Phòng Kiểm soát Chất lượng/02. Quy chế – Quy định – Quy trình – Hướng dẫn/2.2.2025.QT-KCS-Quy trình vệ sinh các bề mặt tiếp xúc với sản phẩm-Đông Mai.29-03-2025.pdf,[17] Phòng Kiểm Soát Chất Lượng - KCS,2.2.2025.QT-KCS-Quy trình vệ sinh các bề mặt tiếp xúc với sản phẩm-Đông Mai.29-03-2025.pdf,2.2.2025.QT-KCS-Quy trình vệ sinh các bề mặt tiếp xúc với sản phẩm-Đông Mai.29-03-2025.pdf,,,2025-03-29,,,Hiệu lực,,Quy trình vệ sinh các bề mặt tiếp xúc với sản phẩm-Đông Mai,,,,Quy chế – Quy định – Quy trình – Hướng dẫn,Khác,Quy trình,vệ sinh các bề mặt tiếp xúc với sản phẩm-Đông Mai,KCS,[17] KCS - Phòng Kiểm soát Chất lượng,ParsedFromFolder,High,,,,,,
data/[17] KCS - Phòng Kiểm soát Chất lượng/02. Quy chế – Quy định – Quy trình – Hướng dẫn/2.2025.QyĐ-KCS-Quy định kiểm tra xử lý hàng lỗi thu từ thị trường về.26-09-2025.docx,[17] Phòng Kiểm Soát Chất Lượng - KCS,2.2025.QyĐ-KCS-Quy định kiểm tra xử lý hàng lỗi thu từ thị trường về.26-09-2025.docx,2.2025.QyĐ-KCS-Quy định kiểm tra xử lý hàng lỗi thu từ thị trường về.26-09-2025.docx,2,2025,2025-09-26,,,Hiệu lực,,Quy định kiểm tra xử lý hàng lỗi thu từ thị trường về,,,,Quy chế – Quy định – Quy trình – Hướng dẫn,Khác,Quy định,kiểm tra xử lý hàng lỗi thu từ thị trường về,KCS,[17] KCS - Phòng Kiểm soát Chất lượng,ParsedFromFolder,High,,,,,,
data/[17] KCS - Phòng Kiểm soát Chất lượng/02. Quy chế – Quy định – Quy trình – Hướng dẫn/2.2025.QyĐ-KCS-Quy định kiểm tra xử lý hàng lỗi thu từ thị trường về.26-09-2025.pdf,[17] Phòng Kiểm Soát Chất Lượng - KCS,2.2025.QyĐ-KCS-Quy định kiểm tra xử lý hàng lỗi thu từ thị trường về.26-09-2025.pdf,2.2025.QyĐ-KCS-Quy định kiểm tra xử lý hàng lỗi thu từ thị trường về.26-09-2025.pdf,2,2025,2025-09-26,,,Hiệu lực,,Quy định kiểm tra xử lý hàng lỗi thu từ thị trường về,,,,Quy chế – Quy định – Quy trình – Hướng dẫn,Khác,Quy định,kiểm tra xử lý hàng lỗi thu từ thị trường về,KCS,[17] KCS - Phòng Kiểm soát Chất lượng,ParsedFromFolder,High,,,,,,
"data/[17] KCS - Phòng Kiểm soát Chất lượng/02. Quy chế – Quy định – Quy trình – Hướng dẫn/2.2025.TC-KCS-Tiêu chuẩn nguyên liệu, phụ liệu, vật liệu, bao bì, hóa chất.16-09-2025.docx",[17] Phòng Kiểm Soát Chất Lượng - KCS,"2.2025.TC-KCS-Tiêu chuẩn nguyên liệu, phụ liệu, vật liệu, bao bì, hóa chất.16-09-2025.docx","2.2025.TC-KCS-Tiêu chuẩn nguyên liệu, phụ liệu, vật liệu, bao bì, hóa chất.16-09-2025.docx",2,2025,2025-09-16,,,Hiệu lực,,"Tiêu chuẩn nguyên liệu, phụ liệu, vật liệu, bao bì, hóa chất",,,,Quy chế – Quy định – Quy trình – Hướng dẫn,Khác,,"Tiêu chuẩn nguyên liệu, phụ liệu, vật liệu, bao bì, hóa chất",KCS,[17] KCS - Phòng Kiểm soát Chất lượng,ParsedFromFolder,High,,,,,,
"data/[17] KCS - Phòng Kiểm soát Chất lượng/02. Quy chế – Quy định – Quy trình – Hướng dẫn/2.2025.TC-KCS-Tiêu chuẩn nguyên liệu, phụ liệu, vật liệu, bao bì, hóa chất.16-09-2025.pdf",[17] Phòng Kiểm Soát Chất Lượng - KCS,"2.2025.TC-KCS-Tiêu chuẩn nguyên liệu, phụ liệu, vật liệu, bao bì, hóa chất.16-09-2025.pdf","2.2025.TC-KCS-Tiêu chuẩn nguyên liệu, phụ liệu, vật liệu, bao bì, hóa chất.16-09-2025.pdf",2,2025,2025-09-16,,,Hiệu lực,,"Tiêu chuẩn nguyên liệu, phụ liệu, vật liệu, bao bì, hóa chất",,,,Quy chế – Quy định – Quy trình – Hướng dẫn,Khác,,"Tiêu chuẩn nguyên liệu, phụ liệu, vật liệu, bao bì, hóa chất",KCS,[17] KCS - Phòng Kiểm soát Chất lượng,ParsedFromFolder,High,,,,,,
data/[17] KCS - Phòng Kiểm soát Chất lượng/02. Quy chế – Quy định – Quy trình – Hướng dẫn/2.3.1.2025.QT-KCS-Quy trình vệ sinh đường ống thu-cấp men-Hạ Long.02-06-2019.docx,[17] Phòng Kiểm Soát Chất Lượng - KCS,2.3.1.2025.QT-KCS-Quy trình vệ sinh đường ống thu-cấp men-Hạ Long.02-06-2019.docx,2.3.1.2025.QT-KCS-Quy trình vệ sinh đường ống thu-cấp men-Hạ Long.02-06-2019.docx,,,2019-06-02,,,Hiệu lực,,Quy trình vệ sinh đường ống thu-cấp men-Hạ Long,,,,Quy chế – Quy định – Quy trình – Hướng dẫn,Khác,Quy trình,vệ sinh đường ống thu-cấp men-Hạ Long,KCS,[17] KCS - Phòng Kiểm soát Chất lượng,ParsedFromFolder,High,,,,,,
data/[17] KCS - Phòng Kiểm soát Chất lượng/02. Quy chế – Quy định – Quy trình – Hướng dẫn/2.3.1.2025.QT-KCS-Quy trình vệ sinh đường ống thu-cấp men-Hạ Long.18-04-2025.pdf,[17] Phòng Kiểm Soát Chất Lượng - KCS,2.3.1.2025.QT-KCS-Quy trình vệ sinh đường ống thu-cấp men-Hạ Long.18-04-2025.pdf,2.3.1.2025.QT-KCS-Quy trình vệ sinh đường ống thu-cấp men-Hạ Long.18-04-2025.pdf,,,2025-04-18,,,Hiệu lực,,Quy trình vệ sinh đường ống thu-cấp men-Hạ Long,,,,Quy chế – Quy định – Quy trình – Hướng dẫn,Khác,Quy trình,vệ sinh đường ống thu-cấp men-Hạ Long,KCS,[17] KCS - Phòng Kiểm soát Chất lượng,ParsedFromFolder,High,,,,,,
"data/[17] KCS - Phòng Kiểm soát Chất lượng/02. Quy chế – Quy định – Quy trình – Hướng dẫn/2.3.2.2025.QT-KCS-Quy trình vệ sinh Tank chứa men, đường ống thu, cấp men-Đông Mai.27-08-2025.docx",[17] Phòng Kiểm Soát Chất Lượng - KCS,"2.3.2.2025.QT-KCS-Quy trình vệ sinh Tank chứa men, đường ống thu, cấp men-Đông Mai.27-08-2025.docx","2.3.2.2025.QT-KCS-Quy trình vệ sinh Tank chứa men, đường ống thu, cấp men-Đông Mai.27-08-2025.docx",,,2025-08-27,,,Hiệu lực,,"Quy trình vệ sinh Tank chứa men, đường ống thu, cấp men-Đông Mai",,,,Quy chế – Quy định – Quy trình – Hướng dẫn,Khác,Quy trình,"vệ sinh Tank chứa men, đường ống thu, cấp men-Đông Mai",KCS,[17] KCS - Phòng Kiểm soát Chất lượng,ParsedFromFolder,High,,,,,,
"data/[17] KCS - Phòng Kiểm soát Chất lượng/02. Quy chế – Quy định – Quy trình – Hướng dẫn/2.3.2.2025.QT-KCS-Quy trình vệ sinh Tank chứa men, đường ống thu, cấp men-Đông Mai.27-08-2025.pdf",[17] Phòng Kiểm Soát Chất Lượng - KCS,"2.3.2.2025.QT-KCS-Quy trình vệ sinh Tank chứa men, đường ống thu, cấp men-Đông Mai.27-08-2025.pdf","2.3.2.2025.QT-KCS-Quy trình vệ sinh Tank chứa men, đường ống thu, cấp men-Đông Mai.27-08-2025.pdf",,,2025-08-27,,,Hiệu lực,,"Quy trình vệ sinh Tank chứa men, đường ống thu, cấp men-Đông Mai",,,,Quy chế – Quy định – Quy trình – Hướng dẫn,Khác,Quy trình,"vệ sinh Tank chứa men, đường ống thu, cấp men-Đông Mai",KCS,[17] KCS - Phòng Kiểm soát Chất lượng,ParsedFromFolder,High,,,,,,
data/[17] KCS - Phòng Kiểm soát Chất lượng/02. Quy chế – Quy định – Quy trình – Hướng dẫn/2.5.1.2025.QT-KCS-Quy trình vệ sinh đường ống dẫn bia đi lọc.26-03-2025.docx,[17] Phòng Kiểm Soát Chất Lượng - KCS,2.5.1.2025.QT-KCS-Quy trình vệ sinh đường ống dẫn bia đi lọc.26-03-2025.docx,2.5.1.2025.QT-KCS-Quy trình vệ sinh đường ống dẫn bia đi lọc.26-03-2025.docx,,,2025-03-26,,,Hiệu lực,,Quy trình vệ sinh đường ống dẫn bia đi lọc,,,,Quy chế – Quy định – Quy trình – Hướng dẫn,Khác,Quy trình,vệ sinh đường ống dẫn bia đi lọc,KCS,[17] KCS - Phòng Kiểm soát Chất lượng,ParsedFromFolder,High,,,,,,
data/[17] KCS - Phòng Kiểm soát Chất lượng/02. Quy chế – Quy định – Quy trình – Hướng dẫn/2.5.1.2025.QT-KCS-Quy trình vệ sinh đường ống dẫn bia đi lọc.26-03-2025.pdf,[17] Phòng Kiểm Soát Chất Lượng - KCS,2.5.1.2025.QT-KCS-Quy trình vệ sinh đường ống dẫn bia đi lọc.26-03-2025.pdf,2.5.1.2025.QT-KCS-Quy trình vệ sinh đường ống dẫn bia đi lọc.26-03-2025.pdf,,,2025-03-26,,,Hiệu lực,,Quy trình vệ sinh đường ống dẫn bia đi lọc,,,,Quy chế – Quy định – Quy trình – Hướng dẫn,Khác,Quy trình,vệ sinh đường ống dẫn bia đi lọc,KCS,[17] KCS - Phòng Kiểm soát Chất lượng,ParsedFromFolder,High,,,,,,
data/[17] KCS - Phòng Kiểm soát Chất lượng/02. Quy chế – Quy định – Quy trình – Hướng dẫn/2.6.1.2025.QT-KCS-Quy trình vệ sinh máy chiết 30 lít(máy Việt Nam)-Hạ Long.08-05-2025.docx,[17] Phòng Kiểm Soát Chất Lượng - KCS,2.6.1.2025.QT-KCS-Quy trình vệ sinh máy chiết 30 lít(máy Việt Nam)-Hạ Long.08-05-2025.docx,2.6.1.2025.QT-KCS-Quy trình vệ sinh máy chiết 30 lít(máy Việt Nam)-Hạ Long.08-05-2025.docx,,,2025-05-08,,,Hiệu lực,,Quy trình vệ sinh máy chiết 30 lít(máy Việt Nam)-Hạ Long,,,,Quy chế – Quy định – Quy trình – Hướng dẫn,Khác,Quy trình,vệ sinh máy chiết 30 lít(máy Việt Nam)-Hạ Long,KCS,[17] KCS - Phòng Kiểm soát Chất lượng,ParsedFromFolder,High,,,,,,
data/[17] KCS - Phòng Kiểm soát Chất lượng/02. Quy chế – Quy định – Quy trình – Hướng dẫn/2.6.1.2025.QT-KCS-Quy trình vệ sinh máy chiết 30 lít(máy Việt Nam)-Hạ Long.08-05-2025.pdf,[17] Phòng Kiểm Soát Chất Lượng - KCS,2.6.1.2025.QT-KCS-Quy trình vệ sinh máy chiết 30 lít(máy Việt Nam)-Hạ Long.08-05-2025.pdf,2.6.1.2025.QT-KCS-Quy trình vệ sinh máy chiết 30 lít(máy Việt Nam)-Hạ Long.08-05-2025.pdf,,,2025-05-08,,,Hiệu lực,,Quy trình vệ sinh máy chiết 30 lít(máy Việt Nam)-Hạ Long,,,,Quy chế – Quy định – Quy trình – Hướng dẫn,Khác,Quy trình,vệ sinh máy chiết 30 lít(máy Việt Nam)-Hạ Long,KCS,[17] KCS - Phòng Kiểm soát Chất lượng,ParsedFromFolder,High,,,,,,
"data/[17] KCS - Phòng Kiểm soát Chất lượng/02. Quy chế – Quy định – Quy trình – Hướng dẫn/2.6.2.2025.QT-KCS-Quy trình vệ sinh máy chiết chai, đường ống bia đi chiết.21-08-2025.pdf",[17] Phòng Kiểm Soát Chất Lượng - KCS,"2.6.2.2025.QT-KCS-Quy trình vệ sinh máy chiết chai, đường ống bia đi chiết.21-08-2025.pdf","2.6.2.2025.QT-KCS-Quy trình vệ sinh máy chiết chai, đường ống bia đi chiết.21-08-2025.pdf",,,2025-08-21,,,Hiệu lực,,"Quy trình vệ sinh máy chiết chai, đường ống bia đi chiết",,,,Quy chế – Quy định – Quy trình – Hướng dẫn,Khác,Quy trình,"vệ sinh máy chiết chai, đường ống bia đi chiết",KCS,[17] KCS - Phòng Kiểm soát Chất lượng,ParsedFromFolder,High,,,,,,
data/[17] KCS - Phòng Kiểm soát Chất lượng/02. Quy chế – Quy định – Quy trình – Hướng dẫn/2.6.8.2025.QT-KCS-Quy trình vệ sinh máy chiết keg 30 lít-KHS-Hạ Long.27-08-2025.pdf,[17] Phòng Kiểm Soát Chất Lượng - KCS,2.6.8.2025.QT-KCS-Quy trình vệ sinh máy chiết keg 30 lít-KHS-Hạ Long.27-08-2025.pdf,2.6.8.2025.QT-KCS-Quy trình vệ sinh máy chiết keg 30 lít-KHS-Hạ Long.27-08-2025.pdf,,,2025-08-27,,,Hiệu lực,,Quy trình vệ sinh máy chiết keg 30 lít-KHS-Hạ Long,,,,Quy chế – Quy định – Quy trình – Hướng dẫn,Khác,Quy trình,vệ sinh máy chiết keg 30 lít-KHS-Hạ Long,KCS,[17] KCS - Phòng Kiểm soát Chất lượng,ParsedFromFolder,High,,,,,,
"data/[17] KCS - Phòng Kiểm soát Chất lượng/02. Quy chế – Quy định – Quy trình – Hướng dẫn/2.7.1.2025.QT-KCS-Quy trình vệ sinh đường ống thu hồi CO2, đường xả khí-Hạ Long-v2.20-05-2025.pdf",[17] Phòng Kiểm Soát Chất Lượng - KCS,"2.7.1.2025.QT-KCS-Quy trình vệ sinh đường ống thu hồi CO2, đường xả khí-Hạ Long-v2.20-05-2025.pdf","2.7.1.2025.QT-KCS-Quy trình vệ sinh đường ống thu hồi CO2, đường xả khí-Hạ Long-v2.20-05-2025.pdf",,,2025-05-20,,,Hiệu lực,,"Quy trình vệ sinh đường ống thu hồi CO2, đường xả khí-Hạ Long-v2",,,,Quy chế – Quy định – Quy trình – Hướng dẫn,Khác,Quy trình,"vệ sinh đường ống thu hồi CO2, đường xả khí-Hạ Long-v2",KCS,[17] KCS - Phòng Kiểm soát Chất lượng,ParsedFromFolder,High,,,,,Bản chuẩn,
"data/[17] KCS - Phòng Kiểm soát Chất lượng/02. Quy chế – Quy định – Quy trình – Hướng dẫn/2.7.1.2025.QT-KCS-Quy trình vệ sinh đường ống thu hồi CO2, đường xả khí-Hạ Long.20-05-2025.docx",[17] Phòng Kiểm Soát Chất Lượng - KCS,"2.7.1.2025.QT-KCS-Quy trình vệ sinh đường ống thu hồi CO2, đường xả khí-Hạ Long.20-05-2025.docx","2.7.1.2025.QT-KCS-Quy trình vệ sinh đường ống thu hồi CO2, đường xả khí-Hạ Long.20-05-2025.docx",,,2025-05-20,,,Hiệu lực,,"Quy trình vệ sinh đường ống thu hồi CO2, đường xả khí-Hạ Long",,,,Quy chế – Quy định – Quy trình – Hướng dẫn,Khác,Quy trình,"vệ sinh đường ống thu hồi CO2, đường xả khí-Hạ Long",KCS,[17] KCS - Phòng Kiểm soát Chất lượng,ParsedFromFolder,High,,,,,,
"data/[17] KCS - Phòng Kiểm soát Chất lượng/02. Quy chế – Quy định – Quy trình – Hướng dẫn/2.7.1.2025.QT-KCS-Quy trình vệ sinh đường ống thu hồi CO2, đường xả khí-Hạ Long.20-05-2025.pdf",[17] Phòng Kiểm Soát Chất Lượng - KCS,"2.7.1.2025.QT-KCS-Quy trình vệ sinh đường ống thu hồi CO2, đường xả khí-Hạ Long.20-05-2025.pdf","2.7.1.2025.QT-KCS-Quy trình vệ sinh đường ống thu hồi CO2, đường xả khí-Hạ Long.20-05-2025.pdf",,,2025-05-20,,,Hiệu lực,,"Quy trình vệ sinh đường ống thu hồi CO2, đường xả khí-Hạ Long",,,,Quy chế – Quy định – Quy trình – Hướng dẫn,Khác,Quy trình,"vệ sinh đường ống thu hồi CO2, đường xả khí-Hạ Long",KCS,[17] KCS - Phòng Kiểm soát Chất lượng,ParsedFromFolder,High,,,,,Bản sao,
"data/[17] KCS - Phòng Kiểm soát Chất lượng/02. Quy chế – Quy định – Quy trình – Hướng dẫn/3.2025.QT-KCS-Quy trình vệ sinh khử khí, pha bia-Hạ Long.20-05-2025.docx",[17] Phòng Kiểm Soát Chất Lượng - KCS,"3.2025.QT-KCS-Quy trình vệ sinh khử khí, pha bia-Hạ Long.20-05-2025.docx","3.2025.QT-KCS-Quy trình vệ sinh khử khí, pha bia-Hạ Long.20-05-2025.docx",3,2025,2025-05-20,,,Hiệu lực,,"Quy trình vệ sinh khử khí, pha bia-Hạ Long",,,,Quy chế – Quy định – Quy trình – Hướng dẫn,Khác,Quy trình,"vệ sinh khử khí, pha bia-Hạ Long",KCS,[17] KCS - Phòng Kiểm soát Chất lượng,ParsedFromFolder,High,,,,,,
"data/[17] KCS - Phòng Kiểm soát Chất lượng/02. Quy chế – Quy định – Quy trình – Hướng dẫn/3.2025.QT-KCS-Quy trình vệ sinh khử khí, pha bia-Hạ Long.20-05-2025.pdf",[17] Phòng Kiểm Soát Chất Lượng - KCS,"3.2025.QT-KCS-Quy trình vệ sinh khử khí, pha bia-Hạ Long.20-05-2025.pdf","3.2025.QT-KCS-Quy trình vệ sinh khử khí, pha bia-Hạ Long.20-05-2025.pdf",3,2025,2025-05-20,,,Hiệu lực,,"Quy trình vệ sinh khử khí, pha bia-Hạ Long",,,,Quy chế – Quy định – Quy trình – Hướng dẫn,Khác,Quy trình,"vệ sinh khử khí, pha bia-Hạ Long",KCS,[17] KCS - Phòng Kiểm soát Chất lượng,ParsedFromFolder,High,,,,,,
data/[17] KCS - Phòng Kiểm soát Chất lượng/02. Quy chế – Quy định – Quy trình – Hướng dẫn/3.2025.QT-KCS-Quy trình vệ sinh ngăn ngừa sự nhiễm chéo.29-03-2025.pdf,[17] Phòng Kiểm Soát Chất Lượng - KCS,3.2025.QT-KCS-Quy trình vệ sinh ngăn ngừa sự nhiễm chéo.29-03-2025.pdf,3.2025.QT-KCS-Quy trình vệ sinh ngăn ngừa sự nhiễm chéo.29-03-2025.pdf,3,2025,2025-03-29,,,Hiệu lực,,Quy trình vệ sinh ngăn ngừa sự nhiễm chéo,,,,Quy chế – Quy định – Quy trình – Hướng dẫn,Khác,Quy trình,vệ sinh ngăn ngừa sự nhiễm chéo,KCS,[17] KCS - Phòng Kiểm soát Chất lượng,ParsedFromFolder,High,,,,,,
"data/[17] KCS - Phòng Kiểm soát Chất lượng/02. Quy chế – Quy định – Quy trình – Hướng dẫn/3.2025.QT-KCS-Quy trình xuất kho nguyên liệu, phụ liệu, vật liệu, bao bì, hóa chất.16-09-2025.docx",[17] Phòng Kiểm Soát Chất Lượng - KCS,"3.2025.QT-KCS-Quy trình xuất kho nguyên liệu, phụ liệu, vật liệu, bao bì, hóa chất.16-09-2025.docx","3.2025.QT-KCS-Quy trình xuất kho nguyên liệu, phụ liệu, vật liệu, bao bì, hóa chất.16-09-2025.docx",3,2025,2025-09-16,,,Hiệu lực,,"Quy trình xuất kho nguyên liệu, phụ liệu, vật liệu, bao bì, hóa chất",,,,Quy chế – Quy định – Quy trình – Hướng dẫn,Khác,Quy trình,"xuất kho nguyên liệu, phụ liệu, vật liệu, bao bì, hóa chất",KCS,[17] KCS - Phòng Kiểm soát Chất lượng,ParsedFromFolder,High,,,,,,
"data/[17] KCS - Phòng Kiểm soát Chất lượng/02. Quy chế – Quy định – Quy trình – Hướng dẫn/3.2025.QT-KCS-Quy trình xuất kho nguyên liệu, phụ liệu, vật liệu, bao bì, hóa chất.16-09-2025.pdf",[17] Phòng Kiểm Soát Chất Lượng - KCS,"3.2025.QT-KCS-Quy trình xuất kho nguyên liệu, phụ liệu, vật liệu, bao bì, hóa chất.16-09-2025.pdf","3.2025.QT-KCS-Quy trình xuất kho nguyên liệu, phụ liệu, vật liệu, bao bì, hóa chất.16-09-2025.pdf",3,2025,2025-09-16,,,Hiệu lực,,"Quy trình xuất kho nguyên liệu, phụ liệu, vật liệu, bao bì, hóa chất",,,,Quy chế – Quy định – Quy trình – Hướng dẫn,Khác,Quy trình,"xuất kho nguyên liệu, phụ liệu, vật liệu, bao bì, hóa chất",KCS,[17] KCS - Phòng Kiểm soát Chất lượng,ParsedFromFolder,High,,,,,,
data/[17] KCS - Phòng Kiểm soát Chất lượng/02. Quy chế – Quy định – Quy trình – Hướng dẫn/3.2025.QyĐ-KCS-Quy định kiểm tra cảm quan sản phẩm trước khi xuất xưởng.16-09-2025.docx,[17] Phòng Kiểm Soát Chất Lượng - KCS,3.2025.QyĐ-KCS-Quy định kiểm tra cảm quan sản phẩm trước khi xuất xưởng.16-09-2025.docx,3.2025.QyĐ-KCS-Quy định kiểm tra cảm quan sản phẩm trước khi xuất xưởng.16-09-2025.docx,3,2025,2025-09-16,,,Hiệu lực,,Quy định kiểm tra cảm quan sản phẩm trước khi xuất xưởng,,,,Quy chế – Quy định – Quy trình – Hướng dẫn,Khác,Quy định,kiểm tra cảm quan sản phẩm trước khi xuất xưởng,KCS,[17] KCS - Phòng Kiểm soát Chất lượng,ParsedFromFolder,High,,,,,,
data/[17] KCS - Phòng Kiểm soát Chất lượng/02. Quy chế – Quy định – Quy trình – Hướng dẫn/3.2025.QyĐ-KCS-Quy định kiểm tra cảm quan sản phẩm trước khi xuất xưởng.16-09-2025.pdf,[17] Phòng Kiểm Soát Chất Lượng - KCS,3.2025.QyĐ-KCS-Quy định kiểm tra cảm quan sản phẩm trước khi xuất xưởng.16-09-2025.pdf,3.2025.QyĐ-KCS-Quy định kiểm tra cảm quan sản phẩm trước khi xuất xưởng.16-09-2025.pdf,3,2025,2025-09-16,,,Hiệu lực,,Quy định kiểm tra cảm quan sản phẩm trước khi xuất xưởng,,,,Quy chế – Quy định – Quy trình – Hướng dẫn,Khác,Quy định,kiểm tra cảm quan sản phẩm trước khi xuất xưởng,KCS,[17] KCS - Phòng Kiểm soát Chất lượng,ParsedFromFolder,High,,,,,,
data/[17] KCS - Phòng Kiểm soát Chất lượng/02. Quy chế – Quy định – Quy trình – Hướng dẫn/4.2025.HD-KCS-Hướng dẫn vận hành máy li tâm.09-04-2025.docx,[17] Phòng Kiểm Soát Chất Lượng - KCS,4.2025.HD-KCS-Hướng dẫn vận hành máy li tâm.09-04-2025.docx,4.2025.HD-KCS-Hướng dẫn vận hành máy li tâm.09-04-2025.docx,4,2025,2025-04-09,,,Hiệu lực,,Hướng dẫn vận hành máy li tâm,,,,Quy chế – Quy định – Quy trình – Hướng dẫn,Khác,Hướng dẫn,vận hành máy li tâm,KCS,[17] KCS - Phòng Kiểm soát Chất lượng,ParsedFromFolder,High,,,,,,
data/[17] KCS - Phòng Kiểm soát Chất lượng/02. Quy chế – Quy định – Quy trình – Hướng dẫn/4.2025.HD-KCS-Hướng dẫn vận hành máy li tâm.09-04-2025.pdf,[17] Phòng Kiểm Soát Chất Lượng - KCS,4.2025.HD-KCS-Hướng dẫn vận hành máy li tâm.09-04-2025.pdf,4.2025.HD-KCS-Hướng dẫn vận hành máy li tâm.09-04-2025.pdf,4,2025,2025-04-09,,,Hiệu lực,,Hướng dẫn vận hành máy li tâm,,,,Quy chế – Quy định – Quy trình – Hướng dẫn,Khác,Hướng dẫn,vận hành máy li tâm,KCS,[17] KCS - Phòng Kiểm soát Chất lượng,ParsedFromFolder,High,,,,,,
data/[17] KCS - Phòng Kiểm soát Chất lượng/02. Quy chế – Quy định – Quy trình – Hướng dẫn/4.2025.QT-ISO-Quy trình kiểm soát sản phẩm không phù hợp và khắc phục phòng ngừa.10-10-2025.pdf,[17] Phòng Kiểm Soát Chất Lượng - KCS,4.2025.QT-ISO-Quy trình kiểm soát sản phẩm không phù hợp và khắc phục phòng ngừa.10-10-2025.pdf,4.2025.QT-ISO-Quy trình kiểm soát sản phẩm không phù hợp và khắc phục phòng ngừa.10-10-2025.pdf,4,2025,2025-10-10,,,Hiệu lực,,Quy trình kiểm soát sản phẩm không phù hợp và khắc phục phòng ngừa,,,,Quy chế – Quy định – Quy trình – Hướng dẫn,Khác,Quy trình,kiểm soát sản phẩm không phù hợp và khắc phục phòng ngừa,ISO,[17] KCS - Phòng Kiểm soát Chất lượng,ParsedFromFolder,High,,,,,,
data/[17] KCS - Phòng Kiểm soát Chất lượng/02. Quy chế – Quy định – Quy trình – Hướng dẫn/4.2025.QT-KCS-Quy trình kiểm tra chất lượng-in phun bia keg 02 lít.20-03-2025.docx,[17] Phòng Kiểm Soát Chất Lượng - KCS,4.2025.QT-KCS-Quy trình kiểm tra chất lượng-in phun bia keg 02 lít.20-03-2025.docx,4.2025.QT-KCS-Quy trình kiểm tra chất lượng-in phun bia keg 02 lít.20-03-2025.docx,4,2025,2025-03-20,,,Hiệu lực,,Quy trình kiểm tra chất lượng-in phun bia keg 02 lít,,,,Quy chế – Quy định – Quy trình – Hướng dẫn,Khác,Quy trình,kiểm tra chất lượng-in phun bia keg 02 lít,KCS,[17] KCS - Phòng Kiểm soát Chất lượng,ParsedFromFolder,High,,,,,,
data/[17] KCS - Phòng Kiểm soát Chất lượng/02. Quy chế – Quy định – Quy trình – Hướng dẫn/4.2025.QT-KCS-Quy trình kiểm tra chất lượng-in phun bia keg 02 lít.20-03-2025.pdf,[17] Phòng Kiểm Soát Chất Lượng - KCS,4.2025.QT-KCS-Quy trình kiểm tra chất lượng-in phun bia keg 02 lít.20-03-2025.pdf,4.2025.QT-KCS-Quy trình kiểm tra chất lượng-in phun bia keg 02 lít.20-03-2025.pdf,4,2025,2025-03-20,,,Hiệu lực,,Quy trình kiểm tra chất lượng-in phun bia keg 02 lít,,,,Quy chế – Quy định – Quy trình – Hướng dẫn,Khác,Quy trình,kiểm tra chất lượng-in phun bia keg 02 lít,KCS,[17] KCS - Phòng Kiểm soát Chất lượng,ParsedFromFolder,High,,,,,,
data/[17] KCS - Phòng Kiểm soát Chất lượng/02. Quy chế – Quy định – Quy trình – Hướng dẫn/4.2025.QT-KCS-Quy trình rửa keg 2 lít-Hạ Long.27-08-2025.docx,[17] Phòng Kiểm Soát Chất Lượng - KCS,4.2025.QT-KCS-Quy trình rửa keg 2 lít-Hạ Long.27-08-2025.docx,4.2025.QT-KCS-Quy trình rửa keg 2 lít-Hạ Long.27-08-2025.docx,4,2025,2025-08-27,,,Hiệu lực,,Quy trình rửa keg 2 lít-Hạ Long,,,,Quy chế – Quy định – Quy trình – Hướng dẫn,Khác,Quy trình,rửa keg 2 lít-Hạ Long,KCS,[17] KCS - Phòng Kiểm soát Chất lượng,ParsedFromFolder,High,,,,,,
data/[17] KCS - Phòng Kiểm soát Chất lượng/02. Quy chế – Quy định – Quy trình – Hướng dẫn/4.2025.QT-KCS-Quy trình rửa keg 2 lít-Hạ Long.27-08-2025.pdf,[17] Phòng Kiểm Soát Chất Lượng - KCS,4.2025.QT-KCS-Quy trình rửa keg 2 lít-Hạ Long.27-08-2025.pdf,4.2025.QT-KCS-Quy trình rửa keg 2 lít-Hạ Long.27-08-2025.pdf,4,2025,2025-08-27,,,Hiệu lực,,Quy trình rửa keg 2 lít-Hạ Long,,,,Quy chế – Quy định – Quy trình – Hướng dẫn,Khác,Quy trình,rửa keg 2 lít-Hạ Long,KCS,[17] KCS - Phòng Kiểm soát Chất lượng,ParsedFromFolder,High,,,,,,
data/[17] KCS - Phòng Kiểm soát Chất lượng/02. Quy chế – Quy định – Quy trình – Hướng dẫn/4.2025.QT-KCS-Quy trình vệ sinh cá nhân.16-09-2025.docx,[17] Phòng Kiểm Soát Chất Lượng - KCS,4.2025.QT-KCS-Quy trình vệ sinh cá nhân.16-09-2025.docx,4.2025.QT-KCS-Quy trình vệ sinh cá nhân.16-09-2025.docx,4,2025,2025-09-16,,,Hiệu lực,,Quy trình vệ sinh cá nhân,,,,Quy chế – Quy định – Quy trình – Hướng dẫn,Khác,Quy trình,vệ sinh cá nhân,KCS,[17] KCS - Phòng Kiểm soát Chất lượng,ParsedFromFolder,High,,,,,,
data/[17] KCS - Phòng Kiểm soát Chất lượng/02. Quy chế – Quy định – Quy trình – Hướng dẫn/4.2025.QT-KCS-Quy trình vệ sinh cá nhân.16-09-2025.pdf,[17] Phòng Kiểm Soát Chất Lượng - KCS,4.2025.QT-KCS-Quy trình vệ sinh cá nhân.16-09-2025.pdf,4.2025.QT-KCS-Quy trình vệ sinh cá nhân.16-09-2025.pdf,4,2025,2025-09-16,,,Hiệu lực,,Quy trình vệ sinh cá nhân,,,,Quy chế – Quy định – Quy trình – Hướng dẫn,Khác,Quy trình,vệ sinh cá nhân,KCS,[17] KCS - Phòng Kiểm soát Chất lượng,ParsedFromFolder,High,,,,,,
data/[17] KCS - Phòng Kiểm soát Chất lượng/02. Quy chế – Quy định – Quy trình – Hướng dẫn/4.2025.QT-KCS-Quy trình vệ sinh máy chiết keg 02 lít-Hạ Long.13-05-2025.docx,[17] Phòng Kiểm Soát Chất Lượng - KCS,4.2025.QT-KCS-Quy trình vệ sinh máy chiết keg 02 lít-Hạ Long.13-05-2025.docx,4.2025.QT-KCS-Quy trình vệ sinh máy chiết keg 02 lít-Hạ Long.13-05-2025.docx,4,2025,2025-05-13,,,Hiệu lực,,Quy trình vệ sinh máy chiết keg 02 lít-Hạ Long,,,,Quy chế – Quy định – Quy trình – Hướng dẫn,Khác,Quy trình,vệ sinh máy chiết keg 02 lít-Hạ Long,KCS,[17] KCS - Phòng Kiểm soát Chất lượng,ParsedFromFolder,High,,,,,,
data/[17] KCS - Phòng Kiểm soát Chất lượng/02. Quy chế – Quy định – Quy trình – Hướng dẫn/4.2025.QT-KCS-Quy trình vệ sinh máy chiết keg 02 lít-Hạ Long.13-05-2025.pdf,[17] Phòng Kiểm Soát Chất Lượng - KCS,4.2025.QT-KCS-Quy trình vệ sinh máy chiết keg 02 lít-Hạ Long.13-05-2025.pdf,4.2025.QT-KCS-Quy trình vệ sinh máy chiết keg 02 lít-Hạ Long.13-05-2025.pdf,4,2025,2025-05-13,,,Hiệu lực,,Quy trình vệ sinh máy chiết keg 02 lít-Hạ Long,,,,Quy chế – Quy định – Quy trình – Hướng dẫn,Khác,Quy trình,vệ sinh máy chiết keg 02 lít-Hạ Long,KCS,[17] KCS - Phòng Kiểm soát Chất lượng,ParsedFromFolder,High,,,,,,
data/[17] KCS - Phòng Kiểm soát Chất lượng/02. Quy chế – Quy định – Quy trình – Hướng dẫn/4.2025.QT-KCS-Quy trình vệ sinh tank chứa nước DA-Hạ Long.20-05-2025.docx,[17] Phòng Kiểm Soát Chất Lượng - KCS,4.2025.QT-KCS-Quy trình vệ sinh tank chứa nước DA-Hạ Long.20-05-2025.docx,4.2025.QT-KCS-Quy trình vệ sinh tank chứa nước DA-Hạ Long.20-05-2025.docx,4,2025,2025-05-20,,,Hiệu lực,,Quy trình vệ sinh tank chứa nước DA-Hạ Long,,,,Quy chế – Quy định – Quy trình – Hướng dẫn,Khác,Quy trình,vệ sinh tank chứa nước DA-Hạ Long,KCS,[17] KCS - Phòng Kiểm soát Chất lượng,ParsedFromFolder,High,,,,,,
data/[17] KCS - Phòng Kiểm soát Chất lượng/02. Quy chế – Quy định – Quy trình – Hướng dẫn/4.2025.QT-KCS-Quy trình vệ sinh tank chứa nước DA-Hạ Long.20-05-2025.pdf,[17] Phòng Kiểm Soát Chất Lượng - KCS,4.2025.QT-KCS-Quy trình vệ sinh tank chứa nước DA-Hạ Long.20-05-2025.pdf,4.2025.QT-KCS-Quy trình vệ sinh tank chứa nước DA-Hạ Long.20-05-2025.pdf,4,2025,2025-05-20,,,Hiệu lực,,Quy trình vệ sinh tank chứa nước DA-Hạ Long,,,,Quy chế – Quy định – Quy trình – Hướng dẫn,Khác,Quy trình,vệ sinh tank chứa nước DA-Hạ Long,KCS,[17] KCS - Phòng Kiểm soát Chất lượng,ParsedFromFolder,High,,,,,,
data/[17] KCS - Phòng Kiểm soát Chất lượng/02. Quy chế – Quy định – Quy trình – Hướng dẫn/5.1.2025.HD-KCS-hướng dẫn kiểm nghiệm và đánh giá kết quả.14-01-2025.pdf,[17] Phòng Kiểm Soát Chất Lượng - KCS,5.1.2025.HD-KCS-hướng dẫn kiểm nghiệm và đánh giá kết quả.14-01-2025.pdf,5.1.2025.HD-KCS-hướng dẫn kiểm nghiệm và đánh giá kết quả.14-01-2025.pdf,,,2025-01-14,,,Hiệu lực,,hướng dẫn kiểm nghiệm và đánh giá kết quả,,,,Quy chế – Quy định – Quy trình – Hướng dẫn,Khác,Hướng dẫn,kiểm nghiệm và đánh giá kết quả,KCS,[17] KCS - Phòng Kiểm soát Chất lượng,ParsedFromFolder,High,,,,,,
data/[17] KCS - Phòng Kiểm soát Chất lượng/02. Quy chế – Quy định – Quy trình – Hướng dẫn/5.2.2025.HD-KCS-Hướng dẫn điều tra kết quả thử nghiệm không đạt tiêu chuẩn.09-04-2025.pdf,[17] Phòng Kiểm Soát Chất Lượng - KCS,5.2.2025.HD-KCS-Hướng dẫn điều tra kết quả thử nghiệm không đạt tiêu chuẩn.09-04-2025.pdf,5.2.2025.HD-KCS-Hướng dẫn điều tra kết quả thử nghiệm không đạt tiêu chuẩn.09-04-2025.pdf,,,2025-04-09,,,Hiệu lực,,Hướng dẫn điều tra kết quả thử nghiệm không đạt tiêu chuẩn,,,,Quy chế – Quy định – Quy trình – Hướng dẫn,Khác,Hướng dẫn,điều tra kết quả thử nghiệm không đạt tiêu chuẩn,KCS,[17] KCS - Phòng Kiểm soát Chất lượng,ParsedFromFolder,High,,,,,,
data/[17] KCS - Phòng Kiểm soát Chất lượng/02. Quy chế – Quy định – Quy trình – Hướng dẫn/5.2025.QT-ISO-Quy trình xem xét của lãnh đạo.21-01-2025.pdf,[17] Phòng Kiểm Soát Chất Lượng - KCS,5.2025.QT-ISO-Quy trình xem xét của lãnh đạo.21-01-2025.pdf,5.2025.QT-ISO-Quy trình xem xét của lãnh đạo.21-01-2025.pdf,5,2025,2025-01-21,,,Hiệu lực,,Quy trình xem xét của lãnh đạo,,,,Quy chế – Quy định – Quy trình – Hướng dẫn,Khác,Quy trình,xem xét của lãnh đạo,ISO,[17] KCS - Phòng Kiểm soát Chất lượng,ParsedFromFolder,High,,,,,,
data/[17] KCS - Phòng Kiểm soát Chất lượng/02. Quy chế – Quy định – Quy trình – Hướng dẫn/5.2025.QT-KCS-Quy trình chiết keg 30 lít-Đông Mai.24-03-2025.docx,[17] Phòng Kiểm Soát Chất Lượng - KCS,5.2025.QT-KCS-Quy trình chiết keg 30 lít-Đông Mai.24-03-2025.docx,5.2025.QT-KCS-Quy trình chiết keg 30 lít-Đông Mai.24-03-2025.docx,5,2025,2025-03-24,,,Hiệu lực,,Quy trình chiết keg 30 lít-Đông Mai,,,,Quy chế – Quy định – Quy trình – Hướng dẫn,Khác,Quy trình,chiết keg 30 lít-Đông Mai,KCS,[17] KCS - Phòng Kiểm soát Chất lượng,ParsedFromFolder,High,,,,,,
data/[17] KCS - Phòng Kiểm soát Chất lượng/02. Quy chế – Quy định – Quy trình – Hướng dẫn/5.2025.QT-KCS-Quy trình chiết keg 30 lít-Đông Mai.24-03-2025.pdf,[17] Phòng Kiểm Soát Chất Lượng - KCS,5.2025.QT-KCS-Quy trình chiết keg 30 lít-Đông Mai.24-03-2025.pdf,5.2025.QT-KCS-Quy trình chiết keg 30 lít-Đông Mai.24-03-2025.pdf,5,2025,2025-03-24,,,Hiệu lực,,Quy trình chiết keg 30 lít-Đông Mai,,,,Quy chế – Quy định – Quy trình – Hướng dẫn,Khác,Quy trình,chiết keg 30 lít-Đông Mai,KCS,[17] KCS - Phòng Kiểm soát Chất lượng,ParsedFromFolder,High,,,,,,
data/[17] KCS - Phòng Kiểm soát Chất lượng/02. Quy chế – Quy định – Quy trình – Hướng dẫn/5.2025.QT-KCS-Quy trình rửa keg bia 30 lít-Đông Mai.20-03-2025.docx,[17] Phòng Kiểm Soát Chất Lượng - KCS,5.2025.QT-KCS-Quy trình rửa keg bia 30 lít-Đông Mai.20-03-2025.docx,5.2025.QT-KCS-Quy trình rửa keg bia 30 lít-Đông Mai.20-03-2025.docx,5,2025,2025-03-20,,,Hiệu lực,,Quy trình rửa keg bia 30 lít-Đông Mai,,,,Quy chế – Quy định – Quy trình – Hướng dẫn,Khác,Quy trình,rửa keg bia 30 lít-Đông Mai,KCS,[17] KCS - Phòng Kiểm soát Chất lượng,ParsedFromFolder,High,,,,,,
data/[17] KCS - Phòng Kiểm soát Chất lượng/02. Quy chế – Quy định – Quy trình – Hướng dẫn/5.2025.QT-KCS-Quy trình rửa keg bia 30 lít-Đông Mai.20-03-2025.pdf,[17] Phòng Kiểm Soát Chất Lượng - KCS,5.2025.QT-KCS-Quy trình rửa keg bia 30 lít-Đông Mai.20-03-2025.pdf,5.2025.QT-KCS-Quy trình rửa keg bia 30 lít-Đông Mai.20-03-2025.pdf,5,2025,2025-03-20,,,Hiệu lực,,Quy trình rửa keg bia 30 lít-Đông Mai,,,,Quy chế – Quy định – Quy trình – Hướng dẫn,Khác,Quy trình,rửa keg bia 30 lít-Đông Mai,KCS,[17] KCS - Phòng Kiểm soát Chất lượng,ParsedFromFolder,High,,,,,,
data/[17] KCS - Phòng Kiểm soát Chất lượng/02. Quy chế – Quy định – Quy trình – Hướng dẫn/5.2025.QT-KCS-Quy trình vệ sinh bảo vệ thực phẩm tránh tác nhân gây nhiễm.29-03-2025.docx,[17] Phòng Kiểm Soát Chất Lượng - KCS,5.2025.QT-KCS-Quy trình vệ sinh bảo vệ thực phẩm tránh tác nhân gây nhiễm.29-03-2025.docx,5.2025.QT-KCS-Quy trình vệ sinh bảo vệ thực phẩm tránh tác nhân gây nhiễm.29-03-2025.docx,5,2025,2025-03-29,,,Hiệu lực,,Quy trình vệ sinh bảo vệ thực phẩm tránh tác nhân gây nhiễm,,,,Quy chế – Quy định – Quy trình – Hướng dẫn,Khác,Quy trình,vệ sinh bảo vệ thực phẩm tránh tác nhân gây nhiễm,KCS,[17] KCS - Phòng Kiểm soát Chất lượng,ParsedFromFolder,High,,,,,,
data/[17] KCS - Phòng Kiểm soát Chất lượng/02. Quy chế – Quy định – Quy trình – Hướng dẫn/5.2025.QT-KCS-Quy trình vệ sinh bảo vệ thực phẩm tránh tác nhân gây nhiễm.29-03-2025.pdf,[17] Phòng Kiểm Soát Chất Lượng - KCS,5.2025.QT-KCS-Quy trình vệ sinh bảo vệ thực phẩm tránh tác nhân gây nhiễm.29-03-2025.pdf,5.2025.QT-KCS-Quy trình vệ sinh bảo vệ thực phẩm tránh tác nhân gây nhiễm.29-03-2025.pdf,5,2025,2025-03-29,,,Hiệu lực,,Quy trình vệ sinh bảo vệ thực phẩm tránh tác nhân gây nhiễm,,,,Quy chế – Quy định – Quy trình – Hướng dẫn,Khác,Quy trình,vệ sinh bảo vệ thực phẩm tránh tác nhân gây nhiễm,KCS,[17] KCS - Phòng Kiểm soát Chất lượng,ParsedFromFolder,High,,,,,,
"data/[17] KCS - Phòng Kiểm soát Chất lượng/02. Quy chế – Quy định – Quy trình – Hướng dẫn/5.2025.QT-KCS-Quy trình vệ sinh hệ lọc vi sinh, máy chiết Keg 20 lít Đông Mai.27-06-2025.pdf",[17] Phòng Kiểm Soát Chất Lượng - KCS,"5.2025.QT-KCS-Quy trình vệ sinh hệ lọc vi sinh, máy chiết Keg 20 lít Đông Mai.27-06-2025.pdf","5.2025.QT-KCS-Quy trình vệ sinh hệ lọc vi sinh, máy chiết Keg 20 lít Đông Mai.27-06-2025.pdf",5,2025,2025-06-27,,,Hiệu lực,,"Quy trình vệ sinh hệ lọc vi sinh, máy chiết Keg 20 lít Đông Mai",,,,Quy chế – Quy định – Quy trình – Hướng dẫn,Khác,Quy trình,"vệ sinh hệ lọc vi sinh, máy chiết Keg 20 lít Đông Mai",KCS,[17] KCS - Phòng Kiểm soát Chất lượng,ParsedFromFolder,High,,,,,,
data/[17] KCS - Phòng Kiểm soát Chất lượng/02. Quy chế – Quy định – Quy trình – Hướng dẫn/5.2025.QT-KCS-Quy trình vệ sinh máy chiết keg 30 lít-Đông Mai.08-05-2025.docx,[17] Phòng Kiểm Soát Chất Lượng - KCS,5.2025.QT-KCS-Quy trình vệ sinh máy chiết keg 30 lít-Đông Mai.08-05-2025.docx,5.2025.QT-KCS-Quy trình vệ sinh máy chiết keg 30 lít-Đông Mai.08-05-2025.docx,5,2025,2025-05-08,,,Hiệu lực,,Quy trình vệ sinh máy chiết keg 30 lít-Đông Mai,,,,Quy chế – Quy định – Quy trình – Hướng dẫn,Khác,Quy trình,vệ sinh máy chiết keg 30 lít-Đông Mai,KCS,[17] KCS - Phòng Kiểm soát Chất lượng,ParsedFromFolder,High,,,,,,
data/[17] KCS - Phòng Kiểm soát Chất lượng/02. Quy chế – Quy định – Quy trình – Hướng dẫn/5.2025.QT-KCS-Quy trình vệ sinh máy chiết keg 30 lít-Đông Mai.08-05-2025.pdf,[17] Phòng Kiểm Soát Chất Lượng - KCS,5.2025.QT-KCS-Quy trình vệ sinh máy chiết keg 30 lít-Đông Mai.08-05-2025.pdf,5.2025.QT-KCS-Quy trình vệ sinh máy chiết keg 30 lít-Đông Mai.08-05-2025.pdf,5,2025,2025-05-08,,,Hiệu lực,,Quy trình vệ sinh máy chiết keg 30 lít-Đông Mai,,,,Quy chế – Quy định – Quy trình – Hướng dẫn,Khác,Quy trình,vệ sinh máy chiết keg 30 lít-Đông Mai,KCS,[17] KCS - Phòng Kiểm soát Chất lượng,ParsedFromFolder,High,,,,,,
data/[17] KCS - Phòng Kiểm soát Chất lượng/02. Quy chế – Quy định – Quy trình – Hướng dẫn/6.2025.QT-KCS-Quy trình kiểm tra định lượng-in phun Keg 20 lít-Đông Mai.27-08-2025.docx,[17] Phòng Kiểm Soát Chất Lượng - KCS,6.2025.QT-KCS-Quy trình kiểm tra định lượng-in phun Keg 20 lít-Đông Mai.27-08-2025.docx,6.2025.QT-KCS-Quy trình kiểm tra định lượng-in phun Keg 20 lít-Đông Mai.27-08-2025.docx,6,2025,2025-08-27,,,Hiệu lực,,Quy trình kiểm tra định lượng-in phun Keg 20 lít-Đông Mai,,,,Quy chế – Quy định – Quy trình – Hướng dẫn,Khác,Quy trình,kiểm tra định lượng-in phun Keg 20 lít-Đông Mai,KCS,[17] KCS - Phòng Kiểm soát Chất lượng,ParsedFromFolder,High,,,,,,
data/[17] KCS - Phòng Kiểm soát Chất lượng/02. Quy chế – Quy định – Quy trình – Hướng dẫn/6.2025.QT-KCS-Quy trình kiểm tra định lượng-in phun Keg 20 lít-Đông Mai.27-08-2025.pdf,[17] Phòng Kiểm Soát Chất Lượng - KCS,6.2025.QT-KCS-Quy trình kiểm tra định lượng-in phun Keg 20 lít-Đông Mai.27-08-2025.pdf,6.2025.QT-KCS-Quy trình kiểm tra định lượng-in phun Keg 20 lít-Đông Mai.27-08-2025.pdf,6,2025,2025-08-27,,,Hiệu lực,,Quy trình kiểm tra định lượng-in phun Keg 20 lít-Đông Mai,,,,Quy chế – Quy định – Quy trình – Hướng dẫn,Khác,Quy trình,kiểm tra định lượng-in phun Keg 20 lít-Đông Mai,KCS,[17] KCS - Phòng Kiểm soát Chất lượng,ParsedFromFolder,High,,,,,,
data/[17] KCS - Phòng Kiểm soát Chất lượng/02. Quy chế – Quy định – Quy trình – Hướng dẫn/6.2025.QT-KCS-Quy trình sản xuất nước DA-Hạ Long.08-08-2025.docx,[17] Phòng Kiểm Soát Chất Lượng - KCS,6.2025.QT-KCS-Quy trình sản xuất nước DA-Hạ Long.08-08-2025.docx,6.2025.QT-KCS-Quy trình sản xuất nước DA-Hạ Long.08-08-2025.docx,6,2025,2025-08-08,,,Hiệu lực,,Quy trình sản xuất nước DA-Hạ Long,,,,Quy chế – Quy định – Quy trình – Hướng dẫn,Khác,Quy trình,sản xuất nước DA-Hạ Long,KCS,[17] KCS - Phòng Kiểm soát Chất lượng,ParsedFromFolder,High,,,,,,
data/[17] KCS - Phòng Kiểm soát Chất lượng/02. Quy chế – Quy định – Quy trình – Hướng dẫn/6.2025.QT-KCS-Quy trình sản xuất nước DA-Hạ Long.08-08-2025.pdf,[17] Phòng Kiểm Soát Chất Lượng - KCS,6.2025.QT-KCS-Quy trình sản xuất nước DA-Hạ Long.08-08-2025.pdf,6.2025.QT-KCS-Quy trình sản xuất nước DA-Hạ Long.08-08-2025.pdf,6,2025,2025-08-08,,,Hiệu lực,,Quy trình sản xuất nước DA-Hạ Long,,,,Quy chế – Quy định – Quy trình – Hướng dẫn,Khác,Quy trình,sản xuất nước DA-Hạ Long,KCS,[17] KCS - Phòng Kiểm soát Chất lượng,ParsedFromFolder,High,,,,,,
data/[17] KCS - Phòng Kiểm soát Chất lượng/02. Quy chế – Quy định – Quy trình – Hướng dẫn/6.2025.QT-KCS-Quy trình sử dụng và bảo quản hóa chất.27-08-2025.docx,[17] Phòng Kiểm Soát Chất Lượng - KCS,6.2025.QT-KCS-Quy trình sử dụng và bảo quản hóa chất.27-08-2025.docx,6.2025.QT-KCS-Quy trình sử dụng và bảo quản hóa chất.27-08-2025.docx,6,2025,2025-08-27,,,Hiệu lực,,Quy trình sử dụng và bảo quản hóa chất,,,,Quy chế – Quy định – Quy trình – Hướng dẫn,Khác,Quy trình,sử dụng và bảo quản hóa chất,KCS,[17] KCS - Phòng Kiểm soát Chất lượng,ParsedFromFolder,High,,,,,,
data/[17] KCS - Phòng Kiểm soát Chất lượng/02. Quy chế – Quy định – Quy trình – Hướng dẫn/6.2025.QT-KCS-Quy trình sử dụng và bảo quản hóa chất.27-08-2025.pdf,[17] Phòng Kiểm Soát Chất Lượng - KCS,6.2025.QT-KCS-Quy trình sử dụng và bảo quản hóa chất.27-08-2025.pdf,6.2025.QT-KCS-Quy trình sử dụng và bảo quản hóa chất.27-08-2025.pdf,6,2025,2025-08-27,,,Hiệu lực,,Quy trình sử dụng và bảo quản hóa chất,,,,Quy chế – Quy định – Quy trình – Hướng dẫn,Khác,Quy trình,sử dụng và bảo quản hóa chất,KCS,[17] KCS - Phòng Kiểm soát Chất lượng,ParsedFromFolder,High,,,,,,
data/[17] KCS - Phòng Kiểm soát Chất lượng/02. Quy chế – Quy định – Quy trình – Hướng dẫn/7.2025.QT-KCS-Quy trình quản lý sức khỏe công nhân.09-04-2025.docx,[17] Phòng Kiểm Soát Chất Lượng - KCS,7.2025.QT-KCS-Quy trình quản lý sức khỏe công nhân.09-04-2025.docx,7.2025.QT-KCS-Quy trình quản lý sức khỏe công nhân.09-04-2025.docx,7,2025,2025-04-09,,,Hiệu lực,,Quy trình quản lý sức khỏe công nhân,,,,Quy chế – Quy định – Quy trình – Hướng dẫn,Khác,Quy trình,quản lý sức khỏe công nhân,KCS,[17] KCS - Phòng Kiểm soát Chất lượng,ParsedFromFolder,High,,,,,,
data/[17] KCS - Phòng Kiểm soát Chất lượng/02. Quy chế – Quy định – Quy trình – Hướng dẫn/7.2025.QT-KCS-Quy trình quản lý sức khỏe công nhân.09-04-2025.pdf,[17] Phòng Kiểm Soát Chất Lượng - KCS,7.2025.QT-KCS-Quy trình quản lý sức khỏe công nhân.09-04-2025.pdf,7.2025.QT-KCS-Quy trình quản lý sức khỏe công nhân.09-04-2025.pdf,7,2025,2025-04-09,,,Hiệu lực,,Quy trình quản lý sức khỏe công nhân,,,,Quy chế – Quy định – Quy trình – Hướng dẫn,Khác,Quy trình,quản lý sức khỏe công nhân,KCS,[17] KCS - Phòng Kiểm soát Chất lượng,ParsedFromFolder,High,,,,,,
data/[17] KCS - Phòng Kiểm soát Chất lượng/02. Quy chế – Quy định – Quy trình – Hướng dẫn/8.2025.QT-ISO-Quy trình ứng phó tình trạng khẩn cấp.16-09-2025.docx,[17] Phòng Kiểm Soát Chất Lượng - KCS,8.2025.QT-ISO-Quy trình ứng phó tình trạng khẩn cấp.16-09-2025.docx,8.2025.QT-ISO-Quy trình ứng phó tình trạng khẩn cấp.16-09-2025.docx,8,2025,2025-09-16,,,Hiệu lực,,Quy trình ứng phó tình trạng khẩn cấp,,,,Quy chế – Quy định – Quy trình – Hướng dẫn,Khác,Quy trình,ứng phó tình trạng khẩn cấp,ISO,[17] KCS - Phòng Kiểm soát Chất lượng,ParsedFromFolder,High,,,,,,
data/[17] KCS - Phòng Kiểm soát Chất lượng/02. Quy chế – Quy định – Quy trình – Hướng dẫn/8.2025.QT-ISO-Quy trình ứng phó tình trạng khẩn cấp.16-09-2025.pdf,[17] Phòng Kiểm Soát Chất Lượng - KCS,8.2025.QT-ISO-Quy trình ứng phó tình trạng khẩn cấp.16-09-2025.pdf,8.2025.QT-ISO-Quy trình ứng phó tình trạng khẩn cấp.16-09-2025.pdf,8,2025,2025-09-16,,,Hiệu lực,,Quy trình ứng phó tình trạng khẩn cấp,,,,Quy chế – Quy định – Quy trình – Hướng dẫn,Khác,Quy trình,ứng phó tình trạng khẩn cấp,ISO,[17] KCS - Phòng Kiểm soát Chất lượng,ParsedFromFolder,High,,,,,,
data/[17] KCS - Phòng Kiểm soát Chất lượng/02. Quy chế – Quy định – Quy trình – Hướng dẫn/8.2025.QT-KCS-Quy trình chiết keg bia 02 lít.20-03-2025.docx,[17] Phòng Kiểm Soát Chất Lượng - KCS,8.2025.QT-KCS-Quy trình chiết keg bia 02 lít.20-03-2025.docx,8.2025.QT-KCS-Quy trình chiết keg bia 02 lít.20-03-2025.docx,8,2025,2025-03-20,,,Hiệu lực,,Quy trình chiết keg bia 02 lít,,,,Quy chế – Quy định – Quy trình – Hướng dẫn,Khác,Quy trình,chiết keg bia 02 lít,KCS,[17] KCS - Phòng Kiểm soát Chất lượng,ParsedFromFolder,High,,,,,,
data/[17] KCS - Phòng Kiểm soát Chất lượng/02. Quy chế – Quy định – Quy trình – Hướng dẫn/8.2025.QT-KCS-Quy trình chiết keg bia 02 lít.20-03-2025.pdf,[17] Phòng Kiểm Soát Chất Lượng - KCS,8.2025.QT-KCS-Quy trình chiết keg bia 02 lít.20-03-2025.pdf,8.2025.QT-KCS-Quy trình chiết keg bia 02 lít.20-03-2025.pdf,8,2025,2025-03-20,,,Hiệu lực,,Quy trình chiết keg bia 02 lít,,,,Quy chế – Quy định – Quy trình – Hướng dẫn,Khác,Quy trình,chiết keg bia 02 lít,KCS,[17] KCS - Phòng Kiểm soát Chất lượng,ParsedFromFolder,High,,,,,,
data/[17] KCS - Phòng Kiểm soát Chất lượng/02. Quy chế – Quy định – Quy trình – Hướng dẫn/8.2025.QT-KCS-Quy trình chiết keg bia 30 lít-Hạ Long(Máy KHS).13-05-2025.docx,[17] Phòng Kiểm Soát Chất Lượng - KCS,8.2025.QT-KCS-Quy trình chiết keg bia 30 lít-Hạ Long(Máy KHS).13-05-2025.docx,8.2025.QT-KCS-Quy trình chiết keg bia 30 lít-Hạ Long(Máy KHS).13-05-2025.docx,8,2025,2025-05-13,,,Hiệu lực,,Quy trình chiết keg bia 30 lít-Hạ Long(Máy KHS),,,,Quy chế – Quy định – Quy trình – Hướng dẫn,Khác,Quy trình,chiết keg bia 30 lít-Hạ Long(Máy KHS),KCS,[17] KCS - Phòng Kiểm soát Chất lượng,ParsedFromFolder,High,,,,,,
data/[17] KCS - Phòng Kiểm soát Chất lượng/02. Quy chế – Quy định – Quy trình – Hướng dẫn/8.2025.QT-KCS-Quy trình chiết keg bia 30 lít-Hạ Long(Máy KHS).13-05-2025.pdf,[17] Phòng Kiểm Soát Chất Lượng - KCS,8.2025.QT-KCS-Quy trình chiết keg bia 30 lít-Hạ Long(Máy KHS).13-05-2025.pdf,8.2025.QT-KCS-Quy trình chiết keg bia 30 lít-Hạ Long(Máy KHS).13-05-2025.pdf,8,2025,2025-05-13,,,Hiệu lực,,Quy trình chiết keg bia 30 lít-Hạ Long(Máy KHS),,,,Quy chế – Quy định – Quy trình – Hướng dẫn,Khác,Quy trình,chiết keg bia 30 lít-Hạ Long(Máy KHS),KCS,[17] KCS - Phòng Kiểm soát Chất lượng,ParsedFromFolder,High,,,,,,
data/[17] KCS - Phòng Kiểm soát Chất lượng/02. Quy chế – Quy định – Quy trình – Hướng dẫn/8.2025.QT-KCS-Quy trình kiểm soát động vật gây hại.16-09-2025.docx,[17] Phòng Kiểm Soát Chất Lượng - KCS,8.2025.QT-KCS-Quy trình kiểm soát động vật gây hại.16-09-2025.docx,8.2025.QT-KCS-Quy trình kiểm soát động vật gây hại.16-09-2025.docx,8,2025,2025-09-16,,,Hiệu lực,,Quy trình kiểm soát động vật gây hại,,,,Quy chế – Quy định – Quy trình – Hướng dẫn,Khác,Quy trình,kiểm soát động vật gây hại,KCS,[17] KCS - Phòng Kiểm soát Chất lượng,ParsedFromFolder,High,,,,,,
data/[17] KCS - Phòng Kiểm soát Chất lượng/02. Quy chế – Quy định – Quy trình – Hướng dẫn/8.2025.QT-KCS-Quy trình kiểm soát động vật gây hại.16-09-2025.pdf,[17] Phòng Kiểm Soát Chất Lượng - KCS,8.2025.QT-KCS-Quy trình kiểm soát động vật gây hại.16-09-2025.pdf,8.2025.QT-KCS-Quy trình kiểm soát động vật gây hại.16-09-2025.pdf,8,2025,2025-09-16,,,Hiệu lực,,Quy trình kiểm soát động vật gây hại,,,,Quy chế – Quy định – Quy trình – Hướng dẫn,Khác,Quy trình,kiểm soát động vật gây hại,KCS,[17] KCS - Phòng Kiểm soát Chất lượng,ParsedFromFolder,High,,,,,,
data/[17] KCS - Phòng Kiểm soát Chất lượng/02. Quy chế – Quy định – Quy trình – Hướng dẫn/8.2025.QT-KCS-Quy trình vệ sinh máy chiết keg 30 lít (máy KHS )-hạ long.27-08-2025.docx,[17] Phòng Kiểm Soát Chất Lượng - KCS,8.2025.QT-KCS-Quy trình vệ sinh máy chiết keg 30 lít (máy KHS )-hạ long.27-08-2025.docx,8.2025.QT-KCS-Quy trình vệ sinh máy chiết keg 30 lít (máy KHS )-hạ long.27-08-2025.docx,8,2025,2025-08-27,,,Hiệu lực,,Quy trình vệ sinh máy chiết keg 30 lít (máy KHS )-hạ long,,,,Quy chế – Quy định – Quy trình – Hướng dẫn,Khác,Quy trình,vệ sinh máy chiết keg 30 lít (máy KHS )-hạ long,KCS,[17] KCS - Phòng Kiểm soát Chất lượng,ParsedFromFolder,High,,,,,,
data/[17] KCS - Phòng Kiểm soát Chất lượng/02. Quy chế – Quy định – Quy trình – Hướng dẫn/8.2025.QT-KCS-Quy trình vệ sinh máy thanh trùng chai-Krones.27-08-2025.docx,[17] Phòng Kiểm Soát Chất Lượng - KCS,8.2025.QT-KCS-Quy trình vệ sinh máy thanh trùng chai-Krones.27-08-2025.docx,8.2025.QT-KCS-Quy trình vệ sinh máy thanh trùng chai-Krones.27-08-2025.docx,8,2025,2025-08-27,,,Hiệu lực,,Quy trình vệ sinh máy thanh trùng chai-Krones,,,,Quy chế – Quy định – Quy trình – Hướng dẫn,Khác,Quy trình,vệ sinh máy thanh trùng chai-Krones,KCS,[17] KCS - Phòng Kiểm soát Chất lượng,ParsedFromFolder,High,,,,,,
data/[17] KCS - Phòng Kiểm soát Chất lượng/02. Quy chế – Quy định – Quy trình – Hướng dẫn/8.2025.QT-KCS-Quy trình vệ sinh máy thanh trùng chai-Krones.27-08-2025.pdf,[17] Phòng Kiểm Soát Chất Lượng - KCS,8.2025.QT-KCS-Quy trình vệ sinh máy thanh trùng chai-Krones.27-08-2025.pdf,8.2025.QT-KCS-Quy trình vệ sinh máy thanh trùng chai-Krones.27-08-2025.pdf,8,2025,2025-08-27,,,Hiệu lực,,Quy trình vệ sinh máy thanh trùng chai-Krones,,,,Quy chế – Quy định – Quy trình – Hướng dẫn,Khác,Quy trình,vệ sinh máy thanh trùng chai-Krones,KCS,[17] KCS - Phòng Kiểm soát Chất lượng,ParsedFromFolder,High,,,,,,
data/[17] KCS - Phòng Kiểm soát Chất lượng/02. Quy chế – Quy định – Quy trình – Hướng dẫn/9.2025.QT-ISO-Quy trình truy tìm nguồn gốc và thu hồi triệu hồi sản phẩm.10-10-2025.pdf,[17] Phòng Kiểm Soát Chất Lượng - KCS,9.2025.QT-ISO-Quy trình truy tìm nguồn gốc và thu hồi triệu hồi sản phẩm.10-10-2025.pdf,9.2025.QT-ISO-Quy trình truy tìm nguồn gốc và thu hồi triệu hồi sản phẩm.10-10-2025.pdf,9,2025,2025-10-10,,,Hiệu lực,,Quy trình truy tìm nguồn gốc và thu hồi triệu hồi sản phẩm,,,,Quy chế – Quy định – Quy trình – Hướng dẫn,Khác,Quy trình,truy tìm nguồn gốc và thu hồi triệu hồi sản phẩm,ISO,[17] KCS - Phòng Kiểm soát Chất lượng,ParsedFromFolder,High,,,,,,
data/[17] KCS - Phòng Kiểm soát Chất lượng/02. Quy chế – Quy định – Quy trình – Hướng dẫn/9.2025.QT-KCS-Quy trình kiểm soát chất thải.09-04-2025.docx,[17] Phòng Kiểm Soát Chất Lượng - KCS,9.2025.QT-KCS-Quy trình kiểm soát chất thải.09-04-2025.docx,9.2025.QT-KCS-Quy trình kiểm soát chất thải.09-04-2025.docx,9,2025,2025-04-09,,,Hiệu lực,,Quy trình kiểm soát chất thải,,,,Quy chế – Quy định – Quy trình – Hướng dẫn,Khác,Quy trình,kiểm soát chất thải,KCS,[17] KCS - Phòng Kiểm soát Chất lượng,ParsedFromFolder,High,,,,,,
data/[17] KCS - Phòng Kiểm soát Chất lượng/02. Quy chế – Quy định – Quy trình – Hướng dẫn/9.2025.QT-KCS-Quy trình kiểm soát chất thải.09-04-2025.pdf,[17] Phòng Kiểm Soát Chất Lượng - KCS,9.2025.QT-KCS-Quy trình kiểm soát chất thải.09-04-2025.pdf,9.2025.QT-KCS-Quy trình kiểm soát chất thải.09-04-2025.pdf,9,2025,2025-04-09,,,Hiệu lực,,Quy trình kiểm soát chất thải,,,,Quy chế – Quy định – Quy trình – Hướng dẫn,Khác,Quy trình,kiểm soát chất thải,KCS,[17] KCS - Phòng Kiểm soát Chất lượng,ParsedFromFolder,High,,,,,,
data/[17] KCS - Phòng Kiểm soát Chất lượng/02. Quy chế – Quy định – Quy trình – Hướng dẫn/QT-Lưu đồ quy trình vệ sinh.vsdx,[17] Phòng Kiểm Soát Chất Lượng - KCS,QT-Lưu đồ quy trình vệ sinh.vsdx,QT-Lưu đồ quy trình vệ sinh.vsdx,,,,,,Hiệu lực,,Lưu đồ quy trình vệ sinh,,,,Quy chế – Quy định – Quy trình – Hướng dẫn,Khác,Quy trình,Lưu đồ quy trình vệ sinh,,[17] KCS - Phòng Kiểm soát Chất lượng,ParsedFromFolder,High,,,,,,
data/[17] KCS - Phòng Kiểm soát Chất lượng/03. Tổ chức – Nhân sự/17.2024.QyĐ-KCS-hành Quy định về chức năng nhiệm vụ và cơ cấu tổ chức của phòng Kiểm soát chất lượng-KCS.02-01-2024.pdf,[17] Phòng Kiểm Soát Chất Lượng - KCS,17.2024.QyĐ-KCS-hành Quy định về chức năng nhiệm vụ và cơ cấu tổ chức của phòng Kiểm soát chất lượng-KCS.02-01-2024.pdf,17.2024.QyĐ-KCS-hành Quy định về chức năng nhiệm vụ và cơ cấu tổ chức của phòng Kiểm soát chất lượng-KCS.02-01-2024.pdf,17,2024,2024-01-02,,,Hiệu lực,,hành Quy định về chức năng nhiệm vụ và cơ cấu tổ chức của phòng Kiểm soát chất lượng-KCS,,,,Tổ chức – Nhân sự,Khác,Quy định,hành Quy định về chức năng nhiệm vụ và cơ cấu tổ chức của phòng Kiểm soát chất lượng-KCS,KCS,[17] KCS - Phòng Kiểm soát Chất lượng,ParsedFromFolder,High,,,,,Bản chuẩn,
data/[17] KCS - Phòng Kiểm soát Chất lượng/03. Tổ chức – Nhân sự/196.2026.QĐ-HCNS-Miễn nhiệm vị trí Phó phòng kiểm soát chất lượng-KCS.26-03-2026.pdf,[17] Phòng Kiểm Soát Chất Lượng - KCS,196.2026.QĐ-HCNS-Miễn nhiệm vị trí Phó phòng kiểm soát chất lượng-KCS.26-03-2026.pdf,196.2026.QĐ-HCNS-Miễn nhiệm vị trí Phó phòng kiểm soát chất lượng-KCS.26-03-2026.pdf,196,2026,2026-03-26,,,Hiệu lực,,Miễn nhiệm vị trí Phó phòng kiểm soát chất lượng-KCS,,,,Tổ chức – Nhân sự,Quyết định,,Miễn nhiệm vị trí Phó phòng kiểm soát chất lượng-KCS,HCNS,[17] KCS - Phòng Kiểm soát Chất lượng,ParsedFromFolder,High,,,,,,
data/[17] KCS - Phòng Kiểm soát Chất lượng/03. Tổ chức – Nhân sự/197.2026.QĐ-HCNS-Bổ nhiệm Trưởng phòng kiểm soát chất lượng-KCS.26-03-2026.pdf,[17] Phòng Kiểm Soát Chất Lượng - KCS,197.2026.QĐ-HCNS-Bổ nhiệm Trưởng phòng kiểm soát chất lượng-KCS.26-03-2026.pdf,197.2026.QĐ-HCNS-Bổ nhiệm Trưởng phòng kiểm soát chất lượng-KCS.26-03-2026.pdf,197,2026,2026-03-26,,,Hiệu lực,,Bổ nhiệm Trưởng phòng kiểm soát chất lượng-KCS,,,,Tổ chức – Nhân sự,Quyết định,,Bổ nhiệm Trưởng phòng kiểm soát chất lượng-KCS,HCNS,[17] KCS - Phòng Kiểm soát Chất lượng,ParsedFromFolder,High,,,,,,
data/[17] KCS - Phòng Kiểm soát Chất lượng/03. Tổ chức – Nhân sự/291.2026.QĐ-HCNS-Điều chuyển nhân sự-Trần Thị Hồng Ngát.13-05-2026.pdf,[17] Phòng Kiểm Soát Chất Lượng - KCS,291.2026.QĐ-HCNS-Điều chuyển nhân sự-Trần Thị Hồng Ngát.13-05-2026.pdf,291.2026.QĐ-HCNS-Điều chuyển nhân sự-Trần Thị Hồng Ngát.13-05-2026.pdf,291,2026,2026-05-13,,,Hiệu lực,,Điều chuyển nhân sự-Trần Thị Hồng Ngát,,,,Tổ chức – Nhân sự,Quyết định,,Điều chuyển nhân sự-Trần Thị Hồng Ngát,HCNS,[17] KCS - Phòng Kiểm soát Chất lượng,ParsedFromFolder,High,,,,,,
data/[17] KCS - Phòng Kiểm soát Chất lượng/03. Tổ chức – Nhân sự/292.2026.QĐ-HCNS-Điều chuyển nhân sự-Vũ Thị Hường.13-05-2026.pdf,[17] Phòng Kiểm Soát Chất Lượng - KCS,292.2026.QĐ-HCNS-Điều chuyển nhân sự-Vũ Thị Hường.13-05-2026.pdf,292.2026.QĐ-HCNS-Điều chuyển nhân sự-Vũ Thị Hường.13-05-2026.pdf,292,2026,2026-05-13,,,Hiệu lực,,Điều chuyển nhân sự-Vũ Thị Hường,,,,Tổ chức – Nhân sự,Quyết định,,Điều chuyển nhân sự-Vũ Thị Hường,HCNS,[17] KCS - Phòng Kiểm soát Chất lượng,ParsedFromFolder,High,,,,,,
"data/[17] KCS - Phòng Kiểm soát Chất lượng/03. Tổ chức – Nhân sự/32.2024.QĐ-NS-Quy định về chức năng, nhiệm vụ, và cơ cấu tổ chức của phòng Kiểm soát Chất lượng-KCS.02-01-2024.pdf",[17] Phòng Kiểm Soát Chất Lượng - KCS,"32.2024.QĐ-NS-Quy định về chức năng, nhiệm vụ, và cơ cấu tổ chức của phòng Kiểm soát Chất lượng-KCS.02-01-2024.pdf","32.2024.QĐ-NS-Quy định về chức năng, nhiệm vụ, và cơ cấu tổ chức của phòng Kiểm soát Chất lượng-KCS.02-01-2024.pdf",32,2024,2024-01-02,,,Hiệu lực,,"Quy định về chức năng, nhiệm vụ, và cơ cấu tổ chức của phòng Kiểm soát Chất lượng-KCS",,,,Tổ chức – Nhân sự,Quyết định,Quy định,"về chức năng, nhiệm vụ, và cơ cấu tổ chức của phòng Kiểm soát Chất lượng-KCS",NS,[17] KCS - Phòng Kiểm soát Chất lượng,ParsedFromFolder,High,,,,,Bản sao,
data/[17] KCS - Phòng Kiểm soát Chất lượng/03. Tổ chức – Nhân sự/MTCV-Bản mô tả công việc Phòng kiểm soát chất lượng-KCS.pdf,[17] Phòng Kiểm Soát Chất Lượng - KCS,MTCV-Bản mô tả công việc Phòng kiểm soát chất lượng-KCS.pdf,MTCV-Bản mô tả công việc Phòng kiểm soát chất lượng-KCS.pdf,,,,,,Hiệu lực,,KCS,,,,Tổ chức – Nhân sự,Khác,,KCS,Bản mô tả công việc Phòng kiểm soát chất lượng,[17] KCS - Phòng Kiểm soát Chất lượng,ParsedFromFolder,High,,,,,,
data/[17] KCS - Phòng Kiểm soát Chất lượng/03. Tổ chức – Nhân sự/MTCV-KCS-Mô tả công việc Nhân viên men giống cảm quan.docx,[17] Phòng Kiểm Soát Chất Lượng - KCS,MTCV-KCS-Mô tả công việc Nhân viên men giống cảm quan.docx,MTCV-KCS-Mô tả công việc Nhân viên men giống cảm quan.docx,,,,,,Hiệu lực,,Mô tả công việc Nhân viên men giống cảm quan,,,,Tổ chức – Nhân sự,Khác,,Mô tả công việc Nhân viên men giống cảm quan,KCS,[17] KCS - Phòng Kiểm soát Chất lượng,ParsedFromFolder,High,,,,,,
data/[17] KCS - Phòng Kiểm soát Chất lượng/03. Tổ chức – Nhân sự/MTCV-KCS-Mô tả công việc Trưởng phòng phòng KCS Hạ Long.docx,[17] Phòng Kiểm Soát Chất Lượng - KCS,MTCV-KCS-Mô tả công việc Trưởng phòng phòng KCS Hạ Long.docx,MTCV-KCS-Mô tả công việc Trưởng phòng phòng KCS Hạ Long.docx,,,,,,Hiệu lực,,Mô tả công việc Trưởng phòng phòng KCS Hạ Long,,,,Tổ chức – Nhân sự,Khác,,Mô tả công việc Trưởng phòng phòng KCS Hạ Long,KCS,[17] KCS - Phòng Kiểm soát Chất lượng,ParsedFromFolder,High,,,,,,
data/[17] KCS - Phòng Kiểm soát Chất lượng/03. Tổ chức – Nhân sự/MTCV-KCS-Mô tả công việc nhân viên KCS Đông Mai.docx,[17] Phòng Kiểm Soát Chất Lượng - KCS,MTCV-KCS-Mô tả công việc nhân viên KCS Đông Mai.docx,MTCV-KCS-Mô tả công việc nhân viên KCS Đông Mai.docx,,,,,,Hiệu lực,,Mô tả công việc nhân viên KCS Đông Mai,,,,Tổ chức – Nhân sự,Khác,,Mô tả công việc nhân viên KCS Đông Mai,KCS,[17] KCS - Phòng Kiểm soát Chất lượng,ParsedFromFolder,High,,,,,,
data/[17] KCS - Phòng Kiểm soát Chất lượng/03. Tổ chức – Nhân sự/MTCV-KCS-Mô tả công việc trưởng bộ phận men giống cảm quan.docx,[17] Phòng Kiểm Soát Chất Lượng - KCS,MTCV-KCS-Mô tả công việc trưởng bộ phận men giống cảm quan.docx,MTCV-KCS-Mô tả công việc trưởng bộ phận men giống cảm quan.docx,,,,,,Hiệu lực,,Mô tả công việc trưởng bộ phận men giống cảm quan,,,,Tổ chức – Nhân sự,Khác,,Mô tả công việc trưởng bộ phận men giống cảm quan,KCS,[17] KCS - Phòng Kiểm soát Chất lượng,ParsedFromFolder,High,,,,,,
data/[17] KCS - Phòng Kiểm soát Chất lượng/03. Tổ chức – Nhân sự/MTCV-KCS-Mô tả công việc trưởng phòng Kiểm soát chất lượng KCS.docx,[17] Phòng Kiểm Soát Chất Lượng - KCS,MTCV-KCS-Mô tả công việc trưởng phòng Kiểm soát chất lượng KCS.docx,MTCV-KCS-Mô tả công việc trưởng phòng Kiểm soát chất lượng KCS.docx,,,,,,Hiệu lực,,Mô tả công việc trưởng phòng Kiểm soát chất lượng KCS,,,,Tổ chức – Nhân sự,Khác,,Mô tả công việc trưởng phòng Kiểm soát chất lượng KCS,KCS,[17] KCS - Phòng Kiểm soát Chất lượng,ParsedFromFolder,High,,,,,,
data/[17] KCS - Phòng Kiểm soát Chất lượng/04. Điều hành – Tác nghiệp/2025.KH-KCS-Kế hoạch triển khai chương trình tiên quyết PRP-15-FOOD DEFENSE.11-06-2025.pdf,[17] Phòng Kiểm Soát Chất Lượng - KCS,2025.KH-KCS-Kế hoạch triển khai chương trình tiên quyết PRP-15-FOOD DEFENSE.11-06-2025.pdf,2025.KH-KCS-Kế hoạch triển khai chương trình tiên quyết PRP-15-FOOD DEFENSE.11-06-2025.pdf,,2025,2025-06-11,,,Hiệu lực,,Kế hoạch triển khai chương trình tiên quyết PRP-15-FOOD DEFENSE,,,,Điều hành – Tác nghiệp,Khác,Kế hoạch,triển khai chương trình tiên quyết PRP-15-FOOD DEFENSE,KCS,[17] KCS - Phòng Kiểm soát Chất lượng,ParsedFromFolder,High,,,,,,
data/[18] CĐ - Phòng Cơ điện/02. Quy chế – Quy định – Quy trình – Hướng dẫn/02.2025.QT-CĐ-Quy trình vệ sinh hệ thống phụ trợ.01-04-2025.docx,[18] Phòng Cơ Điện,02.2025.QT-CĐ-Quy trình vệ sinh hệ thống phụ trợ.01-04-2025.docx,02.2025.QT-CĐ-Quy trình vệ sinh hệ thống phụ trợ.01-04-2025.docx,02,2025,2025-04-01,,,Hiệu lực,,Quy trình vệ sinh hệ thống phụ trợ,,,,Quy chế – Quy định – Quy trình – Hướng dẫn,Khác,Quy trình,vệ sinh hệ thống phụ trợ,CĐ,[18] CĐ - Phòng Cơ điện,ParsedFromFolder,High,,,,,,
data/[18] CĐ - Phòng Cơ điện/02. Quy chế – Quy định – Quy trình – Hướng dẫn/02.2025.QT-CĐ-Quy trình vệ sinh hệ thống phụ trợ.01-04-2025.pdf,[18] Phòng Cơ Điện,02.2025.QT-CĐ-Quy trình vệ sinh hệ thống phụ trợ.01-04-2025.pdf,02.2025.QT-CĐ-Quy trình vệ sinh hệ thống phụ trợ.01-04-2025.pdf,02,2025,2025-04-01,,,Hiệu lực,,Quy trình vệ sinh hệ thống phụ trợ,,,,Quy chế – Quy định – Quy trình – Hướng dẫn,Khác,Quy trình,vệ sinh hệ thống phụ trợ,CĐ,[18] CĐ - Phòng Cơ điện,ParsedFromFolder,High,,,,,,
data/[18] CĐ - Phòng Cơ điện/02. Quy chế – Quy định – Quy trình – Hướng dẫn/10.2025.HD-CĐ-Hướng dẫn vạn hành hệ thống chiết Keg 30L KHS-Hạ Long.29-03-2025.docx,[18] Phòng Cơ Điện,10.2025.HD-CĐ-Hướng dẫn vạn hành hệ thống chiết Keg 30L KHS-Hạ Long.29-03-2025.docx,10.2025.HD-CĐ-Hướng dẫn vạn hành hệ thống chiết Keg 30L KHS-Hạ Long.29-03-2025.docx,10,2025,2025-03-29,,,Hiệu lực,,Hướng dẫn vạn hành hệ thống chiết Keg 30L KHS-Hạ Long,,,,Quy chế – Quy định – Quy trình – Hướng dẫn,Khác,Hướng dẫn,vạn hành hệ thống chiết Keg 30L KHS-Hạ Long,CĐ,[18] CĐ - Phòng Cơ điện,ParsedFromFolder,High,,,,,,
data/[18] CĐ - Phòng Cơ điện/02. Quy chế – Quy định – Quy trình – Hướng dẫn/10.2025.HD-CĐ-Hướng dẫn vạn hành hệ thống chiết Keg 30L KHS-Hạ Long.29-03-2025.pdf,[18] Phòng Cơ Điện,10.2025.HD-CĐ-Hướng dẫn vạn hành hệ thống chiết Keg 30L KHS-Hạ Long.29-03-2025.pdf,10.2025.HD-CĐ-Hướng dẫn vạn hành hệ thống chiết Keg 30L KHS-Hạ Long.29-03-2025.pdf,10,2025,2025-03-29,,,Hiệu lực,,Hướng dẫn vạn hành hệ thống chiết Keg 30L KHS-Hạ Long,,,,Quy chế – Quy định – Quy trình – Hướng dẫn,Khác,Hướng dẫn,vạn hành hệ thống chiết Keg 30L KHS-Hạ Long,CĐ,[18] CĐ - Phòng Cơ điện,ParsedFromFolder,High,,,,,,
data/[18] CĐ - Phòng Cơ điện/02. Quy chế – Quy định – Quy trình – Hướng dẫn/101.2025.HD-CĐ-Hướng dẫn vệ sinh máy dỡ chai 10.000Lon-H-Đông Mai.28-08-2025.pdf,[18] Phòng Cơ Điện,101.2025.HD-CĐ-Hướng dẫn vệ sinh máy dỡ chai 10.000Lon-H-Đông Mai.28-08-2025.pdf,101.2025.HD-CĐ-Hướng dẫn vệ sinh máy dỡ chai 10.000Lon-H-Đông Mai.28-08-2025.pdf,101,2025,2025-08-28,,,Hiệu lực,,Hướng dẫn vệ sinh máy dỡ chai 10.000Lon-H-Đông Mai,,,,Quy chế – Quy định – Quy trình – Hướng dẫn,Khác,Hướng dẫn,vệ sinh máy dỡ chai 10.000Lon-H-Đông Mai,CĐ,[18] CĐ - Phòng Cơ điện,ParsedFromFolder,High,,,,,,
data/[18] CĐ - Phòng Cơ điện/02. Quy chế – Quy định – Quy trình – Hướng dẫn/103.2025.HD-CĐ-Hướng dẫn vệ sinh máy rửa chai 10.000 chai-H-Đông Mai.28-08-2025.pdf,[18] Phòng Cơ Điện,103.2025.HD-CĐ-Hướng dẫn vệ sinh máy rửa chai 10.000 chai-H-Đông Mai.28-08-2025.pdf,103.2025.HD-CĐ-Hướng dẫn vệ sinh máy rửa chai 10.000 chai-H-Đông Mai.28-08-2025.pdf,103,2025,2025-08-28,,,Hiệu lực,,Hướng dẫn vệ sinh máy rửa chai 10.000 chai-H-Đông Mai,,,,Quy chế – Quy định – Quy trình – Hướng dẫn,Khác,Hướng dẫn,vệ sinh máy rửa chai 10.000 chai-H-Đông Mai,CĐ,[18] CĐ - Phòng Cơ điện,ParsedFromFolder,High,,,,,,
data/[18] CĐ - Phòng Cơ điện/02. Quy chế – Quy định – Quy trình – Hướng dẫn/105.2025.HD-CĐ-Hướng dẫn vệ sinh hệ thống băng tải chai 10.000 chai-H-Đông Mai.28-08-2025.pdf,[18] Phòng Cơ Điện,105.2025.HD-CĐ-Hướng dẫn vệ sinh hệ thống băng tải chai 10.000 chai-H-Đông Mai.28-08-2025.pdf,105.2025.HD-CĐ-Hướng dẫn vệ sinh hệ thống băng tải chai 10.000 chai-H-Đông Mai.28-08-2025.pdf,105,2025,2025-08-28,,,Hiệu lực,,Hướng dẫn vệ sinh hệ thống băng tải chai 10.000 chai-H-Đông Mai,,,,Quy chế – Quy định – Quy trình – Hướng dẫn,Khác,Hướng dẫn,vệ sinh hệ thống băng tải chai 10.000 chai-H-Đông Mai,CĐ,[18] CĐ - Phòng Cơ điện,ParsedFromFolder,High,,,,,,
data/[18] CĐ - Phòng Cơ điện/02. Quy chế – Quy định – Quy trình – Hướng dẫn/107.2025.HD-CĐ-Hướng dẫn vệ sinh máy chiết chai 10.000 chai-H-Đông Mai.28-08-2025.pdf,[18] Phòng Cơ Điện,107.2025.HD-CĐ-Hướng dẫn vệ sinh máy chiết chai 10.000 chai-H-Đông Mai.28-08-2025.pdf,107.2025.HD-CĐ-Hướng dẫn vệ sinh máy chiết chai 10.000 chai-H-Đông Mai.28-08-2025.pdf,107,2025,2025-08-28,,,Hiệu lực,,Hướng dẫn vệ sinh máy chiết chai 10.000 chai-H-Đông Mai,,,,Quy chế – Quy định – Quy trình – Hướng dẫn,Khác,Hướng dẫn,vệ sinh máy chiết chai 10.000 chai-H-Đông Mai,CĐ,[18] CĐ - Phòng Cơ điện,ParsedFromFolder,High,,,,,,
data/[18] CĐ - Phòng Cơ điện/02. Quy chế – Quy định – Quy trình – Hướng dẫn/109.2025.HD-CĐ-Hướng dẫn vệ sinh máy thanh trùng chai 10.000 chai-h-Đông Mai.28-08-2025.pdf,[18] Phòng Cơ Điện,109.2025.HD-CĐ-Hướng dẫn vệ sinh máy thanh trùng chai 10.000 chai-h-Đông Mai.28-08-2025.pdf,109.2025.HD-CĐ-Hướng dẫn vệ sinh máy thanh trùng chai 10.000 chai-h-Đông Mai.28-08-2025.pdf,109,2025,2025-08-28,,,Hiệu lực,,Hướng dẫn vệ sinh máy thanh trùng chai 10.000 chai-h-Đông Mai,,,,Quy chế – Quy định – Quy trình – Hướng dẫn,Khác,Hướng dẫn,vệ sinh máy thanh trùng chai 10.000 chai-h-Đông Mai,CĐ,[18] CĐ - Phòng Cơ điện,ParsedFromFolder,High,,,,,,
data/[18] CĐ - Phòng Cơ điện/02. Quy chế – Quy định – Quy trình – Hướng dẫn/11.2025.HD-CĐ-Hướng dẫn vận hành hệ thống lạnh-Hạ Long.29-03-2025.docx,[18] Phòng Cơ Điện,11.2025.HD-CĐ-Hướng dẫn vận hành hệ thống lạnh-Hạ Long.29-03-2025.docx,11.2025.HD-CĐ-Hướng dẫn vận hành hệ thống lạnh-Hạ Long.29-03-2025.docx,11,2025,2025-03-29,,,Hiệu lực,,Hướng dẫn vận hành hệ thống lạnh-Hạ Long,,,,Quy chế – Quy định – Quy trình – Hướng dẫn,Khác,Hướng dẫn,vận hành hệ thống lạnh-Hạ Long,CĐ,[18] CĐ - Phòng Cơ điện,ParsedFromFolder,High,,,,,,
data/[18] CĐ - Phòng Cơ điện/02. Quy chế – Quy định – Quy trình – Hướng dẫn/11.2025.HD-CĐ-Hướng dẫn vận hành hệ thống lạnh-Hạ Long.29-03-2025.pdf,[18] Phòng Cơ Điện,11.2025.HD-CĐ-Hướng dẫn vận hành hệ thống lạnh-Hạ Long.29-03-2025.pdf,11.2025.HD-CĐ-Hướng dẫn vận hành hệ thống lạnh-Hạ Long.29-03-2025.pdf,11,2025,2025-03-29,,,Hiệu lực,,Hướng dẫn vận hành hệ thống lạnh-Hạ Long,,,,Quy chế – Quy định – Quy trình – Hướng dẫn,Khác,Hướng dẫn,vận hành hệ thống lạnh-Hạ Long,CĐ,[18] CĐ - Phòng Cơ điện,ParsedFromFolder,High,,,,,,
data/[18] CĐ - Phòng Cơ điện/02. Quy chế – Quy định – Quy trình – Hướng dẫn/111.2025.HD-CĐ-Hướng dẫn vệ sinh máy dán nhãn chai 10.000 chai-h-Đông Mai.28-08-2025.pdf,[18] Phòng Cơ Điện,111.2025.HD-CĐ-Hướng dẫn vệ sinh máy dán nhãn chai 10.000 chai-h-Đông Mai.28-08-2025.pdf,111.2025.HD-CĐ-Hướng dẫn vệ sinh máy dán nhãn chai 10.000 chai-h-Đông Mai.28-08-2025.pdf,111,2025,2025-08-28,,,Hiệu lực,,Hướng dẫn vệ sinh máy dán nhãn chai 10.000 chai-h-Đông Mai,,,,Quy chế – Quy định – Quy trình – Hướng dẫn,Khác,Hướng dẫn,vệ sinh máy dán nhãn chai 10.000 chai-h-Đông Mai,CĐ,[18] CĐ - Phòng Cơ điện,ParsedFromFolder,High,,,,,,
data/[18] CĐ - Phòng Cơ điện/02. Quy chế – Quy định – Quy trình – Hướng dẫn/113.2025.HD-CĐ-Hướng dẫn vệ sinh gắp chai thành phẩm-Đông Mai.28-08-2025.pdf,[18] Phòng Cơ Điện,113.2025.HD-CĐ-Hướng dẫn vệ sinh gắp chai thành phẩm-Đông Mai.28-08-2025.pdf,113.2025.HD-CĐ-Hướng dẫn vệ sinh gắp chai thành phẩm-Đông Mai.28-08-2025.pdf,113,2025,2025-08-28,,,Hiệu lực,,Hướng dẫn vệ sinh gắp chai thành phẩm-Đông Mai,,,,Quy chế – Quy định – Quy trình – Hướng dẫn,Khác,Hướng dẫn,vệ sinh gắp chai thành phẩm-Đông Mai,CĐ,[18] CĐ - Phòng Cơ điện,ParsedFromFolder,High,,,,,,
data/[18] CĐ - Phòng Cơ điện/02. Quy chế – Quy định – Quy trình – Hướng dẫn/115.2025.HD-CĐ-Hướng dẫn vệ sinh máy dỡ vở lon 10.000Lon-H-Đông Mai.28-08-2025.pdf,[18] Phòng Cơ Điện,115.2025.HD-CĐ-Hướng dẫn vệ sinh máy dỡ vở lon 10.000Lon-H-Đông Mai.28-08-2025.pdf,115.2025.HD-CĐ-Hướng dẫn vệ sinh máy dỡ vở lon 10.000Lon-H-Đông Mai.28-08-2025.pdf,115,2025,2025-08-28,,,Hiệu lực,,Hướng dẫn vệ sinh máy dỡ vở lon 10.000Lon-H-Đông Mai,,,,Quy chế – Quy định – Quy trình – Hướng dẫn,Khác,Hướng dẫn,vệ sinh máy dỡ vở lon 10.000Lon-H-Đông Mai,CĐ,[18] CĐ - Phòng Cơ điện,ParsedFromFolder,High,,,,,,
data/[18] CĐ - Phòng Cơ điện/02. Quy chế – Quy định – Quy trình – Hướng dẫn/116.2025.HD-CĐ-Hướng dẫn vận hành hệ thống băng tải lon 10.000 Lon-H-Đông Mai.20-09-2025.docx,[18] Phòng Cơ Điện,116.2025.HD-CĐ-Hướng dẫn vận hành hệ thống băng tải lon 10.000 Lon-H-Đông Mai.20-09-2025.docx,116.2025.HD-CĐ-Hướng dẫn vận hành hệ thống băng tải lon 10.000 Lon-H-Đông Mai.20-09-2025.docx,116,2025,2025-09-20,,,Hiệu lực,,Hướng dẫn vận hành hệ thống băng tải lon 10.000 Lon-H-Đông Mai,,,,Quy chế – Quy định – Quy trình – Hướng dẫn,Khác,Hướng dẫn,vận hành hệ thống băng tải lon 10.000 Lon-H-Đông Mai,CĐ,[18] CĐ - Phòng Cơ điện,ParsedFromFolder,High,,,,,,
data/[18] CĐ - Phòng Cơ điện/02. Quy chế – Quy định – Quy trình – Hướng dẫn/116.2025.HD-CĐ-Hướng dẫn vận hành hệ thống băng tải lon 10.000 Lon-H-Đông Mai.20-09-2025.pdf,[18] Phòng Cơ Điện,116.2025.HD-CĐ-Hướng dẫn vận hành hệ thống băng tải lon 10.000 Lon-H-Đông Mai.20-09-2025.pdf,116.2025.HD-CĐ-Hướng dẫn vận hành hệ thống băng tải lon 10.000 Lon-H-Đông Mai.20-09-2025.pdf,116,2025,2025-09-20,,,Hiệu lực,,Hướng dẫn vận hành hệ thống băng tải lon 10.000 Lon-H-Đông Mai,,,,Quy chế – Quy định – Quy trình – Hướng dẫn,Khác,Hướng dẫn,vận hành hệ thống băng tải lon 10.000 Lon-H-Đông Mai,CĐ,[18] CĐ - Phòng Cơ điện,ParsedFromFolder,High,,,,,,
data/[18] CĐ - Phòng Cơ điện/02. Quy chế – Quy định – Quy trình – Hướng dẫn/118.2025.HD-CĐ-Hướng dẫn vệ sinh hệ thống băng tải Lon 10.000 lon-h-Đông Mai.28-08-2025.pdf,[18] Phòng Cơ Điện,118.2025.HD-CĐ-Hướng dẫn vệ sinh hệ thống băng tải Lon 10.000 lon-h-Đông Mai.28-08-2025.pdf,118.2025.HD-CĐ-Hướng dẫn vệ sinh hệ thống băng tải Lon 10.000 lon-h-Đông Mai.28-08-2025.pdf,118,2025,2025-08-28,,,Hiệu lực,,Hướng dẫn vệ sinh hệ thống băng tải Lon 10.000 lon-h-Đông Mai,,,,Quy chế – Quy định – Quy trình – Hướng dẫn,Khác,Hướng dẫn,vệ sinh hệ thống băng tải Lon 10.000 lon-h-Đông Mai,CĐ,[18] CĐ - Phòng Cơ điện,ParsedFromFolder,High,,,,,,
data/[18] CĐ - Phòng Cơ điện/02. Quy chế – Quy định – Quy trình – Hướng dẫn/12.2025.HD-CĐ-Hướng dẫn công việc hệ thống lạnh-Hạ Long.01-04-2025.docx,[18] Phòng Cơ Điện,12.2025.HD-CĐ-Hướng dẫn công việc hệ thống lạnh-Hạ Long.01-04-2025.docx,12.2025.HD-CĐ-Hướng dẫn công việc hệ thống lạnh-Hạ Long.01-04-2025.docx,12,2025,2025-04-01,,,Hiệu lực,,Hướng dẫn công việc hệ thống lạnh-Hạ Long,,,,Quy chế – Quy định – Quy trình – Hướng dẫn,Khác,Hướng dẫn,công việc hệ thống lạnh-Hạ Long,CĐ,[18] CĐ - Phòng Cơ điện,ParsedFromFolder,High,,,,,,
data/[18] CĐ - Phòng Cơ điện/02. Quy chế – Quy định – Quy trình – Hướng dẫn/12.2025.HD-CĐ-Hướng dẫn công việc hệ thống lạnh-Hạ Long.01-04-2025.pdf,[18] Phòng Cơ Điện,12.2025.HD-CĐ-Hướng dẫn công việc hệ thống lạnh-Hạ Long.01-04-2025.pdf,12.2025.HD-CĐ-Hướng dẫn công việc hệ thống lạnh-Hạ Long.01-04-2025.pdf,12,2025,2025-04-01,,,Hiệu lực,,Hướng dẫn công việc hệ thống lạnh-Hạ Long,,,,Quy chế – Quy định – Quy trình – Hướng dẫn,Khác,Hướng dẫn,công việc hệ thống lạnh-Hạ Long,CĐ,[18] CĐ - Phòng Cơ điện,ParsedFromFolder,High,,,,,,
data/[18] CĐ - Phòng Cơ điện/02. Quy chế – Quy định – Quy trình – Hướng dẫn/121.2025.HD-CĐ-Hướng dẫn vệ sinh máy chiết Lon 10.000 lon-H-Đông Mai.28-08-2025.pdf,[18] Phòng Cơ Điện,121.2025.HD-CĐ-Hướng dẫn vệ sinh máy chiết Lon 10.000 lon-H-Đông Mai.28-08-2025.pdf,121.2025.HD-CĐ-Hướng dẫn vệ sinh máy chiết Lon 10.000 lon-H-Đông Mai.28-08-2025.pdf,121,2025,2025-08-28,,,Hiệu lực,,Hướng dẫn vệ sinh máy chiết Lon 10.000 lon-H-Đông Mai,,,,Quy chế – Quy định – Quy trình – Hướng dẫn,Khác,Hướng dẫn,vệ sinh máy chiết Lon 10.000 lon-H-Đông Mai,CĐ,[18] CĐ - Phòng Cơ điện,ParsedFromFolder,High,,,,,,
data/[18] CĐ - Phòng Cơ điện/02. Quy chế – Quy định – Quy trình – Hướng dẫn/123.2025.HD-CĐ-Hướng dẫn vệ sinh máy thanh trùng Lon 10.000 lon-H-Đông Mai.28-08-2025.pdf,[18] Phòng Cơ Điện,123.2025.HD-CĐ-Hướng dẫn vệ sinh máy thanh trùng Lon 10.000 lon-H-Đông Mai.28-08-2025.pdf,123.2025.HD-CĐ-Hướng dẫn vệ sinh máy thanh trùng Lon 10.000 lon-H-Đông Mai.28-08-2025.pdf,123,2025,2025-08-28,,,Hiệu lực,,Hướng dẫn vệ sinh máy thanh trùng Lon 10.000 lon-H-Đông Mai,,,,Quy chế – Quy định – Quy trình – Hướng dẫn,Khác,Hướng dẫn,vệ sinh máy thanh trùng Lon 10.000 lon-H-Đông Mai,CĐ,[18] CĐ - Phòng Cơ điện,ParsedFromFolder,High,,,,,,
data/[18] CĐ - Phòng Cơ điện/02. Quy chế – Quy định – Quy trình – Hướng dẫn/124.2025.HD-CĐ-Hướng dẫn vận hành máy checkmat lon 10.000 Lon-H-Đông Mai.20-09-2025.docx,[18] Phòng Cơ Điện,124.2025.HD-CĐ-Hướng dẫn vận hành máy checkmat lon 10.000 Lon-H-Đông Mai.20-09-2025.docx,124.2025.HD-CĐ-Hướng dẫn vận hành máy checkmat lon 10.000 Lon-H-Đông Mai.20-09-2025.docx,124,2025,2025-09-20,,,Hiệu lực,,Hướng dẫn vận hành máy checkmat lon 10.000 Lon-H-Đông Mai,,,,Quy chế – Quy định – Quy trình – Hướng dẫn,Khác,Hướng dẫn,vận hành máy checkmat lon 10.000 Lon-H-Đông Mai,CĐ,[18] CĐ - Phòng Cơ điện,ParsedFromFolder,High,,,,,,
data/[18] CĐ - Phòng Cơ điện/02. Quy chế – Quy định – Quy trình – Hướng dẫn/126.2025.HD-CĐ-Hướng dẫn vệ sinh máy checkmat lon 10.000 Lon-H-Đông Mai.20-09-2025.docx,[18] Phòng Cơ Điện,126.2025.HD-CĐ-Hướng dẫn vệ sinh máy checkmat lon 10.000 Lon-H-Đông Mai.20-09-2025.docx,126.2025.HD-CĐ-Hướng dẫn vệ sinh máy checkmat lon 10.000 Lon-H-Đông Mai.20-09-2025.docx,126,2025,2025-09-20,,,Hiệu lực,,Hướng dẫn vệ sinh máy checkmat lon 10.000 Lon-H-Đông Mai,,,,Quy chế – Quy định – Quy trình – Hướng dẫn,Khác,Hướng dẫn,vệ sinh máy checkmat lon 10.000 Lon-H-Đông Mai,CĐ,[18] CĐ - Phòng Cơ điện,ParsedFromFolder,High,,,,,,
data/[18] CĐ - Phòng Cơ điện/02. Quy chế – Quy định – Quy trình – Hướng dẫn/126.2025.HD-CĐ-Hướng dẫn vệ sinh máy checkmat lon 10.000 Lon-H-Đông Mai.20-09-2025.pdf,[18] Phòng Cơ Điện,126.2025.HD-CĐ-Hướng dẫn vệ sinh máy checkmat lon 10.000 Lon-H-Đông Mai.20-09-2025.pdf,126.2025.HD-CĐ-Hướng dẫn vệ sinh máy checkmat lon 10.000 Lon-H-Đông Mai.20-09-2025.pdf,126,2025,2025-09-20,,,Hiệu lực,,Hướng dẫn vệ sinh máy checkmat lon 10.000 Lon-H-Đông Mai,,,,Quy chế – Quy định – Quy trình – Hướng dẫn,Khác,Hướng dẫn,vệ sinh máy checkmat lon 10.000 Lon-H-Đông Mai,CĐ,[18] CĐ - Phòng Cơ điện,ParsedFromFolder,High,,,,,,
data/[18] CĐ - Phòng Cơ điện/02. Quy chế – Quy định – Quy trình – Hướng dẫn/128.2025.HD-CĐ-Hướng dẫn vệ sinh máy đóng thùng 10.000 lon-H-Đông Mai.28-08-2025.pdf,[18] Phòng Cơ Điện,128.2025.HD-CĐ-Hướng dẫn vệ sinh máy đóng thùng 10.000 lon-H-Đông Mai.28-08-2025.pdf,128.2025.HD-CĐ-Hướng dẫn vệ sinh máy đóng thùng 10.000 lon-H-Đông Mai.28-08-2025.pdf,128,2025,2025-08-28,,,Hiệu lực,,Hướng dẫn vệ sinh máy đóng thùng 10.000 lon-H-Đông Mai,,,,Quy chế – Quy định – Quy trình – Hướng dẫn,Khác,Hướng dẫn,vệ sinh máy đóng thùng 10.000 lon-H-Đông Mai,CĐ,[18] CĐ - Phòng Cơ điện,ParsedFromFolder,High,,,,,,
data/[18] CĐ - Phòng Cơ điện/02. Quy chế – Quy định – Quy trình – Hướng dẫn/13.2025.HD-CĐ-Hướng dẫn vệ sinh hệ thống lạnh-Hạ Long.29-03-2025.docx,[18] Phòng Cơ Điện,13.2025.HD-CĐ-Hướng dẫn vệ sinh hệ thống lạnh-Hạ Long.29-03-2025.docx,13.2025.HD-CĐ-Hướng dẫn vệ sinh hệ thống lạnh-Hạ Long.29-03-2025.docx,13,2025,2025-03-29,,,Hiệu lực,,Hướng dẫn vệ sinh hệ thống lạnh-Hạ Long,,,,Quy chế – Quy định – Quy trình – Hướng dẫn,Khác,Hướng dẫn,vệ sinh hệ thống lạnh-Hạ Long,CĐ,[18] CĐ - Phòng Cơ điện,ParsedFromFolder,High,,,,,,
data/[18] CĐ - Phòng Cơ điện/02. Quy chế – Quy định – Quy trình – Hướng dẫn/13.2025.HD-CĐ-Hướng dẫn vệ sinh hệ thống lạnh-Hạ Long.29-03-2025.pdf,[18] Phòng Cơ Điện,13.2025.HD-CĐ-Hướng dẫn vệ sinh hệ thống lạnh-Hạ Long.29-03-2025.pdf,13.2025.HD-CĐ-Hướng dẫn vệ sinh hệ thống lạnh-Hạ Long.29-03-2025.pdf,13,2025,2025-03-29,,,Hiệu lực,,Hướng dẫn vệ sinh hệ thống lạnh-Hạ Long,,,,Quy chế – Quy định – Quy trình – Hướng dẫn,Khác,Hướng dẫn,vệ sinh hệ thống lạnh-Hạ Long,CĐ,[18] CĐ - Phòng Cơ điện,ParsedFromFolder,High,,,,,,
data/[18] CĐ - Phòng Cơ điện/02. Quy chế – Quy định – Quy trình – Hướng dẫn/130.2025.HD-CĐ-Hướng dẫn vệ sinh máy dỡ vỏ lon 30.000 Lon-H-Đông Mai.20-09-2025.docx,[18] Phòng Cơ Điện,130.2025.HD-CĐ-Hướng dẫn vệ sinh máy dỡ vỏ lon 30.000 Lon-H-Đông Mai.20-09-2025.docx,130.2025.HD-CĐ-Hướng dẫn vệ sinh máy dỡ vỏ lon 30.000 Lon-H-Đông Mai.20-09-2025.docx,130,2025,2025-09-20,,,Hiệu lực,,Hướng dẫn vệ sinh máy dỡ vỏ lon 30.000 Lon-H-Đông Mai,,,,Quy chế – Quy định – Quy trình – Hướng dẫn,Khác,Hướng dẫn,vệ sinh máy dỡ vỏ lon 30.000 Lon-H-Đông Mai,CĐ,[18] CĐ - Phòng Cơ điện,ParsedFromFolder,High,,,,,,
data/[18] CĐ - Phòng Cơ điện/02. Quy chế – Quy định – Quy trình – Hướng dẫn/130.2025.HD-CĐ-Hướng dẫn vệ sinh máy dỡ vỏ lon 30.000 Lon-H-Đông Mai.20-09-2025.pdf,[18] Phòng Cơ Điện,130.2025.HD-CĐ-Hướng dẫn vệ sinh máy dỡ vỏ lon 30.000 Lon-H-Đông Mai.20-09-2025.pdf,130.2025.HD-CĐ-Hướng dẫn vệ sinh máy dỡ vỏ lon 30.000 Lon-H-Đông Mai.20-09-2025.pdf,130,2025,2025-09-20,,,Hiệu lực,,Hướng dẫn vệ sinh máy dỡ vỏ lon 30.000 Lon-H-Đông Mai,,,,Quy chế – Quy định – Quy trình – Hướng dẫn,Khác,Hướng dẫn,vệ sinh máy dỡ vỏ lon 30.000 Lon-H-Đông Mai,CĐ,[18] CĐ - Phòng Cơ điện,ParsedFromFolder,High,,,,,,
data/[18] CĐ - Phòng Cơ điện/02. Quy chế – Quy định – Quy trình – Hướng dẫn/131.2025.HD-CĐ-Hướng dẫn vận hành hệ thống băng tải lon 30.000 Lon-H-Đông Mai-v2.20-09-2025.pdf,[18] Phòng Cơ Điện,131.2025.HD-CĐ-Hướng dẫn vận hành hệ thống băng tải lon 30.000 Lon-H-Đông Mai-v2.20-09-2025.pdf,131.2025.HD-CĐ-Hướng dẫn vận hành hệ thống băng tải lon 30.000 Lon-H-Đông Mai-v2.20-09-2025.pdf,131,2025,2025-09-20,,,Hiệu lực,,Hướng dẫn vận hành hệ thống băng tải lon 30.000 Lon-H-Đông Mai-v2,,,,Quy chế – Quy định – Quy trình – Hướng dẫn,Khác,Hướng dẫn,vận hành hệ thống băng tải lon 30.000 Lon-H-Đông Mai-v2,CĐ,[18] CĐ - Phòng Cơ điện,ParsedFromFolder,High,,,,,,
data/[18] CĐ - Phòng Cơ điện/02. Quy chế – Quy định – Quy trình – Hướng dẫn/131.2025.HD-CĐ-Hướng dẫn vận hành hệ thống băng tải lon 30.000 Lon-H-Đông Mai.20-09-2025.docx,[18] Phòng Cơ Điện,131.2025.HD-CĐ-Hướng dẫn vận hành hệ thống băng tải lon 30.000 Lon-H-Đông Mai.20-09-2025.docx,131.2025.HD-CĐ-Hướng dẫn vận hành hệ thống băng tải lon 30.000 Lon-H-Đông Mai.20-09-2025.docx,131,2025,2025-09-20,,,Hiệu lực,,Hướng dẫn vận hành hệ thống băng tải lon 30.000 Lon-H-Đông Mai,,,,Quy chế – Quy định – Quy trình – Hướng dẫn,Khác,Hướng dẫn,vận hành hệ thống băng tải lon 30.000 Lon-H-Đông Mai,CĐ,[18] CĐ - Phòng Cơ điện,ParsedFromFolder,High,,,,,,
data/[18] CĐ - Phòng Cơ điện/02. Quy chế – Quy định – Quy trình – Hướng dẫn/131.2025.HD-CĐ-Hướng dẫn vận hành hệ thống băng tải lon 30.000 Lon-H-Đông Mai.20-09-2025.pdf,[18] Phòng Cơ Điện,131.2025.HD-CĐ-Hướng dẫn vận hành hệ thống băng tải lon 30.000 Lon-H-Đông Mai.20-09-2025.pdf,131.2025.HD-CĐ-Hướng dẫn vận hành hệ thống băng tải lon 30.000 Lon-H-Đông Mai.20-09-2025.pdf,131,2025,2025-09-20,,,Hiệu lực,,Hướng dẫn vận hành hệ thống băng tải lon 30.000 Lon-H-Đông Mai,,,,Quy chế – Quy định – Quy trình – Hướng dẫn,Khác,Hướng dẫn,vận hành hệ thống băng tải lon 30.000 Lon-H-Đông Mai,CĐ,[18] CĐ - Phòng Cơ điện,ParsedFromFolder,High,,,,,,
data/[18] CĐ - Phòng Cơ điện/02. Quy chế – Quy định – Quy trình – Hướng dẫn/133.2025.HDVS-ĐG03.2-DMB-CĐ-Hướng dẫn vệ sinh hệ thống băng tải lon 30.000Lon-H-Đông Mai.20-09-2025.docx,[18] Phòng Cơ Điện,133.2025.HDVS-ĐG03.2-DMB-CĐ-Hướng dẫn vệ sinh hệ thống băng tải lon 30.000Lon-H-Đông Mai.20-09-2025.docx,133.2025.HDVS-ĐG03.2-DMB-CĐ-Hướng dẫn vệ sinh hệ thống băng tải lon 30.000Lon-H-Đông Mai.20-09-2025.docx,133,2025,2025-09-20,,,Hiệu lực,,DMB-CĐ-Hướng dẫn vệ sinh hệ thống băng tải lon 30.000Lon-H-Đông Mai,,,,Quy chế – Quy định – Quy trình – Hướng dẫn,Khác,Hướng dẫn,ĐM-CĐ-Hướng dẫn vệ sinh hệ thống băng tải lon 30.000Lon-H-Đông Mai,ĐG03.2,[18] CĐ - Phòng Cơ điện,ParsedFromFolder,High,,,,,,
data/[18] CĐ - Phòng Cơ điện/02. Quy chế – Quy định – Quy trình – Hướng dẫn/133.2025.HDVS-ĐG03.2-DMB-CĐ-Hướng dẫn vệ sinh hệ thống băng tải lon 30.000Lon-H-Đông Mai.20-09-2025.pdf,[18] Phòng Cơ Điện,133.2025.HDVS-ĐG03.2-DMB-CĐ-Hướng dẫn vệ sinh hệ thống băng tải lon 30.000Lon-H-Đông Mai.20-09-2025.pdf,133.2025.HDVS-ĐG03.2-DMB-CĐ-Hướng dẫn vệ sinh hệ thống băng tải lon 30.000Lon-H-Đông Mai.20-09-2025.pdf,133,2025,2025-09-20,,,Hiệu lực,,DMB-CĐ-Hướng dẫn vệ sinh hệ thống băng tải lon 30.000Lon-H-Đông Mai,,,,Quy chế – Quy định – Quy trình – Hướng dẫn,Khác,Hướng dẫn,ĐM-CĐ-Hướng dẫn vệ sinh hệ thống băng tải lon 30.000Lon-H-Đông Mai,ĐG03.2,[18] CĐ - Phòng Cơ điện,ParsedFromFolder,High,,,,,,
data/[18] CĐ - Phòng Cơ điện/02. Quy chế – Quy định – Quy trình – Hướng dẫn/134.2025.HDBT-ĐG03.3-DMB-CĐ-Hướng dẫn bảo trì máy chiết lon 30.000 lon-giờ-Đông Mai.20-09-2025.docx,[18] Phòng Cơ Điện,134.2025.HDBT-ĐG03.3-DMB-CĐ-Hướng dẫn bảo trì máy chiết lon 30.000 lon-giờ-Đông Mai.20-09-2025.docx,134.2025.HDBT-ĐG03.3-DMB-CĐ-Hướng dẫn bảo trì máy chiết lon 30.000 lon-giờ-Đông Mai.20-09-2025.docx,134,2025,2025-09-20,,,Hiệu lực,,DMB-CĐ-Hướng dẫn bảo trì máy chiết lon 30.000 lon-giờ-Đông Mai,,,,Quy chế – Quy định – Quy trình – Hướng dẫn,Khác,Hướng dẫn,ĐM-CĐ-Hướng dẫn bảo trì máy chiết lon 30.000 lon-giờ-Đông Mai,ĐG03.3,[18] CĐ - Phòng Cơ điện,ParsedFromFolder,High,,,,,,
data/[18] CĐ - Phòng Cơ điện/02. Quy chế – Quy định – Quy trình – Hướng dẫn/134.2025.HDBT-ĐG03.3-DMB-CĐ-Hướng dẫn bảo trì máy chiết lon 30.000 lon-giờ-Đông Mai.20-09-2025.pdf,[18] Phòng Cơ Điện,134.2025.HDBT-ĐG03.3-DMB-CĐ-Hướng dẫn bảo trì máy chiết lon 30.000 lon-giờ-Đông Mai.20-09-2025.pdf,134.2025.HDBT-ĐG03.3-DMB-CĐ-Hướng dẫn bảo trì máy chiết lon 30.000 lon-giờ-Đông Mai.20-09-2025.pdf,134,2025,2025-09-20,,,Hiệu lực,,DMB-CĐ-Hướng dẫn bảo trì máy chiết lon 30.000 lon-giờ-Đông Mai,,,,Quy chế – Quy định – Quy trình – Hướng dẫn,Khác,Hướng dẫn,ĐM-CĐ-Hướng dẫn bảo trì máy chiết lon 30.000 lon-giờ-Đông Mai,ĐG03.3,[18] CĐ - Phòng Cơ điện,ParsedFromFolder,High,,,,,,
data/[18] CĐ - Phòng Cơ điện/02. Quy chế – Quy định – Quy trình – Hướng dẫn/135.2025.HDVS-ĐG03.3-DMB-CĐ-Hướng dẫn vệ sinh máy chiết lon 30.000Lon-H-Đông Mai.20-09-2025.docx,[18] Phòng Cơ Điện,135.2025.HDVS-ĐG03.3-DMB-CĐ-Hướng dẫn vệ sinh máy chiết lon 30.000Lon-H-Đông Mai.20-09-2025.docx,135.2025.HDVS-ĐG03.3-DMB-CĐ-Hướng dẫn vệ sinh máy chiết lon 30.000Lon-H-Đông Mai.20-09-2025.docx,135,2025,2025-09-20,,,Hiệu lực,,DMB-CĐ-Hướng dẫn vệ sinh máy chiết lon 30.000Lon-H-Đông Mai,,,,Quy chế – Quy định – Quy trình – Hướng dẫn,Khác,Hướng dẫn,ĐM-CĐ-Hướng dẫn vệ sinh máy chiết lon 30.000Lon-H-Đông Mai,ĐG03.3,[18] CĐ - Phòng Cơ điện,ParsedFromFolder,High,,,,,,
data/[18] CĐ - Phòng Cơ điện/02. Quy chế – Quy định – Quy trình – Hướng dẫn/135.2025.HDVS-ĐG03.3-DMB-CĐ-Hướng dẫn vệ sinh máy chiết lon 30.000Lon-H-Đông Mai.20-09-2025.pdf,[18] Phòng Cơ Điện,135.2025.HDVS-ĐG03.3-DMB-CĐ-Hướng dẫn vệ sinh máy chiết lon 30.000Lon-H-Đông Mai.20-09-2025.pdf,135.2025.HDVS-ĐG03.3-DMB-CĐ-Hướng dẫn vệ sinh máy chiết lon 30.000Lon-H-Đông Mai.20-09-2025.pdf,135,2025,2025-09-20,,,Hiệu lực,,DMB-CĐ-Hướng dẫn vệ sinh máy chiết lon 30.000Lon-H-Đông Mai,,,,Quy chế – Quy định – Quy trình – Hướng dẫn,Khác,Hướng dẫn,ĐM-CĐ-Hướng dẫn vệ sinh máy chiết lon 30.000Lon-H-Đông Mai,ĐG03.3,[18] CĐ - Phòng Cơ điện,ParsedFromFolder,High,,,,,,
data/[18] CĐ - Phòng Cơ điện/02. Quy chế – Quy định – Quy trình – Hướng dẫn/137.2025.HDVS-ĐG03.5-DMB-CĐ-Hướng dẫn vệ sinh thanh trùng lon 30.000Lon-H-Đông Mai.20-09-2025.docx,[18] Phòng Cơ Điện,137.2025.HDVS-ĐG03.5-DMB-CĐ-Hướng dẫn vệ sinh thanh trùng lon 30.000Lon-H-Đông Mai.20-09-2025.docx,137.2025.HDVS-ĐG03.5-DMB-CĐ-Hướng dẫn vệ sinh thanh trùng lon 30.000Lon-H-Đông Mai.20-09-2025.docx,137,2025,2025-09-20,,,Hiệu lực,,DMB-CĐ-Hướng dẫn vệ sinh thanh trùng lon 30.000Lon-H-Đông Mai,,,,Quy chế – Quy định – Quy trình – Hướng dẫn,Khác,Hướng dẫn,ĐM-CĐ-Hướng dẫn vệ sinh thanh trùng lon 30.000Lon-H-Đông Mai,ĐG03.5,[18] CĐ - Phòng Cơ điện,ParsedFromFolder,High,,,,,,
data/[18] CĐ - Phòng Cơ điện/02. Quy chế – Quy định – Quy trình – Hướng dẫn/137.2025.HDVS-ĐG03.5-DMB-CĐ-Hướng dẫn vệ sinh thanh trùng lon 30.000Lon-H-Đông Mai.20-09-2025.pdf,[18] Phòng Cơ Điện,137.2025.HDVS-ĐG03.5-DMB-CĐ-Hướng dẫn vệ sinh thanh trùng lon 30.000Lon-H-Đông Mai.20-09-2025.pdf,137.2025.HDVS-ĐG03.5-DMB-CĐ-Hướng dẫn vệ sinh thanh trùng lon 30.000Lon-H-Đông Mai.20-09-2025.pdf,137,2025,2025-09-20,,,Hiệu lực,,DMB-CĐ-Hướng dẫn vệ sinh thanh trùng lon 30.000Lon-H-Đông Mai,,,,Quy chế – Quy định – Quy trình – Hướng dẫn,Khác,Hướng dẫn,ĐM-CĐ-Hướng dẫn vệ sinh thanh trùng lon 30.000Lon-H-Đông Mai,ĐG03.5,[18] CĐ - Phòng Cơ điện,ParsedFromFolder,High,,,,,,
data/[18] CĐ - Phòng Cơ điện/02. Quy chế – Quy định – Quy trình – Hướng dẫn/139.2025.HDVS-ĐG03.7-DMB-CĐ-Hướng dẫn vệ sinh máy đóng thùng lon 30.000Lon-H-Đông Mai.20-09-2025.docx,[18] Phòng Cơ Điện,139.2025.HDVS-ĐG03.7-DMB-CĐ-Hướng dẫn vệ sinh máy đóng thùng lon 30.000Lon-H-Đông Mai.20-09-2025.docx,139.2025.HDVS-ĐG03.7-DMB-CĐ-Hướng dẫn vệ sinh máy đóng thùng lon 30.000Lon-H-Đông Mai.20-09-2025.docx,139,2025,2025-09-20,,,Hiệu lực,,DMB-CĐ-Hướng dẫn vệ sinh máy đóng thùng lon 30.000Lon-H-Đông Mai,,,,Quy chế – Quy định – Quy trình – Hướng dẫn,Khác,Hướng dẫn,ĐM-CĐ-Hướng dẫn vệ sinh máy đóng thùng lon 30.000Lon-H-Đông Mai,ĐG03.7,[18] CĐ - Phòng Cơ điện,ParsedFromFolder,High,,,,,,
data/[18] CĐ - Phòng Cơ điện/02. Quy chế – Quy định – Quy trình – Hướng dẫn/139.2025.HDVS-ĐG03.7-DMB-CĐ-Hướng dẫn vệ sinh máy đóng thùng lon 30.000Lon-H-Đông Mai.20-09-2025.pdf,[18] Phòng Cơ Điện,139.2025.HDVS-ĐG03.7-DMB-CĐ-Hướng dẫn vệ sinh máy đóng thùng lon 30.000Lon-H-Đông Mai.20-09-2025.pdf,139.2025.HDVS-ĐG03.7-DMB-CĐ-Hướng dẫn vệ sinh máy đóng thùng lon 30.000Lon-H-Đông Mai.20-09-2025.pdf,139,2025,2025-09-20,,,Hiệu lực,,DMB-CĐ-Hướng dẫn vệ sinh máy đóng thùng lon 30.000Lon-H-Đông Mai,,,,Quy chế – Quy định – Quy trình – Hướng dẫn,Khác,Hướng dẫn,ĐM-CĐ-Hướng dẫn vệ sinh máy đóng thùng lon 30.000Lon-H-Đông Mai,ĐG03.7,[18] CĐ - Phòng Cơ điện,ParsedFromFolder,High,,,,,,
data/[18] CĐ - Phòng Cơ điện/02. Quy chế – Quy định – Quy trình – Hướng dẫn/14.2025.HDVH-PT03-DMB-CĐ-Hướng dẫn vận hành hệ thống lạnh Đông Mai.29-03-2025.docx,[18] Phòng Cơ Điện,14.2025.HDVH-PT03-DMB-CĐ-Hướng dẫn vận hành hệ thống lạnh Đông Mai.29-03-2025.docx,14.2025.HDVH-PT03-DMB-CĐ-Hướng dẫn vận hành hệ thống lạnh Đông Mai.29-03-2025.docx,14,2025,2025-03-29,,,Hiệu lực,,DMB-CĐ-Hướng dẫn vận hành hệ thống lạnh Đông Mai,,,,Quy chế – Quy định – Quy trình – Hướng dẫn,Khác,Hướng dẫn,ĐM-CĐ-Hướng dẫn vận hành hệ thống lạnh Đông Mai,PT03,[18] CĐ - Phòng Cơ điện,ParsedFromFolder,High,,,,,,
data/[18] CĐ - Phòng Cơ điện/02. Quy chế – Quy định – Quy trình – Hướng dẫn/14.2025.HDVH-PT03-DMB-CĐ-Hướng dẫn vận hành hệ thống lạnh Đông Mai.29-03-2025.pdf,[18] Phòng Cơ Điện,14.2025.HDVH-PT03-DMB-CĐ-Hướng dẫn vận hành hệ thống lạnh Đông Mai.29-03-2025.pdf,14.2025.HDVH-PT03-DMB-CĐ-Hướng dẫn vận hành hệ thống lạnh Đông Mai.29-03-2025.pdf,14,2025,2025-03-29,,,Hiệu lực,,DMB-CĐ-Hướng dẫn vận hành hệ thống lạnh Đông Mai,,,,Quy chế – Quy định – Quy trình – Hướng dẫn,Khác,Hướng dẫn,ĐM-CĐ-Hướng dẫn vận hành hệ thống lạnh Đông Mai,PT03,[18] CĐ - Phòng Cơ điện,ParsedFromFolder,High,,,,,,
data/[18] CĐ - Phòng Cơ điện/02. Quy chế – Quy định – Quy trình – Hướng dẫn/141.2025.HDVS-ĐG03.8-DMB-CĐ-Hướng dẫn vệ sinh máy xếp thùng lon 30.000Lon-H-Đông Maii.20-09-2025.docx,[18] Phòng Cơ Điện,141.2025.HDVS-ĐG03.8-DMB-CĐ-Hướng dẫn vệ sinh máy xếp thùng lon 30.000Lon-H-Đông Maii.20-09-2025.docx,141.2025.HDVS-ĐG03.8-DMB-CĐ-Hướng dẫn vệ sinh máy xếp thùng lon 30.000Lon-H-Đông Maii.20-09-2025.docx,141,2025,2025-09-20,,,Hiệu lực,,DMB-CĐ-Hướng dẫn vệ sinh máy xếp thùng lon 30.000Lon-H-Đông Maii,,,,Quy chế – Quy định – Quy trình – Hướng dẫn,Khác,Hướng dẫn,ĐM-CĐ-Hướng dẫn vệ sinh máy xếp thùng lon 30.000Lon-H-Đông Maii,ĐG03.8,[18] CĐ - Phòng Cơ điện,ParsedFromFolder,High,,,,,,
data/[18] CĐ - Phòng Cơ điện/02. Quy chế – Quy định – Quy trình – Hướng dẫn/141.2025.HDVS-ĐG03.8-DMB-CĐ-Hướng dẫn vệ sinh máy xếp thùng lon 30.000Lon-H-Đông Maii.20-09-2025.pdf,[18] Phòng Cơ Điện,141.2025.HDVS-ĐG03.8-DMB-CĐ-Hướng dẫn vệ sinh máy xếp thùng lon 30.000Lon-H-Đông Maii.20-09-2025.pdf,141.2025.HDVS-ĐG03.8-DMB-CĐ-Hướng dẫn vệ sinh máy xếp thùng lon 30.000Lon-H-Đông Maii.20-09-2025.pdf,141,2025,2025-09-20,,,Hiệu lực,,DMB-CĐ-Hướng dẫn vệ sinh máy xếp thùng lon 30.000Lon-H-Đông Maii,,,,Quy chế – Quy định – Quy trình – Hướng dẫn,Khác,Hướng dẫn,ĐM-CĐ-Hướng dẫn vệ sinh máy xếp thùng lon 30.000Lon-H-Đông Maii,ĐG03.8,[18] CĐ - Phòng Cơ điện,ParsedFromFolder,High,,,,,,
data/[18] CĐ - Phòng Cơ điện/02. Quy chế – Quy định – Quy trình – Hướng dẫn/143.2025.HDVH-CN.CO2-HL-CĐ-Hướng dẫn vận hành chiết nạp CO2-Hạ Long.28-08-2025.docx,[18] Phòng Cơ Điện,143.2025.HDVH-CN.CO2-HL-CĐ-Hướng dẫn vận hành chiết nạp CO2-Hạ Long.28-08-2025.docx,143.2025.HDVH-CN.CO2-HL-CĐ-Hướng dẫn vận hành chiết nạp CO2-Hạ Long.28-08-2025.docx,143,2025,2025-08-28,,,Hiệu lực,,HL-CĐ-Hướng dẫn vận hành chiết nạp CO2-Hạ Long,,,,Quy chế – Quy định – Quy trình – Hướng dẫn,Khác,Hướng dẫn,HL-CĐ-Hướng dẫn vận hành chiết nạp CO2-Hạ Long,CN.CO2,[18] CĐ - Phòng Cơ điện,ParsedFromFolder,High,,,,,,
data/[18] CĐ - Phòng Cơ điện/02. Quy chế – Quy định – Quy trình – Hướng dẫn/143.2025.HDVH-CN.CO2-HL-CĐ-Hướng dẫn vận hành chiết nạp CO2-Hạ Long.28-08-2025.pdf,[18] Phòng Cơ Điện,143.2025.HDVH-CN.CO2-HL-CĐ-Hướng dẫn vận hành chiết nạp CO2-Hạ Long.28-08-2025.pdf,143.2025.HDVH-CN.CO2-HL-CĐ-Hướng dẫn vận hành chiết nạp CO2-Hạ Long.28-08-2025.pdf,143,2025,2025-08-28,,,Hiệu lực,,HL-CĐ-Hướng dẫn vận hành chiết nạp CO2-Hạ Long,,,,Quy chế – Quy định – Quy trình – Hướng dẫn,Khác,Hướng dẫn,HL-CĐ-Hướng dẫn vận hành chiết nạp CO2-Hạ Long,CN.CO2,[18] CĐ - Phòng Cơ điện,ParsedFromFolder,High,,,,,,
data/[18] CĐ - Phòng Cơ điện/02. Quy chế – Quy định – Quy trình – Hướng dẫn/144.2025.HDBT-MYCOM-CĐ-Hướng dẫn bảo trì máy nén lạnh Mycom.20-09-2025.docx,[18] Phòng Cơ Điện,144.2025.HDBT-MYCOM-CĐ-Hướng dẫn bảo trì máy nén lạnh Mycom.20-09-2025.docx,144.2025.HDBT-MYCOM-CĐ-Hướng dẫn bảo trì máy nén lạnh Mycom.20-09-2025.docx,144,2025,2025-09-20,,,Hiệu lực,,CĐ-Hướng dẫn bảo trì máy nén lạnh Mycom,,,,Quy chế – Quy định – Quy trình – Hướng dẫn,Khác,Hướng dẫn,CĐ-Hướng dẫn bảo trì máy nén lạnh Mycom,MYCOM,[18] CĐ - Phòng Cơ điện,ParsedFromFolder,High,,,,,,
data/[18] CĐ - Phòng Cơ điện/02. Quy chế – Quy định – Quy trình – Hướng dẫn/144.2025.HDBT-MYCOM-CĐ-Hướng dẫn bảo trì máy nén lạnh Mycom.20-09-2025.pdf,[18] Phòng Cơ Điện,144.2025.HDBT-MYCOM-CĐ-Hướng dẫn bảo trì máy nén lạnh Mycom.20-09-2025.pdf,144.2025.HDBT-MYCOM-CĐ-Hướng dẫn bảo trì máy nén lạnh Mycom.20-09-2025.pdf,144,2025,2025-09-20,,,Hiệu lực,,CĐ-Hướng dẫn bảo trì máy nén lạnh Mycom,,,,Quy chế – Quy định – Quy trình – Hướng dẫn,Khác,Hướng dẫn,CĐ-Hướng dẫn bảo trì máy nén lạnh Mycom,MYCOM,[18] CĐ - Phòng Cơ điện,ParsedFromFolder,High,,,,,,
data/[18] CĐ - Phòng Cơ điện/02. Quy chế – Quy định – Quy trình – Hướng dẫn/145.2025.HDBT-MNCO2-CĐ-Hướng dẫn bảo trì máy nén CO2.20-09-2025.docx,[18] Phòng Cơ Điện,145.2025.HDBT-MNCO2-CĐ-Hướng dẫn bảo trì máy nén CO2.20-09-2025.docx,145.2025.HDBT-MNCO2-CĐ-Hướng dẫn bảo trì máy nén CO2.20-09-2025.docx,145,2025,2025-09-20,,,Hiệu lực,,CĐ-Hướng dẫn bảo trì máy nén CO2,,,,Quy chế – Quy định – Quy trình – Hướng dẫn,Khác,Hướng dẫn,CĐ-Hướng dẫn bảo trì máy nén CO2,MNCO2,[18] CĐ - Phòng Cơ điện,ParsedFromFolder,High,,,,,,
data/[18] CĐ - Phòng Cơ điện/02. Quy chế – Quy định – Quy trình – Hướng dẫn/145.2025.HDBT-MNCO2-CĐ-Hướng dẫn bảo trì máy nén CO2.20-09-2025.pdf,[18] Phòng Cơ Điện,145.2025.HDBT-MNCO2-CĐ-Hướng dẫn bảo trì máy nén CO2.20-09-2025.pdf,145.2025.HDBT-MNCO2-CĐ-Hướng dẫn bảo trì máy nén CO2.20-09-2025.pdf,145,2025,2025-09-20,,,Hiệu lực,,CĐ-Hướng dẫn bảo trì máy nén CO2,,,,Quy chế – Quy định – Quy trình – Hướng dẫn,Khác,Hướng dẫn,CĐ-Hướng dẫn bảo trì máy nén CO2,MNCO2,[18] CĐ - Phòng Cơ điện,ParsedFromFolder,High,,,,,,
data/[18] CĐ - Phòng Cơ điện/02. Quy chế – Quy định – Quy trình – Hướng dẫn/146.2025.HDSD-BRAUMAT-CĐBN-Hướng dẫn sử dụng phần mềm Braumat.28-08-2025.pdf,[18] Phòng Cơ Điện,146.2025.HDSD-BRAUMAT-CĐBN-Hướng dẫn sử dụng phần mềm Braumat.28-08-2025.pdf,146.2025.HDSD-BRAUMAT-CĐBN-Hướng dẫn sử dụng phần mềm Braumat.28-08-2025.pdf,146,2025,2025-08-28,,,Hiệu lực,,CĐBN-Hướng dẫn sử dụng phần mềm Braumat,,,,Quy chế – Quy định – Quy trình – Hướng dẫn,Khác,Hướng dẫn,CĐBN-Hướng dẫn sử dụng phần mềm Braumat,BRAUMAT,[18] CĐ - Phòng Cơ điện,ParsedFromFolder,High,,,,,,
data/[18] CĐ - Phòng Cơ điện/02. Quy chế – Quy định – Quy trình – Hướng dẫn/147.2025.HDBT-PHE-CĐ-Hướng dẫn bảo trì phe-bộ trao đổi nhiệt dạng tấm.20-09-2025.docx,[18] Phòng Cơ Điện,147.2025.HDBT-PHE-CĐ-Hướng dẫn bảo trì phe-bộ trao đổi nhiệt dạng tấm.20-09-2025.docx,147.2025.HDBT-PHE-CĐ-Hướng dẫn bảo trì phe-bộ trao đổi nhiệt dạng tấm.20-09-2025.docx,147,2025,2025-09-20,,,Hiệu lực,,CĐ-Hướng dẫn bảo trì phe-bộ trao đổi nhiệt dạng tấm,,,,Quy chế – Quy định – Quy trình – Hướng dẫn,Khác,Hướng dẫn,CĐ-Hướng dẫn bảo trì phe-bộ trao đổi nhiệt dạng tấm,PHE,[18] CĐ - Phòng Cơ điện,ParsedFromFolder,High,,,,,,
data/[18] CĐ - Phòng Cơ điện/02. Quy chế – Quy định – Quy trình – Hướng dẫn/147.2025.HDBT-PHE-CĐ-Hướng dẫn bảo trì phe-bộ trao đổi nhiệt dạng tấm.20-09-2025.pdf,[18] Phòng Cơ Điện,147.2025.HDBT-PHE-CĐ-Hướng dẫn bảo trì phe-bộ trao đổi nhiệt dạng tấm.20-09-2025.pdf,147.2025.HDBT-PHE-CĐ-Hướng dẫn bảo trì phe-bộ trao đổi nhiệt dạng tấm.20-09-2025.pdf,147,2025,2025-09-20,,,Hiệu lực,,CĐ-Hướng dẫn bảo trì phe-bộ trao đổi nhiệt dạng tấm,,,,Quy chế – Quy định – Quy trình – Hướng dẫn,Khác,Hướng dẫn,CĐ-Hướng dẫn bảo trì phe-bộ trao đổi nhiệt dạng tấm,PHE,[18] CĐ - Phòng Cơ điện,ParsedFromFolder,High,,,,,,
data/[18] CĐ - Phòng Cơ điện/02. Quy chế – Quy định – Quy trình – Hướng dẫn/147.2025.HDVH-CN03-DMB-CĐ-Hướng dẫn vận hành Tank thành phẩm-Đông Mai.28-08-2025.pdf,[18] Phòng Cơ Điện,147.2025.HDVH-CN03-DMB-CĐ-Hướng dẫn vận hành Tank thành phẩm-Đông Mai.28-08-2025.pdf,147.2025.HDVH-CN03-DMB-CĐ-Hướng dẫn vận hành Tank thành phẩm-Đông Mai.28-08-2025.pdf,147,2025,2025-08-28,,,Hiệu lực,,DMB-CĐ-Hướng dẫn vận hành Tank thành phẩm-Đông Mai,,,,Quy chế – Quy định – Quy trình – Hướng dẫn,Khác,Hướng dẫn,ĐM-CĐ-Hướng dẫn vận hành Tank thành phẩm-Đông Mai,CN03,[18] CĐ - Phòng Cơ điện,ParsedFromFolder,High,,,,,,
data/[18] CĐ - Phòng Cơ điện/02. Quy chế – Quy định – Quy trình – Hướng dẫn/148.2025.HDBT-CN03-DMB-CĐ-Hướng dẫn bảo trì tank thành phẩm-Đông Mai.20-09-0202.docx,[18] Phòng Cơ Điện,148.2025.HDBT-CN03-DMB-CĐ-Hướng dẫn bảo trì tank thành phẩm-Đông Mai.20-09-0202.docx,148.2025.HDBT-CN03-DMB-CĐ-Hướng dẫn bảo trì tank thành phẩm-Đông Mai.20-09-0202.docx,148,2025,0202-09-20,,,Hiệu lực,,DMB-CĐ-Hướng dẫn bảo trì tank thành phẩm-Đông Mai,,,,Quy chế – Quy định – Quy trình – Hướng dẫn,Khác,Hướng dẫn,ĐM-CĐ-Hướng dẫn bảo trì tank thành phẩm-Đông Mai,CN03,[18] CĐ - Phòng Cơ điện,ParsedFromFolder,High,,,,,,
data/[18] CĐ - Phòng Cơ điện/02. Quy chế – Quy định – Quy trình – Hướng dẫn/148.2025.HDBT-CN03-DMB-CĐ-Hướng dẫn bảo trì tank thành phẩm-Đông Mai.20-09-2025.pdf,[18] Phòng Cơ Điện,148.2025.HDBT-CN03-DMB-CĐ-Hướng dẫn bảo trì tank thành phẩm-Đông Mai.20-09-2025.pdf,148.2025.HDBT-CN03-DMB-CĐ-Hướng dẫn bảo trì tank thành phẩm-Đông Mai.20-09-2025.pdf,148,2025,2025-09-20,,,Hiệu lực,,DMB-CĐ-Hướng dẫn bảo trì tank thành phẩm-Đông Mai,,,,Quy chế – Quy định – Quy trình – Hướng dẫn,Khác,Hướng dẫn,ĐM-CĐ-Hướng dẫn bảo trì tank thành phẩm-Đông Mai,CN03,[18] CĐ - Phòng Cơ điện,ParsedFromFolder,High,,,,,,
data/[18] CĐ - Phòng Cơ điện/02. Quy chế – Quy định – Quy trình – Hướng dẫn/148.2025.HDBT-VALVE-CĐ-Hướng dẫn bảo trì van.20-09-2025.docx,[18] Phòng Cơ Điện,148.2025.HDBT-VALVE-CĐ-Hướng dẫn bảo trì van.20-09-2025.docx,148.2025.HDBT-VALVE-CĐ-Hướng dẫn bảo trì van.20-09-2025.docx,148,2025,2025-09-20,,,Hiệu lực,,CĐ-Hướng dẫn bảo trì van,,,,Quy chế – Quy định – Quy trình – Hướng dẫn,Khác,Hướng dẫn,CĐ-Hướng dẫn bảo trì van,VALVE,[18] CĐ - Phòng Cơ điện,ParsedFromFolder,High,,,,,,
data/[18] CĐ - Phòng Cơ điện/02. Quy chế – Quy định – Quy trình – Hướng dẫn/148.2025.HDBT-VALVE-CĐ-Hướng dẫn bảo trì van.20-09-2025.pdf,[18] Phòng Cơ Điện,148.2025.HDBT-VALVE-CĐ-Hướng dẫn bảo trì van.20-09-2025.pdf,148.2025.HDBT-VALVE-CĐ-Hướng dẫn bảo trì van.20-09-2025.pdf,148,2025,2025-09-20,,,Hiệu lực,,CĐ-Hướng dẫn bảo trì van,,,,Quy chế – Quy định – Quy trình – Hướng dẫn,Khác,Hướng dẫn,CĐ-Hướng dẫn bảo trì van,VALVE,[18] CĐ - Phòng Cơ điện,ParsedFromFolder,High,,,,,,
data/[18] CĐ - Phòng Cơ điện/02. Quy chế – Quy định – Quy trình – Hướng dẫn/149.2025.HDBT-MOTOR-CĐ-Hướng dẫn bảo trì motor điện.20-09-2025.pdf,[18] Phòng Cơ Điện,149.2025.HDBT-MOTOR-CĐ-Hướng dẫn bảo trì motor điện.20-09-2025.pdf,149.2025.HDBT-MOTOR-CĐ-Hướng dẫn bảo trì motor điện.20-09-2025.pdf,149,2025,2025-09-20,,,Hiệu lực,,CĐ-Hướng dẫn bảo trì motor điện,,,,Quy chế – Quy định – Quy trình – Hướng dẫn,Khác,Hướng dẫn,CĐ-Hướng dẫn bảo trì motor điện,MOTOR,[18] CĐ - Phòng Cơ điện,ParsedFromFolder,High,,,,,,
"data/[18] CĐ - Phòng Cơ điện/02. Quy chế – Quy định – Quy trình – Hướng dẫn/149.2025.HDVS-CN03-DMB-CĐ-Hướng dẫn vệ sinh tank men , tank thành phẩm-Đông Mai.20-09-2025.docx",[18] Phòng Cơ Điện,"149.2025.HDVS-CN03-DMB-CĐ-Hướng dẫn vệ sinh tank men , tank thành phẩm-Đông Mai.20-09-2025.docx","149.2025.HDVS-CN03-DMB-CĐ-Hướng dẫn vệ sinh tank men , tank thành phẩm-Đông Mai.20-09-2025.docx",149,2025,2025-09-20,,,Hiệu lực,,"DMB-CĐ-Hướng dẫn vệ sinh tank men , tank thành phẩm-Đông Mai",,,,Quy chế – Quy định – Quy trình – Hướng dẫn,Khác,Hướng dẫn,"ĐM-CĐ-Hướng dẫn vệ sinh tank men , tank thành phẩm-Đông Mai",CN03,[18] CĐ - Phòng Cơ điện,ParsedFromFolder,High,,,,,,
"data/[18] CĐ - Phòng Cơ điện/02. Quy chế – Quy định – Quy trình – Hướng dẫn/149.2025.HDVS-CN03-DMB-CĐ-Hướng dẫn vệ sinh tank men , tank thành phẩm-Đông Mai.20-09-2025.pdf",[18] Phòng Cơ Điện,"149.2025.HDVS-CN03-DMB-CĐ-Hướng dẫn vệ sinh tank men , tank thành phẩm-Đông Mai.20-09-2025.pdf","149.2025.HDVS-CN03-DMB-CĐ-Hướng dẫn vệ sinh tank men , tank thành phẩm-Đông Mai.20-09-2025.pdf",149,2025,2025-09-20,,,Hiệu lực,,"DMB-CĐ-Hướng dẫn vệ sinh tank men , tank thành phẩm-Đông Mai",,,,Quy chế – Quy định – Quy trình – Hướng dẫn,Khác,Hướng dẫn,"ĐM-CĐ-Hướng dẫn vệ sinh tank men , tank thành phẩm-Đông Mai",CN03,[18] CĐ - Phòng Cơ điện,ParsedFromFolder,High,,,,,,
"data/[18] CĐ - Phòng Cơ điện/02. Quy chế – Quy định – Quy trình – Hướng dẫn/149.2025.HDVS-CN03-DMB-CĐ-Hướng dẫn vệ sinh tank men, tank thành phẩm.20-09-2025.docx",[18] Phòng Cơ Điện,"149.2025.HDVS-CN03-DMB-CĐ-Hướng dẫn vệ sinh tank men, tank thành phẩm.20-09-2025.docx","149.2025.HDVS-CN03-DMB-CĐ-Hướng dẫn vệ sinh tank men, tank thành phẩm.20-09-2025.docx",149,2025,2025-09-20,,,Hiệu lực,,"DMB-CĐ-Hướng dẫn vệ sinh tank men, tank thành phẩm",,,,Quy chế – Quy định – Quy trình – Hướng dẫn,Khác,Hướng dẫn,"ĐM-CĐ-Hướng dẫn vệ sinh tank men, tank thành phẩm",CN03,[18] CĐ - Phòng Cơ điện,ParsedFromFolder,High,,,,,,
data/[18] CĐ - Phòng Cơ điện/02. Quy chế – Quy định – Quy trình – Hướng dẫn/15.2025.HDCV-PT03-DMB-CĐ-Hướng dẫn công việc hệ thống lạnh-Đông Mai.29-03-2025.docx,[18] Phòng Cơ Điện,15.2025.HDCV-PT03-DMB-CĐ-Hướng dẫn công việc hệ thống lạnh-Đông Mai.29-03-2025.docx,15.2025.HDCV-PT03-DMB-CĐ-Hướng dẫn công việc hệ thống lạnh-Đông Mai.29-03-2025.docx,15,2025,2025-03-29,,,Hiệu lực,,DMB-CĐ-Hướng dẫn công việc hệ thống lạnh-Đông Mai,,,,Quy chế – Quy định – Quy trình – Hướng dẫn,Khác,Hướng dẫn,ĐM-CĐ-Hướng dẫn công việc hệ thống lạnh-Đông Mai,PT03,[18] CĐ - Phòng Cơ điện,ParsedFromFolder,High,,,,,,
data/[18] CĐ - Phòng Cơ điện/02. Quy chế – Quy định – Quy trình – Hướng dẫn/15.2025.HDCV-PT03-DMB-CĐ-Hướng dẫn công việc hệ thống lạnh-Đông Mai.29-03-2025.pdf,[18] Phòng Cơ Điện,15.2025.HDCV-PT03-DMB-CĐ-Hướng dẫn công việc hệ thống lạnh-Đông Mai.29-03-2025.pdf,15.2025.HDCV-PT03-DMB-CĐ-Hướng dẫn công việc hệ thống lạnh-Đông Mai.29-03-2025.pdf,15,2025,2025-03-29,,,Hiệu lực,,DMB-CĐ-Hướng dẫn công việc hệ thống lạnh-Đông Mai,,,,Quy chế – Quy định – Quy trình – Hướng dẫn,Khác,Hướng dẫn,ĐM-CĐ-Hướng dẫn công việc hệ thống lạnh-Đông Mai,PT03,[18] CĐ - Phòng Cơ điện,ParsedFromFolder,High,,,,,,
data/[18] CĐ - Phòng Cơ điện/02. Quy chế – Quy định – Quy trình – Hướng dẫn/151.2025.HDBT-PUMP-CĐ-Hướng dẫn bảo trì bơm.20-09-2025.docx,[18] Phòng Cơ Điện,151.2025.HDBT-PUMP-CĐ-Hướng dẫn bảo trì bơm.20-09-2025.docx,151.2025.HDBT-PUMP-CĐ-Hướng dẫn bảo trì bơm.20-09-2025.docx,151,2025,2025-09-20,,,Hiệu lực,,CĐ-Hướng dẫn bảo trì bơm,,,,Quy chế – Quy định – Quy trình – Hướng dẫn,Khác,Hướng dẫn,CĐ-Hướng dẫn bảo trì bơm,PUMP,[18] CĐ - Phòng Cơ điện,ParsedFromFolder,High,,,,,,
data/[18] CĐ - Phòng Cơ điện/02. Quy chế – Quy định – Quy trình – Hướng dẫn/151.2025.HDBT-PUMP-CĐ-Hướng dẫn bảo trì bơm.20-09-2025.pdf,[18] Phòng Cơ Điện,151.2025.HDBT-PUMP-CĐ-Hướng dẫn bảo trì bơm.20-09-2025.pdf,151.2025.HDBT-PUMP-CĐ-Hướng dẫn bảo trì bơm.20-09-2025.pdf,151,2025,2025-09-20,,,Hiệu lực,,CĐ-Hướng dẫn bảo trì bơm,,,,Quy chế – Quy định – Quy trình – Hướng dẫn,Khác,Hướng dẫn,CĐ-Hướng dẫn bảo trì bơm,PUMP,[18] CĐ - Phòng Cơ điện,ParsedFromFolder,High,,,,,,
data/[18] CĐ - Phòng Cơ điện/02. Quy chế – Quy định – Quy trình – Hướng dẫn/152.2025.HDBT-GB-CĐ-Hướng dẫn bảo trì hộp số.20-09-2025.docx,[18] Phòng Cơ Điện,152.2025.HDBT-GB-CĐ-Hướng dẫn bảo trì hộp số.20-09-2025.docx,152.2025.HDBT-GB-CĐ-Hướng dẫn bảo trì hộp số.20-09-2025.docx,152,2025,2025-09-20,,,Hiệu lực,,CĐ-Hướng dẫn bảo trì hộp số,,,,Quy chế – Quy định – Quy trình – Hướng dẫn,Khác,Hướng dẫn,CĐ-Hướng dẫn bảo trì hộp số,GB,[18] CĐ - Phòng Cơ điện,ParsedFromFolder,High,,,,,,
data/[18] CĐ - Phòng Cơ điện/02. Quy chế – Quy định – Quy trình – Hướng dẫn/152.2025.HDBT-GB-CĐ-Hướng dẫn bảo trì hộp số.20-09-2025.pdf,[18] Phòng Cơ Điện,152.2025.HDBT-GB-CĐ-Hướng dẫn bảo trì hộp số.20-09-2025.pdf,152.2025.HDBT-GB-CĐ-Hướng dẫn bảo trì hộp số.20-09-2025.pdf,152,2025,2025-09-20,,,Hiệu lực,,CĐ-Hướng dẫn bảo trì hộp số,,,,Quy chế – Quy định – Quy trình – Hướng dẫn,Khác,Hướng dẫn,CĐ-Hướng dẫn bảo trì hộp số,GB,[18] CĐ - Phòng Cơ điện,ParsedFromFolder,High,,,,,,
data/[18] CĐ - Phòng Cơ điện/02. Quy chế – Quy định – Quy trình – Hướng dẫn/154.2025.HDBT-CYLINDER-CĐ-Hướng dẫn bảo trì xi lanh ( cylinder).20-09-2025.docx,[18] Phòng Cơ Điện,154.2025.HDBT-CYLINDER-CĐ-Hướng dẫn bảo trì xi lanh ( cylinder).20-09-2025.docx,154.2025.HDBT-CYLINDER-CĐ-Hướng dẫn bảo trì xi lanh ( cylinder).20-09-2025.docx,154,2025,2025-09-20,,,Hiệu lực,,CĐ-Hướng dẫn bảo trì xi lanh ( cylinder),,,,Quy chế – Quy định – Quy trình – Hướng dẫn,Khác,Hướng dẫn,CĐ-Hướng dẫn bảo trì xi lanh ( cylinder),CYLINDER,[18] CĐ - Phòng Cơ điện,ParsedFromFolder,High,,,,,,
data/[18] CĐ - Phòng Cơ điện/02. Quy chế – Quy định – Quy trình – Hướng dẫn/154.2025.HDBT-CYLINDER-CĐ-Hướng dẫn bảo trì xi lanh ( cylinder).20-09-2025.pdf,[18] Phòng Cơ Điện,154.2025.HDBT-CYLINDER-CĐ-Hướng dẫn bảo trì xi lanh ( cylinder).20-09-2025.pdf,154.2025.HDBT-CYLINDER-CĐ-Hướng dẫn bảo trì xi lanh ( cylinder).20-09-2025.pdf,154,2025,2025-09-20,,,Hiệu lực,,CĐ-Hướng dẫn bảo trì xi lanh ( cylinder),,,,Quy chế – Quy định – Quy trình – Hướng dẫn,Khác,Hướng dẫn,CĐ-Hướng dẫn bảo trì xi lanh ( cylinder),CYLINDER,[18] CĐ - Phòng Cơ điện,ParsedFromFolder,High,,,,,,
data/[18] CĐ - Phòng Cơ điện/02. Quy chế – Quy định – Quy trình – Hướng dẫn/16.2025.HDVS-PT03-DMB-CĐ-Hướng dẫn vệ sinh hệ thống lạnh-Đông Mai.29-03-2025.docx,[18] Phòng Cơ Điện,16.2025.HDVS-PT03-DMB-CĐ-Hướng dẫn vệ sinh hệ thống lạnh-Đông Mai.29-03-2025.docx,16.2025.HDVS-PT03-DMB-CĐ-Hướng dẫn vệ sinh hệ thống lạnh-Đông Mai.29-03-2025.docx,16,2025,2025-03-29,,,Hiệu lực,,DMB-CĐ-Hướng dẫn vệ sinh hệ thống lạnh-Đông Mai,,,,Quy chế – Quy định – Quy trình – Hướng dẫn,Khác,Hướng dẫn,ĐM-CĐ-Hướng dẫn vệ sinh hệ thống lạnh-Đông Mai,PT03,[18] CĐ - Phòng Cơ điện,ParsedFromFolder,High,,,,,,
data/[18] CĐ - Phòng Cơ điện/02. Quy chế – Quy định – Quy trình – Hướng dẫn/16.2025.HDVS-PT03-DMB-CĐ-Hướng dẫn vệ sinh hệ thống lạnh-Đông Mai.29-03-2025.pdf,[18] Phòng Cơ Điện,16.2025.HDVS-PT03-DMB-CĐ-Hướng dẫn vệ sinh hệ thống lạnh-Đông Mai.29-03-2025.pdf,16.2025.HDVS-PT03-DMB-CĐ-Hướng dẫn vệ sinh hệ thống lạnh-Đông Mai.29-03-2025.pdf,16,2025,2025-03-29,,,Hiệu lực,,DMB-CĐ-Hướng dẫn vệ sinh hệ thống lạnh-Đông Mai,,,,Quy chế – Quy định – Quy trình – Hướng dẫn,Khác,Hướng dẫn,ĐM-CĐ-Hướng dẫn vệ sinh hệ thống lạnh-Đông Mai,PT03,[18] CĐ - Phòng Cơ điện,ParsedFromFolder,High,,,,,,
data/[18] CĐ - Phòng Cơ điện/02. Quy chế – Quy định – Quy trình – Hướng dẫn/161.2025.HDBT-PT07-HL-CĐ-Hướng dẫn bảo trì hệ thống cấp phát điện-Hạ Long.20-09-2025.docx,[18] Phòng Cơ Điện,161.2025.HDBT-PT07-HL-CĐ-Hướng dẫn bảo trì hệ thống cấp phát điện-Hạ Long.20-09-2025.docx,161.2025.HDBT-PT07-HL-CĐ-Hướng dẫn bảo trì hệ thống cấp phát điện-Hạ Long.20-09-2025.docx,161,2025,2025-09-20,,,Hiệu lực,,HL-CĐ-Hướng dẫn bảo trì hệ thống cấp phát điện-Hạ Long,,,,Quy chế – Quy định – Quy trình – Hướng dẫn,Khác,Hướng dẫn,HL-CĐ-Hướng dẫn bảo trì hệ thống cấp phát điện-Hạ Long,PT07,[18] CĐ - Phòng Cơ điện,ParsedFromFolder,High,,,,,,
data/[18] CĐ - Phòng Cơ điện/02. Quy chế – Quy định – Quy trình – Hướng dẫn/161.2025.HDBT-PT07-HL-CĐ-Hướng dẫn bảo trì hệ thống cấp phát điện-Hạ Long.20-09-2025.pdf,[18] Phòng Cơ Điện,161.2025.HDBT-PT07-HL-CĐ-Hướng dẫn bảo trì hệ thống cấp phát điện-Hạ Long.20-09-2025.pdf,161.2025.HDBT-PT07-HL-CĐ-Hướng dẫn bảo trì hệ thống cấp phát điện-Hạ Long.20-09-2025.pdf,161,2025,2025-09-20,,,Hiệu lực,,HL-CĐ-Hướng dẫn bảo trì hệ thống cấp phát điện-Hạ Long,,,,Quy chế – Quy định – Quy trình – Hướng dẫn,Khác,Hướng dẫn,HL-CĐ-Hướng dẫn bảo trì hệ thống cấp phát điện-Hạ Long,PT07,[18] CĐ - Phòng Cơ điện,ParsedFromFolder,High,,,,,,
data/[18] CĐ - Phòng Cơ điện/02. Quy chế – Quy định – Quy trình – Hướng dẫn/17.2025.HDVH-PT05-HL-CĐ-Hướng dẫn vận hành hệ thống thu hồi CO2-Hạ Long.29-03-2025.docx,[18] Phòng Cơ Điện,17.2025.HDVH-PT05-HL-CĐ-Hướng dẫn vận hành hệ thống thu hồi CO2-Hạ Long.29-03-2025.docx,17.2025.HDVH-PT05-HL-CĐ-Hướng dẫn vận hành hệ thống thu hồi CO2-Hạ Long.29-03-2025.docx,17,2025,2025-03-29,,,Hiệu lực,,HL-CĐ-Hướng dẫn vận hành hệ thống thu hồi CO2-Hạ Long,,,,Quy chế – Quy định – Quy trình – Hướng dẫn,Khác,Hướng dẫn,HL-CĐ-Hướng dẫn vận hành hệ thống thu hồi CO2-Hạ Long,PT05,[18] CĐ - Phòng Cơ điện,ParsedFromFolder,High,,,,,,
data/[18] CĐ - Phòng Cơ điện/02. Quy chế – Quy định – Quy trình – Hướng dẫn/17.2025.HDVH-PT05-HL-CĐ-Hướng dẫn vận hành hệ thống thu hồi CO2-Hạ Long.29-03-2025.pdf,[18] Phòng Cơ Điện,17.2025.HDVH-PT05-HL-CĐ-Hướng dẫn vận hành hệ thống thu hồi CO2-Hạ Long.29-03-2025.pdf,17.2025.HDVH-PT05-HL-CĐ-Hướng dẫn vận hành hệ thống thu hồi CO2-Hạ Long.29-03-2025.pdf,17,2025,2025-03-29,,,Hiệu lực,,HL-CĐ-Hướng dẫn vận hành hệ thống thu hồi CO2-Hạ Long,,,,Quy chế – Quy định – Quy trình – Hướng dẫn,Khác,Hướng dẫn,HL-CĐ-Hướng dẫn vận hành hệ thống thu hồi CO2-Hạ Long,PT05,[18] CĐ - Phòng Cơ điện,ParsedFromFolder,High,,,,,,
data/[18] CĐ - Phòng Cơ điện/02. Quy chế – Quy định – Quy trình – Hướng dẫn/18.2025.HDCV-PT05-HL-CĐ-Hướng dẫn công việc hệ thống thu hồi CO2-Hạ Long.01-04-2025.docx,[18] Phòng Cơ Điện,18.2025.HDCV-PT05-HL-CĐ-Hướng dẫn công việc hệ thống thu hồi CO2-Hạ Long.01-04-2025.docx,18.2025.HDCV-PT05-HL-CĐ-Hướng dẫn công việc hệ thống thu hồi CO2-Hạ Long.01-04-2025.docx,18,2025,2025-04-01,,,Hiệu lực,,HL-CĐ-Hướng dẫn công việc hệ thống thu hồi CO2-Hạ Long,,,,Quy chế – Quy định – Quy trình – Hướng dẫn,Khác,Hướng dẫn,HL-CĐ-Hướng dẫn công việc hệ thống thu hồi CO2-Hạ Long,PT05,[18] CĐ - Phòng Cơ điện,ParsedFromFolder,High,,,,,,
data/[18] CĐ - Phòng Cơ điện/02. Quy chế – Quy định – Quy trình – Hướng dẫn/18.2025.HDCV-PT05-HL-CĐ-Hướng dẫn công việc hệ thống thu hồi CO2-Hạ Long.01-04-2025.pdf,[18] Phòng Cơ Điện,18.2025.HDCV-PT05-HL-CĐ-Hướng dẫn công việc hệ thống thu hồi CO2-Hạ Long.01-04-2025.pdf,18.2025.HDCV-PT05-HL-CĐ-Hướng dẫn công việc hệ thống thu hồi CO2-Hạ Long.01-04-2025.pdf,18,2025,2025-04-01,,,Hiệu lực,,HL-CĐ-Hướng dẫn công việc hệ thống thu hồi CO2-Hạ Long,,,,Quy chế – Quy định – Quy trình – Hướng dẫn,Khác,Hướng dẫn,HL-CĐ-Hướng dẫn công việc hệ thống thu hồi CO2-Hạ Long,PT05,[18] CĐ - Phòng Cơ điện,ParsedFromFolder,High,,,,,,
data/[18] CĐ - Phòng Cơ điện/02. Quy chế – Quy định – Quy trình – Hướng dẫn/19.2025.HDVS-PT05-HL-CĐ-Hướng dẫn vệ sinh hệ thống thu hồi CO2-Hạ Long.29-03-2025.docx,[18] Phòng Cơ Điện,19.2025.HDVS-PT05-HL-CĐ-Hướng dẫn vệ sinh hệ thống thu hồi CO2-Hạ Long.29-03-2025.docx,19.2025.HDVS-PT05-HL-CĐ-Hướng dẫn vệ sinh hệ thống thu hồi CO2-Hạ Long.29-03-2025.docx,19,2025,2025-03-29,,,Hiệu lực,,HL-CĐ-Hướng dẫn vệ sinh hệ thống thu hồi CO2-Hạ Long,,,,Quy chế – Quy định – Quy trình – Hướng dẫn,Khác,Hướng dẫn,HL-CĐ-Hướng dẫn vệ sinh hệ thống thu hồi CO2-Hạ Long,PT05,[18] CĐ - Phòng Cơ điện,ParsedFromFolder,High,,,,,,
data/[18] CĐ - Phòng Cơ điện/02. Quy chế – Quy định – Quy trình – Hướng dẫn/19.2025.HDVS-PT05-HL-CĐ-Hướng dẫn vệ sinh hệ thống thu hồi CO2-Hạ Long.29-03-2025.pdf,[18] Phòng Cơ Điện,19.2025.HDVS-PT05-HL-CĐ-Hướng dẫn vệ sinh hệ thống thu hồi CO2-Hạ Long.29-03-2025.pdf,19.2025.HDVS-PT05-HL-CĐ-Hướng dẫn vệ sinh hệ thống thu hồi CO2-Hạ Long.29-03-2025.pdf,19,2025,2025-03-29,,,Hiệu lực,,HL-CĐ-Hướng dẫn vệ sinh hệ thống thu hồi CO2-Hạ Long,,,,Quy chế – Quy định – Quy trình – Hướng dẫn,Khác,Hướng dẫn,HL-CĐ-Hướng dẫn vệ sinh hệ thống thu hồi CO2-Hạ Long,PT05,[18] CĐ - Phòng Cơ điện,ParsedFromFolder,High,,,,,,
data/[18] CĐ - Phòng Cơ điện/02. Quy chế – Quy định – Quy trình – Hướng dẫn/20.2025.HDVH-PT05-DMB-CĐ-Hướng dẫn vận hành hệ thống thu hồi CO2-Đông Mai.29-03-2025.docx,[18] Phòng Cơ Điện,20.2025.HDVH-PT05-DMB-CĐ-Hướng dẫn vận hành hệ thống thu hồi CO2-Đông Mai.29-03-2025.docx,20.2025.HDVH-PT05-DMB-CĐ-Hướng dẫn vận hành hệ thống thu hồi CO2-Đông Mai.29-03-2025.docx,20,2025,2025-03-29,,,Hiệu lực,,DMB-CĐ-Hướng dẫn vận hành hệ thống thu hồi CO2-Đông Mai,,,,Quy chế – Quy định – Quy trình – Hướng dẫn,Khác,Hướng dẫn,ĐM-CĐ-Hướng dẫn vận hành hệ thống thu hồi CO2-Đông Mai,PT05,[18] CĐ - Phòng Cơ điện,ParsedFromFolder,High,,,,,,
data/[18] CĐ - Phòng Cơ điện/02. Quy chế – Quy định – Quy trình – Hướng dẫn/20.2025.HDVH-PT05-DMB-CĐ-Hướng dẫn vận hành hệ thống thu hồi CO2-Đông Mai.29-03-2025.pdf,[18] Phòng Cơ Điện,20.2025.HDVH-PT05-DMB-CĐ-Hướng dẫn vận hành hệ thống thu hồi CO2-Đông Mai.29-03-2025.pdf,20.2025.HDVH-PT05-DMB-CĐ-Hướng dẫn vận hành hệ thống thu hồi CO2-Đông Mai.29-03-2025.pdf,20,2025,2025-03-29,,,Hiệu lực,,DMB-CĐ-Hướng dẫn vận hành hệ thống thu hồi CO2-Đông Mai,,,,Quy chế – Quy định – Quy trình – Hướng dẫn,Khác,Hướng dẫn,ĐM-CĐ-Hướng dẫn vận hành hệ thống thu hồi CO2-Đông Mai,PT05,[18] CĐ - Phòng Cơ điện,ParsedFromFolder,High,,,,,,
data/[18] CĐ - Phòng Cơ điện/02. Quy chế – Quy định – Quy trình – Hướng dẫn/21.2025.HDCV-PT05-DMB-CĐ-Hướng dẫn công việc hệ thống thu hồi CO2-Đông Mai.29-03-2025.docx,[18] Phòng Cơ Điện,21.2025.HDCV-PT05-DMB-CĐ-Hướng dẫn công việc hệ thống thu hồi CO2-Đông Mai.29-03-2025.docx,21.2025.HDCV-PT05-DMB-CĐ-Hướng dẫn công việc hệ thống thu hồi CO2-Đông Mai.29-03-2025.docx,21,2025,2025-03-29,,,Hiệu lực,,DMB-CĐ-Hướng dẫn công việc hệ thống thu hồi CO2-Đông Mai,,,,Quy chế – Quy định – Quy trình – Hướng dẫn,Khác,Hướng dẫn,ĐM-CĐ-Hướng dẫn công việc hệ thống thu hồi CO2-Đông Mai,PT05,[18] CĐ - Phòng Cơ điện,ParsedFromFolder,High,,,,,,
data/[18] CĐ - Phòng Cơ điện/02. Quy chế – Quy định – Quy trình – Hướng dẫn/21.2025.HDCV-PT05-DMB-CĐ-Hướng dẫn công việc hệ thống thu hồi CO2-Đông Mai.29-03-2025.pdf,[18] Phòng Cơ Điện,21.2025.HDCV-PT05-DMB-CĐ-Hướng dẫn công việc hệ thống thu hồi CO2-Đông Mai.29-03-2025.pdf,21.2025.HDCV-PT05-DMB-CĐ-Hướng dẫn công việc hệ thống thu hồi CO2-Đông Mai.29-03-2025.pdf,21,2025,2025-03-29,,,Hiệu lực,,DMB-CĐ-Hướng dẫn công việc hệ thống thu hồi CO2-Đông Mai,,,,Quy chế – Quy định – Quy trình – Hướng dẫn,Khác,Hướng dẫn,ĐM-CĐ-Hướng dẫn công việc hệ thống thu hồi CO2-Đông Mai,PT05,[18] CĐ - Phòng Cơ điện,ParsedFromFolder,High,,,,,,
data/[18] CĐ - Phòng Cơ điện/02. Quy chế – Quy định – Quy trình – Hướng dẫn/22.2025.HDVS-PT05-DMB-CĐ-Hành hướng dẫn vệ sinh hệ thống thu hồi CO2-Đông Mai.29-03-2025.docx,[18] Phòng Cơ Điện,22.2025.HDVS-PT05-DMB-CĐ-Hành hướng dẫn vệ sinh hệ thống thu hồi CO2-Đông Mai.29-03-2025.docx,22.2025.HDVS-PT05-DMB-CĐ-Hành hướng dẫn vệ sinh hệ thống thu hồi CO2-Đông Mai.29-03-2025.docx,22,2025,2025-03-29,,,Hiệu lực,,DMB-CĐ-Hành hướng dẫn vệ sinh hệ thống thu hồi CO2-Đông Mai,,,,Quy chế – Quy định – Quy trình – Hướng dẫn,Khác,Hướng dẫn,ĐM-CĐ-Hành hướng dẫn vệ sinh hệ thống thu hồi CO2-Đông Mai,PT05,[18] CĐ - Phòng Cơ điện,ParsedFromFolder,High,,,,,,
data/[18] CĐ - Phòng Cơ điện/02. Quy chế – Quy định – Quy trình – Hướng dẫn/22.2025.HDVS-PT05-DMB-CĐ-Hành hướng dẫn vệ sinh hệ thống thu hồi CO2-Đông Mai.29-03-2025.pdf,[18] Phòng Cơ Điện,22.2025.HDVS-PT05-DMB-CĐ-Hành hướng dẫn vệ sinh hệ thống thu hồi CO2-Đông Mai.29-03-2025.pdf,22.2025.HDVS-PT05-DMB-CĐ-Hành hướng dẫn vệ sinh hệ thống thu hồi CO2-Đông Mai.29-03-2025.pdf,22,2025,2025-03-29,,,Hiệu lực,,DMB-CĐ-Hành hướng dẫn vệ sinh hệ thống thu hồi CO2-Đông Mai,,,,Quy chế – Quy định – Quy trình – Hướng dẫn,Khác,Hướng dẫn,ĐM-CĐ-Hành hướng dẫn vệ sinh hệ thống thu hồi CO2-Đông Mai,PT05,[18] CĐ - Phòng Cơ điện,ParsedFromFolder,High,,,,,,
data/[18] CĐ - Phòng Cơ điện/02. Quy chế – Quy định – Quy trình – Hướng dẫn/23.2025.HDVH-PT06-HL-CĐ-Hướng dẫn vận hành hệ thống xử lý nước thải-Hạ Long.10-06-2025.pdf,[18] Phòng Cơ Điện,23.2025.HDVH-PT06-HL-CĐ-Hướng dẫn vận hành hệ thống xử lý nước thải-Hạ Long.10-06-2025.pdf,23.2025.HDVH-PT06-HL-CĐ-Hướng dẫn vận hành hệ thống xử lý nước thải-Hạ Long.10-06-2025.pdf,23,2025,2025-06-10,,,Hiệu lực,,HL-CĐ-Hướng dẫn vận hành hệ thống xử lý nước thải-Hạ Long,,,,Quy chế – Quy định – Quy trình – Hướng dẫn,Khác,Hướng dẫn,HL-CĐ-Hướng dẫn vận hành hệ thống xử lý nước thải-Hạ Long,PT06,[18] CĐ - Phòng Cơ điện,ParsedFromFolder,High,,,,,,
data/[18] CĐ - Phòng Cơ điện/02. Quy chế – Quy định – Quy trình – Hướng dẫn/25.2025.HDVS-PT06-HL-CĐ-Hướng dẫn vệ sinh hệ thống xử lý nước thải-Hạ Long.20-09-2025.docx,[18] Phòng Cơ Điện,25.2025.HDVS-PT06-HL-CĐ-Hướng dẫn vệ sinh hệ thống xử lý nước thải-Hạ Long.20-09-2025.docx,25.2025.HDVS-PT06-HL-CĐ-Hướng dẫn vệ sinh hệ thống xử lý nước thải-Hạ Long.20-09-2025.docx,25,2025,2025-09-20,,,Hiệu lực,,HL-CĐ-Hướng dẫn vệ sinh hệ thống xử lý nước thải-Hạ Long,,,,Quy chế – Quy định – Quy trình – Hướng dẫn,Khác,Hướng dẫn,HL-CĐ-Hướng dẫn vệ sinh hệ thống xử lý nước thải-Hạ Long,PT06,[18] CĐ - Phòng Cơ điện,ParsedFromFolder,High,,,,,,
data/[18] CĐ - Phòng Cơ điện/02. Quy chế – Quy định – Quy trình – Hướng dẫn/25.2025.HDVS-PT06-HL-CĐ-Hướng dẫn vệ sinh hệ thống xử lý nước thải-Hạ Long.20-09-2025.pdf,[18] Phòng Cơ Điện,25.2025.HDVS-PT06-HL-CĐ-Hướng dẫn vệ sinh hệ thống xử lý nước thải-Hạ Long.20-09-2025.pdf,25.2025.HDVS-PT06-HL-CĐ-Hướng dẫn vệ sinh hệ thống xử lý nước thải-Hạ Long.20-09-2025.pdf,25,2025,2025-09-20,,,Hiệu lực,,HL-CĐ-Hướng dẫn vệ sinh hệ thống xử lý nước thải-Hạ Long,,,,Quy chế – Quy định – Quy trình – Hướng dẫn,Khác,Hướng dẫn,HL-CĐ-Hướng dẫn vệ sinh hệ thống xử lý nước thải-Hạ Long,PT06,[18] CĐ - Phòng Cơ điện,ParsedFromFolder,High,,,,,,
data/[18] CĐ - Phòng Cơ điện/02. Quy chế – Quy định – Quy trình – Hướng dẫn/26.2025.HDVH-PT02-HL-C-Hướng dẫn vận hành hệ thống lò hơi-Hạ Long.10-06-2025.pdf,[18] Phòng Cơ Điện,26.2025.HDVH-PT02-HL-C-Hướng dẫn vận hành hệ thống lò hơi-Hạ Long.10-06-2025.pdf,26.2025.HDVH-PT02-HL-C-Hướng dẫn vận hành hệ thống lò hơi-Hạ Long.10-06-2025.pdf,26,2025,2025-06-10,,,Hiệu lực,,HL-C-Hướng dẫn vận hành hệ thống lò hơi-Hạ Long,,,,Quy chế – Quy định – Quy trình – Hướng dẫn,Khác,Hướng dẫn,HL-C-Hướng dẫn vận hành hệ thống lò hơi-Hạ Long,PT02,[18] CĐ - Phòng Cơ điện,ParsedFromFolder,High,,,,,,
data/[18] CĐ - Phòng Cơ điện/02. Quy chế – Quy định – Quy trình – Hướng dẫn/27.2025.HDCV-PT02-HL-CĐ-Hướng dẫn công việc hệ thống lò hơi-Hạ Long.10-06-2025.pdf,[18] Phòng Cơ Điện,27.2025.HDCV-PT02-HL-CĐ-Hướng dẫn công việc hệ thống lò hơi-Hạ Long.10-06-2025.pdf,27.2025.HDCV-PT02-HL-CĐ-Hướng dẫn công việc hệ thống lò hơi-Hạ Long.10-06-2025.pdf,27,2025,2025-06-10,,,Hiệu lực,,HL-CĐ-Hướng dẫn công việc hệ thống lò hơi-Hạ Long,,,,Quy chế – Quy định – Quy trình – Hướng dẫn,Khác,Hướng dẫn,HL-CĐ-Hướng dẫn công việc hệ thống lò hơi-Hạ Long,PT02,[18] CĐ - Phòng Cơ điện,ParsedFromFolder,High,,,,,,
data/[18] CĐ - Phòng Cơ điện/02. Quy chế – Quy định – Quy trình – Hướng dẫn/29.2025.HDVH-PT02-DMB-CĐ-Hướng dẫn vận hành lò hơi Biomass 8 tấn-giờ-Đông Mai.10-06-2025.pdf,[18] Phòng Cơ Điện,29.2025.HDVH-PT02-DMB-CĐ-Hướng dẫn vận hành lò hơi Biomass 8 tấn-giờ-Đông Mai.10-06-2025.pdf,29.2025.HDVH-PT02-DMB-CĐ-Hướng dẫn vận hành lò hơi Biomass 8 tấn-giờ-Đông Mai.10-06-2025.pdf,29,2025,2025-06-10,,,Hiệu lực,,DMB-CĐ-Hướng dẫn vận hành lò hơi Biomass 8 tấn-giờ-Đông Mai,,,,Quy chế – Quy định – Quy trình – Hướng dẫn,Khác,Hướng dẫn,ĐM-CĐ-Hướng dẫn vận hành lò hơi Biomass 8 tấn-giờ-Đông Mai,PT02,[18] CĐ - Phòng Cơ điện,ParsedFromFolder,High,,,,,,
data/[18] CĐ - Phòng Cơ điện/02. Quy chế – Quy định – Quy trình – Hướng dẫn/30.2025.HDCV-PT02-DMB-CĐ-Hướng dẫn công việc hệ thống lò hơi Biomass 8 tấn-giờ-Đông Mai.10-06-2025.pdf,[18] Phòng Cơ Điện,30.2025.HDCV-PT02-DMB-CĐ-Hướng dẫn công việc hệ thống lò hơi Biomass 8 tấn-giờ-Đông Mai.10-06-2025.pdf,30.2025.HDCV-PT02-DMB-CĐ-Hướng dẫn công việc hệ thống lò hơi Biomass 8 tấn-giờ-Đông Mai.10-06-2025.pdf,30,2025,2025-06-10,,,Hiệu lực,,DMB-CĐ-Hướng dẫn công việc hệ thống lò hơi Biomass 8 tấn-giờ-Đông Mai,,,,Quy chế – Quy định – Quy trình – Hướng dẫn,Khác,Hướng dẫn,ĐM-CĐ-Hướng dẫn công việc hệ thống lò hơi Biomass 8 tấn-giờ-Đông Mai,PT02,[18] CĐ - Phòng Cơ điện,ParsedFromFolder,High,,,,,,
data/[18] CĐ - Phòng Cơ điện/02. Quy chế – Quy định – Quy trình – Hướng dẫn/31.2025.HDVS-PT02-DMB-CĐ-Hướng dẫn vệ sinh hệ thống lò hơi-Đông Mai.28-08-2025.pdf,[18] Phòng Cơ Điện,31.2025.HDVS-PT02-DMB-CĐ-Hướng dẫn vệ sinh hệ thống lò hơi-Đông Mai.28-08-2025.pdf,31.2025.HDVS-PT02-DMB-CĐ-Hướng dẫn vệ sinh hệ thống lò hơi-Đông Mai.28-08-2025.pdf,31,2025,2025-08-28,,,Hiệu lực,,DMB-CĐ-Hướng dẫn vệ sinh hệ thống lò hơi-Đông Mai,,,,Quy chế – Quy định – Quy trình – Hướng dẫn,Khác,Hướng dẫn,ĐM-CĐ-Hướng dẫn vệ sinh hệ thống lò hơi-Đông Mai,PT02,[18] CĐ - Phòng Cơ điện,ParsedFromFolder,High,,,,,,
data/[18] CĐ - Phòng Cơ điện/02. Quy chế – Quy định – Quy trình – Hướng dẫn/32.2025.HDVH-PT01-DMB-CĐ-Hướng dẫn vận hành hệ thống xử lý nước cấp-Đông Mai.10-06-2025.docx,[18] Phòng Cơ Điện,32.2025.HDVH-PT01-DMB-CĐ-Hướng dẫn vận hành hệ thống xử lý nước cấp-Đông Mai.10-06-2025.docx,32.2025.HDVH-PT01-DMB-CĐ-Hướng dẫn vận hành hệ thống xử lý nước cấp-Đông Mai.10-06-2025.docx,32,2025,2025-06-10,,,Hiệu lực,,DMB-CĐ-Hướng dẫn vận hành hệ thống xử lý nước cấp-Đông Mai,,,,Quy chế – Quy định – Quy trình – Hướng dẫn,Khác,Hướng dẫn,ĐM-CĐ-Hướng dẫn vận hành hệ thống xử lý nước cấp-Đông Mai,PT01,[18] CĐ - Phòng Cơ điện,ParsedFromFolder,High,,,,,,
data/[18] CĐ - Phòng Cơ điện/02. Quy chế – Quy định – Quy trình – Hướng dẫn/32.2025.HDVH-PT01-DMB-CĐ-Hướng dẫn vận hành hệ thống xử lý nước cấp-Đông Mai.10-06-2025.pdf,[18] Phòng Cơ Điện,32.2025.HDVH-PT01-DMB-CĐ-Hướng dẫn vận hành hệ thống xử lý nước cấp-Đông Mai.10-06-2025.pdf,32.2025.HDVH-PT01-DMB-CĐ-Hướng dẫn vận hành hệ thống xử lý nước cấp-Đông Mai.10-06-2025.pdf,32,2025,2025-06-10,,,Hiệu lực,,DMB-CĐ-Hướng dẫn vận hành hệ thống xử lý nước cấp-Đông Mai,,,,Quy chế – Quy định – Quy trình – Hướng dẫn,Khác,Hướng dẫn,ĐM-CĐ-Hướng dẫn vận hành hệ thống xử lý nước cấp-Đông Mai,PT01,[18] CĐ - Phòng Cơ điện,ParsedFromFolder,High,,,,,,
data/[18] CĐ - Phòng Cơ điện/02. Quy chế – Quy định – Quy trình – Hướng dẫn/33.2025.HDCV-PT01-DMB-CĐ-Hướng dẫn công việc hệ thống xử lý nước cấp-Đông Mai.10-06-2025.docx,[18] Phòng Cơ Điện,33.2025.HDCV-PT01-DMB-CĐ-Hướng dẫn công việc hệ thống xử lý nước cấp-Đông Mai.10-06-2025.docx,33.2025.HDCV-PT01-DMB-CĐ-Hướng dẫn công việc hệ thống xử lý nước cấp-Đông Mai.10-06-2025.docx,33,2025,2025-06-10,,,Hiệu lực,,DMB-CĐ-Hướng dẫn công việc hệ thống xử lý nước cấp-Đông Mai,,,,Quy chế – Quy định – Quy trình – Hướng dẫn,Khác,Hướng dẫn,ĐM-CĐ-Hướng dẫn công việc hệ thống xử lý nước cấp-Đông Mai,PT01,[18] CĐ - Phòng Cơ điện,ParsedFromFolder,High,,,,,,
data/[18] CĐ - Phòng Cơ điện/02. Quy chế – Quy định – Quy trình – Hướng dẫn/33.2025.HDCV-PT01-DMB-CĐ-Hướng dẫn công việc hệ thống xử lý nước cấp-Đông Mai.10-06-2025.pdf,[18] Phòng Cơ Điện,33.2025.HDCV-PT01-DMB-CĐ-Hướng dẫn công việc hệ thống xử lý nước cấp-Đông Mai.10-06-2025.pdf,33.2025.HDCV-PT01-DMB-CĐ-Hướng dẫn công việc hệ thống xử lý nước cấp-Đông Mai.10-06-2025.pdf,33,2025,2025-06-10,,,Hiệu lực,,DMB-CĐ-Hướng dẫn công việc hệ thống xử lý nước cấp-Đông Mai,,,,Quy chế – Quy định – Quy trình – Hướng dẫn,Khác,Hướng dẫn,ĐM-CĐ-Hướng dẫn công việc hệ thống xử lý nước cấp-Đông Mai,PT01,[18] CĐ - Phòng Cơ điện,ParsedFromFolder,High,,,,,,
data/[18] CĐ - Phòng Cơ điện/02. Quy chế – Quy định – Quy trình – Hướng dẫn/34.2025.HDVS-PT01-DMB-CĐ-Hướng dẫn vệ sinh hệ thống xử lý nước cấp-Đông Mai.28-08-2025.docx,[18] Phòng Cơ Điện,34.2025.HDVS-PT01-DMB-CĐ-Hướng dẫn vệ sinh hệ thống xử lý nước cấp-Đông Mai.28-08-2025.docx,34.2025.HDVS-PT01-DMB-CĐ-Hướng dẫn vệ sinh hệ thống xử lý nước cấp-Đông Mai.28-08-2025.docx,34,2025,2025-08-28,,,Hiệu lực,,DMB-CĐ-Hướng dẫn vệ sinh hệ thống xử lý nước cấp-Đông Mai,,,,Quy chế – Quy định – Quy trình – Hướng dẫn,Khác,Hướng dẫn,ĐM-CĐ-Hướng dẫn vệ sinh hệ thống xử lý nước cấp-Đông Mai,PT01,[18] CĐ - Phòng Cơ điện,ParsedFromFolder,High,,,,,,
data/[18] CĐ - Phòng Cơ điện/02. Quy chế – Quy định – Quy trình – Hướng dẫn/34.2025.HDVS-PT01-DMB-CĐ-Hướng dẫn vệ sinh hệ thống xử lý nước cấp-Đông Mai.28-08-2025.pdf,[18] Phòng Cơ Điện,34.2025.HDVS-PT01-DMB-CĐ-Hướng dẫn vệ sinh hệ thống xử lý nước cấp-Đông Mai.28-08-2025.pdf,34.2025.HDVS-PT01-DMB-CĐ-Hướng dẫn vệ sinh hệ thống xử lý nước cấp-Đông Mai.28-08-2025.pdf,34,2025,2025-08-28,,,Hiệu lực,,DMB-CĐ-Hướng dẫn vệ sinh hệ thống xử lý nước cấp-Đông Mai,,,,Quy chế – Quy định – Quy trình – Hướng dẫn,Khác,Hướng dẫn,ĐM-CĐ-Hướng dẫn vệ sinh hệ thống xử lý nước cấp-Đông Mai,PT01,[18] CĐ - Phòng Cơ điện,ParsedFromFolder,High,,,,,,
data/[18] CĐ - Phòng Cơ điện/02. Quy chế – Quy định – Quy trình – Hướng dẫn/35.2025.HDVH-PT06-DMB-CĐ-Hướng dẫn vận hành hệ thống xử lý nước thải-Đông Mai.20-09-2025.docx,[18] Phòng Cơ Điện,35.2025.HDVH-PT06-DMB-CĐ-Hướng dẫn vận hành hệ thống xử lý nước thải-Đông Mai.20-09-2025.docx,35.2025.HDVH-PT06-DMB-CĐ-Hướng dẫn vận hành hệ thống xử lý nước thải-Đông Mai.20-09-2025.docx,35,2025,2025-09-20,,,Hiệu lực,,DMB-CĐ-Hướng dẫn vận hành hệ thống xử lý nước thải-Đông Mai,,,,Quy chế – Quy định – Quy trình – Hướng dẫn,Khác,Hướng dẫn,ĐM-CĐ-Hướng dẫn vận hành hệ thống xử lý nước thải-Đông Mai,PT06,[18] CĐ - Phòng Cơ điện,ParsedFromFolder,High,,,,,,
data/[18] CĐ - Phòng Cơ điện/02. Quy chế – Quy định – Quy trình – Hướng dẫn/35.2025.HDVH-PT06-DMB-CĐ-Hướng dẫn vận hành hệ thống xử lý nước thải-Đông Mai.20-09-2025.pdf,[18] Phòng Cơ Điện,35.2025.HDVH-PT06-DMB-CĐ-Hướng dẫn vận hành hệ thống xử lý nước thải-Đông Mai.20-09-2025.pdf,35.2025.HDVH-PT06-DMB-CĐ-Hướng dẫn vận hành hệ thống xử lý nước thải-Đông Mai.20-09-2025.pdf,35,2025,2025-09-20,,,Hiệu lực,,DMB-CĐ-Hướng dẫn vận hành hệ thống xử lý nước thải-Đông Mai,,,,Quy chế – Quy định – Quy trình – Hướng dẫn,Khác,Hướng dẫn,ĐM-CĐ-Hướng dẫn vận hành hệ thống xử lý nước thải-Đông Mai,PT06,[18] CĐ - Phòng Cơ điện,ParsedFromFolder,High,,,,,,
data/[18] CĐ - Phòng Cơ điện/02. Quy chế – Quy định – Quy trình – Hướng dẫn/36.2025.HDCV-PT06-DMB-CĐ-Hướng dẫn công việc hệ thống xử lý nước thải-Đông Mai.20-09-2025.pdf,[18] Phòng Cơ Điện,36.2025.HDCV-PT06-DMB-CĐ-Hướng dẫn công việc hệ thống xử lý nước thải-Đông Mai.20-09-2025.pdf,36.2025.HDCV-PT06-DMB-CĐ-Hướng dẫn công việc hệ thống xử lý nước thải-Đông Mai.20-09-2025.pdf,36,2025,2025-09-20,,,Hiệu lực,,DMB-CĐ-Hướng dẫn công việc hệ thống xử lý nước thải-Đông Mai,,,,Quy chế – Quy định – Quy trình – Hướng dẫn,Khác,Hướng dẫn,ĐM-CĐ-Hướng dẫn công việc hệ thống xử lý nước thải-Đông Mai,PT06,[18] CĐ - Phòng Cơ điện,ParsedFromFolder,High,,,,,,
data/[18] CĐ - Phòng Cơ điện/02. Quy chế – Quy định – Quy trình – Hướng dẫn/37.2025.HDVS-PT06-DMB-CĐ-Hướng dẫn vệ sinh hệ thống xử lý nước thải-Đông Mai.28-08-2025.pdf,[18] Phòng Cơ Điện,37.2025.HDVS-PT06-DMB-CĐ-Hướng dẫn vệ sinh hệ thống xử lý nước thải-Đông Mai.28-08-2025.pdf,37.2025.HDVS-PT06-DMB-CĐ-Hướng dẫn vệ sinh hệ thống xử lý nước thải-Đông Mai.28-08-2025.pdf,37,2025,2025-08-28,,,Hiệu lực,,DMB-CĐ-Hướng dẫn vệ sinh hệ thống xử lý nước thải-Đông Mai,,,,Quy chế – Quy định – Quy trình – Hướng dẫn,Khác,Hướng dẫn,ĐM-CĐ-Hướng dẫn vệ sinh hệ thống xử lý nước thải-Đông Mai,PT06,[18] CĐ - Phòng Cơ điện,ParsedFromFolder,High,,,,,,
data/[18] CĐ - Phòng Cơ điện/02. Quy chế – Quy định – Quy trình – Hướng dẫn/38.2025.HDVH-ĐG01.2-DMB-CĐ-Hướng dẫn vận hành máy rửa chai 10.000 chai-h-Đông mai.31-07-2025.pdf,[18] Phòng Cơ Điện,38.2025.HDVH-ĐG01.2-DMB-CĐ-Hướng dẫn vận hành máy rửa chai 10.000 chai-h-Đông mai.31-07-2025.pdf,38.2025.HDVH-ĐG01.2-DMB-CĐ-Hướng dẫn vận hành máy rửa chai 10.000 chai-h-Đông mai.31-07-2025.pdf,38,2025,2025-07-31,,,Hiệu lực,,DMB-CĐ-Hướng dẫn vận hành máy rửa chai 10.000 chai-h-Đông mai,,,,Quy chế – Quy định – Quy trình – Hướng dẫn,Khác,Hướng dẫn,ĐM-CĐ-Hướng dẫn vận hành máy rửa chai 10.000 chai-h-Đông mai,ĐG01.2,[18] CĐ - Phòng Cơ điện,ParsedFromFolder,High,,,,,,
data/[18] CĐ - Phòng Cơ điện/02. Quy chế – Quy định – Quy trình – Hướng dẫn/39.2025.HDVH-ĐG01.4-DMB-CĐ-Hướng dẫn vận hành máy chiết chai 10.000 chai-h-Đông mai.31-07-2025.pdf,[18] Phòng Cơ Điện,39.2025.HDVH-ĐG01.4-DMB-CĐ-Hướng dẫn vận hành máy chiết chai 10.000 chai-h-Đông mai.31-07-2025.pdf,39.2025.HDVH-ĐG01.4-DMB-CĐ-Hướng dẫn vận hành máy chiết chai 10.000 chai-h-Đông mai.31-07-2025.pdf,39,2025,2025-07-31,,,Hiệu lực,,DMB-CĐ-Hướng dẫn vận hành máy chiết chai 10.000 chai-h-Đông mai,,,,Quy chế – Quy định – Quy trình – Hướng dẫn,Khác,Hướng dẫn,ĐM-CĐ-Hướng dẫn vận hành máy chiết chai 10.000 chai-h-Đông mai,ĐG01.4,[18] CĐ - Phòng Cơ điện,ParsedFromFolder,High,,,,,,
data/[18] CĐ - Phòng Cơ điện/02. Quy chế – Quy định – Quy trình – Hướng dẫn/40.2025.HDVH-ĐG01.8-DMB-CĐ-Hướng dẫn vận hành máy gắp thành phẩm 10.000 chai-h-Đông mai.31-07-2025.pdf,[18] Phòng Cơ Điện,40.2025.HDVH-ĐG01.8-DMB-CĐ-Hướng dẫn vận hành máy gắp thành phẩm 10.000 chai-h-Đông mai.31-07-2025.pdf,40.2025.HDVH-ĐG01.8-DMB-CĐ-Hướng dẫn vận hành máy gắp thành phẩm 10.000 chai-h-Đông mai.31-07-2025.pdf,40,2025,2025-07-31,,,Hiệu lực,,DMB-CĐ-Hướng dẫn vận hành máy gắp thành phẩm 10.000 chai-h-Đông mai,,,,Quy chế – Quy định – Quy trình – Hướng dẫn,Khác,Hướng dẫn,ĐM-CĐ-Hướng dẫn vận hành máy gắp thành phẩm 10.000 chai-h-Đông mai,ĐG01.8,[18] CĐ - Phòng Cơ điện,ParsedFromFolder,High,,,,,,
data/[18] CĐ - Phòng Cơ điện/02. Quy chế – Quy định – Quy trình – Hướng dẫn/41.2025.HDVH-PT04-DMB-CĐ-Hướng dẫn vận hành hệ thống khí nén-Đông mai.31-07-2025.pdf,[18] Phòng Cơ Điện,41.2025.HDVH-PT04-DMB-CĐ-Hướng dẫn vận hành hệ thống khí nén-Đông mai.31-07-2025.pdf,41.2025.HDVH-PT04-DMB-CĐ-Hướng dẫn vận hành hệ thống khí nén-Đông mai.31-07-2025.pdf,41,2025,2025-07-31,,,Hiệu lực,,DMB-CĐ-Hướng dẫn vận hành hệ thống khí nén-Đông mai,,,,Quy chế – Quy định – Quy trình – Hướng dẫn,Khác,Hướng dẫn,ĐM-CĐ-Hướng dẫn vận hành hệ thống khí nén-Đông mai,PT04,[18] CĐ - Phòng Cơ điện,ParsedFromFolder,High,,,,,,
data/[18] CĐ - Phòng Cơ điện/02. Quy chế – Quy định – Quy trình – Hướng dẫn/43.2025.HDVS-PT04-DMB-CĐ-Hướng dẫn vệ sinh hệ thống máy nén khí-Đông Mai.28-08-2025.pdf,[18] Phòng Cơ Điện,43.2025.HDVS-PT04-DMB-CĐ-Hướng dẫn vệ sinh hệ thống máy nén khí-Đông Mai.28-08-2025.pdf,43.2025.HDVS-PT04-DMB-CĐ-Hướng dẫn vệ sinh hệ thống máy nén khí-Đông Mai.28-08-2025.pdf,43,2025,2025-08-28,,,Hiệu lực,,DMB-CĐ-Hướng dẫn vệ sinh hệ thống máy nén khí-Đông Mai,,,,Quy chế – Quy định – Quy trình – Hướng dẫn,Khác,Hướng dẫn,ĐM-CĐ-Hướng dẫn vệ sinh hệ thống máy nén khí-Đông Mai,PT04,[18] CĐ - Phòng Cơ điện,ParsedFromFolder,High,,,,,,
data/[18] CĐ - Phòng Cơ điện/02. Quy chế – Quy định – Quy trình – Hướng dẫn/44.2025.HDVH-ĐG01.6-DMB-CĐ-Hướng dẫn vận hành máy thanh trùng chai 10.000 chai-h-Đông mai.31-07-2025.pdf,[18] Phòng Cơ Điện,44.2025.HDVH-ĐG01.6-DMB-CĐ-Hướng dẫn vận hành máy thanh trùng chai 10.000 chai-h-Đông mai.31-07-2025.pdf,44.2025.HDVH-ĐG01.6-DMB-CĐ-Hướng dẫn vận hành máy thanh trùng chai 10.000 chai-h-Đông mai.31-07-2025.pdf,44,2025,2025-07-31,,,Hiệu lực,,DMB-CĐ-Hướng dẫn vận hành máy thanh trùng chai 10.000 chai-h-Đông mai,,,,Quy chế – Quy định – Quy trình – Hướng dẫn,Khác,Hướng dẫn,ĐM-CĐ-Hướng dẫn vận hành máy thanh trùng chai 10.000 chai-h-Đông mai,ĐG01.6,[18] CĐ - Phòng Cơ điện,ParsedFromFolder,High,,,,,,
data/[18] CĐ - Phòng Cơ điện/02. Quy chế – Quy định – Quy trình – Hướng dẫn/45.2025.HDVH-ĐG01.1-DMB-CĐ-Hướng dẫn vận hành máy gắp vỏ chai 10.000 chai-h-Đông mai.31-07-2025.pdf,[18] Phòng Cơ Điện,45.2025.HDVH-ĐG01.1-DMB-CĐ-Hướng dẫn vận hành máy gắp vỏ chai 10.000 chai-h-Đông mai.31-07-2025.pdf,45.2025.HDVH-ĐG01.1-DMB-CĐ-Hướng dẫn vận hành máy gắp vỏ chai 10.000 chai-h-Đông mai.31-07-2025.pdf,45,2025,2025-07-31,,,Hiệu lực,,DMB-CĐ-Hướng dẫn vận hành máy gắp vỏ chai 10.000 chai-h-Đông mai,,,,Quy chế – Quy định – Quy trình – Hướng dẫn,Khác,Hướng dẫn,ĐM-CĐ-Hướng dẫn vận hành máy gắp vỏ chai 10.000 chai-h-Đông mai,ĐG01.1,[18] CĐ - Phòng Cơ điện,ParsedFromFolder,High,,,,,,
data/[18] CĐ - Phòng Cơ điện/02. Quy chế – Quy định – Quy trình – Hướng dẫn/46.2025.HDVH-ĐG01.7-DMB-CĐ-Hướng dẫn vận hành máy dán nhãn chai 10.000 chai-h-Đông mai.31-07-2025.pdf,[18] Phòng Cơ Điện,46.2025.HDVH-ĐG01.7-DMB-CĐ-Hướng dẫn vận hành máy dán nhãn chai 10.000 chai-h-Đông mai.31-07-2025.pdf,46.2025.HDVH-ĐG01.7-DMB-CĐ-Hướng dẫn vận hành máy dán nhãn chai 10.000 chai-h-Đông mai.31-07-2025.pdf,46,2025,2025-07-31,,,Hiệu lực,,DMB-CĐ-Hướng dẫn vận hành máy dán nhãn chai 10.000 chai-h-Đông mai,,,,Quy chế – Quy định – Quy trình – Hướng dẫn,Khác,Hướng dẫn,ĐM-CĐ-Hướng dẫn vận hành máy dán nhãn chai 10.000 chai-h-Đông mai,ĐG01.7,[18] CĐ - Phòng Cơ điện,ParsedFromFolder,High,,,,,,
data/[18] CĐ - Phòng Cơ điện/02. Quy chế – Quy định – Quy trình – Hướng dẫn/47.2025.HDVH-ĐG01.3-DMB-CĐ-Hướng dẫn vận hành máy băng tải chai 10.000 chai-h-Đông mai.31-07-2025.pdf,[18] Phòng Cơ Điện,47.2025.HDVH-ĐG01.3-DMB-CĐ-Hướng dẫn vận hành máy băng tải chai 10.000 chai-h-Đông mai.31-07-2025.pdf,47.2025.HDVH-ĐG01.3-DMB-CĐ-Hướng dẫn vận hành máy băng tải chai 10.000 chai-h-Đông mai.31-07-2025.pdf,47,2025,2025-07-31,,,Hiệu lực,,DMB-CĐ-Hướng dẫn vận hành máy băng tải chai 10.000 chai-h-Đông mai,,,,Quy chế – Quy định – Quy trình – Hướng dẫn,Khác,Hướng dẫn,ĐM-CĐ-Hướng dẫn vận hành máy băng tải chai 10.000 chai-h-Đông mai,ĐG01.3,[18] CĐ - Phòng Cơ điện,ParsedFromFolder,High,,,,,,
data/[18] CĐ - Phòng Cơ điện/02. Quy chế – Quy định – Quy trình – Hướng dẫn/50.2025.HDVH-ĐG02.5-CĐ-Hướng dẫn vận hành máy thanh trùng lon 10.000 Lon-H-v2.20-09-2025.pdf,[18] Phòng Cơ Điện,50.2025.HDVH-ĐG02.5-CĐ-Hướng dẫn vận hành máy thanh trùng lon 10.000 Lon-H-v2.20-09-2025.pdf,50.2025.HDVH-ĐG02.5-CĐ-Hướng dẫn vận hành máy thanh trùng lon 10.000 Lon-H-v2.20-09-2025.pdf,50,2025,2025-09-20,,,Hiệu lực,,CĐ-Hướng dẫn vận hành máy thanh trùng lon 10.000 Lon-H-v2,,,,Quy chế – Quy định – Quy trình – Hướng dẫn,Khác,Hướng dẫn,CĐ-Hướng dẫn vận hành máy thanh trùng lon 10.000 Lon-H-v2,ĐG02.5,[18] CĐ - Phòng Cơ điện,ParsedFromFolder,High,,,,,Bản chuẩn,
data/[18] CĐ - Phòng Cơ điện/02. Quy chế – Quy định – Quy trình – Hướng dẫn/50.2025.HDVH-ĐG02.5-CĐ-Hướng dẫn vận hành máy thanh trùng lon 10.000 Lon-H.20-09-2025.pdf,[18] Phòng Cơ Điện,50.2025.HDVH-ĐG02.5-CĐ-Hướng dẫn vận hành máy thanh trùng lon 10.000 Lon-H.20-09-2025.pdf,50.2025.HDVH-ĐG02.5-CĐ-Hướng dẫn vận hành máy thanh trùng lon 10.000 Lon-H.20-09-2025.pdf,50,2025,2025-09-20,,,Hiệu lực,,CĐ-Hướng dẫn vận hành máy thanh trùng lon 10.000 Lon-H,,,,Quy chế – Quy định – Quy trình – Hướng dẫn,Khác,Hướng dẫn,CĐ-Hướng dẫn vận hành máy thanh trùng lon 10.000 Lon-H,ĐG02.5,[18] CĐ - Phòng Cơ điện,ParsedFromFolder,High,,,,,Bản sao,
data/[18] CĐ - Phòng Cơ điện/02. Quy chế – Quy định – Quy trình – Hướng dẫn/51.2025.HDVH-ĐG02.7-CĐ-Hướng dẫn vận hành máy dán hộp lon 10.000 lon-giờ-Đông Mai.20-09-2025.pdf,[18] Phòng Cơ Điện,51.2025.HDVH-ĐG02.7-CĐ-Hướng dẫn vận hành máy dán hộp lon 10.000 lon-giờ-Đông Mai.20-09-2025.pdf,51.2025.HDVH-ĐG02.7-CĐ-Hướng dẫn vận hành máy dán hộp lon 10.000 lon-giờ-Đông Mai.20-09-2025.pdf,51,2025,2025-09-20,,,Hiệu lực,,CĐ-Hướng dẫn vận hành máy dán hộp lon 10.000 lon-giờ-Đông Mai,,,,Quy chế – Quy định – Quy trình – Hướng dẫn,Khác,Hướng dẫn,CĐ-Hướng dẫn vận hành máy dán hộp lon 10.000 lon-giờ-Đông Mai,ĐG02.7,[18] CĐ - Phòng Cơ điện,ParsedFromFolder,High,,,,,,
data/[18] CĐ - Phòng Cơ điện/02. Quy chế – Quy định – Quy trình – Hướng dẫn/53.2025.HDVH-PT01-HL-CĐ-Hướng dẫn vận hành hệ thống xử lý nước cấp-Hạ Long.20-09-2025.docx,[18] Phòng Cơ Điện,53.2025.HDVH-PT01-HL-CĐ-Hướng dẫn vận hành hệ thống xử lý nước cấp-Hạ Long.20-09-2025.docx,53.2025.HDVH-PT01-HL-CĐ-Hướng dẫn vận hành hệ thống xử lý nước cấp-Hạ Long.20-09-2025.docx,53,2025,2025-09-20,,,Hiệu lực,,HL-CĐ-Hướng dẫn vận hành hệ thống xử lý nước cấp-Hạ Long,,,,Quy chế – Quy định – Quy trình – Hướng dẫn,Khác,Hướng dẫn,HL-CĐ-Hướng dẫn vận hành hệ thống xử lý nước cấp-Hạ Long,PT01,[18] CĐ - Phòng Cơ điện,ParsedFromFolder,High,,,,,,
data/[18] CĐ - Phòng Cơ điện/02. Quy chế – Quy định – Quy trình – Hướng dẫn/53.2025.HDVH-PT01-HL-CĐ-Hướng dẫn vận hành hệ thống xử lý nước cấp-Hạ Long.20-09-2025.pdf,[18] Phòng Cơ Điện,53.2025.HDVH-PT01-HL-CĐ-Hướng dẫn vận hành hệ thống xử lý nước cấp-Hạ Long.20-09-2025.pdf,53.2025.HDVH-PT01-HL-CĐ-Hướng dẫn vận hành hệ thống xử lý nước cấp-Hạ Long.20-09-2025.pdf,53,2025,2025-09-20,,,Hiệu lực,,HL-CĐ-Hướng dẫn vận hành hệ thống xử lý nước cấp-Hạ Long,,,,Quy chế – Quy định – Quy trình – Hướng dẫn,Khác,Hướng dẫn,HL-CĐ-Hướng dẫn vận hành hệ thống xử lý nước cấp-Hạ Long,PT01,[18] CĐ - Phòng Cơ điện,ParsedFromFolder,High,,,,,,
data/[18] CĐ - Phòng Cơ điện/02. Quy chế – Quy định – Quy trình – Hướng dẫn/54.2025.HDCV-PT01-HL-CĐ-Hướng dẫn công việc nhân viên hệ thống xử lý nước cấp-Hạ Long.20-09-2025.docx,[18] Phòng Cơ Điện,54.2025.HDCV-PT01-HL-CĐ-Hướng dẫn công việc nhân viên hệ thống xử lý nước cấp-Hạ Long.20-09-2025.docx,54.2025.HDCV-PT01-HL-CĐ-Hướng dẫn công việc nhân viên hệ thống xử lý nước cấp-Hạ Long.20-09-2025.docx,54,2025,2025-09-20,,,Hiệu lực,,HL-CĐ-Hướng dẫn công việc nhân viên hệ thống xử lý nước cấp-Hạ Long,,,,Quy chế – Quy định – Quy trình – Hướng dẫn,Khác,Hướng dẫn,HL-CĐ-Hướng dẫn công việc nhân viên hệ thống xử lý nước cấp-Hạ Long,PT01,[18] CĐ - Phòng Cơ điện,ParsedFromFolder,High,,,,,,
data/[18] CĐ - Phòng Cơ điện/02. Quy chế – Quy định – Quy trình – Hướng dẫn/54.2025.HDCV-PT01-HL-CĐ-Hướng dẫn công việc nhân viên hệ thống xử lý nước cấp-Hạ Long.20-09-2025.pdf,[18] Phòng Cơ Điện,54.2025.HDCV-PT01-HL-CĐ-Hướng dẫn công việc nhân viên hệ thống xử lý nước cấp-Hạ Long.20-09-2025.pdf,54.2025.HDCV-PT01-HL-CĐ-Hướng dẫn công việc nhân viên hệ thống xử lý nước cấp-Hạ Long.20-09-2025.pdf,54,2025,2025-09-20,,,Hiệu lực,,HL-CĐ-Hướng dẫn công việc nhân viên hệ thống xử lý nước cấp-Hạ Long,,,,Quy chế – Quy định – Quy trình – Hướng dẫn,Khác,Hướng dẫn,HL-CĐ-Hướng dẫn công việc nhân viên hệ thống xử lý nước cấp-Hạ Long,PT01,[18] CĐ - Phòng Cơ điện,ParsedFromFolder,High,,,,,,
data/[18] CĐ - Phòng Cơ điện/02. Quy chế – Quy định – Quy trình – Hướng dẫn/55.2025.HDVS-PT01-HL-CĐ-Hướng dẫn vệ sinh hệ thống xử lý nước cấp-Hạ Long.20-09-2025.docx,[18] Phòng Cơ Điện,55.2025.HDVS-PT01-HL-CĐ-Hướng dẫn vệ sinh hệ thống xử lý nước cấp-Hạ Long.20-09-2025.docx,55.2025.HDVS-PT01-HL-CĐ-Hướng dẫn vệ sinh hệ thống xử lý nước cấp-Hạ Long.20-09-2025.docx,55,2025,2025-09-20,,,Hiệu lực,,HL-CĐ-Hướng dẫn vệ sinh hệ thống xử lý nước cấp-Hạ Long,,,,Quy chế – Quy định – Quy trình – Hướng dẫn,Khác,Hướng dẫn,HL-CĐ-Hướng dẫn vệ sinh hệ thống xử lý nước cấp-Hạ Long,PT01,[18] CĐ - Phòng Cơ điện,ParsedFromFolder,High,,,,,,
data/[18] CĐ - Phòng Cơ điện/02. Quy chế – Quy định – Quy trình – Hướng dẫn/55.2025.HDVS-PT01-HL-CĐ-Hướng dẫn vệ sinh hệ thống xử lý nước cấp-Hạ Long.20-09-2025.pdf,[18] Phòng Cơ Điện,55.2025.HDVS-PT01-HL-CĐ-Hướng dẫn vệ sinh hệ thống xử lý nước cấp-Hạ Long.20-09-2025.pdf,55.2025.HDVS-PT01-HL-CĐ-Hướng dẫn vệ sinh hệ thống xử lý nước cấp-Hạ Long.20-09-2025.pdf,55,2025,2025-09-20,,,Hiệu lực,,HL-CĐ-Hướng dẫn vệ sinh hệ thống xử lý nước cấp-Hạ Long,,,,Quy chế – Quy định – Quy trình – Hướng dẫn,Khác,Hướng dẫn,HL-CĐ-Hướng dẫn vệ sinh hệ thống xử lý nước cấp-Hạ Long,PT01,[18] CĐ - Phòng Cơ điện,ParsedFromFolder,High,,,,,,
data/[18] CĐ - Phòng Cơ điện/02. Quy chế – Quy định – Quy trình – Hướng dẫn/56.2025.HDVH-PT04-HL-CĐ-Hướng dẫn vận hành hệ thống khí nén-Hạ Long.20-09-2025.docx,[18] Phòng Cơ Điện,56.2025.HDVH-PT04-HL-CĐ-Hướng dẫn vận hành hệ thống khí nén-Hạ Long.20-09-2025.docx,56.2025.HDVH-PT04-HL-CĐ-Hướng dẫn vận hành hệ thống khí nén-Hạ Long.20-09-2025.docx,56,2025,2025-09-20,,,Hiệu lực,,HL-CĐ-Hướng dẫn vận hành hệ thống khí nén-Hạ Long,,,,Quy chế – Quy định – Quy trình – Hướng dẫn,Khác,Hướng dẫn,HL-CĐ-Hướng dẫn vận hành hệ thống khí nén-Hạ Long,PT04,[18] CĐ - Phòng Cơ điện,ParsedFromFolder,High,,,,,,
data/[18] CĐ - Phòng Cơ điện/02. Quy chế – Quy định – Quy trình – Hướng dẫn/56.2025.HDVH-PT04-HL-CĐ-Hướng dẫn vận hành hệ thống khí nén-Hạ Long.20-09-2025.pdf,[18] Phòng Cơ Điện,56.2025.HDVH-PT04-HL-CĐ-Hướng dẫn vận hành hệ thống khí nén-Hạ Long.20-09-2025.pdf,56.2025.HDVH-PT04-HL-CĐ-Hướng dẫn vận hành hệ thống khí nén-Hạ Long.20-09-2025.pdf,56,2025,2025-09-20,,,Hiệu lực,,HL-CĐ-Hướng dẫn vận hành hệ thống khí nén-Hạ Long,,,,Quy chế – Quy định – Quy trình – Hướng dẫn,Khác,Hướng dẫn,HL-CĐ-Hướng dẫn vận hành hệ thống khí nén-Hạ Long,PT04,[18] CĐ - Phòng Cơ điện,ParsedFromFolder,High,,,,,,
data/[18] CĐ - Phòng Cơ điện/02. Quy chế – Quy định – Quy trình – Hướng dẫn/58.2025.HDVS-PT04-HL-CĐmm-Hướng dẫn vệ sinh hệ thống khí nén-Hạ Long.28-08-2025.pdf,[18] Phòng Cơ Điện,58.2025.HDVS-PT04-HL-CĐmm-Hướng dẫn vệ sinh hệ thống khí nén-Hạ Long.28-08-2025.pdf,58.2025.HDVS-PT04-HL-CĐmm-Hướng dẫn vệ sinh hệ thống khí nén-Hạ Long.28-08-2025.pdf,58,2025,2025-08-28,,,Hiệu lực,,HL-CĐmm-Hướng dẫn vệ sinh hệ thống khí nén-Hạ Long,,,,Quy chế – Quy định – Quy trình – Hướng dẫn,Khác,Hướng dẫn,HL-CĐmm-Hướng dẫn vệ sinh hệ thống khí nén-Hạ Long,PT04,[18] CĐ - Phòng Cơ điện,ParsedFromFolder,High,,,,,,
data/[18] CĐ - Phòng Cơ điện/02. Quy chế – Quy định – Quy trình – Hướng dẫn/60.2025.HDVS-ĐG03-HL-CĐ-Hướng dẫn vệ sinh hệ thống chiết Keg 2L-Hạ Long.28-08-2025.docx,[18] Phòng Cơ Điện,60.2025.HDVS-ĐG03-HL-CĐ-Hướng dẫn vệ sinh hệ thống chiết Keg 2L-Hạ Long.28-08-2025.docx,60.2025.HDVS-ĐG03-HL-CĐ-Hướng dẫn vệ sinh hệ thống chiết Keg 2L-Hạ Long.28-08-2025.docx,60,2025,2025-08-28,,,Hiệu lực,,HL-CĐ-Hướng dẫn vệ sinh hệ thống chiết Keg 2L-Hạ Long,,,,Quy chế – Quy định – Quy trình – Hướng dẫn,Khác,Hướng dẫn,HL-CĐ-Hướng dẫn vệ sinh hệ thống chiết Keg 2L-Hạ Long,ĐG03,[18] CĐ - Phòng Cơ điện,ParsedFromFolder,High,,,,,,
data/[18] CĐ - Phòng Cơ điện/02. Quy chế – Quy định – Quy trình – Hướng dẫn/60.2025.HDVS-ĐG03-HL-CĐ-Hướng dẫn vệ sinh hệ thống chiết Keg 2L-Hạ Long.28-08-2025.pdf,[18] Phòng Cơ Điện,60.2025.HDVS-ĐG03-HL-CĐ-Hướng dẫn vệ sinh hệ thống chiết Keg 2L-Hạ Long.28-08-2025.pdf,60.2025.HDVS-ĐG03-HL-CĐ-Hướng dẫn vệ sinh hệ thống chiết Keg 2L-Hạ Long.28-08-2025.pdf,60,2025,2025-08-28,,,Hiệu lực,,HL-CĐ-Hướng dẫn vệ sinh hệ thống chiết Keg 2L-Hạ Long,,,,Quy chế – Quy định – Quy trình – Hướng dẫn,Khác,Hướng dẫn,HL-CĐ-Hướng dẫn vệ sinh hệ thống chiết Keg 2L-Hạ Long,ĐG03,[18] CĐ - Phòng Cơ điện,ParsedFromFolder,High,,,,,,
data/[18] CĐ - Phòng Cơ điện/02. Quy chế – Quy định – Quy trình – Hướng dẫn/61.2025.HDBT-PT03-HL-CĐ-Hướng dẫn bảo trì hệ thống lạnh-Hạ Long.20-09-2025.docx,[18] Phòng Cơ Điện,61.2025.HDBT-PT03-HL-CĐ-Hướng dẫn bảo trì hệ thống lạnh-Hạ Long.20-09-2025.docx,61.2025.HDBT-PT03-HL-CĐ-Hướng dẫn bảo trì hệ thống lạnh-Hạ Long.20-09-2025.docx,61,2025,2025-09-20,,,Hiệu lực,,HL-CĐ-Hướng dẫn bảo trì hệ thống lạnh-Hạ Long,,,,Quy chế – Quy định – Quy trình – Hướng dẫn,Khác,Hướng dẫn,HL-CĐ-Hướng dẫn bảo trì hệ thống lạnh-Hạ Long,PT03,[18] CĐ - Phòng Cơ điện,ParsedFromFolder,High,,,,,,
data/[18] CĐ - Phòng Cơ điện/02. Quy chế – Quy định – Quy trình – Hướng dẫn/61.2025.HDBT-PT03-HL-CĐ-Hướng dẫn bảo trì hệ thống lạnh-Hạ Long.20-09-2025.pdf,[18] Phòng Cơ Điện,61.2025.HDBT-PT03-HL-CĐ-Hướng dẫn bảo trì hệ thống lạnh-Hạ Long.20-09-2025.pdf,61.2025.HDBT-PT03-HL-CĐ-Hướng dẫn bảo trì hệ thống lạnh-Hạ Long.20-09-2025.pdf,61,2025,2025-09-20,,,Hiệu lực,,HL-CĐ-Hướng dẫn bảo trì hệ thống lạnh-Hạ Long,,,,Quy chế – Quy định – Quy trình – Hướng dẫn,Khác,Hướng dẫn,HL-CĐ-Hướng dẫn bảo trì hệ thống lạnh-Hạ Long,PT03,[18] CĐ - Phòng Cơ điện,ParsedFromFolder,High,,,,,,
data/[18] CĐ - Phòng Cơ điện/02. Quy chế – Quy định – Quy trình – Hướng dẫn/62.2025.HDBT-PT05-HL-CĐ-Hướng dẫn bảo trì hệ thống thu hồi CO2-Hạ Long.20-09-2025.docx,[18] Phòng Cơ Điện,62.2025.HDBT-PT05-HL-CĐ-Hướng dẫn bảo trì hệ thống thu hồi CO2-Hạ Long.20-09-2025.docx,62.2025.HDBT-PT05-HL-CĐ-Hướng dẫn bảo trì hệ thống thu hồi CO2-Hạ Long.20-09-2025.docx,62,2025,2025-09-20,,,Hiệu lực,,HL-CĐ-Hướng dẫn bảo trì hệ thống thu hồi CO2-Hạ Long,,,,Quy chế – Quy định – Quy trình – Hướng dẫn,Khác,Hướng dẫn,HL-CĐ-Hướng dẫn bảo trì hệ thống thu hồi CO2-Hạ Long,PT05,[18] CĐ - Phòng Cơ điện,ParsedFromFolder,High,,,,,,
data/[18] CĐ - Phòng Cơ điện/02. Quy chế – Quy định – Quy trình – Hướng dẫn/62.2025.HDBT-PT05-HL-CĐ-Hướng dẫn bảo trì hệ thống thu hồi CO2-Hạ Long.20-09-2025.pdf,[18] Phòng Cơ Điện,62.2025.HDBT-PT05-HL-CĐ-Hướng dẫn bảo trì hệ thống thu hồi CO2-Hạ Long.20-09-2025.pdf,62.2025.HDBT-PT05-HL-CĐ-Hướng dẫn bảo trì hệ thống thu hồi CO2-Hạ Long.20-09-2025.pdf,62,2025,2025-09-20,,,Hiệu lực,,HL-CĐ-Hướng dẫn bảo trì hệ thống thu hồi CO2-Hạ Long,,,,Quy chế – Quy định – Quy trình – Hướng dẫn,Khác,Hướng dẫn,HL-CĐ-Hướng dẫn bảo trì hệ thống thu hồi CO2-Hạ Long,PT05,[18] CĐ - Phòng Cơ điện,ParsedFromFolder,High,,,,,,
data/[18] CĐ - Phòng Cơ điện/02. Quy chế – Quy định – Quy trình – Hướng dẫn/63.2025.HDBT-PT04-HL-CĐ-Hướng dẫn bảo trì hệ thống máy nén khí-Hạ Long.20-09-2025.docx,[18] Phòng Cơ Điện,63.2025.HDBT-PT04-HL-CĐ-Hướng dẫn bảo trì hệ thống máy nén khí-Hạ Long.20-09-2025.docx,63.2025.HDBT-PT04-HL-CĐ-Hướng dẫn bảo trì hệ thống máy nén khí-Hạ Long.20-09-2025.docx,63,2025,2025-09-20,,,Hiệu lực,,HL-CĐ-Hướng dẫn bảo trì hệ thống máy nén khí-Hạ Long,,,,Quy chế – Quy định – Quy trình – Hướng dẫn,Khác,Hướng dẫn,HL-CĐ-Hướng dẫn bảo trì hệ thống máy nén khí-Hạ Long,PT04,[18] CĐ - Phòng Cơ điện,ParsedFromFolder,High,,,,,,
data/[18] CĐ - Phòng Cơ điện/02. Quy chế – Quy định – Quy trình – Hướng dẫn/63.2025.HDBT-PT04-HL-CĐ-Hướng dẫn bảo trì hệ thống máy nén khí-Hạ Long.20-09-2025.pdf,[18] Phòng Cơ Điện,63.2025.HDBT-PT04-HL-CĐ-Hướng dẫn bảo trì hệ thống máy nén khí-Hạ Long.20-09-2025.pdf,63.2025.HDBT-PT04-HL-CĐ-Hướng dẫn bảo trì hệ thống máy nén khí-Hạ Long.20-09-2025.pdf,63,2025,2025-09-20,,,Hiệu lực,,HL-CĐ-Hướng dẫn bảo trì hệ thống máy nén khí-Hạ Long,,,,Quy chế – Quy định – Quy trình – Hướng dẫn,Khác,Hướng dẫn,HL-CĐ-Hướng dẫn bảo trì hệ thống máy nén khí-Hạ Long,PT04,[18] CĐ - Phòng Cơ điện,ParsedFromFolder,High,,,,,,
data/[18] CĐ - Phòng Cơ điện/02. Quy chế – Quy định – Quy trình – Hướng dẫn/64.2025.HDBT-PT01-HL-CĐ-Hướng dẫn bảo trì hệ thống xử lý nước cấp-Hạ Long.20-09-2025.docx,[18] Phòng Cơ Điện,64.2025.HDBT-PT01-HL-CĐ-Hướng dẫn bảo trì hệ thống xử lý nước cấp-Hạ Long.20-09-2025.docx,64.2025.HDBT-PT01-HL-CĐ-Hướng dẫn bảo trì hệ thống xử lý nước cấp-Hạ Long.20-09-2025.docx,64,2025,2025-09-20,,,Hiệu lực,,HL-CĐ-Hướng dẫn bảo trì hệ thống xử lý nước cấp-Hạ Long,,,,Quy chế – Quy định – Quy trình – Hướng dẫn,Khác,Hướng dẫn,HL-CĐ-Hướng dẫn bảo trì hệ thống xử lý nước cấp-Hạ Long,PT01,[18] CĐ - Phòng Cơ điện,ParsedFromFolder,High,,,,,,
data/[18] CĐ - Phòng Cơ điện/02. Quy chế – Quy định – Quy trình – Hướng dẫn/64.2025.HDBT-PT01-HL-CĐ-Hướng dẫn bảo trì hệ thống xử lý nước cấp-Hạ Long.20-09-2025.pdf,[18] Phòng Cơ Điện,64.2025.HDBT-PT01-HL-CĐ-Hướng dẫn bảo trì hệ thống xử lý nước cấp-Hạ Long.20-09-2025.pdf,64.2025.HDBT-PT01-HL-CĐ-Hướng dẫn bảo trì hệ thống xử lý nước cấp-Hạ Long.20-09-2025.pdf,64,2025,2025-09-20,,,Hiệu lực,,HL-CĐ-Hướng dẫn bảo trì hệ thống xử lý nước cấp-Hạ Long,,,,Quy chế – Quy định – Quy trình – Hướng dẫn,Khác,Hướng dẫn,HL-CĐ-Hướng dẫn bảo trì hệ thống xử lý nước cấp-Hạ Long,PT01,[18] CĐ - Phòng Cơ điện,ParsedFromFolder,High,,,,,,
data/[18] CĐ - Phòng Cơ điện/02. Quy chế – Quy định – Quy trình – Hướng dẫn/65.2025.HDBT-PT06-HL-CĐ-Hướng dẫn bảo trì hệ thống xử lý nước thải-Hạ Long.20-09-2025.docx,[18] Phòng Cơ Điện,65.2025.HDBT-PT06-HL-CĐ-Hướng dẫn bảo trì hệ thống xử lý nước thải-Hạ Long.20-09-2025.docx,65.2025.HDBT-PT06-HL-CĐ-Hướng dẫn bảo trì hệ thống xử lý nước thải-Hạ Long.20-09-2025.docx,65,2025,2025-09-20,,,Hiệu lực,,HL-CĐ-Hướng dẫn bảo trì hệ thống xử lý nước thải-Hạ Long,,,,Quy chế – Quy định – Quy trình – Hướng dẫn,Khác,Hướng dẫn,HL-CĐ-Hướng dẫn bảo trì hệ thống xử lý nước thải-Hạ Long,PT06,[18] CĐ - Phòng Cơ điện,ParsedFromFolder,High,,,,,,
data/[18] CĐ - Phòng Cơ điện/02. Quy chế – Quy định – Quy trình – Hướng dẫn/65.2025.HDBT-PT06-HL-CĐ-Hướng dẫn bảo trì hệ thống xử lý nước thải-Hạ Long.20-09-2025.pdf,[18] Phòng Cơ Điện,65.2025.HDBT-PT06-HL-CĐ-Hướng dẫn bảo trì hệ thống xử lý nước thải-Hạ Long.20-09-2025.pdf,65.2025.HDBT-PT06-HL-CĐ-Hướng dẫn bảo trì hệ thống xử lý nước thải-Hạ Long.20-09-2025.pdf,65,2025,2025-09-20,,,Hiệu lực,,HL-CĐ-Hướng dẫn bảo trì hệ thống xử lý nước thải-Hạ Long,,,,Quy chế – Quy định – Quy trình – Hướng dẫn,Khác,Hướng dẫn,HL-CĐ-Hướng dẫn bảo trì hệ thống xử lý nước thải-Hạ Long,PT06,[18] CĐ - Phòng Cơ điện,ParsedFromFolder,High,,,,,,
data/[18] CĐ - Phòng Cơ điện/02. Quy chế – Quy định – Quy trình – Hướng dẫn/66.2025.HDBT-PT02-HLCĐ-Hướng dẫn bảo trì hệ thống lò hơi-Hạ Long.20-09-2025.docx,[18] Phòng Cơ Điện,66.2025.HDBT-PT02-HLCĐ-Hướng dẫn bảo trì hệ thống lò hơi-Hạ Long.20-09-2025.docx,66.2025.HDBT-PT02-HLCĐ-Hướng dẫn bảo trì hệ thống lò hơi-Hạ Long.20-09-2025.docx,66,2025,2025-09-20,,,Hiệu lực,,HLCĐ-Hướng dẫn bảo trì hệ thống lò hơi-Hạ Long,,,,Quy chế – Quy định – Quy trình – Hướng dẫn,Khác,Hướng dẫn,HLCĐ-Hướng dẫn bảo trì hệ thống lò hơi-Hạ Long,PT02,[18] CĐ - Phòng Cơ điện,ParsedFromFolder,High,,,,,,
data/[18] CĐ - Phòng Cơ điện/02. Quy chế – Quy định – Quy trình – Hướng dẫn/66.2025.HDBT-PT02-HLCĐ-Hướng dẫn bảo trì hệ thống lò hơi-Hạ Long.20-09-2025.pdf,[18] Phòng Cơ Điện,66.2025.HDBT-PT02-HLCĐ-Hướng dẫn bảo trì hệ thống lò hơi-Hạ Long.20-09-2025.pdf,66.2025.HDBT-PT02-HLCĐ-Hướng dẫn bảo trì hệ thống lò hơi-Hạ Long.20-09-2025.pdf,66,2025,2025-09-20,,,Hiệu lực,,HLCĐ-Hướng dẫn bảo trì hệ thống lò hơi-Hạ Long,,,,Quy chế – Quy định – Quy trình – Hướng dẫn,Khác,Hướng dẫn,HLCĐ-Hướng dẫn bảo trì hệ thống lò hơi-Hạ Long,PT02,[18] CĐ - Phòng Cơ điện,ParsedFromFolder,High,,,,,,
data/[18] CĐ - Phòng Cơ điện/02. Quy chế – Quy định – Quy trình – Hướng dẫn/68.2025.HDBT-CN01-HL-CĐ-Hướng dẫn bảo trì hệ thống nấu bia-Hạ Long.20-09-2025.docx,[18] Phòng Cơ Điện,68.2025.HDBT-CN01-HL-CĐ-Hướng dẫn bảo trì hệ thống nấu bia-Hạ Long.20-09-2025.docx,68.2025.HDBT-CN01-HL-CĐ-Hướng dẫn bảo trì hệ thống nấu bia-Hạ Long.20-09-2025.docx,68,2025,2025-09-20,,,Hiệu lực,,HL-CĐ-Hướng dẫn bảo trì hệ thống nấu bia-Hạ Long,,,,Quy chế – Quy định – Quy trình – Hướng dẫn,Khác,Hướng dẫn,HL-CĐ-Hướng dẫn bảo trì hệ thống nấu bia-Hạ Long,CN01,[18] CĐ - Phòng Cơ điện,ParsedFromFolder,High,,,,,,
data/[18] CĐ - Phòng Cơ điện/02. Quy chế – Quy định – Quy trình – Hướng dẫn/68.2025.HDBT-CN01-HL-CĐ-Hướng dẫn bảo trì hệ thống nấu bia-Hạ Long.20-09-2025.pdf,[18] Phòng Cơ Điện,68.2025.HDBT-CN01-HL-CĐ-Hướng dẫn bảo trì hệ thống nấu bia-Hạ Long.20-09-2025.pdf,68.2025.HDBT-CN01-HL-CĐ-Hướng dẫn bảo trì hệ thống nấu bia-Hạ Long.20-09-2025.pdf,68,2025,2025-09-20,,,Hiệu lực,,HL-CĐ-Hướng dẫn bảo trì hệ thống nấu bia-Hạ Long,,,,Quy chế – Quy định – Quy trình – Hướng dẫn,Khác,Hướng dẫn,HL-CĐ-Hướng dẫn bảo trì hệ thống nấu bia-Hạ Long,CN01,[18] CĐ - Phòng Cơ điện,ParsedFromFolder,High,,,,,,
"data/[18] CĐ - Phòng Cơ điện/02. Quy chế – Quy định – Quy trình – Hướng dẫn/69.2025.HDVS-CN01-HL-CĐ-Hướng dẫn vệ sinh hệ thống nấu , xay nghiền-Hạ Long.00-09-2025.docx",[18] Phòng Cơ Điện,"69.2025.HDVS-CN01-HL-CĐ-Hướng dẫn vệ sinh hệ thống nấu , xay nghiền-Hạ Long.00-09-2025.docx","69.2025.HDVS-CN01-HL-CĐ-Hướng dẫn vệ sinh hệ thống nấu , xay nghiền-Hạ Long.00-09-2025.docx",69,2025,,,,Hiệu lực,,"HL-CĐ-Hướng dẫn vệ sinh hệ thống nấu , xay nghiền-Hạ Long",,,,Quy chế – Quy định – Quy trình – Hướng dẫn,Khác,Hướng dẫn,"HL-CĐ-Hướng dẫn vệ sinh hệ thống nấu , xay nghiền-Hạ Long",CN01,[18] CĐ - Phòng Cơ điện,ParsedFromFolder,High,,,,,,
"data/[18] CĐ - Phòng Cơ điện/02. Quy chế – Quy định – Quy trình – Hướng dẫn/69.2025.HDVS-CN01-HL-CĐ-Hướng dẫn vệ sinh hệ thống nấu , xay nghiền-Hạ Long.00-09-2025.pdf",[18] Phòng Cơ Điện,"69.2025.HDVS-CN01-HL-CĐ-Hướng dẫn vệ sinh hệ thống nấu , xay nghiền-Hạ Long.00-09-2025.pdf","69.2025.HDVS-CN01-HL-CĐ-Hướng dẫn vệ sinh hệ thống nấu , xay nghiền-Hạ Long.00-09-2025.pdf",69,2025,,,,Hiệu lực,,"HL-CĐ-Hướng dẫn vệ sinh hệ thống nấu , xay nghiền-Hạ Long",,,,Quy chế – Quy định – Quy trình – Hướng dẫn,Khác,Hướng dẫn,"HL-CĐ-Hướng dẫn vệ sinh hệ thống nấu , xay nghiền-Hạ Long",CN01,[18] CĐ - Phòng Cơ điện,ParsedFromFolder,High,,,,,,
data/[18] CĐ - Phòng Cơ điện/02. Quy chế – Quy định – Quy trình – Hướng dẫn/71.2025.HDBT-CN02-HL-CĐ-Hướng dẫn bảo trì hệ thống tank lên men-Hạ Long.20-09-2025.docx,[18] Phòng Cơ Điện,71.2025.HDBT-CN02-HL-CĐ-Hướng dẫn bảo trì hệ thống tank lên men-Hạ Long.20-09-2025.docx,71.2025.HDBT-CN02-HL-CĐ-Hướng dẫn bảo trì hệ thống tank lên men-Hạ Long.20-09-2025.docx,71,2025,2025-09-20,,,Hiệu lực,,HL-CĐ-Hướng dẫn bảo trì hệ thống tank lên men-Hạ Long,,,,Quy chế – Quy định – Quy trình – Hướng dẫn,Khác,Hướng dẫn,HL-CĐ-Hướng dẫn bảo trì hệ thống tank lên men-Hạ Long,CN02,[18] CĐ - Phòng Cơ điện,ParsedFromFolder,High,,,,,,
data/[18] CĐ - Phòng Cơ điện/02. Quy chế – Quy định – Quy trình – Hướng dẫn/71.2025.HDBT-CN02-HL-CĐ-Hướng dẫn bảo trì hệ thống tank lên men-Hạ Long.20-09-2025.pdf,[18] Phòng Cơ Điện,71.2025.HDBT-CN02-HL-CĐ-Hướng dẫn bảo trì hệ thống tank lên men-Hạ Long.20-09-2025.pdf,71.2025.HDBT-CN02-HL-CĐ-Hướng dẫn bảo trì hệ thống tank lên men-Hạ Long.20-09-2025.pdf,71,2025,2025-09-20,,,Hiệu lực,,HL-CĐ-Hướng dẫn bảo trì hệ thống tank lên men-Hạ Long,,,,Quy chế – Quy định – Quy trình – Hướng dẫn,Khác,Hướng dẫn,HL-CĐ-Hướng dẫn bảo trì hệ thống tank lên men-Hạ Long,CN02,[18] CĐ - Phòng Cơ điện,ParsedFromFolder,High,,,,,,
data/[18] CĐ - Phòng Cơ điện/02. Quy chế – Quy định – Quy trình – Hướng dẫn/74.2025.HDBT-CN03-HL-CĐ-Hướng dẫn bảo trì Hệ thống lọc-Bia Hạ Long.20-09-2020.docx,[18] Phòng Cơ Điện,74.2025.HDBT-CN03-HL-CĐ-Hướng dẫn bảo trì Hệ thống lọc-Bia Hạ Long.20-09-2020.docx,74.2025.HDBT-CN03-HL-CĐ-Hướng dẫn bảo trì Hệ thống lọc-Bia Hạ Long.20-09-2020.docx,74,2025,2020-09-20,,,Hiệu lực,,HL-CĐ-Hướng dẫn bảo trì Hệ thống lọc-Bia Hạ Long,,,,Quy chế – Quy định – Quy trình – Hướng dẫn,Khác,Hướng dẫn,HL-CĐ-Hướng dẫn bảo trì Hệ thống lọc-Bia Hạ Long,CN03,[18] CĐ - Phòng Cơ điện,ParsedFromFolder,High,,,,,,
data/[18] CĐ - Phòng Cơ điện/02. Quy chế – Quy định – Quy trình – Hướng dẫn/74.2025.HDBT-CN03-HL-CĐ-Hướng dẫn bảo trì hệ thống lọc-Hạ Long.20-09-2025.pdf,[18] Phòng Cơ Điện,74.2025.HDBT-CN03-HL-CĐ-Hướng dẫn bảo trì hệ thống lọc-Hạ Long.20-09-2025.pdf,74.2025.HDBT-CN03-HL-CĐ-Hướng dẫn bảo trì hệ thống lọc-Hạ Long.20-09-2025.pdf,74,2025,2025-09-20,,,Hiệu lực,,HL-CĐ-Hướng dẫn bảo trì hệ thống lọc-Hạ Long,,,,Quy chế – Quy định – Quy trình – Hướng dẫn,Khác,Hướng dẫn,HL-CĐ-Hướng dẫn bảo trì hệ thống lọc-Hạ Long,CN03,[18] CĐ - Phòng Cơ điện,ParsedFromFolder,High,,,,,,
data/[18] CĐ - Phòng Cơ điện/02. Quy chế – Quy định – Quy trình – Hướng dẫn/77.2025.HDVH-ĐG02-HL-CĐ-Hướng dẫn vận hành hệ thống chiết đơn Keg 30L-Hạ Long.28-08-2025.docx,[18] Phòng Cơ Điện,77.2025.HDVH-ĐG02-HL-CĐ-Hướng dẫn vận hành hệ thống chiết đơn Keg 30L-Hạ Long.28-08-2025.docx,77.2025.HDVH-ĐG02-HL-CĐ-Hướng dẫn vận hành hệ thống chiết đơn Keg 30L-Hạ Long.28-08-2025.docx,77,2025,2025-08-28,,,Hiệu lực,,HL-CĐ-Hướng dẫn vận hành hệ thống chiết đơn Keg 30L-Hạ Long,,,,Quy chế – Quy định – Quy trình – Hướng dẫn,Khác,Hướng dẫn,HL-CĐ-Hướng dẫn vận hành hệ thống chiết đơn Keg 30L-Hạ Long,ĐG02,[18] CĐ - Phòng Cơ điện,ParsedFromFolder,High,,,,,,
data/[18] CĐ - Phòng Cơ điện/02. Quy chế – Quy định – Quy trình – Hướng dẫn/77.2025.HDVH-ĐG02-HL-CĐ-Hướng dẫn vận hành hệ thống chiết đơn Keg 30L-Hạ Long.28-08-2025.pdf,[18] Phòng Cơ Điện,77.2025.HDVH-ĐG02-HL-CĐ-Hướng dẫn vận hành hệ thống chiết đơn Keg 30L-Hạ Long.28-08-2025.pdf,77.2025.HDVH-ĐG02-HL-CĐ-Hướng dẫn vận hành hệ thống chiết đơn Keg 30L-Hạ Long.28-08-2025.pdf,77,2025,2025-08-28,,,Hiệu lực,,HL-CĐ-Hướng dẫn vận hành hệ thống chiết đơn Keg 30L-Hạ Long,,,,Quy chế – Quy định – Quy trình – Hướng dẫn,Khác,Hướng dẫn,HL-CĐ-Hướng dẫn vận hành hệ thống chiết đơn Keg 30L-Hạ Long,ĐG02,[18] CĐ - Phòng Cơ điện,ParsedFromFolder,High,,,,,,
data/[18] CĐ - Phòng Cơ điện/02. Quy chế – Quy định – Quy trình – Hướng dẫn/79.2025.HDVS-ĐG02-HL-CĐ-Hướng dẫn vệ sinh hệ thống chiết Keg 30L KHS-Hạ Long.28-08-2025.docx,[18] Phòng Cơ Điện,79.2025.HDVS-ĐG02-HL-CĐ-Hướng dẫn vệ sinh hệ thống chiết Keg 30L KHS-Hạ Long.28-08-2025.docx,79.2025.HDVS-ĐG02-HL-CĐ-Hướng dẫn vệ sinh hệ thống chiết Keg 30L KHS-Hạ Long.28-08-2025.docx,79,2025,2025-08-28,,,Hiệu lực,,HL-CĐ-Hướng dẫn vệ sinh hệ thống chiết Keg 30L KHS-Hạ Long,,,,Quy chế – Quy định – Quy trình – Hướng dẫn,Khác,Hướng dẫn,HL-CĐ-Hướng dẫn vệ sinh hệ thống chiết Keg 30L KHS-Hạ Long,ĐG02,[18] CĐ - Phòng Cơ điện,ParsedFromFolder,High,,,,,,
data/[18] CĐ - Phòng Cơ điện/02. Quy chế – Quy định – Quy trình – Hướng dẫn/79.2025.HDVS-ĐG02-HL-CĐ-Hướng dẫn vệ sinh hệ thống chiết Keg 30L KHS-Hạ Long.28-08-2025.pdf,[18] Phòng Cơ Điện,79.2025.HDVS-ĐG02-HL-CĐ-Hướng dẫn vệ sinh hệ thống chiết Keg 30L KHS-Hạ Long.28-08-2025.pdf,79.2025.HDVS-ĐG02-HL-CĐ-Hướng dẫn vệ sinh hệ thống chiết Keg 30L KHS-Hạ Long.28-08-2025.pdf,79,2025,2025-08-28,,,Hiệu lực,,HL-CĐ-Hướng dẫn vệ sinh hệ thống chiết Keg 30L KHS-Hạ Long,,,,Quy chế – Quy định – Quy trình – Hướng dẫn,Khác,Hướng dẫn,HL-CĐ-Hướng dẫn vệ sinh hệ thống chiết Keg 30L KHS-Hạ Long,ĐG02,[18] CĐ - Phòng Cơ điện,ParsedFromFolder,High,,,,,,
data/[18] CĐ - Phòng Cơ điện/02. Quy chế – Quy định – Quy trình – Hướng dẫn/79.2025.HDVS-ĐG02-HL-CĐ-Hướng dẫn vệ sinh hệ thống chiết Keg 30L VN-Hạ Long.28-08-2025.docx,[18] Phòng Cơ Điện,79.2025.HDVS-ĐG02-HL-CĐ-Hướng dẫn vệ sinh hệ thống chiết Keg 30L VN-Hạ Long.28-08-2025.docx,79.2025.HDVS-ĐG02-HL-CĐ-Hướng dẫn vệ sinh hệ thống chiết Keg 30L VN-Hạ Long.28-08-2025.docx,79,2025,2025-08-28,,,Hiệu lực,,HL-CĐ-Hướng dẫn vệ sinh hệ thống chiết Keg 30L VN-Hạ Long,,,,Quy chế – Quy định – Quy trình – Hướng dẫn,Khác,Hướng dẫn,HL-CĐ-Hướng dẫn vệ sinh hệ thống chiết Keg 30L VN-Hạ Long,ĐG02,[18] CĐ - Phòng Cơ điện,ParsedFromFolder,High,,,,,,
data/[18] CĐ - Phòng Cơ điện/02. Quy chế – Quy định – Quy trình – Hướng dẫn/79.2025.HDVS-ĐG02-HL-CĐ-Hướng dẫn vệ sinh hệ thống chiết Keg 30L VN-Hạ Long.28-08-2025.pdf,[18] Phòng Cơ Điện,79.2025.HDVS-ĐG02-HL-CĐ-Hướng dẫn vệ sinh hệ thống chiết Keg 30L VN-Hạ Long.28-08-2025.pdf,79.2025.HDVS-ĐG02-HL-CĐ-Hướng dẫn vệ sinh hệ thống chiết Keg 30L VN-Hạ Long.28-08-2025.pdf,79,2025,2025-08-28,,,Hiệu lực,,HL-CĐ-Hướng dẫn vệ sinh hệ thống chiết Keg 30L VN-Hạ Long,,,,Quy chế – Quy định – Quy trình – Hướng dẫn,Khác,Hướng dẫn,HL-CĐ-Hướng dẫn vệ sinh hệ thống chiết Keg 30L VN-Hạ Long,ĐG02,[18] CĐ - Phòng Cơ điện,ParsedFromFolder,High,,,,,,
data/[18] CĐ - Phòng Cơ điện/02. Quy chế – Quy định – Quy trình – Hướng dẫn/82.2025.HDBT-PT07-DMB-CĐ-Hướng dẫn bảo trì hệ thống cấp phát điện-Đông Mai.20-09-2025.docx,[18] Phòng Cơ Điện,82.2025.HDBT-PT07-DMB-CĐ-Hướng dẫn bảo trì hệ thống cấp phát điện-Đông Mai.20-09-2025.docx,82.2025.HDBT-PT07-DMB-CĐ-Hướng dẫn bảo trì hệ thống cấp phát điện-Đông Mai.20-09-2025.docx,82,2025,2025-09-20,,,Hiệu lực,,DMB-CĐ-Hướng dẫn bảo trì hệ thống cấp phát điện-Đông Mai,,,,Quy chế – Quy định – Quy trình – Hướng dẫn,Khác,Hướng dẫn,ĐM-CĐ-Hướng dẫn bảo trì hệ thống cấp phát điện-Đông Mai,PT07,[18] CĐ - Phòng Cơ điện,ParsedFromFolder,High,,,,,,
data/[18] CĐ - Phòng Cơ điện/02. Quy chế – Quy định – Quy trình – Hướng dẫn/82.2025.HDBT-PT07-DMB-CĐ-Hướng dẫn bảo trì hệ thống cấp phát điện-Đông Mai.20-09-2025.pdf,[18] Phòng Cơ Điện,82.2025.HDBT-PT07-DMB-CĐ-Hướng dẫn bảo trì hệ thống cấp phát điện-Đông Mai.20-09-2025.pdf,82.2025.HDBT-PT07-DMB-CĐ-Hướng dẫn bảo trì hệ thống cấp phát điện-Đông Mai.20-09-2025.pdf,82,2025,2025-09-20,,,Hiệu lực,,DMB-CĐ-Hướng dẫn bảo trì hệ thống cấp phát điện-Đông Mai,,,,Quy chế – Quy định – Quy trình – Hướng dẫn,Khác,Hướng dẫn,ĐM-CĐ-Hướng dẫn bảo trì hệ thống cấp phát điện-Đông Mai,PT07,[18] CĐ - Phòng Cơ điện,ParsedFromFolder,High,,,,,,
data/[18] CĐ - Phòng Cơ điện/02. Quy chế – Quy định – Quy trình – Hướng dẫn/83.2025.HDBT-PT03-DMB-CĐ-Hướng dẫn bảo trì hệ thống lạnh-Đông mai.20-09-2025.docx,[18] Phòng Cơ Điện,83.2025.HDBT-PT03-DMB-CĐ-Hướng dẫn bảo trì hệ thống lạnh-Đông mai.20-09-2025.docx,83.2025.HDBT-PT03-DMB-CĐ-Hướng dẫn bảo trì hệ thống lạnh-Đông mai.20-09-2025.docx,83,2025,2025-09-20,,,Hiệu lực,,DMB-CĐ-Hướng dẫn bảo trì hệ thống lạnh-Đông mai,,,,Quy chế – Quy định – Quy trình – Hướng dẫn,Khác,Hướng dẫn,ĐM-CĐ-Hướng dẫn bảo trì hệ thống lạnh-Đông mai,PT03,[18] CĐ - Phòng Cơ điện,ParsedFromFolder,High,,,,,,
data/[18] CĐ - Phòng Cơ điện/02. Quy chế – Quy định – Quy trình – Hướng dẫn/83.2025.HDBT-PT03-DMB-CĐ-Hướng dẫn bảo trì hệ thống lạnh-Đông mai.20-09-2025.pdf,[18] Phòng Cơ Điện,83.2025.HDBT-PT03-DMB-CĐ-Hướng dẫn bảo trì hệ thống lạnh-Đông mai.20-09-2025.pdf,83.2025.HDBT-PT03-DMB-CĐ-Hướng dẫn bảo trì hệ thống lạnh-Đông mai.20-09-2025.pdf,83,2025,2025-09-20,,,Hiệu lực,,DMB-CĐ-Hướng dẫn bảo trì hệ thống lạnh-Đông mai,,,,Quy chế – Quy định – Quy trình – Hướng dẫn,Khác,Hướng dẫn,ĐM-CĐ-Hướng dẫn bảo trì hệ thống lạnh-Đông mai,PT03,[18] CĐ - Phòng Cơ điện,ParsedFromFolder,High,,,,,,
data/[18] CĐ - Phòng Cơ điện/02. Quy chế – Quy định – Quy trình – Hướng dẫn/84.2025.HDBT-PT05-DMB-CĐ-Hướng dẫn bảo trì hệ thống thu hồi CO2-Đông mai.20-09-2025.docx,[18] Phòng Cơ Điện,84.2025.HDBT-PT05-DMB-CĐ-Hướng dẫn bảo trì hệ thống thu hồi CO2-Đông mai.20-09-2025.docx,84.2025.HDBT-PT05-DMB-CĐ-Hướng dẫn bảo trì hệ thống thu hồi CO2-Đông mai.20-09-2025.docx,84,2025,2025-09-20,,,Hiệu lực,,DMB-CĐ-Hướng dẫn bảo trì hệ thống thu hồi CO2-Đông mai,,,,Quy chế – Quy định – Quy trình – Hướng dẫn,Khác,Hướng dẫn,ĐM-CĐ-Hướng dẫn bảo trì hệ thống thu hồi CO2-Đông mai,PT05,[18] CĐ - Phòng Cơ điện,ParsedFromFolder,High,,,,,,
data/[18] CĐ - Phòng Cơ điện/02. Quy chế – Quy định – Quy trình – Hướng dẫn/84.2025.HDBT-PT05-DMB-CĐ-Hướng dẫn bảo trì hệ thống thu hồi CO2-Đông mai.20-09-2025.pdf,[18] Phòng Cơ Điện,84.2025.HDBT-PT05-DMB-CĐ-Hướng dẫn bảo trì hệ thống thu hồi CO2-Đông mai.20-09-2025.pdf,84.2025.HDBT-PT05-DMB-CĐ-Hướng dẫn bảo trì hệ thống thu hồi CO2-Đông mai.20-09-2025.pdf,84,2025,2025-09-20,,,Hiệu lực,,DMB-CĐ-Hướng dẫn bảo trì hệ thống thu hồi CO2-Đông mai,,,,Quy chế – Quy định – Quy trình – Hướng dẫn,Khác,Hướng dẫn,ĐM-CĐ-Hướng dẫn bảo trì hệ thống thu hồi CO2-Đông mai,PT05,[18] CĐ - Phòng Cơ điện,ParsedFromFolder,High,,,,,,
data/[18] CĐ - Phòng Cơ điện/02. Quy chế – Quy định – Quy trình – Hướng dẫn/85.2025.HDVH-PT04-DMB-CĐ-Hướng dẫn bảo trì hệ thống máy nén khí-Đông Mai.20-09-2025.docx,[18] Phòng Cơ Điện,85.2025.HDVH-PT04-DMB-CĐ-Hướng dẫn bảo trì hệ thống máy nén khí-Đông Mai.20-09-2025.docx,85.2025.HDVH-PT04-DMB-CĐ-Hướng dẫn bảo trì hệ thống máy nén khí-Đông Mai.20-09-2025.docx,85,2025,2025-09-20,,,Hiệu lực,,DMB-CĐ-Hướng dẫn bảo trì hệ thống máy nén khí-Đông Mai,,,,Quy chế – Quy định – Quy trình – Hướng dẫn,Khác,Hướng dẫn,ĐM-CĐ-Hướng dẫn bảo trì hệ thống máy nén khí-Đông Mai,PT04,[18] CĐ - Phòng Cơ điện,ParsedFromFolder,High,,,,,,
data/[18] CĐ - Phòng Cơ điện/02. Quy chế – Quy định – Quy trình – Hướng dẫn/85.2025.HDVH-PT04-DMB-CĐ-Hướng dẫn bảo trì hệ thống máy nén khí-Đông Mai.20-09-2025.pdf,[18] Phòng Cơ Điện,85.2025.HDVH-PT04-DMB-CĐ-Hướng dẫn bảo trì hệ thống máy nén khí-Đông Mai.20-09-2025.pdf,85.2025.HDVH-PT04-DMB-CĐ-Hướng dẫn bảo trì hệ thống máy nén khí-Đông Mai.20-09-2025.pdf,85,2025,2025-09-20,,,Hiệu lực,,DMB-CĐ-Hướng dẫn bảo trì hệ thống máy nén khí-Đông Mai,,,,Quy chế – Quy định – Quy trình – Hướng dẫn,Khác,Hướng dẫn,ĐM-CĐ-Hướng dẫn bảo trì hệ thống máy nén khí-Đông Mai,PT04,[18] CĐ - Phòng Cơ điện,ParsedFromFolder,High,,,,,,
data/[18] CĐ - Phòng Cơ điện/02. Quy chế – Quy định – Quy trình – Hướng dẫn/86.2025.HDBT-PT01-DMB-CĐ-Hướng dẫn bảo trì hệ thống xử lý nước cấp-Đông mai.20-09-2025.docx,[18] Phòng Cơ Điện,86.2025.HDBT-PT01-DMB-CĐ-Hướng dẫn bảo trì hệ thống xử lý nước cấp-Đông mai.20-09-2025.docx,86.2025.HDBT-PT01-DMB-CĐ-Hướng dẫn bảo trì hệ thống xử lý nước cấp-Đông mai.20-09-2025.docx,86,2025,2025-09-20,,,Hiệu lực,,DMB-CĐ-Hướng dẫn bảo trì hệ thống xử lý nước cấp-Đông mai,,,,Quy chế – Quy định – Quy trình – Hướng dẫn,Khác,Hướng dẫn,ĐM-CĐ-Hướng dẫn bảo trì hệ thống xử lý nước cấp-Đông mai,PT01,[18] CĐ - Phòng Cơ điện,ParsedFromFolder,High,,,,,,
data/[18] CĐ - Phòng Cơ điện/02. Quy chế – Quy định – Quy trình – Hướng dẫn/86.2025.HDBT-PT01-DMB-CĐ-Hướng dẫn bảo trì hệ thống xử lý nước cấp-Đông mai.20-09-2025.pdf,[18] Phòng Cơ Điện,86.2025.HDBT-PT01-DMB-CĐ-Hướng dẫn bảo trì hệ thống xử lý nước cấp-Đông mai.20-09-2025.pdf,86.2025.HDBT-PT01-DMB-CĐ-Hướng dẫn bảo trì hệ thống xử lý nước cấp-Đông mai.20-09-2025.pdf,86,2025,2025-09-20,,,Hiệu lực,,DMB-CĐ-Hướng dẫn bảo trì hệ thống xử lý nước cấp-Đông mai,,,,Quy chế – Quy định – Quy trình – Hướng dẫn,Khác,Hướng dẫn,ĐM-CĐ-Hướng dẫn bảo trì hệ thống xử lý nước cấp-Đông mai,PT01,[18] CĐ - Phòng Cơ điện,ParsedFromFolder,High,,,,,,
data/[18] CĐ - Phòng Cơ điện/02. Quy chế – Quy định – Quy trình – Hướng dẫn/88.2025.HDBT-PT02-DMB-CĐ-Hướng dẫn bảo trì hệ thống lò hơi-Đông Mai.20-09-2025.docx,[18] Phòng Cơ Điện,88.2025.HDBT-PT02-DMB-CĐ-Hướng dẫn bảo trì hệ thống lò hơi-Đông Mai.20-09-2025.docx,88.2025.HDBT-PT02-DMB-CĐ-Hướng dẫn bảo trì hệ thống lò hơi-Đông Mai.20-09-2025.docx,88,2025,2025-09-20,,,Hiệu lực,,DMB-CĐ-Hướng dẫn bảo trì hệ thống lò hơi-Đông Mai,,,,Quy chế – Quy định – Quy trình – Hướng dẫn,Khác,Hướng dẫn,ĐM-CĐ-Hướng dẫn bảo trì hệ thống lò hơi-Đông Mai,PT02,[18] CĐ - Phòng Cơ điện,ParsedFromFolder,High,,,,,,
data/[18] CĐ - Phòng Cơ điện/02. Quy chế – Quy định – Quy trình – Hướng dẫn/88.2025.HDBT-PT02-DMB-CĐ-Hướng dẫn bảo trì hệ thống lò hơi-Đông Mai.20-09-2025.pdf,[18] Phòng Cơ Điện,88.2025.HDBT-PT02-DMB-CĐ-Hướng dẫn bảo trì hệ thống lò hơi-Đông Mai.20-09-2025.pdf,88.2025.HDBT-PT02-DMB-CĐ-Hướng dẫn bảo trì hệ thống lò hơi-Đông Mai.20-09-2025.pdf,88,2025,2025-09-20,,,Hiệu lực,,DMB-CĐ-Hướng dẫn bảo trì hệ thống lò hơi-Đông Mai,,,,Quy chế – Quy định – Quy trình – Hướng dẫn,Khác,Hướng dẫn,ĐM-CĐ-Hướng dẫn bảo trì hệ thống lò hơi-Đông Mai,PT02,[18] CĐ - Phòng Cơ điện,ParsedFromFolder,High,,,,,,
data/[18] CĐ - Phòng Cơ điện/02. Quy chế – Quy định – Quy trình – Hướng dẫn/89.2025.HDVS-PT07-DMB-CĐm-Hướng dẫn vệ sinh hệ thống điện tủ phân phối-Đông Mai.28-08-2025.pdf,[18] Phòng Cơ Điện,89.2025.HDVS-PT07-DMB-CĐm-Hướng dẫn vệ sinh hệ thống điện tủ phân phối-Đông Mai.28-08-2025.pdf,89.2025.HDVS-PT07-DMB-CĐm-Hướng dẫn vệ sinh hệ thống điện tủ phân phối-Đông Mai.28-08-2025.pdf,89,2025,2025-08-28,,,Hiệu lực,,DMB-CĐm-Hướng dẫn vệ sinh hệ thống điện tủ phân phối-Đông Mai,,,,Quy chế – Quy định – Quy trình – Hướng dẫn,Khác,Hướng dẫn,ĐM-CĐm-Hướng dẫn vệ sinh hệ thống điện tủ phân phối-Đông Mai,PT07,[18] CĐ - Phòng Cơ điện,ParsedFromFolder,High,,,,,,
"data/[18] CĐ - Phòng Cơ điện/02. Quy chế – Quy định – Quy trình – Hướng dẫn/91.2025.HDVH-CN01-DMB-CĐ-Hướng dẫn vận hành hệ thống xay nghiền ,nấu bia-Đông Mai.28-08-2025.pdf",[18] Phòng Cơ Điện,"91.2025.HDVH-CN01-DMB-CĐ-Hướng dẫn vận hành hệ thống xay nghiền ,nấu bia-Đông Mai.28-08-2025.pdf","91.2025.HDVH-CN01-DMB-CĐ-Hướng dẫn vận hành hệ thống xay nghiền ,nấu bia-Đông Mai.28-08-2025.pdf",91,2025,2025-08-28,,,Hiệu lực,,"DMB-CĐ-Hướng dẫn vận hành hệ thống xay nghiền ,nấu bia-Đông Mai",,,,Quy chế – Quy định – Quy trình – Hướng dẫn,Khác,Hướng dẫn,"ĐM-CĐ-Hướng dẫn vận hành hệ thống xay nghiền ,nấu bia-Đông Mai",CN01,[18] CĐ - Phòng Cơ điện,ParsedFromFolder,High,,,,,,
"data/[18] CĐ - Phòng Cơ điện/02. Quy chế – Quy định – Quy trình – Hướng dẫn/93.2025.HDVS-CN01-DMB-CĐ-Hướng dẫn vệ sinh hệ thống xay nghiền , nấu bia-Đông Mai.20-09-2025.docx",[18] Phòng Cơ Điện,"93.2025.HDVS-CN01-DMB-CĐ-Hướng dẫn vệ sinh hệ thống xay nghiền , nấu bia-Đông Mai.20-09-2025.docx","93.2025.HDVS-CN01-DMB-CĐ-Hướng dẫn vệ sinh hệ thống xay nghiền , nấu bia-Đông Mai.20-09-2025.docx",93,2025,2025-09-20,,,Hiệu lực,,"DMB-CĐ-Hướng dẫn vệ sinh hệ thống xay nghiền , nấu bia-Đông Mai",,,,Quy chế – Quy định – Quy trình – Hướng dẫn,Khác,Hướng dẫn,"ĐM-CĐ-Hướng dẫn vệ sinh hệ thống xay nghiền , nấu bia-Đông Mai",CN01,[18] CĐ - Phòng Cơ điện,ParsedFromFolder,High,,,,,,
"data/[18] CĐ - Phòng Cơ điện/02. Quy chế – Quy định – Quy trình – Hướng dẫn/93.2025.HDVS-CN01-DMB-CĐ-Hướng dẫn vệ sinh hệ thống xay nghiền , nấu bia-Đông Mai.20-09-2025.pdf",[18] Phòng Cơ Điện,"93.2025.HDVS-CN01-DMB-CĐ-Hướng dẫn vệ sinh hệ thống xay nghiền , nấu bia-Đông Mai.20-09-2025.pdf","93.2025.HDVS-CN01-DMB-CĐ-Hướng dẫn vệ sinh hệ thống xay nghiền , nấu bia-Đông Mai.20-09-2025.pdf",93,2025,2025-09-20,,,Hiệu lực,,"DMB-CĐ-Hướng dẫn vệ sinh hệ thống xay nghiền , nấu bia-Đông Mai",,,,Quy chế – Quy định – Quy trình – Hướng dẫn,Khác,Hướng dẫn,"ĐM-CĐ-Hướng dẫn vệ sinh hệ thống xay nghiền , nấu bia-Đông Mai",CN01,[18] CĐ - Phòng Cơ điện,ParsedFromFolder,High,,,,,,
"data/[18] CĐ - Phòng Cơ điện/02. Quy chế – Quy định – Quy trình – Hướng dẫn/94.2025.HDVH-CN02-DMB-CĐ-Hướng dẫn vệ sinh hệ thống Tank men , bảo quản men-Đông Mai.28-08-2025.pdf",[18] Phòng Cơ Điện,"94.2025.HDVH-CN02-DMB-CĐ-Hướng dẫn vệ sinh hệ thống Tank men , bảo quản men-Đông Mai.28-08-2025.pdf","94.2025.HDVH-CN02-DMB-CĐ-Hướng dẫn vệ sinh hệ thống Tank men , bảo quản men-Đông Mai.28-08-2025.pdf",94,2025,2025-08-28,,,Hiệu lực,,"DMB-CĐ-Hướng dẫn vệ sinh hệ thống Tank men , bảo quản men-Đông Mai",,,,Quy chế – Quy định – Quy trình – Hướng dẫn,Khác,Hướng dẫn,"ĐM-CĐ-Hướng dẫn vệ sinh hệ thống Tank men , bảo quản men-Đông Mai",CN02,[18] CĐ - Phòng Cơ điện,ParsedFromFolder,High,,,,,,
data/[18] CĐ - Phòng Cơ điện/02. Quy chế – Quy định – Quy trình – Hướng dẫn/95.2025.HDBT-CN02-DMB-CĐ-Hướng dẫn bảo trì tank men-Đông Mai.20-09-2025.docx,[18] Phòng Cơ Điện,95.2025.HDBT-CN02-DMB-CĐ-Hướng dẫn bảo trì tank men-Đông Mai.20-09-2025.docx,95.2025.HDBT-CN02-DMB-CĐ-Hướng dẫn bảo trì tank men-Đông Mai.20-09-2025.docx,95,2025,2025-09-20,,,Hiệu lực,,DMB-CĐ-Hướng dẫn bảo trì tank men-Đông Mai,,,,Quy chế – Quy định – Quy trình – Hướng dẫn,Khác,Hướng dẫn,ĐM-CĐ-Hướng dẫn bảo trì tank men-Đông Mai,CN02,[18] CĐ - Phòng Cơ điện,ParsedFromFolder,High,,,,,,
data/[18] CĐ - Phòng Cơ điện/02. Quy chế – Quy định – Quy trình – Hướng dẫn/95.2025.HDBT-CN02-DMB-CĐ-Hướng dẫn bảo trì tank men-Đông Mai.20-09-2025.pdf,[18] Phòng Cơ Điện,95.2025.HDBT-CN02-DMB-CĐ-Hướng dẫn bảo trì tank men-Đông Mai.20-09-2025.pdf,95.2025.HDBT-CN02-DMB-CĐ-Hướng dẫn bảo trì tank men-Đông Mai.20-09-2025.pdf,95,2025,2025-09-20,,,Hiệu lực,,DMB-CĐ-Hướng dẫn bảo trì tank men-Đông Mai,,,,Quy chế – Quy định – Quy trình – Hướng dẫn,Khác,Hướng dẫn,ĐM-CĐ-Hướng dẫn bảo trì tank men-Đông Mai,CN02,[18] CĐ - Phòng Cơ điện,ParsedFromFolder,High,,,,,,
data/[18] CĐ - Phòng Cơ điện/02. Quy chế – Quy định – Quy trình – Hướng dẫn/96.2025.HDVH-CN02-HL-CĐ-Hướng dẫn vệ sinh tank thành phẩm-Hạ Long.20-09-2025.docx,[18] Phòng Cơ Điện,96.2025.HDVH-CN02-HL-CĐ-Hướng dẫn vệ sinh tank thành phẩm-Hạ Long.20-09-2025.docx,96.2025.HDVH-CN02-HL-CĐ-Hướng dẫn vệ sinh tank thành phẩm-Hạ Long.20-09-2025.docx,96,2025,2025-09-20,,,Hiệu lực,,HL-CĐ-Hướng dẫn vệ sinh tank thành phẩm-Hạ Long,,,,Quy chế – Quy định – Quy trình – Hướng dẫn,Khác,Hướng dẫn,HL-CĐ-Hướng dẫn vệ sinh tank thành phẩm-Hạ Long,CN02,[18] CĐ - Phòng Cơ điện,ParsedFromFolder,High,,,,,,
data/[18] CĐ - Phòng Cơ điện/02. Quy chế – Quy định – Quy trình – Hướng dẫn/96.2025.HDVH-CN02-HL-CĐ-Hướng dẫn vệ sinh tank thành phẩm-Hạ Long.20-09-2025.pdf,[18] Phòng Cơ Điện,96.2025.HDVH-CN02-HL-CĐ-Hướng dẫn vệ sinh tank thành phẩm-Hạ Long.20-09-2025.pdf,96.2025.HDVH-CN02-HL-CĐ-Hướng dẫn vệ sinh tank thành phẩm-Hạ Long.20-09-2025.pdf,96,2025,2025-09-20,,,Hiệu lực,,HL-CĐ-Hướng dẫn vệ sinh tank thành phẩm-Hạ Long,,,,Quy chế – Quy định – Quy trình – Hướng dẫn,Khác,Hướng dẫn,HL-CĐ-Hướng dẫn vệ sinh tank thành phẩm-Hạ Long,CN02,[18] CĐ - Phòng Cơ điện,ParsedFromFolder,High,,,,,,
data/[18] CĐ - Phòng Cơ điện/02. Quy chế – Quy định – Quy trình – Hướng dẫn/99.2025.HDVS-CN04-DMB-CĐ-Hướng dẫn vệ sinh hệ thống lọc trong bia KHS-Đông Mai.20-09-2025.docx,[18] Phòng Cơ Điện,99.2025.HDVS-CN04-DMB-CĐ-Hướng dẫn vệ sinh hệ thống lọc trong bia KHS-Đông Mai.20-09-2025.docx,99.2025.HDVS-CN04-DMB-CĐ-Hướng dẫn vệ sinh hệ thống lọc trong bia KHS-Đông Mai.20-09-2025.docx,99,2025,2025-09-20,,,Hiệu lực,,DMB-CĐ-Hướng dẫn vệ sinh hệ thống lọc trong bia KHS-Đông Mai,,,,Quy chế – Quy định – Quy trình – Hướng dẫn,Khác,Hướng dẫn,ĐM-CĐ-Hướng dẫn vệ sinh hệ thống lọc trong bia KHS-Đông Mai,CN04,[18] CĐ - Phòng Cơ điện,ParsedFromFolder,High,,,,,,
data/[18] CĐ - Phòng Cơ điện/02. Quy chế – Quy định – Quy trình – Hướng dẫn/99.2025.HDVS-CN04-DMB-CĐ-Hướng dẫn vệ sinh hệ thống lọc trong bia KHS-Đông Mai.20-09-2025.pdf,[18] Phòng Cơ Điện,99.2025.HDVS-CN04-DMB-CĐ-Hướng dẫn vệ sinh hệ thống lọc trong bia KHS-Đông Mai.20-09-2025.pdf,99.2025.HDVS-CN04-DMB-CĐ-Hướng dẫn vệ sinh hệ thống lọc trong bia KHS-Đông Mai.20-09-2025.pdf,99,2025,2025-09-20,,,Hiệu lực,,DMB-CĐ-Hướng dẫn vệ sinh hệ thống lọc trong bia KHS-Đông Mai,,,,Quy chế – Quy định – Quy trình – Hướng dẫn,Khác,Hướng dẫn,ĐM-CĐ-Hướng dẫn vệ sinh hệ thống lọc trong bia KHS-Đông Mai,CN04,[18] CĐ - Phòng Cơ điện,ParsedFromFolder,High,,,,,,
data/[18] CĐ - Phòng Cơ điện/02. Quy chế – Quy định – Quy trình – Hướng dẫn/Lưu đồ hệ thu hồi CO2.vsdx,[18] Phòng Cơ Điện,Lưu đồ hệ thu hồi CO2.vsdx,Lưu đồ hệ thu hồi CO2.vsdx,,,,,,Hiệu lực,,Lưu đồ hệ thu hồi CO2,,,,Quy chế – Quy định – Quy trình – Hướng dẫn,Khác,,Lưu đồ hệ thu hồi CO2,,[18] CĐ - Phòng Cơ điện,ParsedFromFolder,High,,,,,,
data/[18] CĐ - Phòng Cơ điện/02. Quy chế – Quy định – Quy trình – Hướng dẫn/MTCV NV kiểm soát thiết bị quy trình nhà máy Hạ Long.docx,[18] Phòng Cơ Điện,MTCV NV kiểm soát thiết bị quy trình nhà máy Hạ Long.docx,MTCV NV kiểm soát thiết bị quy trình nhà máy Hạ Long.docx,,,,,,Hiệu lực,,MTCV NV kiểm soát thiết bị quy trình nhà máy Hạ Long,,,,Quy chế – Quy định – Quy trình – Hướng dẫn,Khác,Quy trình,MTCV NV kiểm soát thiết bị quy trình nhà máy Hạ Long,,[18] CĐ - Phòng Cơ điện,ParsedFromFolder,High,,,,,,
data/[18] CĐ - Phòng Cơ điện/02. Quy chế – Quy định – Quy trình – Hướng dẫn/MTCV NV kiểm soát thiết bị quy trình phương tiện vận tải.docx,[18] Phòng Cơ Điện,MTCV NV kiểm soát thiết bị quy trình phương tiện vận tải.docx,MTCV NV kiểm soát thiết bị quy trình phương tiện vận tải.docx,,,,,,Hiệu lực,,MTCV NV kiểm soát thiết bị quy trình phương tiện vận tải,,,,Quy chế – Quy định – Quy trình – Hướng dẫn,Khác,Quy trình,MTCV NV kiểm soát thiết bị quy trình phương tiện vận tải,,[18] CĐ - Phòng Cơ điện,ParsedFromFolder,High,,,,,,
data/[18] CĐ - Phòng Cơ điện/03. Tổ chức – Nhân sự/18.2024.QyĐ-CĐ-Thay đổi sơ đồ tổ chức Phòng Cơ điện.23-10-2024.pdf,[18] Phòng Cơ Điện,18.2024.QyĐ-CĐ-Thay đổi sơ đồ tổ chức Phòng Cơ điện.23-10-2024.pdf,18.2024.QyĐ-CĐ-Thay đổi sơ đồ tổ chức Phòng Cơ điện.23-10-2024.pdf,18,2024,2024-10-23,,,Hiệu lực,,Thay đổi sơ đồ tổ chức Phòng Cơ điện,,,,Tổ chức – Nhân sự,Khác,,Thay đổi sơ đồ tổ chức Phòng Cơ điện,CĐ,[18] CĐ - Phòng Cơ điện,ParsedFromFolder,High,,,,,,
data/[18] CĐ - Phòng Cơ điện/03. Tổ chức – Nhân sự/198.2026.QĐ-HCNS-Miễn nhiệm vị trí Phó phòng cơ điện.26-03-2026.pdf,[18] Phòng Cơ Điện,198.2026.QĐ-HCNS-Miễn nhiệm vị trí Phó phòng cơ điện.26-03-2026.pdf,198.2026.QĐ-HCNS-Miễn nhiệm vị trí Phó phòng cơ điện.26-03-2026.pdf,198,2026,2026-03-26,,,Hiệu lực,,Miễn nhiệm vị trí Phó phòng cơ điện,,,,Tổ chức – Nhân sự,Quyết định,,Miễn nhiệm vị trí Phó phòng cơ điện,HCNS,[18] CĐ - Phòng Cơ điện,ParsedFromFolder,High,,,,,,
data/[18] CĐ - Phòng Cơ điện/03. Tổ chức – Nhân sự/303.2025.QĐ-HCNS-Bổ nhiệm Trưởng phòng cơ điện-v2.25-08-2025.pdf,[18] Phòng Cơ Điện,303.2025.QĐ-HCNS-Bổ nhiệm Trưởng phòng cơ điện-v2.25-08-2025.pdf,303.2025.QĐ-HCNS-Bổ nhiệm Trưởng phòng cơ điện-v2.25-08-2025.pdf,303,2025,2025-08-25,,,Hiệu lực,,Bổ nhiệm Trưởng phòng cơ điện-v2,,,,Tổ chức – Nhân sự,Quyết định,,Bổ nhiệm Trưởng phòng cơ điện-v2,HCNS,[18] CĐ - Phòng Cơ điện,ParsedFromFolder,High,,,,,Bản chuẩn,
data/[18] CĐ - Phòng Cơ điện/03. Tổ chức – Nhân sự/303.2025.QĐ-HCNS-Bổ nhiệm Trưởng phòng cơ điện.25-08-2025.pdf,[18] Phòng Cơ Điện,303.2025.QĐ-HCNS-Bổ nhiệm Trưởng phòng cơ điện.25-08-2025.pdf,303.2025.QĐ-HCNS-Bổ nhiệm Trưởng phòng cơ điện.25-08-2025.pdf,303,2025,2025-08-25,,,Hiệu lực,,Bổ nhiệm Trưởng phòng cơ điện,,,,Tổ chức – Nhân sự,Quyết định,,Bổ nhiệm Trưởng phòng cơ điện,HCNS,[18] CĐ - Phòng Cơ điện,ParsedFromFolder,High,,,,,Bản sao,
data/[18] CĐ - Phòng Cơ điện/03. Tổ chức – Nhân sự/305.2025.QĐ-HCNS-Miễn nhiệm vị trí Trưởng phòng cơ điện-v2.25-08-2025.pdf,[18] Phòng Cơ Điện,305.2025.QĐ-HCNS-Miễn nhiệm vị trí Trưởng phòng cơ điện-v2.25-08-2025.pdf,305.2025.QĐ-HCNS-Miễn nhiệm vị trí Trưởng phòng cơ điện-v2.25-08-2025.pdf,305,2025,2025-08-25,,,Hiệu lực,,Miễn nhiệm vị trí Trưởng phòng cơ điện-v2,,,,Tổ chức – Nhân sự,Quyết định,,Miễn nhiệm vị trí Trưởng phòng cơ điện-v2,HCNS,[18] CĐ - Phòng Cơ điện,ParsedFromFolder,High,,,,,Bản chuẩn,
data/[18] CĐ - Phòng Cơ điện/03. Tổ chức – Nhân sự/305.2025.QĐ-HCNS-Miễn nhiệm vị trí Trưởng phòng cơ điện.25-08-2025.pdf,[18] Phòng Cơ Điện,305.2025.QĐ-HCNS-Miễn nhiệm vị trí Trưởng phòng cơ điện.25-08-2025.pdf,305.2025.QĐ-HCNS-Miễn nhiệm vị trí Trưởng phòng cơ điện.25-08-2025.pdf,305,2025,2025-08-25,,,Hiệu lực,,Miễn nhiệm vị trí Trưởng phòng cơ điện,,,,Tổ chức – Nhân sự,Quyết định,,Miễn nhiệm vị trí Trưởng phòng cơ điện,HCNS,[18] CĐ - Phòng Cơ điện,ParsedFromFolder,High,,,,,Bản sao,
data/[18] CĐ - Phòng Cơ điện/03. Tổ chức – Nhân sự/307.2025.QĐ-HCNS-Bổ nhiệm Phó phòng cơ điện.25-08-2025.pdf,[18] Phòng Cơ Điện,307.2025.QĐ-HCNS-Bổ nhiệm Phó phòng cơ điện.25-08-2025.pdf,307.2025.QĐ-HCNS-Bổ nhiệm Phó phòng cơ điện.25-08-2025.pdf,307,2025,2025-08-25,,,Hiệu lực,,Bổ nhiệm Phó phòng cơ điện,,,,Tổ chức – Nhân sự,Quyết định,,Bổ nhiệm Phó phòng cơ điện,HCNS,[18] CĐ - Phòng Cơ điện,ParsedFromFolder,High,,,,,,
data/[18] CĐ - Phòng Cơ điện/03. Tổ chức – Nhân sự/412.2025.QĐ-HCNS-Quyết định kiêm nhiệm chức danh Nguyễn Hữu Hiệp.29-11-2025.pdf,[18] Phòng Cơ Điện,412.2025.QĐ-HCNS-Quyết định kiêm nhiệm chức danh Nguyễn Hữu Hiệp.29-11-2025.pdf,412.2025.QĐ-HCNS-Quyết định kiêm nhiệm chức danh Nguyễn Hữu Hiệp.29-11-2025.pdf,412,2025,2025-11-29,,,Hiệu lực,,Quyết định kiêm nhiệm chức danh Nguyễn Hữu Hiệp,,,,Tổ chức – Nhân sự,Quyết định,,Quyết định kiêm nhiệm chức danh Nguyễn Hữu Hiệp,HCNS,[18] CĐ - Phòng Cơ điện,ParsedFromFolder,High,,,,,,
data/[18] CĐ - Phòng Cơ điện/03. Tổ chức – Nhân sự/MTCV NV phụ trách công tác địa chính xây dựng.docx,[18] Phòng Cơ Điện,MTCV NV phụ trách công tác địa chính xây dựng.docx,MTCV NV phụ trách công tác địa chính xây dựng.docx,,,,,,Hiệu lực,,MTCV NV phụ trách công tác địa chính xây dựng,,,,Tổ chức – Nhân sự,Khác,,MTCV NV phụ trách công tác địa chính xây dựng,,[18] CĐ - Phòng Cơ điện,ParsedFromFolder,High,,,,,,
data/[18] CĐ - Phòng Cơ điện/03. Tổ chức – Nhân sự/MTCV Phòng Cơ điện.rar,[18] Phòng Cơ Điện,MTCV Phòng Cơ điện.rar,MTCV Phòng Cơ điện.rar,,,,,,Hiệu lực,,MTCV Phòng Cơ điện,,,,Tổ chức – Nhân sự,Khác,,MTCV Phòng Cơ điện,,[18] CĐ - Phòng Cơ điện,ParsedFromFolder,High,,,,,,
data/[18] CĐ - Phòng Cơ điện/03. Tổ chức – Nhân sự/MTCV Phó Phòng Cơ điện.docx,[18] Phòng Cơ Điện,MTCV Phó Phòng Cơ điện.docx,MTCV Phó Phòng Cơ điện.docx,,,,,,Hiệu lực,,MTCV Phó Phòng Cơ điện,,,,Tổ chức – Nhân sự,Khác,,MTCV Phó Phòng Cơ điện,,[18] CĐ - Phòng Cơ điện,ParsedFromFolder,High,,,,,,
data/[18] CĐ - Phòng Cơ điện/03. Tổ chức – Nhân sự/MTCV Trưởng Phòng Cơ điện.docx,[18] Phòng Cơ Điện,MTCV Trưởng Phòng Cơ điện.docx,MTCV Trưởng Phòng Cơ điện.docx,,,,,,Hiệu lực,,MTCV Trưởng Phòng Cơ điện,,,,Tổ chức – Nhân sự,Khác,,MTCV Trưởng Phòng Cơ điện,,[18] CĐ - Phòng Cơ điện,ParsedFromFolder,High,,,,,,
data/[18] CĐ - Phòng Cơ điện/03. Tổ chức – Nhân sự/MTCV-Bản mô tả công việc Phòng Cơ điện.pdf,[18] Phòng Cơ Điện,MTCV-Bản mô tả công việc Phòng Cơ điện.pdf,MTCV-Bản mô tả công việc Phòng Cơ điện.pdf,,,,,,Hiệu lực,,Bản mô tả công việc Phòng Cơ điện,,,,Tổ chức – Nhân sự,Khác,,Bản mô tả công việc Phòng Cơ điện,,[18] CĐ - Phòng Cơ điện,ParsedFromFolder,High,,,,,Bản chuẩn,
data/[18] CĐ - Phòng Cơ điện/03. Tổ chức – Nhân sự/MTCV-Bản mô tả công việc Phòng Cơ điện1.pdf,[18] Phòng Cơ Điện,MTCV-Bản mô tả công việc Phòng Cơ điện1.pdf,MTCV-Bản mô tả công việc Phòng Cơ điện1.pdf,,,,,,Hiệu lực,,Bản mô tả công việc Phòng Cơ điện1,,,,Tổ chức – Nhân sự,Khác,,Bản mô tả công việc Phòng Cơ điện1,,[18] CĐ - Phòng Cơ điện,ParsedFromFolder,High,,,,,Bản sao,
data/[18] CĐ - Phòng Cơ điện/05. Hợp đồng – Cam kết pháp lý/240.GUQ-HLB-Giấy ủy quyền của Tổng Giám đốc cho ông Hoàng Văn Dương.24-4-2025.pdf,[18] Phòng Cơ Điện,240.GUQ-HLB-Giấy ủy quyền của Tổng Giám đốc cho ông Hoàng Văn Dương.24-4-2025.pdf,240.GUQ-HLB-Giấy ủy quyền của Tổng Giám đốc cho ông Hoàng Văn Dương.24-4-2025.pdf,,,2025-04-24,,,Hiệu lực,,Giấy ủy quyền của Tổng Giám đốc cho ông Hoàng Văn Dương,,,,Hợp đồng – Văn bản pháp lý,Khác,,Giấy ủy quyền của Tổng Giám đốc cho ông Hoàng Văn Dương,HLB,[18] CĐ - Phòng Cơ điện,ParsedFromFolder,High,,,,,,
data/[18] CĐ - Phòng Cơ điện/06. Hết hiệu lực/18.2024.QyĐ-CĐ-Quy định về chức năng nhiệm vụ và cơ cấu tổ chức của phòng Cơ điện.02-01.2024.pdf,[99] Archive,18.2024.QyĐ-CĐ-Quy định về chức năng nhiệm vụ và cơ cấu tổ chức của phòng Cơ điện.02-01.2024.pdf,18.2024.QyĐ-CĐ-Quy định về chức năng nhiệm vụ và cơ cấu tổ chức của phòng Cơ điện.02-01.2024.pdf,18,2024,,,,Hết hiệu lực,,Quy định về chức năng nhiệm vụ và cơ cấu tổ chức của phòng Cơ điện.02-01.2024,,,,Hết hiệu lực,Khác,Quy định,về chức năng nhiệm vụ và cơ cấu tổ chức của phòng Cơ điện.02-01.2024,CĐ,[18] CĐ - Phòng Cơ điện,ParsedFromFolder,High,,,,,,
data/[19] KPP - Kênh Phân phối/02. Quy chế – Quy định – Quy trình – Hướng dẫn/HD-Hướng dẫn công việc dành cho ASM-v2.zip,[19] Kênh Phân Phối,HD-Hướng dẫn công việc dành cho ASM-v2.zip,HD-Hướng dẫn công việc dành cho ASM-v2.zip,,,,,,Hiệu lực,,v2,,,,Quy chế – Quy định – Quy trình – Hướng dẫn,Khác,Hướng dẫn,v2,Hướng dẫn công việc dành cho ASM,[19] KPP - Kênh Phân phối,ParsedFromFolder,High,,,,,Bản chuẩn,
data/[19] KPP - Kênh Phân phối/02. Quy chế – Quy định – Quy trình – Hướng dẫn/HD-Hướng dẫn công việc dành cho ASM.zip,[19] Kênh Phân Phối,HD-Hướng dẫn công việc dành cho ASM.zip,HD-Hướng dẫn công việc dành cho ASM.zip,,,,,,Hiệu lực,,Hướng dẫn công việc dành cho ASM,,,,Quy chế – Quy định – Quy trình – Hướng dẫn,Khác,Hướng dẫn,công việc dành cho ASM,,[19] KPP - Kênh Phân phối,ParsedFromFolder,High,,,,,Bản sao,
data/[19] KPP - Kênh Phân phối/02. Quy chế – Quy định – Quy trình – Hướng dẫn/HD-Hướng dẫn công việc dành cho giám sát bán hàng.zip,[19] Kênh Phân Phối,HD-Hướng dẫn công việc dành cho giám sát bán hàng.zip,HD-Hướng dẫn công việc dành cho giám sát bán hàng.zip,,,,,,Hiệu lực,,Hướng dẫn công việc dành cho giám sát bán hàng,,,,Quy chế – Quy định – Quy trình – Hướng dẫn,Khác,Hướng dẫn,công việc dành cho giám sát bán hàng,,[19] KPP - Kênh Phân phối,ParsedFromFolder,High,,,,,,
data/[19] KPP - Kênh Phân phối/02. Quy chế – Quy định – Quy trình – Hướng dẫn/HD-Hướng dẫn công việc dành cho nhân viên bán hàng.zip,[19] Kênh Phân Phối,HD-Hướng dẫn công việc dành cho nhân viên bán hàng.zip,HD-Hướng dẫn công việc dành cho nhân viên bán hàng.zip,,,,,,Hiệu lực,,Hướng dẫn công việc dành cho nhân viên bán hàng,,,,Quy chế – Quy định – Quy trình – Hướng dẫn,Khác,Hướng dẫn,công việc dành cho nhân viên bán hàng,,[19] KPP - Kênh Phân phối,ParsedFromFolder,High,,,,,,
"data/[19] KPP - Kênh Phân phối/03. Tổ chức – Nhân sự/01.2024.QyĐ-HCNS-Ban hành và áp dụng thực hiện bản mô tả công việc cho cán bộ nhân viên kênh phân phối ASM, GS, NVBH-v2.31-10-2024.pdf",[19] Kênh Phân Phối,"01.2024.QyĐ-HCNS-Ban hành và áp dụng thực hiện bản mô tả công việc cho cán bộ nhân viên kênh phân phối ASM, GS, NVBH-v2.31-10-2024.pdf","01.2024.QyĐ-HCNS-Ban hành và áp dụng thực hiện bản mô tả công việc cho cán bộ nhân viên kênh phân phối ASM, GS, NVBH-v2.31-10-2024.pdf",01,2024,2024-10-31,,,Hiệu lực,,"Ban hành và áp dụng thực hiện bản mô tả công việc cho cán bộ nhân viên kênh phân phối ASM, GS, NVBH-v2",,,,Tổ chức – Nhân sự,Khác,,"và áp dụng thực hiện bản mô tả công việc cho cán bộ nhân viên kênh phân phối ASM, GS, NVBH-v2",HCNS,[19] KPP - Kênh Phân phối,ParsedFromFolder,High,,,,,Bản chuẩn,
"data/[19] KPP - Kênh Phân phối/03. Tổ chức – Nhân sự/01.2024.QyĐ-HCNS-Ban hành và áp dụng thực hiện bản mô tả công việc cho cán bộ nhân viên kênh phân phối ASM, GS, NVBH.31-10-2024.pdf",[19] Kênh Phân Phối,"01.2024.QyĐ-HCNS-Ban hành và áp dụng thực hiện bản mô tả công việc cho cán bộ nhân viên kênh phân phối ASM, GS, NVBH.31-10-2024.pdf","01.2024.QyĐ-HCNS-Ban hành và áp dụng thực hiện bản mô tả công việc cho cán bộ nhân viên kênh phân phối ASM, GS, NVBH.31-10-2024.pdf",01,2024,2024-10-31,,,Hiệu lực,,"Ban hành và áp dụng thực hiện bản mô tả công việc cho cán bộ nhân viên kênh phân phối ASM, GS, NVBH",,,,Tổ chức – Nhân sự,Khác,,"và áp dụng thực hiện bản mô tả công việc cho cán bộ nhân viên kênh phân phối ASM, GS, NVBH",HCNS,[19] KPP - Kênh Phân phối,ParsedFromFolder,High,,,,,Bản sao,
data/[19] KPP - Kênh Phân phối/03. Tổ chức – Nhân sự/19.3.2024.QyĐ-VHKD-Ban hành Quy định về chức năng năng nhiệm vụ và vị trí Nhân viên đại diện tiêu thụ.02-01-2024.pdf,[19] Kênh Phân Phối,19.3.2024.QyĐ-VHKD-Ban hành Quy định về chức năng năng nhiệm vụ và vị trí Nhân viên đại diện tiêu thụ.02-01-2024.pdf,19.3.2024.QyĐ-VHKD-Ban hành Quy định về chức năng năng nhiệm vụ và vị trí Nhân viên đại diện tiêu thụ.02-01-2024.pdf,,,2024-01-02,,,Hiệu lực,,Ban hành Quy định về chức năng năng nhiệm vụ và vị trí Nhân viên đại diện tiêu thụ,,,,Tổ chức – Nhân sự,Khác,Quy định,về chức năng năng nhiệm vụ và vị trí Nhân viên đại diện tiêu thụ,VHKD,[19] KPP - Kênh Phân phối,ParsedFromFolder,High,,,,,,
data/[19] KPP - Kênh Phân phối/03. Tổ chức – Nhân sự/19.5.2024.QyĐ-VHKD-Quy định về chức năng nhiệm vụ và vị trí nhân viên bán hàng kênh phân phối.02-01-2024.docx,[19] Kênh Phân Phối,19.5.2024.QyĐ-VHKD-Quy định về chức năng nhiệm vụ và vị trí nhân viên bán hàng kênh phân phối.02-01-2024.docx,19.5.2024.QyĐ-VHKD-Quy định về chức năng nhiệm vụ và vị trí nhân viên bán hàng kênh phân phối.02-01-2024.docx,,,2024-01-02,,,Hiệu lực,,Quy định về chức năng nhiệm vụ và vị trí nhân viên bán hàng kênh phân phối,,,,Tổ chức – Nhân sự,Khác,Quy định,về chức năng nhiệm vụ và vị trí nhân viên bán hàng kênh phân phối,VHKD,[19] KPP - Kênh Phân phối,ParsedFromFolder,High,,,,,,
data/[19] KPP - Kênh Phân phối/03. Tổ chức – Nhân sự/19.5.2024.QyĐ-VHKD-Quy định về chức năng nhiệm vụ và vị trí nhân viên bán hàng kênh phân phối.02-01-2024.pdf,[19] Kênh Phân Phối,19.5.2024.QyĐ-VHKD-Quy định về chức năng nhiệm vụ và vị trí nhân viên bán hàng kênh phân phối.02-01-2024.pdf,19.5.2024.QyĐ-VHKD-Quy định về chức năng nhiệm vụ và vị trí nhân viên bán hàng kênh phân phối.02-01-2024.pdf,,,2024-01-02,,,Hiệu lực,,Quy định về chức năng nhiệm vụ và vị trí nhân viên bán hàng kênh phân phối,,,,Tổ chức – Nhân sự,Khác,Quy định,về chức năng nhiệm vụ và vị trí nhân viên bán hàng kênh phân phối,VHKD,[19] KPP - Kênh Phân phối,ParsedFromFolder,High,,,,,,
data/[19] KPP - Kênh Phân phối/03. Tổ chức – Nhân sự/231.2025.QĐ-HCNS-Quyết định Điều chuyển nhân sự.19-04-2025.pdf,[19] Kênh Phân Phối,231.2025.QĐ-HCNS-Quyết định Điều chuyển nhân sự.19-04-2025.pdf,231.2025.QĐ-HCNS-Quyết định Điều chuyển nhân sự.19-04-2025.pdf,231,2025,2025-04-19,,,Hiệu lực,,Quyết định Điều chuyển nhân sự,,,,Tổ chức – Nhân sự,Quyết định,,Quyết định Điều chuyển nhân sự,HCNS,[19] KPP - Kênh Phân phối,ParsedFromFolder,High,,,,,,
data/[19] KPP - Kênh Phân phối/03. Tổ chức – Nhân sự/64.2026.QĐ-HCNS-Miễn nhiệm vị trí ASM-Vùng Duyên hải-Kênh phân phối.13-01-2026.pdf,[19] Kênh Phân Phối,64.2026.QĐ-HCNS-Miễn nhiệm vị trí ASM-Vùng Duyên hải-Kênh phân phối.13-01-2026.pdf,64.2026.QĐ-HCNS-Miễn nhiệm vị trí ASM-Vùng Duyên hải-Kênh phân phối.13-01-2026.pdf,64,2026,2026-01-13,,,Hiệu lực,,Miễn nhiệm vị trí ASM-Vùng Duyên hải-Kênh phân phối,,,,Tổ chức – Nhân sự,Quyết định,,Miễn nhiệm vị trí ASM-Vùng Duyên hải-Kênh phân phối,HCNS,[19] KPP - Kênh Phân phối,ParsedFromFolder,High,,,,,,
"data/[19] KPP - Kênh Phân phối/03. Tổ chức – Nhân sự/820.2024.QĐ-HLB-Quyết định Ban hành và áp dụng thực hiện bản Mô tả công việc cho CBNV Kênh Phân phối ASM,GS,NVBH.31-10-2024.pdf",[19] Kênh Phân Phối,"820.2024.QĐ-HLB-Quyết định Ban hành và áp dụng thực hiện bản Mô tả công việc cho CBNV Kênh Phân phối ASM,GS,NVBH.31-10-2024.pdf","820.2024.QĐ-HLB-Quyết định Ban hành và áp dụng thực hiện bản Mô tả công việc cho CBNV Kênh Phân phối ASM,GS,NVBH.31-10-2024.pdf",820,2024,2024-10-31,,,Hiệu lực,,"Quyết định Ban hành và áp dụng thực hiện bản Mô tả công việc cho CBNV Kênh Phân phối ASM,GS,NVBH",,,,Tổ chức – Nhân sự,Quyết định,,"Quyết định Ban hành và áp dụng thực hiện bản Mô tả công việc cho CBNV Kênh Phân phối ASM,GS,NVBH",HLB,[19] KPP - Kênh Phân phối,ParsedFromFolder,High,,,,,Bản sao,
data/[19] KPP - Kênh Phân phối/03. Tổ chức – Nhân sự/MTCV ASM.docx,[19] Kênh Phân Phối,MTCV ASM.docx,MTCV ASM.docx,,,,,,Hiệu lực,,MTCV ASM,,,,Tổ chức – Nhân sự,Khác,,MTCV ASM,,[19] KPP - Kênh Phân phối,ParsedFromFolder,High,,,,,,
data/[19] KPP - Kênh Phân phối/03. Tổ chức – Nhân sự/MTCV Giám sát bán hàng.docx,[19] Kênh Phân Phối,MTCV Giám sát bán hàng.docx,MTCV Giám sát bán hàng.docx,,,,,,Hiệu lực,,MTCV Giám sát bán hàng,,,,Tổ chức – Nhân sự,Khác,,MTCV Giám sát bán hàng,,[19] KPP - Kênh Phân phối,ParsedFromFolder,High,,,,,,
data/[19] KPP - Kênh Phân phối/03. Tổ chức – Nhân sự/MTCV Nhân viên bán hàng.docx,[19] Kênh Phân Phối,MTCV Nhân viên bán hàng.docx,MTCV Nhân viên bán hàng.docx,,,,,,Hiệu lực,,MTCV Nhân viên bán hàng,,,,Tổ chức – Nhân sự,Khác,,MTCV Nhân viên bán hàng,,[19] KPP - Kênh Phân phối,ParsedFromFolder,High,,,,,,
data/[19] KPP - Kênh Phân phối/03. Tổ chức – Nhân sự/QyĐ-Quy định CNNV ASM.docx,[19] Kênh Phân Phối,QyĐ-Quy định CNNV ASM.docx,QyĐ-Quy định CNNV ASM.docx,,,,,,Hiệu lực,,Quy định CNNV ASM,,,,Tổ chức – Nhân sự,Khác,Quy định,CNNV ASM,,[19] KPP - Kênh Phân phối,ParsedFromFolder,High,,,,,,
data/[19] KPP - Kênh Phân phối/03. Tổ chức – Nhân sự/QyĐ-Quy định CNNV GSBH.docx,[19] Kênh Phân Phối,QyĐ-Quy định CNNV GSBH.docx,QyĐ-Quy định CNNV GSBH.docx,,,,,,Hiệu lực,,Quy định CNNV GSBH,,,,Tổ chức – Nhân sự,Khác,Quy định,CNNV GSBH,,[19] KPP - Kênh Phân phối,ParsedFromFolder,High,,,,,,
data/[22] TTĐH - Trung tâm Điều hành/02. Quy chế – Quy định – Quy trình – Hướng dẫn/01.2025.HD-TTĐH-Hướng dẫn xử lý tai nạn giao thông trên đường vận chuyển.24-03-2025.docx,[22] Trung Tâm Điều Hành,01.2025.HD-TTĐH-Hướng dẫn xử lý tai nạn giao thông trên đường vận chuyển.24-03-2025.docx,01.2025.HD-TTĐH-Hướng dẫn xử lý tai nạn giao thông trên đường vận chuyển.24-03-2025.docx,01,2025,2025-03-24,,,Hiệu lực,,Hướng dẫn xử lý tai nạn giao thông trên đường vận chuyển,,,,Quy chế – Quy định – Quy trình – Hướng dẫn,Khác,Hướng dẫn,xử lý tai nạn giao thông trên đường vận chuyển,TTĐH,[22] TTĐH - Trung tâm Điều hành,ParsedFromFolder,High,,,,,,
data/[22] TTĐH - Trung tâm Điều hành/02. Quy chế – Quy định – Quy trình – Hướng dẫn/01.2025.HD-TTĐH-Hướng dẫn xử lý tai nạn giao thông trên đường vận chuyển.24-03-2025.pdf,[22] Trung Tâm Điều Hành,01.2025.HD-TTĐH-Hướng dẫn xử lý tai nạn giao thông trên đường vận chuyển.24-03-2025.pdf,01.2025.HD-TTĐH-Hướng dẫn xử lý tai nạn giao thông trên đường vận chuyển.24-03-2025.pdf,01,2025,2025-03-24,,,Hiệu lực,,Hướng dẫn xử lý tai nạn giao thông trên đường vận chuyển,,,,Quy chế – Quy định – Quy trình – Hướng dẫn,Khác,Hướng dẫn,xử lý tai nạn giao thông trên đường vận chuyển,TTĐH,[22] TTĐH - Trung tâm Điều hành,ParsedFromFolder,High,,,,,,
"data/[22] TTĐH - Trung tâm Điều hành/02. Quy chế – Quy định – Quy trình – Hướng dẫn/01.2025.QT-TTĐH-Quy trình giao hàng ,thu tiền ,nhập vỏ.17-02-2025.docx",[22] Trung Tâm Điều Hành,"01.2025.QT-TTĐH-Quy trình giao hàng ,thu tiền ,nhập vỏ.17-02-2025.docx","01.2025.QT-TTĐH-Quy trình giao hàng ,thu tiền ,nhập vỏ.17-02-2025.docx",01,2025,2025-02-17,,,Hiệu lực,,"Quy trình giao hàng ,thu tiền ,nhập vỏ",,,,Quy chế – Quy định – Quy trình – Hướng dẫn,Khác,Quy trình,"giao hàng ,thu tiền ,nhập vỏ",TTĐH,[22] TTĐH - Trung tâm Điều hành,ParsedFromFolder,High,,,,,,
"data/[22] TTĐH - Trung tâm Điều hành/02. Quy chế – Quy định – Quy trình – Hướng dẫn/01.2025.QT-TTĐH-Quy trình giao hàng ,thu tiền ,nhập vỏ.17-02-2025.pdf",[22] Trung Tâm Điều Hành,"01.2025.QT-TTĐH-Quy trình giao hàng ,thu tiền ,nhập vỏ.17-02-2025.pdf","01.2025.QT-TTĐH-Quy trình giao hàng ,thu tiền ,nhập vỏ.17-02-2025.pdf",01,2025,2025-02-17,,,Hiệu lực,,"Quy trình giao hàng ,thu tiền ,nhập vỏ",,,,Quy chế – Quy định – Quy trình – Hướng dẫn,Khác,Quy trình,"giao hàng ,thu tiền ,nhập vỏ",TTĐH,[22] TTĐH - Trung tâm Điều hành,ParsedFromFolder,High,,,,,,
data/[22] TTĐH - Trung tâm Điều hành/02. Quy chế – Quy định – Quy trình – Hướng dẫn/02.2025.HD-TTĐH-Hướng dẫn xử lý sự cố hỏng xe trên đường vận chuyển.30-03-2025.pdf,[22] Trung Tâm Điều Hành,02.2025.HD-TTĐH-Hướng dẫn xử lý sự cố hỏng xe trên đường vận chuyển.30-03-2025.pdf,02.2025.HD-TTĐH-Hướng dẫn xử lý sự cố hỏng xe trên đường vận chuyển.30-03-2025.pdf,02,2025,2025-03-30,,,Hiệu lực,,Hướng dẫn xử lý sự cố hỏng xe trên đường vận chuyển,,,,Quy chế – Quy định – Quy trình – Hướng dẫn,Khác,Hướng dẫn,xử lý sự cố hỏng xe trên đường vận chuyển,TTĐH,[22] TTĐH - Trung tâm Điều hành,ParsedFromFolder,High,,,,,,
data/[22] TTĐH - Trung tâm Điều hành/02. Quy chế – Quy định – Quy trình – Hướng dẫn/02.2025.QT-TTĐH-Quy trình bảo quản hàng hóa kho thành phẩm.29-04-2025.docx,[22] Trung Tâm Điều Hành,02.2025.QT-TTĐH-Quy trình bảo quản hàng hóa kho thành phẩm.29-04-2025.docx,02.2025.QT-TTĐH-Quy trình bảo quản hàng hóa kho thành phẩm.29-04-2025.docx,02,2025,2025-04-29,,,Hiệu lực,,Quy trình bảo quản hàng hóa kho thành phẩm,,,,Quy chế – Quy định – Quy trình – Hướng dẫn,Khác,Quy trình,bảo quản hàng hóa kho thành phẩm,TTĐH,[22] TTĐH - Trung tâm Điều hành,ParsedFromFolder,High,,,,,,
data/[22] TTĐH - Trung tâm Điều hành/02. Quy chế – Quy định – Quy trình – Hướng dẫn/02.2025.QT-TTĐH-Quy trình bảo quản hàng hóa kho thành phẩm.29-04-2025.pdf,[22] Trung Tâm Điều Hành,02.2025.QT-TTĐH-Quy trình bảo quản hàng hóa kho thành phẩm.29-04-2025.pdf,02.2025.QT-TTĐH-Quy trình bảo quản hàng hóa kho thành phẩm.29-04-2025.pdf,02,2025,2025-04-29,,,Hiệu lực,,Quy trình bảo quản hàng hóa kho thành phẩm,,,,Quy chế – Quy định – Quy trình – Hướng dẫn,Khác,Quy trình,bảo quản hàng hóa kho thành phẩm,TTĐH,[22] TTĐH - Trung tâm Điều hành,ParsedFromFolder,High,,,,,,
data/[22] TTĐH - Trung tâm Điều hành/02. Quy chế – Quy định – Quy trình – Hướng dẫn/02.2025.QT-TTĐH-Quy trình điều vận.17-02-2025.docx,[22] Trung Tâm Điều Hành,02.2025.QT-TTĐH-Quy trình điều vận.17-02-2025.docx,02.2025.QT-TTĐH-Quy trình điều vận.17-02-2025.docx,02,2025,2025-02-17,,,Hiệu lực,,Quy trình điều vận,,,,Quy chế – Quy định – Quy trình – Hướng dẫn,Khác,Quy trình,điều vận,TTĐH,[22] TTĐH - Trung tâm Điều hành,ParsedFromFolder,High,,,,,,
data/[22] TTĐH - Trung tâm Điều hành/02. Quy chế – Quy định – Quy trình – Hướng dẫn/02.2025.QT-TTĐH-Quy trình điều vận.17-02-2025.pdf,[22] Trung Tâm Điều Hành,02.2025.QT-TTĐH-Quy trình điều vận.17-02-2025.pdf,02.2025.QT-TTĐH-Quy trình điều vận.17-02-2025.pdf,02,2025,2025-02-17,,,Hiệu lực,,Quy trình điều vận,,,,Quy chế – Quy định – Quy trình – Hướng dẫn,Khác,Quy trình,điều vận,TTĐH,[22] TTĐH - Trung tâm Điều hành,ParsedFromFolder,High,,,,,,
data/[22] TTĐH - Trung tâm Điều hành/02. Quy chế – Quy định – Quy trình – Hướng dẫn/02.2025.QyĐ-TTĐH-Quy định nhập-xuất-tồn kho thành phẩm.29-04-2025.pdf,[22] Trung Tâm Điều Hành,02.2025.QyĐ-TTĐH-Quy định nhập-xuất-tồn kho thành phẩm.29-04-2025.pdf,02.2025.QyĐ-TTĐH-Quy định nhập-xuất-tồn kho thành phẩm.29-04-2025.pdf,02,2025,2025-04-29,,,Hiệu lực,,Quy định nhập-xuất-tồn kho thành phẩm,,,,Quy chế – Quy định – Quy trình – Hướng dẫn,Khác,Quy định,nhập-xuất-tồn kho thành phẩm,TTĐH,[22] TTĐH - Trung tâm Điều hành,ParsedFromFolder,High,,,,,,
"data/[22] TTĐH - Trung tâm Điều hành/03. Tổ chức – Nhân sự/05.2025.QyĐ-HLB-Quy định về sơ đồ tổ chức, chức năng nhiệm vụ của Trung tâm điều hành. 22-7-2025.docx",[22] Trung Tâm Điều Hành,"05.2025.QyĐ-HLB-Quy định về sơ đồ tổ chức, chức năng nhiệm vụ của Trung tâm điều hành. 22-7-2025.docx","05.2025.QyĐ-HLB-Quy định về sơ đồ tổ chức, chức năng nhiệm vụ của Trung tâm điều hành. 22-7-2025.docx",05,2025,2025-07-22,,,Hiệu lực,,"Quy định về sơ đồ tổ chức, chức năng nhiệm vụ của Trung tâm điều hành",,,,Tổ chức – Nhân sự,Khác,Quy định,"về sơ đồ tổ chức, chức năng nhiệm vụ của Trung tâm điều hành",HLB,[22] TTĐH - Trung tâm Điều hành,ParsedFromFolder,High,,,,,,
"data/[22] TTĐH - Trung tâm Điều hành/03. Tổ chức – Nhân sự/05.2025.QyĐ-HLB-Quy định về sơ đồ tổ chức, chức năng nhiệm vụ của Trung tâm điều hành. 22-7-2025.pdf",[22] Trung Tâm Điều Hành,"05.2025.QyĐ-HLB-Quy định về sơ đồ tổ chức, chức năng nhiệm vụ của Trung tâm điều hành. 22-7-2025.pdf","05.2025.QyĐ-HLB-Quy định về sơ đồ tổ chức, chức năng nhiệm vụ của Trung tâm điều hành. 22-7-2025.pdf",05,2025,2025-07-22,,,Hiệu lực,,"Quy định về sơ đồ tổ chức, chức năng nhiệm vụ của Trung tâm điều hành",,,,Tổ chức – Nhân sự,Khác,Quy định,"về sơ đồ tổ chức, chức năng nhiệm vụ của Trung tâm điều hành",HLB,[22] TTĐH - Trung tâm Điều hành,ParsedFromFolder,High,,,,,,
data/[22] TTĐH - Trung tâm Điều hành/03. Tổ chức – Nhân sự/151.2026.QĐ-HCNS-Miễn nhiệm vị trí Quản lý điều hành vận tải.29-01-2026.pdf,[22] Trung Tâm Điều Hành,151.2026.QĐ-HCNS-Miễn nhiệm vị trí Quản lý điều hành vận tải.29-01-2026.pdf,151.2026.QĐ-HCNS-Miễn nhiệm vị trí Quản lý điều hành vận tải.29-01-2026.pdf,151,2026,2026-01-29,,,Hiệu lực,,Miễn nhiệm vị trí Quản lý điều hành vận tải,,,,Tổ chức – Nhân sự,Quyết định,,Miễn nhiệm vị trí Quản lý điều hành vận tải,HCNS,[22] TTĐH - Trung tâm Điều hành,ParsedFromFolder,High,,,,,,
data/[22] TTĐH - Trung tâm Điều hành/03. Tổ chức – Nhân sự/152.2026.QĐ-HCNS-Bổ nhiệm vị trí Quản lý điều hành vận tải.29-01-2026.pdf,[22] Trung Tâm Điều Hành,152.2026.QĐ-HCNS-Bổ nhiệm vị trí Quản lý điều hành vận tải.29-01-2026.pdf,152.2026.QĐ-HCNS-Bổ nhiệm vị trí Quản lý điều hành vận tải.29-01-2026.pdf,152,2026,2026-01-29,,,Hiệu lực,,Bổ nhiệm vị trí Quản lý điều hành vận tải,,,,Tổ chức – Nhân sự,Quyết định,,Bổ nhiệm vị trí Quản lý điều hành vận tải,HCNS,[22] TTĐH - Trung tâm Điều hành,ParsedFromFolder,High,,,,,,
data/[22] TTĐH - Trung tâm Điều hành/03. Tổ chức – Nhân sự/2025-481 QĐ-HCNS-Miễn nhiệm vị trí Trưởng phòng Trung tâm điều hành.04-08-2025.pdf,[22] Trung Tâm Điều Hành,2025-481 QĐ-HCNS-Miễn nhiệm vị trí Trưởng phòng Trung tâm điều hành.04-08-2025.pdf,2025-481 QĐ-HCNS-Miễn nhiệm vị trí Trưởng phòng Trung tâm điều hành.04-08-2025.pdf,,,2025-08-04,,,Hiệu lực,,HCNS-Miễn nhiệm vị trí Trưởng phòng Trung tâm điều hành,,,,Tổ chức – Nhân sự,Khác,,HCNS-Miễn nhiệm vị trí Trưởng phòng Trung tâm điều hành,481 QĐ,[22] TTĐH - Trung tâm Điều hành,ParsedFromFolder,High,,,,,,
data/[22] TTĐH - Trung tâm Điều hành/03. Tổ chức – Nhân sự/2025-482 QĐ-HCNS-Bổ nhiệm Đội trưởng đội xe.04-08-2025.pdf,[22] Trung Tâm Điều Hành,2025-482 QĐ-HCNS-Bổ nhiệm Đội trưởng đội xe.04-08-2025.pdf,2025-482 QĐ-HCNS-Bổ nhiệm Đội trưởng đội xe.04-08-2025.pdf,,,2025-08-04,,,Hiệu lực,,HCNS-Bổ nhiệm Đội trưởng đội xe,,,,Tổ chức – Nhân sự,Khác,,HCNS-Bổ nhiệm Đội trưởng đội xe,482 QĐ,[22] TTĐH - Trung tâm Điều hành,ParsedFromFolder,High,,,,,,
data/[22] TTĐH - Trung tâm Điều hành/03. Tổ chức – Nhân sự/2025-483 QĐ-HCNS-Miễn nhiệm Đội trưởng đội xe.04-08-2025.pdf,[22] Trung Tâm Điều Hành,2025-483 QĐ-HCNS-Miễn nhiệm Đội trưởng đội xe.04-08-2025.pdf,2025-483 QĐ-HCNS-Miễn nhiệm Đội trưởng đội xe.04-08-2025.pdf,,,2025-08-04,,,Hiệu lực,,HCNS-Miễn nhiệm Đội trưởng đội xe,,,,Tổ chức – Nhân sự,Khác,,HCNS-Miễn nhiệm Đội trưởng đội xe,483 QĐ,[22] TTĐH - Trung tâm Điều hành,ParsedFromFolder,High,,,,,,
data/[22] TTĐH - Trung tâm Điều hành/03. Tổ chức – Nhân sự/2025.QĐ-HCNS-Quyết định bổ nhiệm Ông Trần Vũ Hoàng-Trưởng BP kho bãi bốc xếp.15-08-2025.docx,[22] Trung Tâm Điều Hành,2025.QĐ-HCNS-Quyết định bổ nhiệm Ông Trần Vũ Hoàng-Trưởng BP kho bãi bốc xếp.15-08-2025.docx,2025.QĐ-HCNS-Quyết định bổ nhiệm Ông Trần Vũ Hoàng-Trưởng BP kho bãi bốc xếp.15-08-2025.docx,,2025,2025-08-15,,,Hiệu lực,,Quyết định bổ nhiệm Ông Trần Vũ Hoàng-Trưởng BP kho bãi bốc xếp,,,,Tổ chức – Nhân sự,Quyết định,,Quyết định bổ nhiệm Ông Trần Vũ Hoàng-Trưởng BP kho bãi bốc xếp,HCNS,[22] TTĐH - Trung tâm Điều hành,ParsedFromFolder,High,,,,,,
data/[22] TTĐH - Trung tâm Điều hành/03. Tổ chức – Nhân sự/2025.QĐ-HCNS-Quyết định bổ nhiệm Ông Vũ Trọng giáp-Đội trưởng đội xe.15-08-2025.docx,[22] Trung Tâm Điều Hành,2025.QĐ-HCNS-Quyết định bổ nhiệm Ông Vũ Trọng giáp-Đội trưởng đội xe.15-08-2025.docx,2025.QĐ-HCNS-Quyết định bổ nhiệm Ông Vũ Trọng giáp-Đội trưởng đội xe.15-08-2025.docx,,2025,2025-08-15,,,Hiệu lực,,Quyết định bổ nhiệm Ông Vũ Trọng giáp-Đội trưởng đội xe,,,,Tổ chức – Nhân sự,Quyết định,,Quyết định bổ nhiệm Ông Vũ Trọng giáp-Đội trưởng đội xe,HCNS,[22] TTĐH - Trung tâm Điều hành,ParsedFromFolder,High,,,,,,
"data/[22] TTĐH - Trung tâm Điều hành/03. Tổ chức – Nhân sự/22.2026.QyĐ-TTĐH-Quy định về chức năng, nhiệm vụ và cơ cấu tổ chức của Trung tâm điều hành.22-05-2026.docx",[22] Trung Tâm Điều Hành,"22.2026.QyĐ-TTĐH-Quy định về chức năng, nhiệm vụ và cơ cấu tổ chức của Trung tâm điều hành.22-05-2026.docx","22.2026.QyĐ-TTĐH-Quy định về chức năng, nhiệm vụ và cơ cấu tổ chức của Trung tâm điều hành.22-05-2026.docx",22,2026,2026-05-22,,,Hiệu lực,,"Quy định về chức năng, nhiệm vụ và cơ cấu tổ chức của Trung tâm điều hành",,,,Tổ chức – Nhân sự,Khác,Quy định,"về chức năng, nhiệm vụ và cơ cấu tổ chức của Trung tâm điều hành",TTĐH,[22] TTĐH - Trung tâm Điều hành,ParsedFromFolder,High,,,,,,
"data/[22] TTĐH - Trung tâm Điều hành/03. Tổ chức – Nhân sự/22.2026.QyĐ-TTĐH-Quy định về chức năng, nhiệm vụ và cơ cấu tổ chức của Trung tâm điều hành.22-05-2026.pdf",[22] Trung Tâm Điều Hành,"22.2026.QyĐ-TTĐH-Quy định về chức năng, nhiệm vụ và cơ cấu tổ chức của Trung tâm điều hành.22-05-2026.pdf","22.2026.QyĐ-TTĐH-Quy định về chức năng, nhiệm vụ và cơ cấu tổ chức của Trung tâm điều hành.22-05-2026.pdf",22,2026,2026-05-22,,,Hiệu lực,,"Quy định về chức năng, nhiệm vụ và cơ cấu tổ chức của Trung tâm điều hành",,,,Tổ chức – Nhân sự,Khác,Quy định,"về chức năng, nhiệm vụ và cơ cấu tổ chức của Trung tâm điều hành",TTĐH,[22] TTĐH - Trung tâm Điều hành,ParsedFromFolder,High,,,,,,
data/[22] TTĐH - Trung tâm Điều hành/03. Tổ chức – Nhân sự/257.2025.QĐ-HCNS-Điều chuyển nhân sự từ phòng KHVT sang phòng TTĐH.02-05-2025.pdf,[22] Trung Tâm Điều Hành,257.2025.QĐ-HCNS-Điều chuyển nhân sự từ phòng KHVT sang phòng TTĐH.02-05-2025.pdf,257.2025.QĐ-HCNS-Điều chuyển nhân sự từ phòng KHVT sang phòng TTĐH.02-05-2025.pdf,257,2025,2025-05-02,,,Hiệu lực,,Điều chuyển nhân sự từ phòng KHVT sang phòng TTĐH,,,,Tổ chức – Nhân sự,Quyết định,,Điều chuyển nhân sự từ phòng KHVT sang phòng TTĐH,HCNS,[22] TTĐH - Trung tâm Điều hành,ParsedFromFolder,High,,,,,,
data/[22] TTĐH - Trung tâm Điều hành/03. Tổ chức – Nhân sự/287.2025.QĐ-HCNS-Bổ nhiệm Tổ phó kiêm ka trưởng kho thành phẩm Đông Mai.15-05-2025.pdf,[22] Trung Tâm Điều Hành,287.2025.QĐ-HCNS-Bổ nhiệm Tổ phó kiêm ka trưởng kho thành phẩm Đông Mai.15-05-2025.pdf,287.2025.QĐ-HCNS-Bổ nhiệm Tổ phó kiêm ka trưởng kho thành phẩm Đông Mai.15-05-2025.pdf,287,2025,2025-05-15,,,Hiệu lực,,Bổ nhiệm Tổ phó kiêm ka trưởng kho thành phẩm Đông Mai,,,,Tổ chức – Nhân sự,Quyết định,,Bổ nhiệm Tổ phó kiêm ka trưởng kho thành phẩm Đông Mai,HCNS,[22] TTĐH - Trung tâm Điều hành,ParsedFromFolder,High,,,,,,
data/[22] TTĐH - Trung tâm Điều hành/03. Tổ chức – Nhân sự/294.2025.QĐ-HCNS-Miễn nhiệm vị trí tổ phó kiêm ca trưởng.20-05-2025.pdf,[22] Trung Tâm Điều Hành,294.2025.QĐ-HCNS-Miễn nhiệm vị trí tổ phó kiêm ca trưởng.20-05-2025.pdf,294.2025.QĐ-HCNS-Miễn nhiệm vị trí tổ phó kiêm ca trưởng.20-05-2025.pdf,294,2025,2025-05-20,,,Hiệu lực,,Miễn nhiệm vị trí tổ phó kiêm ca trưởng,,,,Tổ chức – Nhân sự,Quyết định,,Miễn nhiệm vị trí tổ phó kiêm ca trưởng,HCNS,[22] TTĐH - Trung tâm Điều hành,ParsedFromFolder,High,,,,,,
"data/[22] TTĐH - Trung tâm Điều hành/03. Tổ chức – Nhân sự/40.2024.QyĐ-HLB-Quy định về sơ đồ tổ chức, chức năng-nhiệm vụ của Trung Tâm Điều Hành.02-01-2024.pdf",[22] Trung Tâm Điều Hành,"40.2024.QyĐ-HLB-Quy định về sơ đồ tổ chức, chức năng-nhiệm vụ của Trung Tâm Điều Hành.02-01-2024.pdf","40.2024.QyĐ-HLB-Quy định về sơ đồ tổ chức, chức năng-nhiệm vụ của Trung Tâm Điều Hành.02-01-2024.pdf",40,2024,2024-01-02,,,Hiệu lực,,"Quy định về sơ đồ tổ chức, chức năng-nhiệm vụ của Trung Tâm Điều Hành",,,,Tổ chức – Nhân sự,Khác,Quy định,"về sơ đồ tổ chức, chức năng-nhiệm vụ của Trung Tâm Điều Hành",HLB,[22] TTĐH - Trung tâm Điều hành,ParsedFromFolder,High,,,,,,
data/[22] TTĐH - Trung tâm Điều hành/03. Tổ chức – Nhân sự/412.2026.QĐ-HCNS-Điều chuyển nhân sự.24-04-2026.pdf,[22] Trung Tâm Điều Hành,412.2026.QĐ-HCNS-Điều chuyển nhân sự.24-04-2026.pdf,412.2026.QĐ-HCNS-Điều chuyển nhân sự.24-04-2026.pdf,412,2026,2026-04-24,,,Hiệu lực,,Điều chuyển nhân sự,,,,Tổ chức – Nhân sự,Quyết định,,Điều chuyển nhân sự,HCNS,[22] TTĐH - Trung tâm Điều hành,ParsedFromFolder,High,,,,,,
data/[22] TTĐH - Trung tâm Điều hành/03. Tổ chức – Nhân sự/529.2025.QĐ-HCNS-Miễn nhiệm vị trí Đội trưởng đội xe-v2.26-08-2025.pdf,[22] Trung Tâm Điều Hành,529.2025.QĐ-HCNS-Miễn nhiệm vị trí Đội trưởng đội xe-v2.26-08-2025.pdf,529.2025.QĐ-HCNS-Miễn nhiệm vị trí Đội trưởng đội xe-v2.26-08-2025.pdf,529,2025,2025-08-26,,,Hiệu lực,,Miễn nhiệm vị trí Đội trưởng đội xe-v2,,,,Tổ chức – Nhân sự,Quyết định,,Miễn nhiệm vị trí Đội trưởng đội xe-v2,HCNS,[22] TTĐH - Trung tâm Điều hành,ParsedFromFolder,High,,,,,Bản chuẩn,
data/[22] TTĐH - Trung tâm Điều hành/03. Tổ chức – Nhân sự/529.2025.QĐ-HCNS-Miễn nhiệm vị trí Đội trưởng đội xe.26-08-2025.docx,[22] Trung Tâm Điều Hành,529.2025.QĐ-HCNS-Miễn nhiệm vị trí Đội trưởng đội xe.26-08-2025.docx,529.2025.QĐ-HCNS-Miễn nhiệm vị trí Đội trưởng đội xe.26-08-2025.docx,529,2025,2025-08-26,,,Hiệu lực,,Miễn nhiệm vị trí Đội trưởng đội xe,,,,Tổ chức – Nhân sự,Quyết định,,Miễn nhiệm vị trí Đội trưởng đội xe,HCNS,[22] TTĐH - Trung tâm Điều hành,ParsedFromFolder,High,,,,,,
data/[22] TTĐH - Trung tâm Điều hành/03. Tổ chức – Nhân sự/529.2025.QĐ-HCNS-Miễn nhiệm vị trí Đội trưởng đội xe.26-08-2025.pdf,[22] Trung Tâm Điều Hành,529.2025.QĐ-HCNS-Miễn nhiệm vị trí Đội trưởng đội xe.26-08-2025.pdf,529.2025.QĐ-HCNS-Miễn nhiệm vị trí Đội trưởng đội xe.26-08-2025.pdf,529,2025,2025-08-26,,,Hiệu lực,,Miễn nhiệm vị trí Đội trưởng đội xe,,,,Tổ chức – Nhân sự,Quyết định,,Miễn nhiệm vị trí Đội trưởng đội xe,HCNS,[22] TTĐH - Trung tâm Điều hành,ParsedFromFolder,High,,,,,Bản sao,
data/[22] TTĐH - Trung tâm Điều hành/03. Tổ chức – Nhân sự/530.2025.QĐ-HCNS-Bổ nhiệm vị trí đội trưởng đội xe.26-08-2025.pdf,[22] Trung Tâm Điều Hành,530.2025.QĐ-HCNS-Bổ nhiệm vị trí đội trưởng đội xe.26-08-2025.pdf,530.2025.QĐ-HCNS-Bổ nhiệm vị trí đội trưởng đội xe.26-08-2025.pdf,530,2025,2025-08-26,,,Hiệu lực,,Bổ nhiệm vị trí đội trưởng đội xe,,,,Tổ chức – Nhân sự,Quyết định,,Bổ nhiệm vị trí đội trưởng đội xe,HCNS,[22] TTĐH - Trung tâm Điều hành,ParsedFromFolder,High,,,,,,
"data/[22] TTĐH - Trung tâm Điều hành/03. Tổ chức – Nhân sự/531.2025.QĐ-HCNS-Miễn nhiệm vị trí Trưởng bộ phận kho ,bãi , bốc xếp.26-08-2025.pdf",[22] Trung Tâm Điều Hành,"531.2025.QĐ-HCNS-Miễn nhiệm vị trí Trưởng bộ phận kho ,bãi , bốc xếp.26-08-2025.pdf","531.2025.QĐ-HCNS-Miễn nhiệm vị trí Trưởng bộ phận kho ,bãi , bốc xếp.26-08-2025.pdf",531,2025,2025-08-26,,,Hiệu lực,,"Miễn nhiệm vị trí Trưởng bộ phận kho ,bãi , bốc xếp",,,,Tổ chức – Nhân sự,Quyết định,,"Miễn nhiệm vị trí Trưởng bộ phận kho ,bãi , bốc xếp",HCNS,[22] TTĐH - Trung tâm Điều hành,ParsedFromFolder,High,,,,,Bản chuẩn,
"data/[22] TTĐH - Trung tâm Điều hành/03. Tổ chức – Nhân sự/531.2025.QĐ-HCNS-Miễn nhiệm vị trí Trưởng bộ phận kho, bãi, bốc xếp.26-08-2025.docx",[22] Trung Tâm Điều Hành,"531.2025.QĐ-HCNS-Miễn nhiệm vị trí Trưởng bộ phận kho, bãi, bốc xếp.26-08-2025.docx","531.2025.QĐ-HCNS-Miễn nhiệm vị trí Trưởng bộ phận kho, bãi, bốc xếp.26-08-2025.docx",531,2025,2025-08-26,,,Hiệu lực,,"Miễn nhiệm vị trí Trưởng bộ phận kho, bãi, bốc xếp",,,,Tổ chức – Nhân sự,Quyết định,,"Miễn nhiệm vị trí Trưởng bộ phận kho, bãi, bốc xếp",HCNS,[22] TTĐH - Trung tâm Điều hành,ParsedFromFolder,High,,,,,,
"data/[22] TTĐH - Trung tâm Điều hành/03. Tổ chức – Nhân sự/531.2025.QĐ-HCNS-Miễn nhiệm vị trí Trưởng bộ phận kho, bãi, bốc xếp.26-08-2025.pdf",[22] Trung Tâm Điều Hành,"531.2025.QĐ-HCNS-Miễn nhiệm vị trí Trưởng bộ phận kho, bãi, bốc xếp.26-08-2025.pdf","531.2025.QĐ-HCNS-Miễn nhiệm vị trí Trưởng bộ phận kho, bãi, bốc xếp.26-08-2025.pdf",531,2025,2025-08-26,,,Hiệu lực,,"Miễn nhiệm vị trí Trưởng bộ phận kho, bãi, bốc xếp",,,,Tổ chức – Nhân sự,Quyết định,,"Miễn nhiệm vị trí Trưởng bộ phận kho, bãi, bốc xếp",HCNS,[22] TTĐH - Trung tâm Điều hành,ParsedFromFolder,High,,,,,Bản sao,
"data/[22] TTĐH - Trung tâm Điều hành/03. Tổ chức – Nhân sự/532.2025.QĐ-HCNS-Bổ nhiệm vị trí Trưởng bộ phận kho ,bãi, bốc xếp.26-08-2025.pdf",[22] Trung Tâm Điều Hành,"532.2025.QĐ-HCNS-Bổ nhiệm vị trí Trưởng bộ phận kho ,bãi, bốc xếp.26-08-2025.pdf","532.2025.QĐ-HCNS-Bổ nhiệm vị trí Trưởng bộ phận kho ,bãi, bốc xếp.26-08-2025.pdf",532,2025,2025-08-26,,,Hiệu lực,,"Bổ nhiệm vị trí Trưởng bộ phận kho ,bãi, bốc xếp",,,,Tổ chức – Nhân sự,Quyết định,,"Bổ nhiệm vị trí Trưởng bộ phận kho ,bãi, bốc xếp",HCNS,[22] TTĐH - Trung tâm Điều hành,ParsedFromFolder,High,,,,,Bản chuẩn,
"data/[22] TTĐH - Trung tâm Điều hành/03. Tổ chức – Nhân sự/532.2025.QĐ-HCNS-Bổ nhiệm vị trí Trưởng bộ phận kho, bãi, bốc xếp.26-08-2025.pdf",[22] Trung Tâm Điều Hành,"532.2025.QĐ-HCNS-Bổ nhiệm vị trí Trưởng bộ phận kho, bãi, bốc xếp.26-08-2025.pdf","532.2025.QĐ-HCNS-Bổ nhiệm vị trí Trưởng bộ phận kho, bãi, bốc xếp.26-08-2025.pdf",532,2025,2025-08-26,,,Hiệu lực,,"Bổ nhiệm vị trí Trưởng bộ phận kho, bãi, bốc xếp",,,,Tổ chức – Nhân sự,Quyết định,,"Bổ nhiệm vị trí Trưởng bộ phận kho, bãi, bốc xếp",HCNS,[22] TTĐH - Trung tâm Điều hành,ParsedFromFolder,High,,,,,Bản sao,
data/[22] TTĐH - Trung tâm Điều hành/03. Tổ chức – Nhân sự/697.2025.QĐ-HCNS-Miễn nhiệm vị trí Phó phòng-Phòng Trung tâm điều hành.26-09-2025.docx,[22] Trung Tâm Điều Hành,697.2025.QĐ-HCNS-Miễn nhiệm vị trí Phó phòng-Phòng Trung tâm điều hành.26-09-2025.docx,697.2025.QĐ-HCNS-Miễn nhiệm vị trí Phó phòng-Phòng Trung tâm điều hành.26-09-2025.docx,697,2025,2025-09-26,,,Hiệu lực,,Miễn nhiệm vị trí Phó phòng-Phòng Trung tâm điều hành,,,,Tổ chức – Nhân sự,Quyết định,,Miễn nhiệm vị trí Phó phòng-Phòng Trung tâm điều hành,HCNS,[22] TTĐH - Trung tâm Điều hành,ParsedFromFolder,High,,,,,,
data/[22] TTĐH - Trung tâm Điều hành/03. Tổ chức – Nhân sự/697.2025.QĐ-HCNS-Miễn nhiệm vị trí Phó phòng-Phòng Trung tâm điều hành.26-09-2025.pdf,[22] Trung Tâm Điều Hành,697.2025.QĐ-HCNS-Miễn nhiệm vị trí Phó phòng-Phòng Trung tâm điều hành.26-09-2025.pdf,697.2025.QĐ-HCNS-Miễn nhiệm vị trí Phó phòng-Phòng Trung tâm điều hành.26-09-2025.pdf,697,2025,2025-09-26,,,Hiệu lực,,Miễn nhiệm vị trí Phó phòng-Phòng Trung tâm điều hành,,,,Tổ chức – Nhân sự,Quyết định,,Miễn nhiệm vị trí Phó phòng-Phòng Trung tâm điều hành,HCNS,[22] TTĐH - Trung tâm Điều hành,ParsedFromFolder,High,,,,,,
data/[22] TTĐH - Trung tâm Điều hành/03. Tổ chức – Nhân sự/698.2025.QĐ-HCNS-Miễn nhiệm vị trí Đội phó đội xe vận tải-Phòng Trung tâm điều hành.26-09-2025.pdf,[22] Trung Tâm Điều Hành,698.2025.QĐ-HCNS-Miễn nhiệm vị trí Đội phó đội xe vận tải-Phòng Trung tâm điều hành.26-09-2025.pdf,698.2025.QĐ-HCNS-Miễn nhiệm vị trí Đội phó đội xe vận tải-Phòng Trung tâm điều hành.26-09-2025.pdf,698,2025,2025-09-26,,,Hiệu lực,,Miễn nhiệm vị trí Đội phó đội xe vận tải-Phòng Trung tâm điều hành,,,,Tổ chức – Nhân sự,Quyết định,,Miễn nhiệm vị trí Đội phó đội xe vận tải-Phòng Trung tâm điều hành,HCNS,[22] TTĐH - Trung tâm Điều hành,ParsedFromFolder,High,,,,,,
data/[22] TTĐH - Trung tâm Điều hành/03. Tổ chức – Nhân sự/699.2025.QĐ-HCNS-Bổ nhiệm vị trí Đội phó đội xe vận tải-Phòng Trung tâm điều hành.26-09-2025.pdf,[22] Trung Tâm Điều Hành,699.2025.QĐ-HCNS-Bổ nhiệm vị trí Đội phó đội xe vận tải-Phòng Trung tâm điều hành.26-09-2025.pdf,699.2025.QĐ-HCNS-Bổ nhiệm vị trí Đội phó đội xe vận tải-Phòng Trung tâm điều hành.26-09-2025.pdf,699,2025,2025-09-26,,,Hiệu lực,,Bổ nhiệm vị trí Đội phó đội xe vận tải-Phòng Trung tâm điều hành,,,,Tổ chức – Nhân sự,Quyết định,,Bổ nhiệm vị trí Đội phó đội xe vận tải-Phòng Trung tâm điều hành,HCNS,[22] TTĐH - Trung tâm Điều hành,ParsedFromFolder,High,,,,,,
data/[22] TTĐH - Trung tâm Điều hành/03. Tổ chức – Nhân sự/700.2025.QĐ-HCNS-Bổ nhiệm vị trí Phó phòng-Phòng Trung tâm điều hành.26-09-2025.docx,[22] Trung Tâm Điều Hành,700.2025.QĐ-HCNS-Bổ nhiệm vị trí Phó phòng-Phòng Trung tâm điều hành.26-09-2025.docx,700.2025.QĐ-HCNS-Bổ nhiệm vị trí Phó phòng-Phòng Trung tâm điều hành.26-09-2025.docx,700,2025,2025-09-26,,,Hiệu lực,,Bổ nhiệm vị trí Phó phòng-Phòng Trung tâm điều hành,,,,Tổ chức – Nhân sự,Quyết định,,Bổ nhiệm vị trí Phó phòng-Phòng Trung tâm điều hành,HCNS,[22] TTĐH - Trung tâm Điều hành,ParsedFromFolder,High,,,,,,
data/[22] TTĐH - Trung tâm Điều hành/03. Tổ chức – Nhân sự/700.2025.QĐ-HCNS-Bổ nhiệm vị trí Phó phòng-Phòng Trung tâm điều hành.26-09-2025.pdf,[22] Trung Tâm Điều Hành,700.2025.QĐ-HCNS-Bổ nhiệm vị trí Phó phòng-Phòng Trung tâm điều hành.26-09-2025.pdf,700.2025.QĐ-HCNS-Bổ nhiệm vị trí Phó phòng-Phòng Trung tâm điều hành.26-09-2025.pdf,700,2025,2025-09-26,,,Hiệu lực,,Bổ nhiệm vị trí Phó phòng-Phòng Trung tâm điều hành,,,,Tổ chức – Nhân sự,Quyết định,,Bổ nhiệm vị trí Phó phòng-Phòng Trung tâm điều hành,HCNS,[22] TTĐH - Trung tâm Điều hành,ParsedFromFolder,High,,,,,,
data/[22] TTĐH - Trung tâm Điều hành/03. Tổ chức – Nhân sự/881.2026.QĐ-HCNS-Điều chuyển nhân sự-Phạm Hồng Cường.01-01-2026.pdf,[22] Trung Tâm Điều Hành,881.2026.QĐ-HCNS-Điều chuyển nhân sự-Phạm Hồng Cường.01-01-2026.pdf,881.2026.QĐ-HCNS-Điều chuyển nhân sự-Phạm Hồng Cường.01-01-2026.pdf,881,2026,2026-01-01,,,Hiệu lực,,Điều chuyển nhân sự-Phạm Hồng Cường,,,,Tổ chức – Nhân sự,Quyết định,,Điều chuyển nhân sự-Phạm Hồng Cường,HCNS,[22] TTĐH - Trung tâm Điều hành,ParsedFromFolder,High,,,,,,
data/[22] TTĐH - Trung tâm Điều hành/03. Tổ chức – Nhân sự/MTCV CN vận hành xe nâng.docx,[22] Trung Tâm Điều Hành,MTCV CN vận hành xe nâng.docx,MTCV CN vận hành xe nâng.docx,,,,,,Hiệu lực,,MTCV CN vận hành xe nâng,,,,Tổ chức – Nhân sự,Khác,,MTCV CN vận hành xe nâng,,[22] TTĐH - Trung tâm Điều hành,ParsedFromFolder,High,,,,,,
data/[22] TTĐH - Trung tâm Điều hành/03. Tổ chức – Nhân sự/MTCV CN đóng gói vận chuyển.docx,[22] Trung Tâm Điều Hành,MTCV CN đóng gói vận chuyển.docx,MTCV CN đóng gói vận chuyển.docx,,,,,,Hiệu lực,,MTCV CN đóng gói vận chuyển,,,,Tổ chức – Nhân sự,Khác,,MTCV CN đóng gói vận chuyển,,[22] TTĐH - Trung tâm Điều hành,ParsedFromFolder,High,,,,,,
data/[22] TTĐH - Trung tâm Điều hành/03. Tổ chức – Nhân sự/MTCV Nhân kế toán bán hàng và quản lý CCDC.docx,[22] Trung Tâm Điều Hành,MTCV Nhân kế toán bán hàng và quản lý CCDC.docx,MTCV Nhân kế toán bán hàng và quản lý CCDC.docx,,,,,,Hiệu lực,,MTCV Nhân kế toán bán hàng và quản lý CCDC,,,,Tổ chức – Nhân sự,Khác,,MTCV Nhân kế toán bán hàng và quản lý CCDC,,[22] TTĐH - Trung tâm Điều hành,ParsedFromFolder,High,,,,,,
data/[22] TTĐH - Trung tâm Điều hành/03. Tổ chức – Nhân sự/MTCV Nhân viên kho TP.docx,[22] Trung Tâm Điều Hành,MTCV Nhân viên kho TP.docx,MTCV Nhân viên kho TP.docx,,,,,,Hiệu lực,,MTCV Nhân viên kho TP,,,,Tổ chức – Nhân sự,Khác,,MTCV Nhân viên kho TP,,[22] TTĐH - Trung tâm Điều hành,ParsedFromFolder,High,,,,,,
data/[22] TTĐH - Trung tâm Điều hành/03. Tổ chức – Nhân sự/MTCV Nhân viên lái xe.docx,[22] Trung Tâm Điều Hành,MTCV Nhân viên lái xe.docx,MTCV Nhân viên lái xe.docx,,,,,,Hiệu lực,,MTCV Nhân viên lái xe,,,,Tổ chức – Nhân sự,Khác,,MTCV Nhân viên lái xe,,[22] TTĐH - Trung tâm Điều hành,ParsedFromFolder,High,,,,,,
data/[22] TTĐH - Trung tâm Điều hành/03. Tổ chức – Nhân sự/MTCV Nhân viên thống kế.docx,[22] Trung Tâm Điều Hành,MTCV Nhân viên thống kế.docx,MTCV Nhân viên thống kế.docx,,,,,,Hiệu lực,,MTCV Nhân viên thống kế,,,,Tổ chức – Nhân sự,Khác,,MTCV Nhân viên thống kế,,[22] TTĐH - Trung tâm Điều hành,ParsedFromFolder,High,,,,,,
data/[22] TTĐH - Trung tâm Điều hành/03. Tổ chức – Nhân sự/MTCV Nhân viên thủ kho.docx,[22] Trung Tâm Điều Hành,MTCV Nhân viên thủ kho.docx,MTCV Nhân viên thủ kho.docx,,,,,,Hiệu lực,,MTCV Nhân viên thủ kho,,,,Tổ chức – Nhân sự,Khác,,MTCV Nhân viên thủ kho,,[22] TTĐH - Trung tâm Điều hành,ParsedFromFolder,High,,,,,,
data/[22] TTĐH - Trung tâm Điều hành/03. Tổ chức – Nhân sự/MTCV Phó phòng ĐHTT.docx,[22] Trung Tâm Điều Hành,MTCV Phó phòng ĐHTT.docx,MTCV Phó phòng ĐHTT.docx,,,,,,Hiệu lực,,MTCV Phó phòng ĐHTT,,,,Tổ chức – Nhân sự,Khác,,MTCV Phó phòng ĐHTT,,[22] TTĐH - Trung tâm Điều hành,ParsedFromFolder,High,,,,,,
data/[22] TTĐH - Trung tâm Điều hành/03. Tổ chức – Nhân sự/MTCV Trưởng bộ phận sửa chữa.docx,[22] Trung Tâm Điều Hành,MTCV Trưởng bộ phận sửa chữa.docx,MTCV Trưởng bộ phận sửa chữa.docx,,,,,,Hiệu lực,,MTCV Trưởng bộ phận sửa chữa,,,,Tổ chức – Nhân sự,Khác,,MTCV Trưởng bộ phận sửa chữa,,[22] TTĐH - Trung tâm Điều hành,ParsedFromFolder,High,,,,,,
data/[22] TTĐH - Trung tâm Điều hành/03. Tổ chức – Nhân sự/MTCV Trưởng bộ phận xe tải.docx,[22] Trung Tâm Điều Hành,MTCV Trưởng bộ phận xe tải.docx,MTCV Trưởng bộ phận xe tải.docx,,,,,,Hiệu lực,,MTCV Trưởng bộ phận xe tải,,,,Tổ chức – Nhân sự,Khác,,MTCV Trưởng bộ phận xe tải,,[22] TTĐH - Trung tâm Điều hành,ParsedFromFolder,High,,,,,,
data/[22] TTĐH - Trung tâm Điều hành/03. Tổ chức – Nhân sự/MTCV Trưởng kế toán bán hàng quản lý CCDC.docx,[22] Trung Tâm Điều Hành,MTCV Trưởng kế toán bán hàng quản lý CCDC.docx,MTCV Trưởng kế toán bán hàng quản lý CCDC.docx,,,,,,Hiệu lực,,MTCV Trưởng kế toán bán hàng quản lý CCDC,,,,Tổ chức – Nhân sự,Khác,,MTCV Trưởng kế toán bán hàng quản lý CCDC,,[22] TTĐH - Trung tâm Điều hành,ParsedFromFolder,High,,,,,,
data/[22] TTĐH - Trung tâm Điều hành/03. Tổ chức – Nhân sự/MTCV Trưởng phòng ĐHTT.docx,[22] Trung Tâm Điều Hành,MTCV Trưởng phòng ĐHTT.docx,MTCV Trưởng phòng ĐHTT.docx,,,,,,Hiệu lực,,MTCV Trưởng phòng ĐHTT,,,,Tổ chức – Nhân sự,Khác,,MTCV Trưởng phòng ĐHTT,,[22] TTĐH - Trung tâm Điều hành,ParsedFromFolder,High,,,,,,
data/[22] TTĐH - Trung tâm Điều hành/03. Tổ chức – Nhân sự/MTCV Tổ trưởng tổ lái xe tảii.docx,[22] Trung Tâm Điều Hành,MTCV Tổ trưởng tổ lái xe tảii.docx,MTCV Tổ trưởng tổ lái xe tảii.docx,,,,,,Hiệu lực,,MTCV Tổ trưởng tổ lái xe tảii,,,,Tổ chức – Nhân sự,Khác,,MTCV Tổ trưởng tổ lái xe tảii,,[22] TTĐH - Trung tâm Điều hành,ParsedFromFolder,High,,,,,,
data/[22] TTĐH - Trung tâm Điều hành/03. Tổ chức – Nhân sự/MTCV Đội phó bộ phận xe tải.docx,[22] Trung Tâm Điều Hành,MTCV Đội phó bộ phận xe tải.docx,MTCV Đội phó bộ phận xe tải.docx,,,,,,Hiệu lực,,MTCV Đội phó bộ phận xe tải,,,,Tổ chức – Nhân sự,Khác,,MTCV Đội phó bộ phận xe tải,,[22] TTĐH - Trung tâm Điều hành,ParsedFromFolder,High,,,,,,
data/[22] TTĐH - Trung tâm Điều hành/03. Tổ chức – Nhân sự/MTCV Đội trưởng bộ phận xe tải.docx,[22] Trung Tâm Điều Hành,MTCV Đội trưởng bộ phận xe tải.docx,MTCV Đội trưởng bộ phận xe tải.docx,,,,,,Hiệu lực,,MTCV Đội trưởng bộ phận xe tải,,,,Tổ chức – Nhân sự,Khác,,MTCV Đội trưởng bộ phận xe tải,,[22] TTĐH - Trung tâm Điều hành,ParsedFromFolder,High,,,,,,
data/[22] TTĐH - Trung tâm Điều hành/03. Tổ chức – Nhân sự/MTCV-Bản mô tả công việc Phòng Trung tâm điều hành.pdf,[22] Trung Tâm Điều Hành,MTCV-Bản mô tả công việc Phòng Trung tâm điều hành.pdf,MTCV-Bản mô tả công việc Phòng Trung tâm điều hành.pdf,,,,,,Hiệu lực,,Bản mô tả công việc Phòng Trung tâm điều hành,,,,Tổ chức – Nhân sự,Khác,,Bản mô tả công việc Phòng Trung tâm điều hành,,[22] TTĐH - Trung tâm Điều hành,ParsedFromFolder,High,,,,,,
data/[24] PXĐM - Phân xưởng Sản xuất Đông Mai/03. Tổ chức – Nhân sự/05.2025.QĐ-HCNS-Bổ nhiệm nhân sự-bà Hoàng Thúy Giang.01-01-2025.pdf,[24] Phân Xưởng Sản Xuất Đông Mai,05.2025.QĐ-HCNS-Bổ nhiệm nhân sự-bà Hoàng Thúy Giang.01-01-2025.pdf,05.2025.QĐ-HCNS-Bổ nhiệm nhân sự-bà Hoàng Thúy Giang.01-01-2025.pdf,05,2025,2025-01-01,,,Hiệu lực,,Bổ nhiệm nhân sự-bà Hoàng Thúy Giang,,,,Tổ chức – Nhân sự,Quyết định,,Bổ nhiệm nhân sự-bà Hoàng Thúy Giang,HCNS,[24] PXĐM - Phân xưởng Sản xuất Đông Mai,ParsedFromFolder,High,,,,,,
data/[24] PXĐM - Phân xưởng Sản xuất Đông Mai/03. Tổ chức – Nhân sự/112.2026.QĐ-HCNS-Kiêm nhiệm chức danh Lê Phương Ly.21-01-2026.pdf,[24] Phân Xưởng Sản Xuất Đông Mai,112.2026.QĐ-HCNS-Kiêm nhiệm chức danh Lê Phương Ly.21-01-2026.pdf,112.2026.QĐ-HCNS-Kiêm nhiệm chức danh Lê Phương Ly.21-01-2026.pdf,112,2026,2026-01-21,,,Hiệu lực,,Kiêm nhiệm chức danh Lê Phương Ly,,,,Tổ chức – Nhân sự,Quyết định,,Kiêm nhiệm chức danh Lê Phương Ly,HCNS,[24] PXĐM - Phân xưởng Sản xuất Đông Mai,ParsedFromFolder,High,,,,,Bản chuẩn,
data/[24] PXĐM - Phân xưởng Sản xuất Đông Mai/03. Tổ chức – Nhân sự/112.2026.QĐ-HCNS-Kiêm nhiệm chức danh-Lê Phương Ly.21-01-2026.pdf,[24] Phân Xưởng Sản Xuất Đông Mai,112.2026.QĐ-HCNS-Kiêm nhiệm chức danh-Lê Phương Ly.21-01-2026.pdf,112.2026.QĐ-HCNS-Kiêm nhiệm chức danh-Lê Phương Ly.21-01-2026.pdf,112,2026,2026-01-21,,,Hiệu lực,,Kiêm nhiệm chức danh-Lê Phương Ly,,,,Tổ chức – Nhân sự,Quyết định,,Kiêm nhiệm chức danh-Lê Phương Ly,HCNS,[24] PXĐM - Phân xưởng Sản xuất Đông Mai,ParsedFromFolder,High,,,,,Bản sao,
"data/[24] PXĐM - Phân xưởng Sản xuất Đông Mai/03. Tổ chức – Nhân sự/183.2026.QĐ-HCNS-Bổ nhiện Tổ trưởng dây chuyền đóng gói bia hơi , bia tươi 20 lít.19-03-2026.pdf",[24] Phân Xưởng Sản Xuất Đông Mai,"183.2026.QĐ-HCNS-Bổ nhiện Tổ trưởng dây chuyền đóng gói bia hơi , bia tươi 20 lít.19-03-2026.pdf","183.2026.QĐ-HCNS-Bổ nhiện Tổ trưởng dây chuyền đóng gói bia hơi , bia tươi 20 lít.19-03-2026.pdf",183,2026,2026-03-19,,,Hiệu lực,,"Bổ nhiện Tổ trưởng dây chuyền đóng gói bia hơi , bia tươi 20 lít",,,,Tổ chức – Nhân sự,Quyết định,,"Bổ nhiện Tổ trưởng dây chuyền đóng gói bia hơi , bia tươi 20 lít",HCNS,[24] PXĐM - Phân xưởng Sản xuất Đông Mai,ParsedFromFolder,High,,,,,,
data/[24] PXĐM - Phân xưởng Sản xuất Đông Mai/03. Tổ chức – Nhân sự/232.2025.QĐ-HCNS-Miễn nhiệm vị trí Phó quản đốc phân xưởng sản xuất Bia Đông Mai.20-06-2025.pdf,[24] Phân Xưởng Sản Xuất Đông Mai,232.2025.QĐ-HCNS-Miễn nhiệm vị trí Phó quản đốc phân xưởng sản xuất Bia Đông Mai.20-06-2025.pdf,232.2025.QĐ-HCNS-Miễn nhiệm vị trí Phó quản đốc phân xưởng sản xuất Bia Đông Mai.20-06-2025.pdf,232,2025,2025-06-20,,,Hiệu lực,,Miễn nhiệm vị trí Phó quản đốc phân xưởng sản xuất Bia Đông Mai,,,,Tổ chức – Nhân sự,Quyết định,,Miễn nhiệm vị trí Phó quản đốc phân xưởng sản xuất Bia Đông Mai,HCNS,[24] PXĐM - Phân xưởng Sản xuất Đông Mai,ParsedFromFolder,High,,,,,,
data/[24] PXĐM - Phân xưởng Sản xuất Đông Mai/03. Tổ chức – Nhân sự/24.2026.QyĐ-DMB-Quy định về chức năng nhiệm vụ và cơ cấu tổ chức của phân xưởng sản xuất Đông Mai.15-05-2026.pdf,[24] Phân Xưởng Sản Xuất Đông Mai,24.2026.QyĐ-DMB-Quy định về chức năng nhiệm vụ và cơ cấu tổ chức của phân xưởng sản xuất Đông Mai.15-05-2026.pdf,24.2026.QyĐ-DMB-Quy định về chức năng nhiệm vụ và cơ cấu tổ chức của phân xưởng sản xuất Đông Mai.15-05-2026.pdf,24,2026,2026-05-15,,,Hiệu lực,,Quy định về chức năng nhiệm vụ và cơ cấu tổ chức của phân xưởng sản xuất Đông Mai,,,,Tổ chức – Nhân sự,Khác,Quy định,về chức năng nhiệm vụ và cơ cấu tổ chức của phân xưởng sản xuất Đông Mai,DMB,[24] PXĐM - Phân xưởng Sản xuất Đông Mai,ParsedFromFolder,High,,,,,,
data/[24] PXĐM - Phân xưởng Sản xuất Đông Mai/03. Tổ chức – Nhân sự/246.2025-QĐ-HCNS-Bổ nhiệm Phó quản đốc Phân xưởng sản xuất Bia Đông Mai.02-07-2025.pdf,[24] Phân Xưởng Sản Xuất Đông Mai,246.2025-QĐ-HCNS-Bổ nhiệm Phó quản đốc Phân xưởng sản xuất Bia Đông Mai.02-07-2025.pdf,246.2025-QĐ-HCNS-Bổ nhiệm Phó quản đốc Phân xưởng sản xuất Bia Đông Mai.02-07-2025.pdf,,,2025-07-02,,,Hiệu lực,,HCNS-Bổ nhiệm Phó quản đốc Phân xưởng sản xuất Bia Đông Mai,,,,Tổ chức – Nhân sự,Khác,,HCNS-Bổ nhiệm Phó quản đốc Phân xưởng sản xuất Bia Đông Mai,QĐ,[24] PXĐM - Phân xưởng Sản xuất Đông Mai,ParsedFromFolder,High,,,,,Bản chuẩn,
data/[24] PXĐM - Phân xưởng Sản xuất Đông Mai/03. Tổ chức – Nhân sự/246.2025.QĐ-HCNS-Quyết định Bổ nhiệm Phó quản đốc Phân xưởng sản xuất Bia Đông Mai.02-07-2025.pdf,[24] Phân Xưởng Sản Xuất Đông Mai,246.2025.QĐ-HCNS-Quyết định Bổ nhiệm Phó quản đốc Phân xưởng sản xuất Bia Đông Mai.02-07-2025.pdf,246.2025.QĐ-HCNS-Quyết định Bổ nhiệm Phó quản đốc Phân xưởng sản xuất Bia Đông Mai.02-07-2025.pdf,246,2025,2025-07-02,,,Hiệu lực,,Quyết định Bổ nhiệm Phó quản đốc Phân xưởng sản xuất Bia Đông Mai,,,,Tổ chức – Nhân sự,Quyết định,,Quyết định Bổ nhiệm Phó quản đốc Phân xưởng sản xuất Bia Đông Mai,HCNS,[24] PXĐM - Phân xưởng Sản xuất Đông Mai,ParsedFromFolder,High,,,,,Bản sao,
data/[24] PXĐM - Phân xưởng Sản xuất Đông Mai/03. Tổ chức – Nhân sự/288.2025-QĐ-HCNS-Bổ nhiệm Tổ trưởng tổ xe nâng kho thành phẩm Đông Mai.15-05-2025.pdf,[24] Phân Xưởng Sản Xuất Đông Mai,288.2025-QĐ-HCNS-Bổ nhiệm Tổ trưởng tổ xe nâng kho thành phẩm Đông Mai.15-05-2025.pdf,288.2025-QĐ-HCNS-Bổ nhiệm Tổ trưởng tổ xe nâng kho thành phẩm Đông Mai.15-05-2025.pdf,,,2025-05-15,,,Hiệu lực,,HCNS-Bổ nhiệm Tổ trưởng tổ xe nâng kho thành phẩm Đông Mai,,,,Tổ chức – Nhân sự,Khác,,HCNS-Bổ nhiệm Tổ trưởng tổ xe nâng kho thành phẩm Đông Mai,QĐ,[24] PXĐM - Phân xưởng Sản xuất Đông Mai,ParsedFromFolder,High,,,,,,
data/[24] PXĐM - Phân xưởng Sản xuất Đông Mai/03. Tổ chức – Nhân sự/92.2026.ĐM-ĐM.2026-QĐ-HCNS-Bổ nhiệm vị trí Phó quản đốc Phân xưởng sản xuất Bia Đông Mai.05-02-2026.pdf,[24] Phân Xưởng Sản Xuất Đông Mai,92.2026.ĐM-ĐM.2026-QĐ-HCNS-Bổ nhiệm vị trí Phó quản đốc Phân xưởng sản xuất Bia Đông Mai.05-02-2026.pdf,92.2026.ĐM-ĐM.2026-QĐ-HCNS-Bổ nhiệm vị trí Phó quản đốc Phân xưởng sản xuất Bia Đông Mai.05-02-2026.pdf,92,2026,2026-02-05,,,Hiệu lực,,QĐ-HCNS-Bổ nhiệm vị trí Phó quản đốc Phân xưởng sản xuất Bia Đông Mai,,,,Tổ chức – Nhân sự,Khác,,QĐ-HCNS-Bổ nhiệm vị trí Phó quản đốc Phân xưởng sản xuất Bia Đông Mai,ĐM.2026,[24] PXĐM - Phân xưởng Sản xuất Đông Mai,ParsedFromFolder,High,,,,,,
data/[24] PXĐM - Phân xưởng Sản xuất Đông Mai/03. Tổ chức – Nhân sự/98.2025.QĐ-HCNS-Bổ nhiệm Tổ trưởng dây chuyền bia lon.00-04-2025.pdf,[24] Phân Xưởng Sản Xuất Đông Mai,98.2025.QĐ-HCNS-Bổ nhiệm Tổ trưởng dây chuyền bia lon.00-04-2025.pdf,98.2025.QĐ-HCNS-Bổ nhiệm Tổ trưởng dây chuyền bia lon.00-04-2025.pdf,98,2025,,,,Hiệu lực,,Bổ nhiệm Tổ trưởng dây chuyền bia lon,,,,Tổ chức – Nhân sự,Quyết định,,Bổ nhiệm Tổ trưởng dây chuyền bia lon,HCNS,[24] PXĐM - Phân xưởng Sản xuất Đông Mai,ParsedFromFolder,High,,,,,,
data/[24] PXĐM - Phân xưởng Sản xuất Đông Mai/03. Tổ chức – Nhân sự/98.2025.QĐ-HCNS-Bổ nhiệm tổ trưởng dây chuyền bia lon.10-04-2025.pdf,[24] Phân Xưởng Sản Xuất Đông Mai,98.2025.QĐ-HCNS-Bổ nhiệm tổ trưởng dây chuyền bia lon.10-04-2025.pdf,98.2025.QĐ-HCNS-Bổ nhiệm tổ trưởng dây chuyền bia lon.10-04-2025.pdf,98,2025,2025-04-10,,,Hiệu lực,,Bổ nhiệm tổ trưởng dây chuyền bia lon,,,,Tổ chức – Nhân sự,Quyết định,,Bổ nhiệm tổ trưởng dây chuyền bia lon,HCNS,[24] PXĐM - Phân xưởng Sản xuất Đông Mai,ParsedFromFolder,High,,,,,,
data/[24] PXĐM - Phân xưởng Sản xuất Đông Mai/03. Tổ chức – Nhân sự/MTCV - Công nhân tổ lọc.docx,[24] Phân Xưởng Sản Xuất Đông Mai,MTCV - Công nhân tổ lọc.docx,MTCV - Công nhân tổ lọc.docx,,,,,,Hiệu lực,,Công nhân tổ lọc,,,,Tổ chức – Nhân sự,Khác,,Công nhân tổ lọc,,[24] PXĐM - Phân xưởng Sản xuất Đông Mai,ParsedFromFolder,High,,,,,,
data/[24] PXĐM - Phân xưởng Sản xuất Đông Mai/03. Tổ chức – Nhân sự/MTCV - Tổ trưởng tổ lọc.docx,[24] Phân Xưởng Sản Xuất Đông Mai,MTCV - Tổ trưởng tổ lọc.docx,MTCV - Tổ trưởng tổ lọc.docx,,,,,,Hiệu lực,,Tổ trưởng tổ lọc,,,,Tổ chức – Nhân sự,Khác,,Tổ trưởng tổ lọc,,[24] PXĐM - Phân xưởng Sản xuất Đông Mai,ParsedFromFolder,High,,,,,,
data/[24] PXĐM - Phân xưởng Sản xuất Đông Mai/03. Tổ chức – Nhân sự/MTCV -CN Phụ nấu.docx,[24] Phân Xưởng Sản Xuất Đông Mai,MTCV -CN Phụ nấu.docx,MTCV -CN Phụ nấu.docx,,,,,,Hiệu lực,,CN Phụ nấu,,,,Tổ chức – Nhân sự,Khác,,CN Phụ nấu,,[24] PXĐM - Phân xưởng Sản xuất Đông Mai,ParsedFromFolder,High,,,,,,
data/[24] PXĐM - Phân xưởng Sản xuất Đông Mai/03. Tổ chức – Nhân sự/MTCV MT-Vệ sinh công nghiệp.docx,[24] Phân Xưởng Sản Xuất Đông Mai,MTCV MT-Vệ sinh công nghiệp.docx,MTCV MT-Vệ sinh công nghiệp.docx,,,,,,Hiệu lực,,Vệ sinh công nghiệp,,,,Tổ chức – Nhân sự,Khác,,Vệ sinh công nghiệp,,[24] PXĐM - Phân xưởng Sản xuất Đông Mai,ParsedFromFolder,High,,,,,,
data/[24] PXĐM - Phân xưởng Sản xuất Đông Mai/03. Tổ chức – Nhân sự/MTCV-CN Phụ nấu.docx,[24] Phân Xưởng Sản Xuất Đông Mai,MTCV-CN Phụ nấu.docx,MTCV-CN Phụ nấu.docx,,,,,,Hiệu lực,,CN Phụ nấu,,,,Tổ chức – Nhân sự,Khác,,CN Phụ nấu,,[24] PXĐM - Phân xưởng Sản xuất Đông Mai,ParsedFromFolder,High,,,,,,
data/[24] PXĐM - Phân xưởng Sản xuất Đông Mai/03. Tổ chức – Nhân sự/MTCV-CN vận hành Công nghệ Lên men.docx,[24] Phân Xưởng Sản Xuất Đông Mai,MTCV-CN vận hành Công nghệ Lên men.docx,MTCV-CN vận hành Công nghệ Lên men.docx,,,,,,Hiệu lực,,CN vận hành Công nghệ Lên men,,,,Tổ chức – Nhân sự,Khác,,CN vận hành Công nghệ Lên men,,[24] PXĐM - Phân xưởng Sản xuất Đông Mai,ParsedFromFolder,High,,,,,,
data/[24] PXĐM - Phân xưởng Sản xuất Đông Mai/03. Tổ chức – Nhân sự/MTCV-CN vận hành Nhà xay nghiền.docx,[24] Phân Xưởng Sản Xuất Đông Mai,MTCV-CN vận hành Nhà xay nghiền.docx,MTCV-CN vận hành Nhà xay nghiền.docx,,,,,,Hiệu lực,,CN vận hành Nhà xay nghiền,,,,Tổ chức – Nhân sự,Khác,,CN vận hành Nhà xay nghiền,,[24] PXĐM - Phân xưởng Sản xuất Đông Mai,ParsedFromFolder,High,,,,,,
data/[24] PXĐM - Phân xưởng Sản xuất Đông Mai/03. Tổ chức – Nhân sự/MTCV-CN vận hành máy chiết.docx,[24] Phân Xưởng Sản Xuất Đông Mai,MTCV-CN vận hành máy chiết.docx,MTCV-CN vận hành máy chiết.docx,,,,,,Hiệu lực,,CN vận hành máy chiết,,,,Tổ chức – Nhân sự,Khác,,CN vận hành máy chiết,,[24] PXĐM - Phân xưởng Sản xuất Đông Mai,ParsedFromFolder,High,,,,,,
data/[24] PXĐM - Phân xưởng Sản xuất Đông Mai/03. Tổ chức – Nhân sự/MTCV-CN vận hành xe nâng.docx,[24] Phân Xưởng Sản Xuất Đông Mai,MTCV-CN vận hành xe nâng.docx,MTCV-CN vận hành xe nâng.docx,,,,,,Hiệu lực,,CN vận hành xe nâng,,,,Tổ chức – Nhân sự,Khác,,CN vận hành xe nâng,,[24] PXĐM - Phân xưởng Sản xuất Đông Mai,ParsedFromFolder,High,,,,,,
"data/[24] PXĐM - Phân xưởng Sản xuất Đông Mai/03. Tổ chức – Nhân sự/MTCV-CN đóng gói-Vận chuyển, bốc xếp.docx",[24] Phân Xưởng Sản Xuất Đông Mai,"MTCV-CN đóng gói-Vận chuyển, bốc xếp.docx","MTCV-CN đóng gói-Vận chuyển, bốc xếp.docx",,,,,,Hiệu lực,,"Vận chuyển, bốc xếp",,,,Tổ chức – Nhân sự,Khác,,"Vận chuyển, bốc xếp",CN đóng gói,[24] PXĐM - Phân xưởng Sản xuất Đông Mai,ParsedFromFolder,High,,,,,,
data/[24] PXĐM - Phân xưởng Sản xuất Đông Mai/03. Tổ chức – Nhân sự/MTCV-CN đóng gói-Vận hành máy gắp vỏ + máy rửa.docx,[24] Phân Xưởng Sản Xuất Đông Mai,MTCV-CN đóng gói-Vận hành máy gắp vỏ + máy rửa.docx,MTCV-CN đóng gói-Vận hành máy gắp vỏ + máy rửa.docx,,,,,,Hiệu lực,,Vận hành máy gắp vỏ + máy rửa,,,,Tổ chức – Nhân sự,Khác,,Vận hành máy gắp vỏ + máy rửa,CN đóng gói,[24] PXĐM - Phân xưởng Sản xuất Đông Mai,ParsedFromFolder,High,,,,,,
data/[24] PXĐM - Phân xưởng Sản xuất Đông Mai/03. Tổ chức – Nhân sự/MTCV-CN đóng gói-Vận hành máy rỡ lon+in phun lon.docx,[24] Phân Xưởng Sản Xuất Đông Mai,MTCV-CN đóng gói-Vận hành máy rỡ lon+in phun lon.docx,MTCV-CN đóng gói-Vận hành máy rỡ lon+in phun lon.docx,,,,,,Hiệu lực,,Vận hành máy rỡ lon+in phun lon,,,,Tổ chức – Nhân sự,Khác,,Vận hành máy rỡ lon+in phun lon,CN đóng gói,[24] PXĐM - Phân xưởng Sản xuất Đông Mai,ParsedFromFolder,High,,,,,,
data/[24] PXĐM - Phân xưởng Sản xuất Đông Mai/03. Tổ chức – Nhân sự/MTCV-Công nhân nấu ăn.docx,[24] Phân Xưởng Sản Xuất Đông Mai,MTCV-Công nhân nấu ăn.docx,MTCV-Công nhân nấu ăn.docx,,,,,,Hiệu lực,,Công nhân nấu ăn,,,,Tổ chức – Nhân sự,Khác,,Công nhân nấu ăn,,[24] PXĐM - Phân xưởng Sản xuất Đông Mai,ParsedFromFolder,High,,,,,,
data/[24] PXĐM - Phân xưởng Sản xuất Đông Mai/03. Tổ chức – Nhân sự/MTCV-Công nhân tổ lọc.docx,[24] Phân Xưởng Sản Xuất Đông Mai,MTCV-Công nhân tổ lọc.docx,MTCV-Công nhân tổ lọc.docx,,,,,,Hiệu lực,,Công nhân tổ lọc,,,,Tổ chức – Nhân sự,Khác,,Công nhân tổ lọc,,[24] PXĐM - Phân xưởng Sản xuất Đông Mai,ParsedFromFolder,High,,,,,,
data/[24] PXĐM - Phân xưởng Sản xuất Đông Mai/03. Tổ chức – Nhân sự/MTCV-DMB-Bản mô tả công việc Phân xưởng sản xuất Bia Đông mai.pdf,[24] Phân Xưởng Sản Xuất Đông Mai,MTCV-DMB-Bản mô tả công việc Phân xưởng sản xuất Bia Đông mai.pdf,MTCV-DMB-Bản mô tả công việc Phân xưởng sản xuất Bia Đông mai.pdf,,,,,,Hiệu lực,,Bản mô tả công việc Phân xưởng sản xuất Bia Đông mai,,,,Tổ chức – Nhân sự,Khác,,Bản mô tả công việc Phân xưởng sản xuất Bia Đông mai,DMB,[24] PXĐM - Phân xưởng Sản xuất Đông Mai,ParsedFromFolder,High,,,,,,
data/[24] PXĐM - Phân xưởng Sản xuất Đông Mai/03. Tổ chức – Nhân sự/MTCV-KCS-Mô tả công việc phó phòng Kiểm soát chất lượng KCS.docx,[24] Phân Xưởng Sản Xuất Đông Mai,MTCV-KCS-Mô tả công việc phó phòng Kiểm soát chất lượng KCS.docx,MTCV-KCS-Mô tả công việc phó phòng Kiểm soát chất lượng KCS.docx,,,,,,Hiệu lực,,Mô tả công việc phó phòng Kiểm soát chất lượng KCS,,,,Tổ chức – Nhân sự,Khác,,Mô tả công việc phó phòng Kiểm soát chất lượng KCS,KCS,[24] PXĐM - Phân xưởng Sản xuất Đông Mai,ParsedFromFolder,High,,,,,,
data/[24] PXĐM - Phân xưởng Sản xuất Đông Mai/03. Tổ chức – Nhân sự/MTCV-Mô tả công việc nhân viên KCS Hạ Long.docx,[24] Phân Xưởng Sản Xuất Đông Mai,MTCV-Mô tả công việc nhân viên KCS Hạ Long.docx,MTCV-Mô tả công việc nhân viên KCS Hạ Long.docx,,,,,,Hiệu lực,,Mô tả công việc nhân viên KCS Hạ Long,,,,Tổ chức – Nhân sự,Khác,,Mô tả công việc nhân viên KCS Hạ Long,,[24] PXĐM - Phân xưởng Sản xuất Đông Mai,ParsedFromFolder,High,,,,,,
data/[24] PXĐM - Phân xưởng Sản xuất Đông Mai/03. Tổ chức – Nhân sự/MTCV-Phó BP Công nghệ (Lọc chính).docx,[24] Phân Xưởng Sản Xuất Đông Mai,MTCV-Phó BP Công nghệ (Lọc chính).docx,MTCV-Phó BP Công nghệ (Lọc chính).docx,,,,,,Hiệu lực,,Phó BP Công nghệ (Lọc chính),,,,Tổ chức – Nhân sự,Khác,,Phó BP Công nghệ (Lọc chính),,[24] PXĐM - Phân xưởng Sản xuất Đông Mai,ParsedFromFolder,High,,,,,,
data/[24] PXĐM - Phân xưởng Sản xuất Đông Mai/03. Tổ chức – Nhân sự/MTCV-Phó Quản đốc.docx,[24] Phân Xưởng Sản Xuất Đông Mai,MTCV-Phó Quản đốc.docx,MTCV-Phó Quản đốc.docx,,,,,,Hiệu lực,,Phó Quản đốc,,,,Tổ chức – Nhân sự,Khác,,Phó Quản đốc,,[24] PXĐM - Phân xưởng Sản xuất Đông Mai,ParsedFromFolder,High,,,,,,
data/[24] PXĐM - Phân xưởng Sản xuất Đông Mai/03. Tổ chức – Nhân sự/MTCV-Quản đốc.docx,[24] Phân Xưởng Sản Xuất Đông Mai,MTCV-Quản đốc.docx,MTCV-Quản đốc.docx,,,,,,Hiệu lực,,Quản đốc,,,,Tổ chức – Nhân sự,Khác,,Quản đốc,,[24] PXĐM - Phân xưởng Sản xuất Đông Mai,ParsedFromFolder,High,,,,,,
data/[24] PXĐM - Phân xưởng Sản xuất Đông Mai/03. Tổ chức – Nhân sự/MTCV-Trưởng BP Công nghệ (Lọc chính).docx,[24] Phân Xưởng Sản Xuất Đông Mai,MTCV-Trưởng BP Công nghệ (Lọc chính).docx,MTCV-Trưởng BP Công nghệ (Lọc chính).docx,,,,,,Hiệu lực,,Trưởng BP Công nghệ (Lọc chính),,,,Tổ chức – Nhân sự,Khác,,Trưởng BP Công nghệ (Lọc chính),,[24] PXĐM - Phân xưởng Sản xuất Đông Mai,ParsedFromFolder,High,,,,,,
data/[24] PXĐM - Phân xưởng Sản xuất Đông Mai/03. Tổ chức – Nhân sự/MTCV-Trưởng BP môi trường-đời sống.docx,[24] Phân Xưởng Sản Xuất Đông Mai,MTCV-Trưởng BP môi trường-đời sống.docx,MTCV-Trưởng BP môi trường-đời sống.docx,,,,,,Hiệu lực,,đời sống,,,,Tổ chức – Nhân sự,Khác,,đời sống,Trưởng BP môi trường,[24] PXĐM - Phân xưởng Sản xuất Đông Mai,ParsedFromFolder,High,,,,,,
data/[24] PXĐM - Phân xưởng Sản xuất Đông Mai/03. Tổ chức – Nhân sự/MTCV-Trưởng BP đóng gói.docx,[24] Phân Xưởng Sản Xuất Đông Mai,MTCV-Trưởng BP đóng gói.docx,MTCV-Trưởng BP đóng gói.docx,,,,,,Hiệu lực,,Trưởng BP đóng gói,,,,Tổ chức – Nhân sự,Khác,,Trưởng BP đóng gói,,[24] PXĐM - Phân xưởng Sản xuất Đông Mai,ParsedFromFolder,High,,,,,,
data/[24] PXĐM - Phân xưởng Sản xuất Đông Mai/03. Tổ chức – Nhân sự/MTCV-Tổ trưởng CN lên men.docx,[24] Phân Xưởng Sản Xuất Đông Mai,MTCV-Tổ trưởng CN lên men.docx,MTCV-Tổ trưởng CN lên men.docx,,,,,,Hiệu lực,,Tổ trưởng CN lên men,,,,Tổ chức – Nhân sự,Khác,,Tổ trưởng CN lên men,,[24] PXĐM - Phân xưởng Sản xuất Đông Mai,ParsedFromFolder,High,,,,,,
data/[24] PXĐM - Phân xưởng Sản xuất Đông Mai/03. Tổ chức – Nhân sự/MTCV-Tổ trưởng tổ lọc.docx,[24] Phân Xưởng Sản Xuất Đông Mai,MTCV-Tổ trưởng tổ lọc.docx,MTCV-Tổ trưởng tổ lọc.docx,,,,,,Hiệu lực,,Tổ trưởng tổ lọc,,,,Tổ chức – Nhân sự,Khác,,Tổ trưởng tổ lọc,,[24] PXĐM - Phân xưởng Sản xuất Đông Mai,ParsedFromFolder,High,,,,,,
data/[24] PXĐM - Phân xưởng Sản xuất Đông Mai/03. Tổ chức – Nhân sự/MTCV-Tổ trưởng tổ đóng gói bia chai.docx,[24] Phân Xưởng Sản Xuất Đông Mai,MTCV-Tổ trưởng tổ đóng gói bia chai.docx,MTCV-Tổ trưởng tổ đóng gói bia chai.docx,,,,,,Hiệu lực,,Tổ trưởng tổ đóng gói bia chai,,,,Tổ chức – Nhân sự,Khác,,Tổ trưởng tổ đóng gói bia chai,,[24] PXĐM - Phân xưởng Sản xuất Đông Mai,ParsedFromFolder,High,,,,,,
"data/[24] PXĐM - Phân xưởng Sản xuất Đông Mai/03. Tổ chức – Nhân sự/MTCV-Tổ trưởng tổ đóng gói bia hơi, bia tươi.docx",[24] Phân Xưởng Sản Xuất Đông Mai,"MTCV-Tổ trưởng tổ đóng gói bia hơi, bia tươi.docx","MTCV-Tổ trưởng tổ đóng gói bia hơi, bia tươi.docx",,,,,,Hiệu lực,,"Tổ trưởng tổ đóng gói bia hơi, bia tươi",,,,Tổ chức – Nhân sự,Khác,,"Tổ trưởng tổ đóng gói bia hơi, bia tươi",,[24] PXĐM - Phân xưởng Sản xuất Đông Mai,ParsedFromFolder,High,,,,,,
data/[24] PXĐM - Phân xưởng Sản xuất Đông Mai/03. Tổ chức – Nhân sự/MTCV-Tổ trưởng tổ đóng gói bia lon.docx,[24] Phân Xưởng Sản Xuất Đông Mai,MTCV-Tổ trưởng tổ đóng gói bia lon.docx,MTCV-Tổ trưởng tổ đóng gói bia lon.docx,,,,,,Hiệu lực,,Tổ trưởng tổ đóng gói bia lon,,,,Tổ chức – Nhân sự,Khác,,Tổ trưởng tổ đóng gói bia lon,,[24] PXĐM - Phân xưởng Sản xuất Đông Mai,ParsedFromFolder,High,,,,,,
data/[24] PXĐM - Phân xưởng Sản xuất Đông Mai/04. Điều hành – Tác nghiệp/37.2026.QĐ-HCNS-Bồi dưỡng bằng hiện vật đối với công nhân làm việc tại khu vực nhà lạnh-nén khí CO2.16-01-2026.pdf,[24] Phân Xưởng Sản Xuất Đông Mai,37.2026.QĐ-HCNS-Bồi dưỡng bằng hiện vật đối với công nhân làm việc tại khu vực nhà lạnh-nén khí CO2.16-01-2026.pdf,37.2026.QĐ-HCNS-Bồi dưỡng bằng hiện vật đối với công nhân làm việc tại khu vực nhà lạnh-nén khí CO2.16-01-2026.pdf,37,2026,2026-01-16,,,Hiệu lực,,Bồi dưỡng bằng hiện vật đối với công nhân làm việc tại khu vực nhà lạnh-nén khí CO2,,,,Điều hành – Tác nghiệp,Quyết định,,Bồi dưỡng bằng hiện vật đối với công nhân làm việc tại khu vực nhà lạnh-nén khí CO2,HCNS,[24] PXĐM - Phân xưởng Sản xuất Đông Mai,ParsedFromFolder,High,,,,,,
data/[24] PXĐM - Phân xưởng Sản xuất Đông Mai/06. Hết hiệu lực/24.1.2024.QyĐ-DMB-Quy định về CNNV Bộ phận Công nghệ.02-01-2024.docx,[99] Archive,24.1.2024.QyĐ-DMB-Quy định về CNNV Bộ phận Công nghệ.02-01-2024.docx,24.1.2024.QyĐ-DMB-Quy định về CNNV Bộ phận Công nghệ.02-01-2024.docx,,,2024-01-02,,,Hết hiệu lực,,Quy định về CNNV Bộ phận Công nghệ,,,,Hết hiệu lực,Khác,Quy định,về CNNV Bộ phận Công nghệ,DMB,[24] PXĐM - Phân xưởng Sản xuất Đông Mai,ParsedFromFolder,High,,,,,,
"data/[24] PXĐM - Phân xưởng Sản xuất Đông Mai/06. Hết hiệu lực/24.3.2024.QyĐ-DMB-Quy định về CNVV bộ phận Môi trường ,đời sống.01-02-2024.docx",[99] Archive,"24.3.2024.QyĐ-DMB-Quy định về CNVV bộ phận Môi trường ,đời sống.01-02-2024.docx","24.3.2024.QyĐ-DMB-Quy định về CNVV bộ phận Môi trường ,đời sống.01-02-2024.docx",,,2024-02-01,,,Hết hiệu lực,,"Quy định về CNVV bộ phận Môi trường ,đời sống",,,,Hết hiệu lực,Khác,Quy định,"về CNVV bộ phận Môi trường ,đời sống",DMB,[24] PXĐM - Phân xưởng Sản xuất Đông Mai,ParsedFromFolder,High,,,,,,
data/[24] PXĐM - Phân xưởng Sản xuất Đông Mai/06. Hết hiệu lực/62.QĐ-HCNS-Quy định về CNNV của bộ phận Công nghệ 02-1-2024.pdf,[99] Archive,62.QĐ-HCNS-Quy định về CNNV của bộ phận Công nghệ 02-1-2024.pdf,62.QĐ-HCNS-Quy định về CNNV của bộ phận Công nghệ 02-1-2024.pdf,,,2024-01-02,,,Hết hiệu lực,,Quy định về CNNV của bộ phận Công nghệ,,,,Hết hiệu lực,Khác,Quy định,về CNNV của bộ phận Công nghệ,HCNS,[24] PXĐM - Phân xưởng Sản xuất Đông Mai,ParsedFromFolder,High,,,,,,
data/[24] PXĐM - Phân xưởng Sản xuất Đông Mai/06. Hết hiệu lực/64.2024.QĐ-HCNS-Quy định về CNNV của Tổ lọc.02-01-2024.docx,[99] Archive,64.2024.QĐ-HCNS-Quy định về CNNV của Tổ lọc.02-01-2024.docx,64.2024.QĐ-HCNS-Quy định về CNNV của Tổ lọc.02-01-2024.docx,64,2024,2024-01-02,,,Hết hiệu lực,,Quy định về CNNV của Tổ lọc,,,,Hết hiệu lực,Quyết định,Quy định,về CNNV của Tổ lọc,HCNS,[24] PXĐM - Phân xưởng Sản xuất Đông Mai,ParsedFromFolder,High,,,,,,
data/[24] PXĐM - Phân xưởng Sản xuất Đông Mai/06. Hết hiệu lực/64.2024.QĐ-HCNS-Quy định về CNNV của Tổ lọc.02-01-2024.pdf,[99] Archive,64.2024.QĐ-HCNS-Quy định về CNNV của Tổ lọc.02-01-2024.pdf,64.2024.QĐ-HCNS-Quy định về CNNV của Tổ lọc.02-01-2024.pdf,64,2024,2024-01-02,,,Hết hiệu lực,,Quy định về CNNV của Tổ lọc,,,,Hết hiệu lực,Quyết định,Quy định,về CNNV của Tổ lọc,HCNS,[24] PXĐM - Phân xưởng Sản xuất Đông Mai,ParsedFromFolder,High,,,,,,
data/[24] PXĐM - Phân xưởng Sản xuất Đông Mai/06. Hết hiệu lực/72.2024.QĐ-HCNS-Quy định về CNVV Tổ bếp ăn công nghiệp.01-02-2024.docx,[99] Archive,72.2024.QĐ-HCNS-Quy định về CNVV Tổ bếp ăn công nghiệp.01-02-2024.docx,72.2024.QĐ-HCNS-Quy định về CNVV Tổ bếp ăn công nghiệp.01-02-2024.docx,72,2024,2024-02-01,,,Hết hiệu lực,,Quy định về CNVV Tổ bếp ăn công nghiệp,,,,Hết hiệu lực,Quyết định,Quy định,về CNVV Tổ bếp ăn công nghiệp,HCNS,[24] PXĐM - Phân xưởng Sản xuất Đông Mai,ParsedFromFolder,High,,,,,,
data/[24] PXĐM - Phân xưởng Sản xuất Đông Mai/06. Hết hiệu lực/72.2024.QĐ-HCNS-Quy định về CNVV Tổ bếp ăn công nghiệp.01-02-2024.pdf,[99] Archive,72.2024.QĐ-HCNS-Quy định về CNVV Tổ bếp ăn công nghiệp.01-02-2024.pdf,72.2024.QĐ-HCNS-Quy định về CNVV Tổ bếp ăn công nghiệp.01-02-2024.pdf,72,2024,2024-02-01,,,Hết hiệu lực,,Quy định về CNVV Tổ bếp ăn công nghiệp,,,,Hết hiệu lực,Quyết định,Quy định,về CNVV Tổ bếp ăn công nghiệp,HCNS,[24] PXĐM - Phân xưởng Sản xuất Đông Mai,ParsedFromFolder,High,,,,,,
"data/[24] PXĐM - Phân xưởng Sản xuất Đông Mai/06. Hết hiệu lực/73.2024.QĐ-HCNS-Quy định về CNNV của tổ vệ sinh công nghiệp, môi trường đời sống.02-01-2024.pdf",[99] Archive,"73.2024.QĐ-HCNS-Quy định về CNNV của tổ vệ sinh công nghiệp, môi trường đời sống.02-01-2024.pdf","73.2024.QĐ-HCNS-Quy định về CNNV của tổ vệ sinh công nghiệp, môi trường đời sống.02-01-2024.pdf",73,2024,2024-01-02,,,Hết hiệu lực,,"Quy định về CNNV của tổ vệ sinh công nghiệp, môi trường đời sống",,,,Hết hiệu lực,Quyết định,Quy định,"về CNNV của tổ vệ sinh công nghiệp, môi trường đời sống",HCNS,[24] PXĐM - Phân xưởng Sản xuất Đông Mai,ParsedFromFolder,High,,,,,,
"data/[24] PXĐM - Phân xưởng Sản xuất Đông Mai/06. Hết hiệu lực/73.2024.QĐ-HCNS-Quy định về CNNV của tổ vệ sinh công nghiệp,môi trường đời sống.02-01-2024.docx",[99] Archive,"73.2024.QĐ-HCNS-Quy định về CNNV của tổ vệ sinh công nghiệp,môi trường đời sống.02-01-2024.docx","73.2024.QĐ-HCNS-Quy định về CNNV của tổ vệ sinh công nghiệp,môi trường đời sống.02-01-2024.docx",73,2024,2024-01-02,,,Hết hiệu lực,,"Quy định về CNNV của tổ vệ sinh công nghiệp,môi trường đời sống",,,,Hết hiệu lực,Quyết định,Quy định,"về CNNV của tổ vệ sinh công nghiệp,môi trường đời sống",HCNS,[24] PXĐM - Phân xưởng Sản xuất Đông Mai,ParsedFromFolder,High,,,,,,
data/[24] PXĐM - Phân xưởng Sản xuất Đông Mai/06. Hết hiệu lực/74.2024.QĐ-HCNS-Quy định về CNNV của Phân xưởng sản xuất Bia Đông mai.02-01-2024.docx,[99] Archive,74.2024.QĐ-HCNS-Quy định về CNNV của Phân xưởng sản xuất Bia Đông mai.02-01-2024.docx,74.2024.QĐ-HCNS-Quy định về CNNV của Phân xưởng sản xuất Bia Đông mai.02-01-2024.docx,74,2024,2024-01-02,,,Hết hiệu lực,,Quy định về CNNV của Phân xưởng sản xuất Bia Đông mai,,,,Hết hiệu lực,Quyết định,Quy định,về CNNV của Phân xưởng sản xuất Bia Đông mai,HCNS,[24] PXĐM - Phân xưởng Sản xuất Đông Mai,ParsedFromFolder,High,,,,,,
data/[24] PXĐM - Phân xưởng Sản xuất Đông Mai/06. Hết hiệu lực/74.2024.QĐ-HCNS-Quy định về CNNV của Phân xưởng sản xuất Bia Đông mai.02-01-2024.pdf,[99] Archive,74.2024.QĐ-HCNS-Quy định về CNNV của Phân xưởng sản xuất Bia Đông mai.02-01-2024.pdf,74.2024.QĐ-HCNS-Quy định về CNNV của Phân xưởng sản xuất Bia Đông mai.02-01-2024.pdf,74,2024,2024-01-02,,,Hết hiệu lực,,Quy định về CNNV của Phân xưởng sản xuất Bia Đông mai,,,,Hết hiệu lực,Quyết định,Quy định,về CNNV của Phân xưởng sản xuất Bia Đông mai,HCNS,[24] PXĐM - Phân xưởng Sản xuất Đông Mai,ParsedFromFolder,High,,,,,,
data/[24] PXĐM - Phân xưởng Sản xuất Đông Mai/06. Hết hiệu lực/QyĐ-DMB-1._Quy định CNNV Tổ DC Bia lon Đông Mai.docx,[99] Archive,QyĐ-DMB-1._Quy định CNNV Tổ DC Bia lon Đông Mai.docx,QyĐ-DMB-1._Quy định CNNV Tổ DC Bia lon Đông Mai.docx,,,,,,Hết hiệu lực,,1._Quy định CNNV Tổ DC Bia lon Đông Mai,,,,Hết hiệu lực,Khác,Quy định,1._Quy định CNNV Tổ DC Bia lon Đông Mai,DMB,[24] PXĐM - Phân xưởng Sản xuất Đông Mai,ParsedFromFolder,High,,,,,,
data/[24] PXĐM - Phân xưởng Sản xuất Đông Mai/06. Hết hiệu lực/QyĐ-DMB-1._Quy định CNNV Tổ nấu Đông Mai.docx,[99] Archive,QyĐ-DMB-1._Quy định CNNV Tổ nấu Đông Mai.docx,QyĐ-DMB-1._Quy định CNNV Tổ nấu Đông Mai.docx,,,,,,Hết hiệu lực,,1._Quy định CNNV Tổ nấu Đông Mai,,,,Hết hiệu lực,Khác,Quy định,1._Quy định CNNV Tổ nấu Đông Mai,DMB,[24] PXĐM - Phân xưởng Sản xuất Đông Mai,ParsedFromFolder,High,,,,,,
data/[24] PXĐM - Phân xưởng Sản xuất Đông Mai/06. Hết hiệu lực/QyĐ-DMB-2._Quy định CNNV Tổ DC Bia chai Đông Mai.docx,[99] Archive,QyĐ-DMB-2._Quy định CNNV Tổ DC Bia chai Đông Mai.docx,QyĐ-DMB-2._Quy định CNNV Tổ DC Bia chai Đông Mai.docx,,,,,,Hết hiệu lực,,2._Quy định CNNV Tổ DC Bia chai Đông Mai,,,,Hết hiệu lực,Khác,Quy định,2._Quy định CNNV Tổ DC Bia chai Đông Mai,DMB,[24] PXĐM - Phân xưởng Sản xuất Đông Mai,ParsedFromFolder,High,,,,,,
data/[24] PXĐM - Phân xưởng Sản xuất Đông Mai/06. Hết hiệu lực/QyĐ-DMB-3._Quy định CNNV Tổ DC Chiết keg Đông Mai.docx,[99] Archive,QyĐ-DMB-3._Quy định CNNV Tổ DC Chiết keg Đông Mai.docx,QyĐ-DMB-3._Quy định CNNV Tổ DC Chiết keg Đông Mai.docx,,,,,,Hết hiệu lực,,3._Quy định CNNV Tổ DC Chiết keg Đông Mai,,,,Hết hiệu lực,Khác,Quy định,3._Quy định CNNV Tổ DC Chiết keg Đông Mai,DMB,[24] PXĐM - Phân xưởng Sản xuất Đông Mai,ParsedFromFolder,High,,,,,,
data/[24] PXĐM - Phân xưởng Sản xuất Đông Mai/06. Hết hiệu lực/QyĐ-DMB-3._Quy định CNNV Tổ lên men Đông Mai.docx,[99] Archive,QyĐ-DMB-3._Quy định CNNV Tổ lên men Đông Mai.docx,QyĐ-DMB-3._Quy định CNNV Tổ lên men Đông Mai.docx,,,,,,Hết hiệu lực,,3._Quy định CNNV Tổ lên men Đông Mai,,,,Hết hiệu lực,Khác,Quy định,3._Quy định CNNV Tổ lên men Đông Mai,DMB,[24] PXĐM - Phân xưởng Sản xuất Đông Mai,ParsedFromFolder,High,,,,,,
data/[24] PXĐM - Phân xưởng Sản xuất Đông Mai/06. Hết hiệu lực/QyĐ-DMB-4._Quy định CNNV Tổ Vận chuyển Đông Mai.docx,[99] Archive,QyĐ-DMB-4._Quy định CNNV Tổ Vận chuyển Đông Mai.docx,QyĐ-DMB-4._Quy định CNNV Tổ Vận chuyển Đông Mai.docx,,,,,,Hết hiệu lực,,4._Quy định CNNV Tổ Vận chuyển Đông Mai,,,,Hết hiệu lực,Khác,Quy định,4._Quy định CNNV Tổ Vận chuyển Đông Mai,DMB,[24] PXĐM - Phân xưởng Sản xuất Đông Mai,ParsedFromFolder,High,,,,,,
data/[24] PXĐM - Phân xưởng Sản xuất Đông Mai/06. Hết hiệu lực/QyĐ-DMB-Quy định CNNV Bộ phận Đóng gói Đông Mai.docx,[99] Archive,QyĐ-DMB-Quy định CNNV Bộ phận Đóng gói Đông Mai.docx,QyĐ-DMB-Quy định CNNV Bộ phận Đóng gói Đông Mai.docx,,,,,,Hết hiệu lực,,Quy định CNNV Bộ phận Đóng gói Đông Mai,,,,Hết hiệu lực,Khác,Quy định,CNNV Bộ phận Đóng gói Đông Mai,DMB,[24] PXĐM - Phân xưởng Sản xuất Đông Mai,ParsedFromFolder,High,,,,,,
data/[25] CĐĐM - Phân xưởng Cơ điện – Động lực Đông Mai/03. Tổ chức – Nhân sự/182.2026.QĐ-HCNS-Bổ nhiện Tổ trưởng nhóm vận hành xử lý nước Đông Mai.19-03-2026.pdf,[25] Phân Xưởng Cơ Điện - Động Lực Đông Mai,182.2026.QĐ-HCNS-Bổ nhiện Tổ trưởng nhóm vận hành xử lý nước Đông Mai.19-03-2026.pdf,182.2026.QĐ-HCNS-Bổ nhiện Tổ trưởng nhóm vận hành xử lý nước Đông Mai.19-03-2026.pdf,182,2026,2026-03-19,,,Hiệu lực,,Bổ nhiện Tổ trưởng nhóm vận hành xử lý nước Đông Mai,,,,Tổ chức – Nhân sự,Quyết định,,Bổ nhiện Tổ trưởng nhóm vận hành xử lý nước Đông Mai,HCNS,[25] CĐĐM - Phân xưởng Cơ điện – Động lực Đông Mai,ParsedFromFolder,High,,,,,,
data/[25] CĐĐM - Phân xưởng Cơ điện – Động lực Đông Mai/03. Tổ chức – Nhân sự/304.2025.QĐ-HCNS-Kiêm nhiệm chức danh.-Ông Nguyễn Hữu Hiệp.25-08-2025.pdf,[25] Phân Xưởng Cơ Điện - Động Lực Đông Mai,304.2025.QĐ-HCNS-Kiêm nhiệm chức danh.-Ông Nguyễn Hữu Hiệp.25-08-2025.pdf,304.2025.QĐ-HCNS-Kiêm nhiệm chức danh.-Ông Nguyễn Hữu Hiệp.25-08-2025.pdf,304,2025,2025-08-25,,,Hiệu lực,,Kiêm nhiệm chức danh.-Ông Nguyễn Hữu Hiệp,,,,Tổ chức – Nhân sự,Quyết định,,Kiêm nhiệm chức danh.-Ông Nguyễn Hữu Hiệp,HCNS,[25] CĐĐM - Phân xưởng Cơ điện – Động lực Đông Mai,ParsedFromFolder,High,,,,,Bản chuẩn,
data/[25] CĐĐM - Phân xưởng Cơ điện – Động lực Đông Mai/03. Tổ chức – Nhân sự/304.2025.QĐ-HCNS-Kiêm nhiệm chức danh.25-08-2025.pdf,[25] Phân Xưởng Cơ Điện - Động Lực Đông Mai,304.2025.QĐ-HCNS-Kiêm nhiệm chức danh.25-08-2025.pdf,304.2025.QĐ-HCNS-Kiêm nhiệm chức danh.25-08-2025.pdf,304,2025,2025-08-25,,,Hiệu lực,,Kiêm nhiệm chức danh,,,,Tổ chức – Nhân sự,Quyết định,,Kiêm nhiệm chức danh,HCNS,[25] CĐĐM - Phân xưởng Cơ điện – Động lực Đông Mai,ParsedFromFolder,High,,,,,Bản sao,
data/[25] CĐĐM - Phân xưởng Cơ điện – Động lực Đông Mai/03. Tổ chức – Nhân sự/MTCV-CN Bảo trì sửa chữa-xây dựng.docx,[25] Phân Xưởng Cơ Điện - Động Lực Đông Mai,MTCV-CN Bảo trì sửa chữa-xây dựng.docx,MTCV-CN Bảo trì sửa chữa-xây dựng.docx,,,,,,Hiệu lực,,xây dựng,,,,Tổ chức – Nhân sự,Khác,,xây dựng,CN Bảo trì sửa chữa,[25] CĐĐM - Phân xưởng Cơ điện – Động lực Đông Mai,ParsedFromFolder,High,,,,,,
data/[25] CĐĐM - Phân xưởng Cơ điện – Động lực Đông Mai/03. Tổ chức – Nhân sự/MTCV-CN Trực điện.docx,[25] Phân Xưởng Cơ Điện - Động Lực Đông Mai,MTCV-CN Trực điện.docx,MTCV-CN Trực điện.docx,,,,,,Hiệu lực,,CN Trực điện,,,,Tổ chức – Nhân sự,Khác,,CN Trực điện,,[25] CĐĐM - Phân xưởng Cơ điện – Động lực Đông Mai,ParsedFromFolder,High,,,,,,
data/[25] CĐĐM - Phân xưởng Cơ điện – Động lực Đông Mai/03. Tổ chức – Nhân sự/MTCV-CN Vận hành lò hơi.docx,[25] Phân Xưởng Cơ Điện - Động Lực Đông Mai,MTCV-CN Vận hành lò hơi.docx,MTCV-CN Vận hành lò hơi.docx,,,,,,Hiệu lực,,CN Vận hành lò hơi,,,,Tổ chức – Nhân sự,Khác,,CN Vận hành lò hơi,,[25] CĐĐM - Phân xưởng Cơ điện – Động lực Đông Mai,ParsedFromFolder,High,,,,,,
data/[25] CĐĐM - Phân xưởng Cơ điện – Động lực Đông Mai/03. Tổ chức – Nhân sự/MTCV-CN Vận hành máy lạnh C02 khí nén.docx,[25] Phân Xưởng Cơ Điện - Động Lực Đông Mai,MTCV-CN Vận hành máy lạnh C02 khí nén.docx,MTCV-CN Vận hành máy lạnh C02 khí nén.docx,,,,,,Hiệu lực,,CN Vận hành máy lạnh C02 khí nén,,,,Tổ chức – Nhân sự,Khác,,CN Vận hành máy lạnh C02 khí nén,,[25] CĐĐM - Phân xưởng Cơ điện – Động lực Đông Mai,ParsedFromFolder,High,,,,,,
"data/[25] CĐĐM - Phân xưởng Cơ điện – Động lực Đông Mai/03. Tổ chức – Nhân sự/MTCV-CN Vận hành xử lý nước cấp, xử lý nước thải.docx",[25] Phân Xưởng Cơ Điện - Động Lực Đông Mai,"MTCV-CN Vận hành xử lý nước cấp, xử lý nước thải.docx","MTCV-CN Vận hành xử lý nước cấp, xử lý nước thải.docx",,,,,,Hiệu lực,,"CN Vận hành xử lý nước cấp, xử lý nước thải",,,,Tổ chức – Nhân sự,Khác,,"CN Vận hành xử lý nước cấp, xử lý nước thải",,[25] CĐĐM - Phân xưởng Cơ điện – Động lực Đông Mai,ParsedFromFolder,High,,,,,,
data/[25] CĐĐM - Phân xưởng Cơ điện – Động lực Đông Mai/03. Tổ chức – Nhân sự/MTCV-DMB-Bản mô tả công việc Phân xưởng Cơ điện động lực Đông mai.pdf,[25] Phân Xưởng Cơ Điện - Động Lực Đông Mai,MTCV-DMB-Bản mô tả công việc Phân xưởng Cơ điện động lực Đông mai.pdf,MTCV-DMB-Bản mô tả công việc Phân xưởng Cơ điện động lực Đông mai.pdf,,,,,,Hiệu lực,,Bản mô tả công việc Phân xưởng Cơ điện động lực Đông mai,,,,Tổ chức – Nhân sự,Khác,,Bản mô tả công việc Phân xưởng Cơ điện động lực Đông mai,DMB,[25] CĐĐM - Phân xưởng Cơ điện – Động lực Đông Mai,ParsedFromFolder,High,,,,,,
data/[25] CĐĐM - Phân xưởng Cơ điện – Động lực Đông Mai/03. Tổ chức – Nhân sự/MTCV-Phó Quản đốc.docx,[25] Phân Xưởng Cơ Điện - Động Lực Đông Mai,MTCV-Phó Quản đốc.docx,MTCV-Phó Quản đốc.docx,,,,,,Hiệu lực,,Phó Quản đốc,,,,Tổ chức – Nhân sự,Khác,,Phó Quản đốc,,[25] CĐĐM - Phân xưởng Cơ điện – Động lực Đông Mai,ParsedFromFolder,High,,,,,,
data/[25] CĐĐM - Phân xưởng Cơ điện – Động lực Đông Mai/03. Tổ chức – Nhân sự/MTCV-Quản đốc.docx,[25] Phân Xưởng Cơ Điện - Động Lực Đông Mai,MTCV-Quản đốc.docx,MTCV-Quản đốc.docx,,,,,,Hiệu lực,,Quản đốc,,,,Tổ chức – Nhân sự,Khác,,Quản đốc,,[25] CĐĐM - Phân xưởng Cơ điện – Động lực Đông Mai,ParsedFromFolder,High,,,,,,
data/[25] CĐĐM - Phân xưởng Cơ điện – Động lực Đông Mai/03. Tổ chức – Nhân sự/MTCV-Trưởng BP Động lực.docx,[25] Phân Xưởng Cơ Điện - Động Lực Đông Mai,MTCV-Trưởng BP Động lực.docx,MTCV-Trưởng BP Động lực.docx,,,,,,Hiệu lực,,Trưởng BP Động lực,,,,Tổ chức – Nhân sự,Khác,,Trưởng BP Động lực,,[25] CĐĐM - Phân xưởng Cơ điện – Động lực Đông Mai,ParsedFromFolder,High,,,,,,
data/[25] CĐĐM - Phân xưởng Cơ điện – Động lực Đông Mai/03. Tổ chức – Nhân sự/MTCV-Trưởng bộ phận Cơ điện xây dựng.docx,[25] Phân Xưởng Cơ Điện - Động Lực Đông Mai,MTCV-Trưởng bộ phận Cơ điện xây dựng.docx,MTCV-Trưởng bộ phận Cơ điện xây dựng.docx,,,,,,Hiệu lực,,Trưởng bộ phận Cơ điện xây dựng,,,,Tổ chức – Nhân sự,Khác,,Trưởng bộ phận Cơ điện xây dựng,,[25] CĐĐM - Phân xưởng Cơ điện – Động lực Đông Mai,ParsedFromFolder,High,,,,,,
data/[25] CĐĐM - Phân xưởng Cơ điện – Động lực Đông Mai/03. Tổ chức – Nhân sự/MTCV-Tổ trưởng Bảo trì sửa chữa xây dựng.docx,[25] Phân Xưởng Cơ Điện - Động Lực Đông Mai,MTCV-Tổ trưởng Bảo trì sửa chữa xây dựng.docx,MTCV-Tổ trưởng Bảo trì sửa chữa xây dựng.docx,,,,,,Hiệu lực,,Tổ trưởng Bảo trì sửa chữa xây dựng,,,,Tổ chức – Nhân sự,Khác,,Tổ trưởng Bảo trì sửa chữa xây dựng,,[25] CĐĐM - Phân xưởng Cơ điện – Động lực Đông Mai,ParsedFromFolder,High,,,,,,
data/[25] CĐĐM - Phân xưởng Cơ điện – Động lực Đông Mai/03. Tổ chức – Nhân sự/MTCV-Tổ trưởng Trực điện.docx,[25] Phân Xưởng Cơ Điện - Động Lực Đông Mai,MTCV-Tổ trưởng Trực điện.docx,MTCV-Tổ trưởng Trực điện.docx,,,,,,Hiệu lực,,Tổ trưởng Trực điện,,,,Tổ chức – Nhân sự,Khác,,Tổ trưởng Trực điện,,[25] CĐĐM - Phân xưởng Cơ điện – Động lực Đông Mai,ParsedFromFolder,High,,,,,,
data/[25] CĐĐM - Phân xưởng Cơ điện – Động lực Đông Mai/03. Tổ chức – Nhân sự/MTCV-Tổ trưởng Tổ Vận hành lò hơi.docx,[25] Phân Xưởng Cơ Điện - Động Lực Đông Mai,MTCV-Tổ trưởng Tổ Vận hành lò hơi.docx,MTCV-Tổ trưởng Tổ Vận hành lò hơi.docx,,,,,,Hiệu lực,,Tổ trưởng Tổ Vận hành lò hơi,,,,Tổ chức – Nhân sự,Khác,,Tổ trưởng Tổ Vận hành lò hơi,,[25] CĐĐM - Phân xưởng Cơ điện – Động lực Đông Mai,ParsedFromFolder,High,,,,,,
"data/[25] CĐĐM - Phân xưởng Cơ điện – Động lực Đông Mai/03. Tổ chức – Nhân sự/MTCV-Tổ trưởng Tổ Vận hành máy lạnh, Co2, nén khí.docx",[25] Phân Xưởng Cơ Điện - Động Lực Đông Mai,"MTCV-Tổ trưởng Tổ Vận hành máy lạnh, Co2, nén khí.docx","MTCV-Tổ trưởng Tổ Vận hành máy lạnh, Co2, nén khí.docx",,,,,,Hiệu lực,,"Tổ trưởng Tổ Vận hành máy lạnh, Co2, nén khí",,,,Tổ chức – Nhân sự,Khác,,"Tổ trưởng Tổ Vận hành máy lạnh, Co2, nén khí",,[25] CĐĐM - Phân xưởng Cơ điện – Động lực Đông Mai,ParsedFromFolder,High,,,,,,
data/[25] CĐĐM - Phân xưởng Cơ điện – Động lực Đông Mai/03. Tổ chức – Nhân sự/MTCV-Tổ trưởng Tổ Vận hành xử lý nước.docx,[25] Phân Xưởng Cơ Điện - Động Lực Đông Mai,MTCV-Tổ trưởng Tổ Vận hành xử lý nước.docx,MTCV-Tổ trưởng Tổ Vận hành xử lý nước.docx,,,,,,Hiệu lực,,Tổ trưởng Tổ Vận hành xử lý nước,,,,Tổ chức – Nhân sự,Khác,,Tổ trưởng Tổ Vận hành xử lý nước,,[25] CĐĐM - Phân xưởng Cơ điện – Động lực Đông Mai,ParsedFromFolder,High,,,,,,
data/[25] CĐĐM - Phân xưởng Cơ điện – Động lực Đông Mai/06. Hết hiệu lực/25.3.2024.QyĐ-DMB-Quy định về CNNV của Tổ lò hơi.02-04-2024.docx,[99] Archive,25.3.2024.QyĐ-DMB-Quy định về CNNV của Tổ lò hơi.02-04-2024.docx,25.3.2024.QyĐ-DMB-Quy định về CNNV của Tổ lò hơi.02-04-2024.docx,,,2024-04-02,,,Hết hiệu lực,,Quy định về CNNV của Tổ lò hơi,,,,Hết hiệu lực,Khác,Quy định,về CNNV của Tổ lò hơi,DMB,[25] CĐĐM - Phân xưởng Cơ điện – Động lực Đông Mai,ParsedFromFolder,High,,,,,,
data/[25] CĐĐM - Phân xưởng Cơ điện – Động lực Đông Mai/06. Hết hiệu lực/25.3.2024.QyĐ-DMB-Quy định về CNNV của Tổ lò hơi.02-04-2024.pdf,[99] Archive,25.3.2024.QyĐ-DMB-Quy định về CNNV của Tổ lò hơi.02-04-2024.pdf,25.3.2024.QyĐ-DMB-Quy định về CNNV của Tổ lò hơi.02-04-2024.pdf,,,2024-04-02,,,Hết hiệu lực,,Quy định về CNNV của Tổ lò hơi,,,,Hết hiệu lực,Khác,Quy định,về CNNV của Tổ lò hơi,DMB,[25] CĐĐM - Phân xưởng Cơ điện – Động lực Đông Mai,ParsedFromFolder,High,,,,,,
"data/[25] CĐĐM - Phân xưởng Cơ điện – Động lực Đông Mai/06. Hết hiệu lực/25.4.2024.QyĐ-DMB-Quy định về CNNV của Tổ bảo trì ,Sửa chữa, xây dựng.02-01-2024.docx",[99] Archive,"25.4.2024.QyĐ-DMB-Quy định về CNNV của Tổ bảo trì ,Sửa chữa, xây dựng.02-01-2024.docx","25.4.2024.QyĐ-DMB-Quy định về CNNV của Tổ bảo trì ,Sửa chữa, xây dựng.02-01-2024.docx",,,2024-01-02,,,Hết hiệu lực,,"Quy định về CNNV của Tổ bảo trì ,Sửa chữa, xây dựng",,,,Hết hiệu lực,Khác,Quy định,"về CNNV của Tổ bảo trì ,Sửa chữa, xây dựng",DMB,[25] CĐĐM - Phân xưởng Cơ điện – Động lực Đông Mai,ParsedFromFolder,High,,,,,,
"data/[25] CĐĐM - Phân xưởng Cơ điện – Động lực Đông Mai/06. Hết hiệu lực/25.4.2024.QyĐ-DMB-Quy định về CNNV của Tổ bảo trì ,Sửa chữa, xây dựng.02-01-2024.pdf",[99] Archive,"25.4.2024.QyĐ-DMB-Quy định về CNNV của Tổ bảo trì ,Sửa chữa, xây dựng.02-01-2024.pdf","25.4.2024.QyĐ-DMB-Quy định về CNNV của Tổ bảo trì ,Sửa chữa, xây dựng.02-01-2024.pdf",,,2024-01-02,,,Hết hiệu lực,,"Quy định về CNNV của Tổ bảo trì ,Sửa chữa, xây dựng",,,,Hết hiệu lực,Khác,Quy định,"về CNNV của Tổ bảo trì ,Sửa chữa, xây dựng",DMB,[25] CĐĐM - Phân xưởng Cơ điện – Động lực Đông Mai,ParsedFromFolder,High,,,,,,
data/[25] CĐĐM - Phân xưởng Cơ điện – Động lực Đông Mai/06. Hết hiệu lực/25.5.2024.QyĐ-DMB-Quy định về CNNV của tổ trực cơ điện.02-04-2024.docx,[99] Archive,25.5.2024.QyĐ-DMB-Quy định về CNNV của tổ trực cơ điện.02-04-2024.docx,25.5.2024.QyĐ-DMB-Quy định về CNNV của tổ trực cơ điện.02-04-2024.docx,,,2024-04-02,,,Hết hiệu lực,,Quy định về CNNV của tổ trực cơ điện,,,,Hết hiệu lực,Khác,Quy định,về CNNV của tổ trực cơ điện,DMB,[25] CĐĐM - Phân xưởng Cơ điện – Động lực Đông Mai,ParsedFromFolder,High,,,,,,
data/[25] CĐĐM - Phân xưởng Cơ điện – Động lực Đông Mai/06. Hết hiệu lực/25.5.2024.QyĐ-DMB-Quy định về CNNV của tổ trực cơ điện.02-04-2024.pdf,[99] Archive,25.5.2024.QyĐ-DMB-Quy định về CNNV của tổ trực cơ điện.02-04-2024.pdf,25.5.2024.QyĐ-DMB-Quy định về CNNV của tổ trực cơ điện.02-04-2024.pdf,,,2024-04-02,,,Hết hiệu lực,,Quy định về CNNV của tổ trực cơ điện,,,,Hết hiệu lực,Khác,Quy định,về CNNV của tổ trực cơ điện,DMB,[25] CĐĐM - Phân xưởng Cơ điện – Động lực Đông Mai,ParsedFromFolder,High,,,,,,
data/[26] PXHL - Phân xưởng Sản xuất Hạ Long/03. Tổ chức – Nhân sự/199.2026.QĐ-HCNS-Bổ nhiệm Quản đốc phân xưởng sản xuất Bia Hạ Long.26-03-2026.pdf,[26] Phân Xưởng Sản Xuất Hạ Long,199.2026.QĐ-HCNS-Bổ nhiệm Quản đốc phân xưởng sản xuất Bia Hạ Long.26-03-2026.pdf,199.2026.QĐ-HCNS-Bổ nhiệm Quản đốc phân xưởng sản xuất Bia Hạ Long.26-03-2026.pdf,199,2026,2026-03-26,,,Hiệu lực,,Bổ nhiệm Quản đốc phân xưởng sản xuất Bia Hạ Long,,,,Tổ chức – Nhân sự,Quyết định,,Bổ nhiệm Quản đốc phân xưởng sản xuất Bia Hạ Long,HCNS,[26] PXHL - Phân xưởng Sản xuất Hạ Long,ParsedFromFolder,High,,,,,,
data/[26] PXHL - Phân xưởng Sản xuất Hạ Long/03. Tổ chức – Nhân sự/202.2026.QĐ-HCNS-Miễn nhiệm Quản đốc phân xưởng sản xuất Bia Hạ Long.26-03-2026.pdf,[26] Phân Xưởng Sản Xuất Hạ Long,202.2026.QĐ-HCNS-Miễn nhiệm Quản đốc phân xưởng sản xuất Bia Hạ Long.26-03-2026.pdf,202.2026.QĐ-HCNS-Miễn nhiệm Quản đốc phân xưởng sản xuất Bia Hạ Long.26-03-2026.pdf,202,2026,2026-03-26,,,Hiệu lực,,Miễn nhiệm Quản đốc phân xưởng sản xuất Bia Hạ Long,,,,Tổ chức – Nhân sự,Quyết định,,Miễn nhiệm Quản đốc phân xưởng sản xuất Bia Hạ Long,HCNS,[26] PXHL - Phân xưởng Sản xuất Hạ Long,ParsedFromFolder,High,,,,,,
data/[26] PXHL - Phân xưởng Sản xuất Hạ Long/03. Tổ chức – Nhân sự/245.2026.QĐ-HCNS-Xử lý kỷ luật lao động đối với ông Nguyễn Hoàng Bách.23-03-2026.pdf,[26] Phân Xưởng Sản Xuất Hạ Long,245.2026.QĐ-HCNS-Xử lý kỷ luật lao động đối với ông Nguyễn Hoàng Bách.23-03-2026.pdf,245.2026.QĐ-HCNS-Xử lý kỷ luật lao động đối với ông Nguyễn Hoàng Bách.23-03-2026.pdf,245,2026,2026-03-23,,,Hiệu lực,,Xử lý kỷ luật lao động đối với ông Nguyễn Hoàng Bách,,,,Tổ chức – Nhân sự,Quyết định,,Xử lý kỷ luật lao động đối với ông Nguyễn Hoàng Bách,HCNS,[26] PXHL - Phân xưởng Sản xuất Hạ Long,ParsedFromFolder,High,,,,,,
data/[26] PXHL - Phân xưởng Sản xuất Hạ Long/03. Tổ chức – Nhân sự/26.2026.QyĐ-PXHL-Quy định về chức năng nhiệm vụ và cơ cấu tổ chức của phân xưởng sản xuất Hạ Long.15-05-2026.pdf,[26] Phân Xưởng Sản Xuất Hạ Long,26.2026.QyĐ-PXHL-Quy định về chức năng nhiệm vụ và cơ cấu tổ chức của phân xưởng sản xuất Hạ Long.15-05-2026.pdf,26.2026.QyĐ-PXHL-Quy định về chức năng nhiệm vụ và cơ cấu tổ chức của phân xưởng sản xuất Hạ Long.15-05-2026.pdf,26,2026,2026-05-15,,,Hiệu lực,,Quy định về chức năng nhiệm vụ và cơ cấu tổ chức của phân xưởng sản xuất Hạ Long,,,,Tổ chức – Nhân sự,Khác,Quy định,về chức năng nhiệm vụ và cơ cấu tổ chức của phân xưởng sản xuất Hạ Long,PXHL,[26] PXHL - Phân xưởng Sản xuất Hạ Long,ParsedFromFolder,High,,,,,,
data/[26] PXHL - Phân xưởng Sản xuất Hạ Long/03. Tổ chức – Nhân sự/MTCV CN Phụ nấu 1.docx,[26] Phân Xưởng Sản Xuất Hạ Long,MTCV CN Phụ nấu 1.docx,MTCV CN Phụ nấu 1.docx,,,,,,Hiệu lực,,MTCV CN Phụ nấu 1,,,,Tổ chức – Nhân sự,Khác,,MTCV CN Phụ nấu 1,,[26] PXHL - Phân xưởng Sản xuất Hạ Long,ParsedFromFolder,High,,,,,,
data/[26] PXHL - Phân xưởng Sản xuất Hạ Long/03. Tổ chức – Nhân sự/MTCV CN Phụ nấu 2.docx,[26] Phân Xưởng Sản Xuất Hạ Long,MTCV CN Phụ nấu 2.docx,MTCV CN Phụ nấu 2.docx,,,,,,Hiệu lực,,MTCV CN Phụ nấu 2,,,,Tổ chức – Nhân sự,Khác,,MTCV CN Phụ nấu 2,,[26] PXHL - Phân xưởng Sản xuất Hạ Long,ParsedFromFolder,High,,,,,,
data/[26] PXHL - Phân xưởng Sản xuất Hạ Long/03. Tổ chức – Nhân sự/MTCV CN vận hành Nhà xay nghiền.docx,[26] Phân Xưởng Sản Xuất Hạ Long,MTCV CN vận hành Nhà xay nghiền.docx,MTCV CN vận hành Nhà xay nghiền.docx,,,,,,Hiệu lực,,MTCV CN vận hành Nhà xay nghiền,,,,Tổ chức – Nhân sự,Khác,,MTCV CN vận hành Nhà xay nghiền,,[26] PXHL - Phân xưởng Sản xuất Hạ Long,ParsedFromFolder,High,,,,,,
data/[26] PXHL - Phân xưởng Sản xuất Hạ Long/03. Tổ chức – Nhân sự/MTCV MT-Công nhân nấu ăn.docx,[26] Phân Xưởng Sản Xuất Hạ Long,MTCV MT-Công nhân nấu ăn.docx,MTCV MT-Công nhân nấu ăn.docx,,,,,,Hiệu lực,,Công nhân nấu ăn,,,,Tổ chức – Nhân sự,Khác,,Công nhân nấu ăn,,[26] PXHL - Phân xưởng Sản xuất Hạ Long,ParsedFromFolder,High,,,,,,
data/[26] PXHL - Phân xưởng Sản xuất Hạ Long/03. Tổ chức – Nhân sự/MTCV MT-Vệ sinh công nghiệp.docx,[26] Phân Xưởng Sản Xuất Hạ Long,MTCV MT-Vệ sinh công nghiệp.docx,MTCV MT-Vệ sinh công nghiệp.docx,,,,,,Hiệu lực,,Vệ sinh công nghiệp,,,,Tổ chức – Nhân sự,Khác,,Vệ sinh công nghiệp,,[26] PXHL - Phân xưởng Sản xuất Hạ Long,ParsedFromFolder,High,,,,,,
data/[26] PXHL - Phân xưởng Sản xuất Hạ Long/03. Tổ chức – Nhân sự/MTCV-CN Phụ lọc.docx,[26] Phân Xưởng Sản Xuất Hạ Long,MTCV-CN Phụ lọc.docx,MTCV-CN Phụ lọc.docx,,,,,,Hiệu lực,,CN Phụ lọc,,,,Tổ chức – Nhân sự,Khác,,CN Phụ lọc,,[26] PXHL - Phân xưởng Sản xuất Hạ Long,ParsedFromFolder,High,,,,,,
data/[26] PXHL - Phân xưởng Sản xuất Hạ Long/03. Tổ chức – Nhân sự/MTCV-CN vận hành Công nghệ Lên men.docx,[26] Phân Xưởng Sản Xuất Hạ Long,MTCV-CN vận hành Công nghệ Lên men.docx,MTCV-CN vận hành Công nghệ Lên men.docx,,,,,,Hiệu lực,,CN vận hành Công nghệ Lên men,,,,Tổ chức – Nhân sự,Khác,,CN vận hành Công nghệ Lên men,,[26] PXHL - Phân xưởng Sản xuất Hạ Long,ParsedFromFolder,High,,,,,,
data/[26] PXHL - Phân xưởng Sản xuất Hạ Long/03. Tổ chức – Nhân sự/MTCV-CN vận hành xe nâng.docx,[26] Phân Xưởng Sản Xuất Hạ Long,MTCV-CN vận hành xe nâng.docx,MTCV-CN vận hành xe nâng.docx,,,,,,Hiệu lực,,CN vận hành xe nâng,,,,Tổ chức – Nhân sự,Khác,,CN vận hành xe nâng,,[26] PXHL - Phân xưởng Sản xuất Hạ Long,ParsedFromFolder,High,,,,,,
data/[26] PXHL - Phân xưởng Sản xuất Hạ Long/03. Tổ chức – Nhân sự/MTCV-CN đóng gói dây chuyền chiết keg 2L.docx,[26] Phân Xưởng Sản Xuất Hạ Long,MTCV-CN đóng gói dây chuyền chiết keg 2L.docx,MTCV-CN đóng gói dây chuyền chiết keg 2L.docx,,,,,,Hiệu lực,,CN đóng gói dây chuyền chiết keg 2L,,,,Tổ chức – Nhân sự,Khác,,CN đóng gói dây chuyền chiết keg 2L,,[26] PXHL - Phân xưởng Sản xuất Hạ Long,ParsedFromFolder,High,,,,,,
data/[26] PXHL - Phân xưởng Sản xuất Hạ Long/03. Tổ chức – Nhân sự/MTCV-CN đóng gói dây chuyền chiết keg 30L.docx,[26] Phân Xưởng Sản Xuất Hạ Long,MTCV-CN đóng gói dây chuyền chiết keg 30L.docx,MTCV-CN đóng gói dây chuyền chiết keg 30L.docx,,,,,,Hiệu lực,,CN đóng gói dây chuyền chiết keg 30L,,,,Tổ chức – Nhân sự,Khác,,CN đóng gói dây chuyền chiết keg 30L,,[26] PXHL - Phân xưởng Sản xuất Hạ Long,ParsedFromFolder,High,,,,,,
data/[26] PXHL - Phân xưởng Sản xuất Hạ Long/03. Tổ chức – Nhân sự/MTCV-CN đóng gói vận chuyển.docx,[26] Phân Xưởng Sản Xuất Hạ Long,MTCV-CN đóng gói vận chuyển.docx,MTCV-CN đóng gói vận chuyển.docx,,,,,,Hiệu lực,,CN đóng gói vận chuyển,,,,Tổ chức – Nhân sự,Khác,,CN đóng gói vận chuyển,,[26] PXHL - Phân xưởng Sản xuất Hạ Long,ParsedFromFolder,High,,,,,,
data/[26] PXHL - Phân xưởng Sản xuất Hạ Long/03. Tổ chức – Nhân sự/MTCV-HCNS-Mô tả công việc Nhân viên Lương thưởng và chế độ phúc lợi.docx,[26] Phân Xưởng Sản Xuất Hạ Long,MTCV-HCNS-Mô tả công việc Nhân viên Lương thưởng và chế độ phúc lợi.docx,MTCV-HCNS-Mô tả công việc Nhân viên Lương thưởng và chế độ phúc lợi.docx,,,,,,Hiệu lực,,Mô tả công việc Nhân viên Lương thưởng và chế độ phúc lợi,,,,Tổ chức – Nhân sự,Khác,,Mô tả công việc Nhân viên Lương thưởng và chế độ phúc lợi,HCNS,[26] PXHL - Phân xưởng Sản xuất Hạ Long,ParsedFromFolder,High,,,,,,
data/[26] PXHL - Phân xưởng Sản xuất Hạ Long/03. Tổ chức – Nhân sự/MTCV-HCNS-Mô tả công việc Trưởng bộ phận Lương thưởng và chế độ phúc lợi.docx,[26] Phân Xưởng Sản Xuất Hạ Long,MTCV-HCNS-Mô tả công việc Trưởng bộ phận Lương thưởng và chế độ phúc lợi.docx,MTCV-HCNS-Mô tả công việc Trưởng bộ phận Lương thưởng và chế độ phúc lợi.docx,,,,,,Hiệu lực,,Mô tả công việc Trưởng bộ phận Lương thưởng và chế độ phúc lợi,,,,Tổ chức – Nhân sự,Khác,,Mô tả công việc Trưởng bộ phận Lương thưởng và chế độ phúc lợi,HCNS,[26] PXHL - Phân xưởng Sản xuất Hạ Long,ParsedFromFolder,High,,,,,,
data/[26] PXHL - Phân xưởng Sản xuất Hạ Long/03. Tổ chức – Nhân sự/MTCV-HLB-Bản mô tả công việc Phân xưởng sản xuất Bia Hạ Long.pdf,[26] Phân Xưởng Sản Xuất Hạ Long,MTCV-HLB-Bản mô tả công việc Phân xưởng sản xuất Bia Hạ Long.pdf,MTCV-HLB-Bản mô tả công việc Phân xưởng sản xuất Bia Hạ Long.pdf,,,,,,Hiệu lực,,Bản mô tả công việc Phân xưởng sản xuất Bia Hạ Long,,,,Tổ chức – Nhân sự,Khác,,Bản mô tả công việc Phân xưởng sản xuất Bia Hạ Long,HLB,[26] PXHL - Phân xưởng Sản xuất Hạ Long,ParsedFromFolder,High,,,,,,
data/[26] PXHL - Phân xưởng Sản xuất Hạ Long/03. Tổ chức – Nhân sự/MTCV-Trưởng BP Công nghệ (Nấu chính).docx,[26] Phân Xưởng Sản Xuất Hạ Long,MTCV-Trưởng BP Công nghệ (Nấu chính).docx,MTCV-Trưởng BP Công nghệ (Nấu chính).docx,,,,,,Hiệu lực,,Trưởng BP Công nghệ (Nấu chính),,,,Tổ chức – Nhân sự,Khác,,Trưởng BP Công nghệ (Nấu chính),,[26] PXHL - Phân xưởng Sản xuất Hạ Long,ParsedFromFolder,High,,,,,,
data/[26] PXHL - Phân xưởng Sản xuất Hạ Long/03. Tổ chức – Nhân sự/MTCV-Trưởng BP môi trường-đời sống.docx,[26] Phân Xưởng Sản Xuất Hạ Long,MTCV-Trưởng BP môi trường-đời sống.docx,MTCV-Trưởng BP môi trường-đời sống.docx,,,,,,Hiệu lực,,đời sống,,,,Tổ chức – Nhân sự,Khác,,đời sống,Trưởng BP môi trường,[26] PXHL - Phân xưởng Sản xuất Hạ Long,ParsedFromFolder,High,,,,,,
data/[26] PXHL - Phân xưởng Sản xuất Hạ Long/03. Tổ chức – Nhân sự/MTCV-Tổ trưởng CN lên men-v2.docx,[26] Phân Xưởng Sản Xuất Hạ Long,MTCV-Tổ trưởng CN lên men-v2.docx,MTCV-Tổ trưởng CN lên men-v2.docx,,,,,,Hiệu lực,,v2,,,,Tổ chức – Nhân sự,Khác,,v2,Tổ trưởng CN lên men,[26] PXHL - Phân xưởng Sản xuất Hạ Long,ParsedFromFolder,High,,,,,,
data/[26] PXHL - Phân xưởng Sản xuất Hạ Long/03. Tổ chức – Nhân sự/QyĐ-HLB-2._Quy định CNNV Tổ lọc Hạ Long.docx,[26] Phân Xưởng Sản Xuất Hạ Long,QyĐ-HLB-2._Quy định CNNV Tổ lọc Hạ Long.docx,QyĐ-HLB-2._Quy định CNNV Tổ lọc Hạ Long.docx,,,,,,Hiệu lực,,2._Quy định CNNV Tổ lọc Hạ Long,,,,Tổ chức – Nhân sự,Khác,Quy định,2._Quy định CNNV Tổ lọc Hạ Long,HLB,[26] PXHL - Phân xưởng Sản xuất Hạ Long,ParsedFromFolder,High,,,,,,
data/[26] PXHL - Phân xưởng Sản xuất Hạ Long/06. Hết hiệu lực/75.2024.QĐ-HCNS-Quy định về CNNV của bộ phận công nghệ.02-01-2024.docx,[99] Archive,75.2024.QĐ-HCNS-Quy định về CNNV của bộ phận công nghệ.02-01-2024.docx,75.2024.QĐ-HCNS-Quy định về CNNV của bộ phận công nghệ.02-01-2024.docx,75,2024,2024-01-02,,,Hết hiệu lực,,Quy định về CNNV của bộ phận công nghệ,,,,Hết hiệu lực,Quyết định,Quy định,về CNNV của bộ phận công nghệ,HCNS,[26] PXHL - Phân xưởng Sản xuất Hạ Long,ParsedFromFolder,High,,,,,,
data/[26] PXHL - Phân xưởng Sản xuất Hạ Long/06. Hết hiệu lực/75.2024.QĐ-HCNS-Quy định về CNNV của bộ phận công nghệ.02-01-2024.pdf,[99] Archive,75.2024.QĐ-HCNS-Quy định về CNNV của bộ phận công nghệ.02-01-2024.pdf,75.2024.QĐ-HCNS-Quy định về CNNV của bộ phận công nghệ.02-01-2024.pdf,75,2024,2024-01-02,,,Hết hiệu lực,,Quy định về CNNV của bộ phận công nghệ,,,,Hết hiệu lực,Quyết định,Quy định,về CNNV của bộ phận công nghệ,HCNS,[26] PXHL - Phân xưởng Sản xuất Hạ Long,ParsedFromFolder,High,,,,,,
data/[26] PXHL - Phân xưởng Sản xuất Hạ Long/06. Hết hiệu lực/76.2024.QĐ-HCNS-Quy định CNNV Tổ nấu Hạ Long-bộ phận công nghệ.02-01-2024.docx,[99] Archive,76.2024.QĐ-HCNS-Quy định CNNV Tổ nấu Hạ Long-bộ phận công nghệ.02-01-2024.docx,76.2024.QĐ-HCNS-Quy định CNNV Tổ nấu Hạ Long-bộ phận công nghệ.02-01-2024.docx,76,2024,2024-01-02,,,Hết hiệu lực,,Quy định CNNV Tổ nấu Hạ Long-bộ phận công nghệ,,,,Hết hiệu lực,Quyết định,Quy định,CNNV Tổ nấu Hạ Long-bộ phận công nghệ,HCNS,[26] PXHL - Phân xưởng Sản xuất Hạ Long,ParsedFromFolder,High,,,,,,
data/[26] PXHL - Phân xưởng Sản xuất Hạ Long/06. Hết hiệu lực/76.2024.QĐ-HCNS-Quy định CNNV của Tổ nấu-bộ phận công nghệ.02-01-2024.pdf,[99] Archive,76.2024.QĐ-HCNS-Quy định CNNV của Tổ nấu-bộ phận công nghệ.02-01-2024.pdf,76.2024.QĐ-HCNS-Quy định CNNV của Tổ nấu-bộ phận công nghệ.02-01-2024.pdf,76,2024,2024-01-02,,,Hết hiệu lực,,Quy định CNNV của Tổ nấu-bộ phận công nghệ,,,,Hết hiệu lực,Quyết định,Quy định,CNNV của Tổ nấu-bộ phận công nghệ,HCNS,[26] PXHL - Phân xưởng Sản xuất Hạ Long,ParsedFromFolder,High,,,,,,
"data/[26] PXHL - Phân xưởng Sản xuất Hạ Long/06. Hết hiệu lực/77.2024.QĐ-HCNS-Chức năng , nhiệm vụ của Phân xưởng sản xuất Bia hạ long.02-01-2024.docx",[99] Archive,"77.2024.QĐ-HCNS-Chức năng , nhiệm vụ của Phân xưởng sản xuất Bia hạ long.02-01-2024.docx","77.2024.QĐ-HCNS-Chức năng , nhiệm vụ của Phân xưởng sản xuất Bia hạ long.02-01-2024.docx",77,2024,2024-01-02,,,Hết hiệu lực,,"Chức năng , nhiệm vụ của Phân xưởng sản xuất Bia hạ long",,,,Hết hiệu lực,Quyết định,,"Chức năng , nhiệm vụ của Phân xưởng sản xuất Bia hạ long",HCNS,[26] PXHL - Phân xưởng Sản xuất Hạ Long,ParsedFromFolder,High,,,,,,
"data/[26] PXHL - Phân xưởng Sản xuất Hạ Long/06. Hết hiệu lực/77.2024.QĐ-HCNS-Chức năng , nhiệm vụ của Phân xưởng sản xuất Bia hạ long.02-01-2024.pdf",[99] Archive,"77.2024.QĐ-HCNS-Chức năng , nhiệm vụ của Phân xưởng sản xuất Bia hạ long.02-01-2024.pdf","77.2024.QĐ-HCNS-Chức năng , nhiệm vụ của Phân xưởng sản xuất Bia hạ long.02-01-2024.pdf",77,2024,2024-01-02,,,Hết hiệu lực,,"Chức năng , nhiệm vụ của Phân xưởng sản xuất Bia hạ long",,,,Hết hiệu lực,Quyết định,,"Chức năng , nhiệm vụ của Phân xưởng sản xuất Bia hạ long",HCNS,[26] PXHL - Phân xưởng Sản xuất Hạ Long,ParsedFromFolder,High,,,,,,
data/[26] PXHL - Phân xưởng Sản xuất Hạ Long/06. Hết hiệu lực/78.2024.QĐ-HCNS-Quy định về CNNV của Bộ phận đóng gói.02-01-2024.docx,[99] Archive,78.2024.QĐ-HCNS-Quy định về CNNV của Bộ phận đóng gói.02-01-2024.docx,78.2024.QĐ-HCNS-Quy định về CNNV của Bộ phận đóng gói.02-01-2024.docx,78,2024,2024-01-02,,,Hết hiệu lực,,Quy định về CNNV của Bộ phận đóng gói,,,,Hết hiệu lực,Quyết định,Quy định,về CNNV của Bộ phận đóng gói,HCNS,[26] PXHL - Phân xưởng Sản xuất Hạ Long,ParsedFromFolder,High,,,,,,
data/[26] PXHL - Phân xưởng Sản xuất Hạ Long/06. Hết hiệu lực/78.2024.QĐ-HCNS-Quy định về CNNV của Bộ phận đóng gói.02-01-2024.pdf,[99] Archive,78.2024.QĐ-HCNS-Quy định về CNNV của Bộ phận đóng gói.02-01-2024.pdf,78.2024.QĐ-HCNS-Quy định về CNNV của Bộ phận đóng gói.02-01-2024.pdf,78,2024,2024-01-02,,,Hết hiệu lực,,Quy định về CNNV của Bộ phận đóng gói,,,,Hết hiệu lực,Quyết định,Quy định,về CNNV của Bộ phận đóng gói,HCNS,[26] PXHL - Phân xưởng Sản xuất Hạ Long,ParsedFromFolder,High,,,,,,
data/[26] PXHL - Phân xưởng Sản xuất Hạ Long/06. Hết hiệu lực/79.2024.QĐ-HCNS-Quy địnhCNNV của Tổ lên men-Bộ phận Công nghệ.02-01-2024.docx,[99] Archive,79.2024.QĐ-HCNS-Quy địnhCNNV của Tổ lên men-Bộ phận Công nghệ.02-01-2024.docx,79.2024.QĐ-HCNS-Quy địnhCNNV của Tổ lên men-Bộ phận Công nghệ.02-01-2024.docx,79,2024,2024-01-02,,,Hết hiệu lực,,Quy địnhCNNV của Tổ lên men-Bộ phận Công nghệ,,,,Hết hiệu lực,Quyết định,Quy định,CNNV của Tổ lên men-Bộ phận Công nghệ,HCNS,[26] PXHL - Phân xưởng Sản xuất Hạ Long,ParsedFromFolder,High,,,,,,
data/[26] PXHL - Phân xưởng Sản xuất Hạ Long/06. Hết hiệu lực/79.2024.QĐ-HCNS-Quy địnhCNNV của Tổ lên men-Bộ phận Công nghệ.02-01-2024.pdf,[99] Archive,79.2024.QĐ-HCNS-Quy địnhCNNV của Tổ lên men-Bộ phận Công nghệ.02-01-2024.pdf,79.2024.QĐ-HCNS-Quy địnhCNNV của Tổ lên men-Bộ phận Công nghệ.02-01-2024.pdf,79,2024,2024-01-02,,,Hết hiệu lực,,Quy địnhCNNV của Tổ lên men-Bộ phận Công nghệ,,,,Hết hiệu lực,Quyết định,Quy định,CNNV của Tổ lên men-Bộ phận Công nghệ,HCNS,[26] PXHL - Phân xưởng Sản xuất Hạ Long,ParsedFromFolder,High,,,,,,
data/[26] PXHL - Phân xưởng Sản xuất Hạ Long/06. Hết hiệu lực/81.2024.QĐ-HCNS-Quy định về CNNV của dây chuyền chiết keg 2l.02-01-2024.docx,[99] Archive,81.2024.QĐ-HCNS-Quy định về CNNV của dây chuyền chiết keg 2l.02-01-2024.docx,81.2024.QĐ-HCNS-Quy định về CNNV của dây chuyền chiết keg 2l.02-01-2024.docx,81,2024,2024-01-02,,,Hết hiệu lực,,Quy định về CNNV của dây chuyền chiết keg 2l,,,,Hết hiệu lực,Quyết định,Quy định,về CNNV của dây chuyền chiết keg 2l,HCNS,[26] PXHL - Phân xưởng Sản xuất Hạ Long,ParsedFromFolder,High,,,,,,
data/[26] PXHL - Phân xưởng Sản xuất Hạ Long/06. Hết hiệu lực/81.2024.QĐ-HCNS-Quy định về CNNV của dây chuyền chiết keg 2l.02-01-2024.pdf,[99] Archive,81.2024.QĐ-HCNS-Quy định về CNNV của dây chuyền chiết keg 2l.02-01-2024.pdf,81.2024.QĐ-HCNS-Quy định về CNNV của dây chuyền chiết keg 2l.02-01-2024.pdf,81,2024,2024-01-02,,,Hết hiệu lực,,Quy định về CNNV của dây chuyền chiết keg 2l,,,,Hết hiệu lực,Quyết định,Quy định,về CNNV của dây chuyền chiết keg 2l,HCNS,[26] PXHL - Phân xưởng Sản xuất Hạ Long,ParsedFromFolder,High,,,,,,
data/[26] PXHL - Phân xưởng Sản xuất Hạ Long/06. Hết hiệu lực/82.2024.QĐ-HCNS-Quy định CNNV của dây chuyền chiết keg 30L.02-01-2024.docx,[99] Archive,82.2024.QĐ-HCNS-Quy định CNNV của dây chuyền chiết keg 30L.02-01-2024.docx,82.2024.QĐ-HCNS-Quy định CNNV của dây chuyền chiết keg 30L.02-01-2024.docx,82,2024,2024-01-02,,,Hết hiệu lực,,Quy định CNNV của dây chuyền chiết keg 30L,,,,Hết hiệu lực,Quyết định,Quy định,CNNV của dây chuyền chiết keg 30L,HCNS,[26] PXHL - Phân xưởng Sản xuất Hạ Long,ParsedFromFolder,High,,,,,,
data/[26] PXHL - Phân xưởng Sản xuất Hạ Long/06. Hết hiệu lực/82.2024.QĐ-HCNS-Quy định CNNV của dây chuyền chiết keg 30L.02-01-2024.pdf,[99] Archive,82.2024.QĐ-HCNS-Quy định CNNV của dây chuyền chiết keg 30L.02-01-2024.pdf,82.2024.QĐ-HCNS-Quy định CNNV của dây chuyền chiết keg 30L.02-01-2024.pdf,82,2024,2024-01-02,,,Hết hiệu lực,,Quy định CNNV của dây chuyền chiết keg 30L,,,,Hết hiệu lực,Quyết định,Quy định,CNNV của dây chuyền chiết keg 30L,HCNS,[26] PXHL - Phân xưởng Sản xuất Hạ Long,ParsedFromFolder,High,,,,,,
"data/[26] PXHL - Phân xưởng Sản xuất Hạ Long/06. Hết hiệu lực/83.2024.QĐ-HCNS-Quy định về CNNV của tổ vận chuyển , bốc xếp.02-01-2024.docx",[99] Archive,"83.2024.QĐ-HCNS-Quy định về CNNV của tổ vận chuyển , bốc xếp.02-01-2024.docx","83.2024.QĐ-HCNS-Quy định về CNNV của tổ vận chuyển , bốc xếp.02-01-2024.docx",83,2024,2024-01-02,,,Hết hiệu lực,,"Quy định về CNNV của tổ vận chuyển , bốc xếp",,,,Hết hiệu lực,Quyết định,Quy định,"về CNNV của tổ vận chuyển , bốc xếp",HCNS,[26] PXHL - Phân xưởng Sản xuất Hạ Long,ParsedFromFolder,High,,,,,,
"data/[26] PXHL - Phân xưởng Sản xuất Hạ Long/06. Hết hiệu lực/83.2024.QĐ-HCNS-Quy định về CNNV của tổ vận chuyển , bốc xếp.02-01-2024.pdf",[99] Archive,"83.2024.QĐ-HCNS-Quy định về CNNV của tổ vận chuyển , bốc xếp.02-01-2024.pdf","83.2024.QĐ-HCNS-Quy định về CNNV của tổ vận chuyển , bốc xếp.02-01-2024.pdf",83,2024,2024-01-02,,,Hết hiệu lực,,"Quy định về CNNV của tổ vận chuyển , bốc xếp",,,,Hết hiệu lực,Quyết định,Quy định,"về CNNV của tổ vận chuyển , bốc xếp",HCNS,[26] PXHL - Phân xưởng Sản xuất Hạ Long,ParsedFromFolder,High,,,,,,
"data/[26] PXHL - Phân xưởng Sản xuất Hạ Long/06. Hết hiệu lực/84.2024.QĐ-HCNS-Quy định về chức năng , nhiệm vụ của bộ phận Môi trường-Đời sống.02-01-2024.docx",[99] Archive,"84.2024.QĐ-HCNS-Quy định về chức năng , nhiệm vụ của bộ phận Môi trường-Đời sống.02-01-2024.docx","84.2024.QĐ-HCNS-Quy định về chức năng , nhiệm vụ của bộ phận Môi trường-Đời sống.02-01-2024.docx",84,2024,2024-01-02,,,Hết hiệu lực,,"Quy định về chức năng , nhiệm vụ của bộ phận Môi trường-Đời sống",,,,Hết hiệu lực,Quyết định,Quy định,"về chức năng , nhiệm vụ của bộ phận Môi trường-Đời sống",HCNS,[26] PXHL - Phân xưởng Sản xuất Hạ Long,ParsedFromFolder,High,,,,,,
"data/[26] PXHL - Phân xưởng Sản xuất Hạ Long/06. Hết hiệu lực/84.2024.QĐ-HCNS-Quy định về chức năng , nhiệm vụ của bộ phận Môi trường-Đời sống.02-01-2024.pdf",[99] Archive,"84.2024.QĐ-HCNS-Quy định về chức năng , nhiệm vụ của bộ phận Môi trường-Đời sống.02-01-2024.pdf","84.2024.QĐ-HCNS-Quy định về chức năng , nhiệm vụ của bộ phận Môi trường-Đời sống.02-01-2024.pdf",84,2024,2024-01-02,,,Hết hiệu lực,,"Quy định về chức năng , nhiệm vụ của bộ phận Môi trường-Đời sống",,,,Hết hiệu lực,Quyết định,Quy định,"về chức năng , nhiệm vụ của bộ phận Môi trường-Đời sống",HCNS,[26] PXHL - Phân xưởng Sản xuất Hạ Long,ParsedFromFolder,High,,,,,,
data/[26] PXHL - Phân xưởng Sản xuất Hạ Long/06. Hết hiệu lực/85.2024.QĐ-HCNS-Quy định CNNV của tổ bếp ăn công nghiệp-Bộ phận môi trường-Đời sống.02-01-2024.docx,[99] Archive,85.2024.QĐ-HCNS-Quy định CNNV của tổ bếp ăn công nghiệp-Bộ phận môi trường-Đời sống.02-01-2024.docx,85.2024.QĐ-HCNS-Quy định CNNV của tổ bếp ăn công nghiệp-Bộ phận môi trường-Đời sống.02-01-2024.docx,85,2024,2024-01-02,,,Hết hiệu lực,,Quy định CNNV của tổ bếp ăn công nghiệp-Bộ phận môi trường-Đời sống,,,,Hết hiệu lực,Quyết định,Quy định,CNNV của tổ bếp ăn công nghiệp-Bộ phận môi trường-Đời sống,HCNS,[26] PXHL - Phân xưởng Sản xuất Hạ Long,ParsedFromFolder,High,,,,,,
data/[26] PXHL - Phân xưởng Sản xuất Hạ Long/06. Hết hiệu lực/85.2024.QĐ-HCNS-Quy định CNNV của tổ bếp ăn công nghiệp-Bộ phận môi trường-Đời sống.02-01-2024.pdf,[99] Archive,85.2024.QĐ-HCNS-Quy định CNNV của tổ bếp ăn công nghiệp-Bộ phận môi trường-Đời sống.02-01-2024.pdf,85.2024.QĐ-HCNS-Quy định CNNV của tổ bếp ăn công nghiệp-Bộ phận môi trường-Đời sống.02-01-2024.pdf,85,2024,2024-01-02,,,Hết hiệu lực,,Quy định CNNV của tổ bếp ăn công nghiệp-Bộ phận môi trường-Đời sống,,,,Hết hiệu lực,Quyết định,Quy định,CNNV của tổ bếp ăn công nghiệp-Bộ phận môi trường-Đời sống,HCNS,[26] PXHL - Phân xưởng Sản xuất Hạ Long,ParsedFromFolder,High,,,,,,
data/[26] PXHL - Phân xưởng Sản xuất Hạ Long/06. Hết hiệu lực/86.2024.QĐ-HCNS-Quy định CNNV của tổ Vệ sinh Công nghiệp.02-01-2024.docx,[99] Archive,86.2024.QĐ-HCNS-Quy định CNNV của tổ Vệ sinh Công nghiệp.02-01-2024.docx,86.2024.QĐ-HCNS-Quy định CNNV của tổ Vệ sinh Công nghiệp.02-01-2024.docx,86,2024,2024-01-02,,,Hết hiệu lực,,Quy định CNNV của tổ Vệ sinh Công nghiệp,,,,Hết hiệu lực,Quyết định,Quy định,CNNV của tổ Vệ sinh Công nghiệp,HCNS,[26] PXHL - Phân xưởng Sản xuất Hạ Long,ParsedFromFolder,High,,,,,,
data/[26] PXHL - Phân xưởng Sản xuất Hạ Long/06. Hết hiệu lực/86.2024.QĐ-HCNS-Quy định CNNV của tổ Vệ sinh Công nghiệp.02-01-2024.pdf,[99] Archive,86.2024.QĐ-HCNS-Quy định CNNV của tổ Vệ sinh Công nghiệp.02-01-2024.pdf,86.2024.QĐ-HCNS-Quy định CNNV của tổ Vệ sinh Công nghiệp.02-01-2024.pdf,86,2024,2024-01-02,,,Hết hiệu lực,,Quy định CNNV của tổ Vệ sinh Công nghiệp,,,,Hết hiệu lực,Quyết định,Quy định,CNNV của tổ Vệ sinh Công nghiệp,HCNS,[26] PXHL - Phân xưởng Sản xuất Hạ Long,ParsedFromFolder,High,,,,,,
"data/[27] CĐHL - Phân xưởng Cơ điện – Động lực Hạ Long/03. Tổ chức – Nhân sự/27.2026.QyĐ-CĐHL-Quy định về chức năng, nhiệm vụ và cơ cấu tổ chức của phân xưởng Cơ điện - động lực Hạ Long.22-05-2026.pdf",[27] Phân Xưởng Cơ Điện - Động Lực Hạ Long,"27.2026.QyĐ-CĐHL-Quy định về chức năng, nhiệm vụ và cơ cấu tổ chức của phân xưởng Cơ điện - động lực Hạ Long.22-05-2026.pdf","27.2026.QyĐ-CĐHL-Quy định về chức năng, nhiệm vụ và cơ cấu tổ chức của phân xưởng Cơ điện - động lực Hạ Long.22-05-2026.pdf",27,2026,2026-05-22,,,Hiệu lực,,"Quy định về chức năng, nhiệm vụ và cơ cấu tổ chức của phân xưởng Cơ điện - động lực Hạ Long",,,,Tổ chức – Nhân sự,Khác,Quy định,"về chức năng, nhiệm vụ và cơ cấu tổ chức của phân xưởng Cơ điện - động lực Hạ Long",CĐHL,[27] CĐHL - Phân xưởng Cơ điện – Động lực Hạ Long,ParsedFromFolder,High,,,,,,
data/[27] CĐHL - Phân xưởng Cơ điện – Động lực Hạ Long/03. Tổ chức – Nhân sự/308.2025.QĐ-HCNS-Bổ nhiệm Phó quản đốc phân xưởng cơ điện động lực Hạ Long.25-08-2025.pdf,[27] Phân Xưởng Cơ Điện - Động Lực Hạ Long,308.2025.QĐ-HCNS-Bổ nhiệm Phó quản đốc phân xưởng cơ điện động lực Hạ Long.25-08-2025.pdf,308.2025.QĐ-HCNS-Bổ nhiệm Phó quản đốc phân xưởng cơ điện động lực Hạ Long.25-08-2025.pdf,308,2025,2025-08-25,,,Hiệu lực,,Bổ nhiệm Phó quản đốc phân xưởng cơ điện động lực Hạ Long,,,,Tổ chức – Nhân sự,Quyết định,,Bổ nhiệm Phó quản đốc phân xưởng cơ điện động lực Hạ Long,HCNS,[27] CĐHL - Phân xưởng Cơ điện – Động lực Hạ Long,ParsedFromFolder,High,,,,,,
data/[27] CĐHL - Phân xưởng Cơ điện – Động lực Hạ Long/03. Tổ chức – Nhân sự/341.2025.QĐ-HCNS-Bổ nhiệm Trưởng bộ phận cơ điện-Xây dựng.25-09-2025.docx,[27] Phân Xưởng Cơ Điện - Động Lực Hạ Long,341.2025.QĐ-HCNS-Bổ nhiệm Trưởng bộ phận cơ điện-Xây dựng.25-09-2025.docx,341.2025.QĐ-HCNS-Bổ nhiệm Trưởng bộ phận cơ điện-Xây dựng.25-09-2025.docx,341,2025,2025-09-25,,,Hiệu lực,,Bổ nhiệm Trưởng bộ phận cơ điện-Xây dựng,,,,Tổ chức – Nhân sự,Quyết định,,Bổ nhiệm Trưởng bộ phận cơ điện-Xây dựng,HCNS,[27] CĐHL - Phân xưởng Cơ điện – Động lực Hạ Long,ParsedFromFolder,High,,,,,,
data/[27] CĐHL - Phân xưởng Cơ điện – Động lực Hạ Long/03. Tổ chức – Nhân sự/341.2025.QĐ-HCNS-Bổ nhiệm Trưởng bộ phận cơ điện-Xây dựng.25-09-2025.pdf,[27] Phân Xưởng Cơ Điện - Động Lực Hạ Long,341.2025.QĐ-HCNS-Bổ nhiệm Trưởng bộ phận cơ điện-Xây dựng.25-09-2025.pdf,341.2025.QĐ-HCNS-Bổ nhiệm Trưởng bộ phận cơ điện-Xây dựng.25-09-2025.pdf,341,2025,2025-09-25,,,Hiệu lực,,Bổ nhiệm Trưởng bộ phận cơ điện-Xây dựng,,,,Tổ chức – Nhân sự,Quyết định,,Bổ nhiệm Trưởng bộ phận cơ điện-Xây dựng,HCNS,[27] CĐHL - Phân xưởng Cơ điện – Động lực Hạ Long,ParsedFromFolder,High,,,,,,
data/[27] CĐHL - Phân xưởng Cơ điện – Động lực Hạ Long/03. Tổ chức – Nhân sự/342.2025.QĐ-HCNS-Bổ nhiệm Tổ trưởng trực điện-Phân xưởng cơ điện động lực Hạ Long.25-09-2025.docx,[27] Phân Xưởng Cơ Điện - Động Lực Hạ Long,342.2025.QĐ-HCNS-Bổ nhiệm Tổ trưởng trực điện-Phân xưởng cơ điện động lực Hạ Long.25-09-2025.docx,342.2025.QĐ-HCNS-Bổ nhiệm Tổ trưởng trực điện-Phân xưởng cơ điện động lực Hạ Long.25-09-2025.docx,342,2025,2025-09-25,,,Hiệu lực,,Bổ nhiệm Tổ trưởng trực điện-Phân xưởng cơ điện động lực Hạ Long,,,,Tổ chức – Nhân sự,Quyết định,,Bổ nhiệm Tổ trưởng trực điện-Phân xưởng cơ điện động lực Hạ Long,HCNS,[27] CĐHL - Phân xưởng Cơ điện – Động lực Hạ Long,ParsedFromFolder,High,,,,,,
data/[27] CĐHL - Phân xưởng Cơ điện – Động lực Hạ Long/03. Tổ chức – Nhân sự/342.2025.QĐ-HCNS-Bổ nhiệm Tổ trưởng trực điện-Phân xưởng cơ điện động lực Hạ Long.25-09-2025.pdf,[27] Phân Xưởng Cơ Điện - Động Lực Hạ Long,342.2025.QĐ-HCNS-Bổ nhiệm Tổ trưởng trực điện-Phân xưởng cơ điện động lực Hạ Long.25-09-2025.pdf,342.2025.QĐ-HCNS-Bổ nhiệm Tổ trưởng trực điện-Phân xưởng cơ điện động lực Hạ Long.25-09-2025.pdf,342,2025,2025-09-25,,,Hiệu lực,,Bổ nhiệm Tổ trưởng trực điện-Phân xưởng cơ điện động lực Hạ Long,,,,Tổ chức – Nhân sự,Quyết định,,Bổ nhiệm Tổ trưởng trực điện-Phân xưởng cơ điện động lực Hạ Long,HCNS,[27] CĐHL - Phân xưởng Cơ điện – Động lực Hạ Long,ParsedFromFolder,High,,,,,Bản chuẩn,
data/[27] CĐHL - Phân xưởng Cơ điện – Động lực Hạ Long/03. Tổ chức – Nhân sự/342.2025.QĐ-HCNS-Bổ nhiệmTổ trưởng trực điện-Phân xưởng CĐĐL Hạ Long.25-09-2025.docx,[27] Phân Xưởng Cơ Điện - Động Lực Hạ Long,342.2025.QĐ-HCNS-Bổ nhiệmTổ trưởng trực điện-Phân xưởng CĐĐL Hạ Long.25-09-2025.docx,342.2025.QĐ-HCNS-Bổ nhiệmTổ trưởng trực điện-Phân xưởng CĐĐL Hạ Long.25-09-2025.docx,342,2025,2025-09-25,,,Hiệu lực,,Bổ nhiệmTổ trưởng trực điện-Phân xưởng CĐĐL Hạ Long,,,,Tổ chức – Nhân sự,Quyết định,,Bổ nhiệmTổ trưởng trực điện-Phân xưởng CĐĐL Hạ Long,HCNS,[27] CĐHL - Phân xưởng Cơ điện – Động lực Hạ Long,ParsedFromFolder,High,,,,,,
data/[27] CĐHL - Phân xưởng Cơ điện – Động lực Hạ Long/03. Tổ chức – Nhân sự/342.2025.QĐ-HCNS-Bổ nhiệmTổ trưởng trực điện-Phân xưởng CĐĐL Hạ Long.25-09-2025.pdf,[27] Phân Xưởng Cơ Điện - Động Lực Hạ Long,342.2025.QĐ-HCNS-Bổ nhiệmTổ trưởng trực điện-Phân xưởng CĐĐL Hạ Long.25-09-2025.pdf,342.2025.QĐ-HCNS-Bổ nhiệmTổ trưởng trực điện-Phân xưởng CĐĐL Hạ Long.25-09-2025.pdf,342,2025,2025-09-25,,,Hiệu lực,,Bổ nhiệmTổ trưởng trực điện-Phân xưởng CĐĐL Hạ Long,,,,Tổ chức – Nhân sự,Quyết định,,Bổ nhiệmTổ trưởng trực điện-Phân xưởng CĐĐL Hạ Long,HCNS,[27] CĐHL - Phân xưởng Cơ điện – Động lực Hạ Long,ParsedFromFolder,High,,,,,Bản sao,
data/[27] CĐHL - Phân xưởng Cơ điện – Động lực Hạ Long/03. Tổ chức – Nhân sự/MTCV-CN Bảo trì sửa chữa-xây dựng.docx,[27] Phân Xưởng Cơ Điện - Động Lực Hạ Long,MTCV-CN Bảo trì sửa chữa-xây dựng.docx,MTCV-CN Bảo trì sửa chữa-xây dựng.docx,,,,,,Hiệu lực,,xây dựng,,,,Tổ chức – Nhân sự,Khác,,xây dựng,CN Bảo trì sửa chữa,[27] CĐHL - Phân xưởng Cơ điện – Động lực Hạ Long,ParsedFromFolder,High,,,,,,
data/[27] CĐHL - Phân xưởng Cơ điện – Động lực Hạ Long/03. Tổ chức – Nhân sự/MTCV-CN Trực điện.docx,[27] Phân Xưởng Cơ Điện - Động Lực Hạ Long,MTCV-CN Trực điện.docx,MTCV-CN Trực điện.docx,,,,,,Hiệu lực,,CN Trực điện,,,,Tổ chức – Nhân sự,Khác,,CN Trực điện,,[27] CĐHL - Phân xưởng Cơ điện – Động lực Hạ Long,ParsedFromFolder,High,,,,,,
data/[27] CĐHL - Phân xưởng Cơ điện – Động lực Hạ Long/03. Tổ chức – Nhân sự/MTCV-CN Vận hành lò hơi-v2.docx,[27] Phân Xưởng Cơ Điện - Động Lực Hạ Long,MTCV-CN Vận hành lò hơi-v2.docx,MTCV-CN Vận hành lò hơi-v2.docx,,,,,,Hiệu lực,,v2,,,,Tổ chức – Nhân sự,Khác,,v2,CN Vận hành lò hơi,[27] CĐHL - Phân xưởng Cơ điện – Động lực Hạ Long,ParsedFromFolder,High,,,,,,
data/[27] CĐHL - Phân xưởng Cơ điện – Động lực Hạ Long/03. Tổ chức – Nhân sự/MTCV-CN Vận hành máy lạnh C02 khí nén-v2.docx,[27] Phân Xưởng Cơ Điện - Động Lực Hạ Long,MTCV-CN Vận hành máy lạnh C02 khí nén-v2.docx,MTCV-CN Vận hành máy lạnh C02 khí nén-v2.docx,,,,,,Hiệu lực,,v2,,,,Tổ chức – Nhân sự,Khác,,v2,CN Vận hành máy lạnh C02 khí nén,[27] CĐHL - Phân xưởng Cơ điện – Động lực Hạ Long,ParsedFromFolder,High,,,,,,
"data/[27] CĐHL - Phân xưởng Cơ điện – Động lực Hạ Long/03. Tổ chức – Nhân sự/MTCV-CN Vận hành xử lý nước cấp, xử lý nước thải-v2.docx",[27] Phân Xưởng Cơ Điện - Động Lực Hạ Long,"MTCV-CN Vận hành xử lý nước cấp, xử lý nước thải-v2.docx","MTCV-CN Vận hành xử lý nước cấp, xử lý nước thải-v2.docx",,,,,,Hiệu lực,,v2,,,,Tổ chức – Nhân sự,Khác,,v2,"CN Vận hành xử lý nước cấp, xử lý nước thải",[27] CĐHL - Phân xưởng Cơ điện – Động lực Hạ Long,ParsedFromFolder,High,,,,,,
data/[27] CĐHL - Phân xưởng Cơ điện – Động lực Hạ Long/03. Tổ chức – Nhân sự/MTCV-HLB-Bản mô tả công việc Phân xưởng Cơ điện động lực Hạ Long.pdf,[27] Phân Xưởng Cơ Điện - Động Lực Hạ Long,MTCV-HLB-Bản mô tả công việc Phân xưởng Cơ điện động lực Hạ Long.pdf,MTCV-HLB-Bản mô tả công việc Phân xưởng Cơ điện động lực Hạ Long.pdf,,,,,,Hiệu lực,,Bản mô tả công việc Phân xưởng Cơ điện động lực Hạ Long,,,,Tổ chức – Nhân sự,Khác,,Bản mô tả công việc Phân xưởng Cơ điện động lực Hạ Long,HLB,[27] CĐHL - Phân xưởng Cơ điện – Động lực Hạ Long,ParsedFromFolder,High,,,,,,
data/[27] CĐHL - Phân xưởng Cơ điện – Động lực Hạ Long/03. Tổ chức – Nhân sự/MTCV-Phó Quản đốc-v2.docx,[27] Phân Xưởng Cơ Điện - Động Lực Hạ Long,MTCV-Phó Quản đốc-v2.docx,MTCV-Phó Quản đốc-v2.docx,,,,,,Hiệu lực,,v2,,,,Tổ chức – Nhân sự,Khác,,v2,Phó Quản đốc,[27] CĐHL - Phân xưởng Cơ điện – Động lực Hạ Long,ParsedFromFolder,High,,,,,,
data/[27] CĐHL - Phân xưởng Cơ điện – Động lực Hạ Long/03. Tổ chức – Nhân sự/MTCV-Quản đốc-v2.docx,[27] Phân Xưởng Cơ Điện - Động Lực Hạ Long,MTCV-Quản đốc-v2.docx,MTCV-Quản đốc-v2.docx,,,,,,Hiệu lực,,v2,,,,Tổ chức – Nhân sự,Khác,,v2,Quản đốc,[27] CĐHL - Phân xưởng Cơ điện – Động lực Hạ Long,ParsedFromFolder,High,,,,,,
data/[27] CĐHL - Phân xưởng Cơ điện – Động lực Hạ Long/03. Tổ chức – Nhân sự/MTCV-Trưởng BP Động lực-v2.docx,[27] Phân Xưởng Cơ Điện - Động Lực Hạ Long,MTCV-Trưởng BP Động lực-v2.docx,MTCV-Trưởng BP Động lực-v2.docx,,,,,,Hiệu lực,,v2,,,,Tổ chức – Nhân sự,Khác,,v2,Trưởng BP Động lực,[27] CĐHL - Phân xưởng Cơ điện – Động lực Hạ Long,ParsedFromFolder,High,,,,,,
data/[27] CĐHL - Phân xưởng Cơ điện – Động lực Hạ Long/03. Tổ chức – Nhân sự/MTCV-Trưởng bộ phận Cơ điện xây dựng.docx,[27] Phân Xưởng Cơ Điện - Động Lực Hạ Long,MTCV-Trưởng bộ phận Cơ điện xây dựng.docx,MTCV-Trưởng bộ phận Cơ điện xây dựng.docx,,,,,,Hiệu lực,,Trưởng bộ phận Cơ điện xây dựng,,,,Tổ chức – Nhân sự,Khác,,Trưởng bộ phận Cơ điện xây dựng,,[27] CĐHL - Phân xưởng Cơ điện – Động lực Hạ Long,ParsedFromFolder,High,,,,,,
data/[27] CĐHL - Phân xưởng Cơ điện – Động lực Hạ Long/03. Tổ chức – Nhân sự/MTCV-Tổ trưởng Bảo trì sửa chữa xây dựng.docx,[27] Phân Xưởng Cơ Điện - Động Lực Hạ Long,MTCV-Tổ trưởng Bảo trì sửa chữa xây dựng.docx,MTCV-Tổ trưởng Bảo trì sửa chữa xây dựng.docx,,,,,,Hiệu lực,,Tổ trưởng Bảo trì sửa chữa xây dựng,,,,Tổ chức – Nhân sự,Khác,,Tổ trưởng Bảo trì sửa chữa xây dựng,,[27] CĐHL - Phân xưởng Cơ điện – Động lực Hạ Long,ParsedFromFolder,High,,,,,,
data/[27] CĐHL - Phân xưởng Cơ điện – Động lực Hạ Long/03. Tổ chức – Nhân sự/MTCV-Tổ trưởng Trực điện-v2.docx,[27] Phân Xưởng Cơ Điện - Động Lực Hạ Long,MTCV-Tổ trưởng Trực điện-v2.docx,MTCV-Tổ trưởng Trực điện-v2.docx,,,,,,Hiệu lực,,v2,,,,Tổ chức – Nhân sự,Khác,,v2,Tổ trưởng Trực điện,[27] CĐHL - Phân xưởng Cơ điện – Động lực Hạ Long,ParsedFromFolder,High,,,,,,
data/[27] CĐHL - Phân xưởng Cơ điện – Động lực Hạ Long/03. Tổ chức – Nhân sự/MTCV-Tổ trưởng Tổ Vận hành lò hơi-v2.docx,[27] Phân Xưởng Cơ Điện - Động Lực Hạ Long,MTCV-Tổ trưởng Tổ Vận hành lò hơi-v2.docx,MTCV-Tổ trưởng Tổ Vận hành lò hơi-v2.docx,,,,,,Hiệu lực,,v2,,,,Tổ chức – Nhân sự,Khác,,v2,Tổ trưởng Tổ Vận hành lò hơi,[27] CĐHL - Phân xưởng Cơ điện – Động lực Hạ Long,ParsedFromFolder,High,,,,,,
"data/[27] CĐHL - Phân xưởng Cơ điện – Động lực Hạ Long/03. Tổ chức – Nhân sự/MTCV-Tổ trưởng Tổ Vận hành máy lạnh, Co2, nén khí.docx",[27] Phân Xưởng Cơ Điện - Động Lực Hạ Long,"MTCV-Tổ trưởng Tổ Vận hành máy lạnh, Co2, nén khí.docx","MTCV-Tổ trưởng Tổ Vận hành máy lạnh, Co2, nén khí.docx",,,,,,Hiệu lực,,"Tổ trưởng Tổ Vận hành máy lạnh, Co2, nén khí",,,,Tổ chức – Nhân sự,Khác,,"Tổ trưởng Tổ Vận hành máy lạnh, Co2, nén khí",,[27] CĐHL - Phân xưởng Cơ điện – Động lực Hạ Long,ParsedFromFolder,High,,,,,,
data/[27] CĐHL - Phân xưởng Cơ điện – Động lực Hạ Long/03. Tổ chức – Nhân sự/MTCV-Tổ trưởng Tổ Vận hành xử lý nước-v2.docx,[27] Phân Xưởng Cơ Điện - Động Lực Hạ Long,MTCV-Tổ trưởng Tổ Vận hành xử lý nước-v2.docx,MTCV-Tổ trưởng Tổ Vận hành xử lý nước-v2.docx,,,,,,Hiệu lực,,v2,,,,Tổ chức – Nhân sự,Khác,,v2,Tổ trưởng Tổ Vận hành xử lý nước,[27] CĐHL - Phân xưởng Cơ điện – Động lực Hạ Long,ParsedFromFolder,High,,,,,,
data/[27] CĐHL - Phân xưởng Cơ điện – Động lực Hạ Long/06. Hết hiệu lực/27.5.2024.QyĐ-CĐHL-Quy định về CNNV của tổ Trực điện.pdf,[99] Archive,27.5.2024.QyĐ-CĐHL-Quy định về CNNV của tổ Trực điện.pdf,27.5.2024.QyĐ-CĐHL-Quy định về CNNV của tổ Trực điện.pdf,,,,,,Hết hiệu lực,,Quy định về CNNV của tổ Trực điện,,,,Hết hiệu lực,Khác,Quy định,về CNNV của tổ Trực điện,CĐHL,[27] CĐHL - Phân xưởng Cơ điện – Động lực Hạ Long,ParsedFromFolder,High,,,,,,
data/[27] CĐHL - Phân xưởng Cơ điện – Động lực Hạ Long/06. Hết hiệu lực/50.QĐ-HCNS-Quy định về CNNV của tổ Trực điện.docx,[99] Archive,50.QĐ-HCNS-Quy định về CNNV của tổ Trực điện.docx,50.QĐ-HCNS-Quy định về CNNV của tổ Trực điện.docx,,,,,,Hết hiệu lực,,Quy định về CNNV của tổ Trực điện,,,,Hết hiệu lực,Khác,Quy định,về CNNV của tổ Trực điện,HCNS,[27] CĐHL - Phân xưởng Cơ điện – Động lực Hạ Long,ParsedFromFolder,High,,,,,,
data/[27] CĐHL - Phân xưởng Cơ điện – Động lực Hạ Long/06. Hết hiệu lực/51.2024.QĐ-HCNS-Quy định chưc năng nhiệm vụ của PX Cơ điện-Động lực hạ long.02-01-2024.pdf,[99] Archive,51.2024.QĐ-HCNS-Quy định chưc năng nhiệm vụ của PX Cơ điện-Động lực hạ long.02-01-2024.pdf,51.2024.QĐ-HCNS-Quy định chưc năng nhiệm vụ của PX Cơ điện-Động lực hạ long.02-01-2024.pdf,51,2024,2024-01-02,,,Hết hiệu lực,,Quy định chưc năng nhiệm vụ của PX Cơ điện-Động lực hạ long,,,,Hết hiệu lực,Quyết định,Quy định,chưc năng nhiệm vụ của PX Cơ điện-Động lực hạ long,HCNS,[27] CĐHL - Phân xưởng Cơ điện – Động lực Hạ Long,ParsedFromFolder,High,,,,,,
data/[27] CĐHL - Phân xưởng Cơ điện – Động lực Hạ Long/06. Hết hiệu lực/51.2024.QĐ-HCNS-Quy định về chức năng nhiệm vụ của PX Cơ điện-Động lực hạ long.02-01-2024.docx,[99] Archive,51.2024.QĐ-HCNS-Quy định về chức năng nhiệm vụ của PX Cơ điện-Động lực hạ long.02-01-2024.docx,51.2024.QĐ-HCNS-Quy định về chức năng nhiệm vụ của PX Cơ điện-Động lực hạ long.02-01-2024.docx,51,2024,2024-01-02,,,Hết hiệu lực,,Quy định về chức năng nhiệm vụ của PX Cơ điện-Động lực hạ long,,,,Hết hiệu lực,Quyết định,Quy định,về chức năng nhiệm vụ của PX Cơ điện-Động lực hạ long,HCNS,[27] CĐHL - Phân xưởng Cơ điện – Động lực Hạ Long,ParsedFromFolder,High,,,,,,
"data/[27] CĐHL - Phân xưởng Cơ điện – Động lực Hạ Long/06. Hết hiệu lực/52.2024.QĐ-HCNS-Quy định về CNNV của tổ máy lạnh , CO2, khí nén.02-01-2024.docx",[99] Archive,"52.2024.QĐ-HCNS-Quy định về CNNV của tổ máy lạnh , CO2, khí nén.02-01-2024.docx","52.2024.QĐ-HCNS-Quy định về CNNV của tổ máy lạnh , CO2, khí nén.02-01-2024.docx",52,2024,2024-01-02,,,Hết hiệu lực,,"Quy định về CNNV của tổ máy lạnh , CO2, khí nén",,,,Hết hiệu lực,Quyết định,Quy định,"về CNNV của tổ máy lạnh , CO2, khí nén",HCNS,[27] CĐHL - Phân xưởng Cơ điện – Động lực Hạ Long,ParsedFromFolder,High,,,,,,
"data/[27] CĐHL - Phân xưởng Cơ điện – Động lực Hạ Long/06. Hết hiệu lực/52.2024.QĐ-HCNS-Quy định về CNNV của tổ máy lạnh , CO2, khí nén.02-01-2024.pdf",[99] Archive,"52.2024.QĐ-HCNS-Quy định về CNNV của tổ máy lạnh , CO2, khí nén.02-01-2024.pdf","52.2024.QĐ-HCNS-Quy định về CNNV của tổ máy lạnh , CO2, khí nén.02-01-2024.pdf",52,2024,2024-01-02,,,Hết hiệu lực,,"Quy định về CNNV của tổ máy lạnh , CO2, khí nén",,,,Hết hiệu lực,Quyết định,Quy định,"về CNNV của tổ máy lạnh , CO2, khí nén",HCNS,[27] CĐHL - Phân xưởng Cơ điện – Động lực Hạ Long,ParsedFromFolder,High,,,,,,
"data/[27] CĐHL - Phân xưởng Cơ điện – Động lực Hạ Long/06. Hết hiệu lực/53.2024.QĐ-HCNS-Quy định về CNNV của tổ xử lý nước cấp , xử lý nước thải.02-01-2024.docx",[99] Archive,"53.2024.QĐ-HCNS-Quy định về CNNV của tổ xử lý nước cấp , xử lý nước thải.02-01-2024.docx","53.2024.QĐ-HCNS-Quy định về CNNV của tổ xử lý nước cấp , xử lý nước thải.02-01-2024.docx",53,2024,2024-01-02,,,Hết hiệu lực,,"Quy định về CNNV của tổ xử lý nước cấp , xử lý nước thải",,,,Hết hiệu lực,Quyết định,Quy định,"về CNNV của tổ xử lý nước cấp , xử lý nước thải",HCNS,[27] CĐHL - Phân xưởng Cơ điện – Động lực Hạ Long,ParsedFromFolder,High,,,,,,
"data/[27] CĐHL - Phân xưởng Cơ điện – Động lực Hạ Long/06. Hết hiệu lực/53.2024.QĐ-HCNS-Quy định về CNNV của tổ xử lý nước cấp , xử lý nước thải.02-01-2024.pdf",[99] Archive,"53.2024.QĐ-HCNS-Quy định về CNNV của tổ xử lý nước cấp , xử lý nước thải.02-01-2024.pdf","53.2024.QĐ-HCNS-Quy định về CNNV của tổ xử lý nước cấp , xử lý nước thải.02-01-2024.pdf",53,2024,2024-01-02,,,Hết hiệu lực,,"Quy định về CNNV của tổ xử lý nước cấp , xử lý nước thải",,,,Hết hiệu lực,Quyết định,Quy định,"về CNNV của tổ xử lý nước cấp , xử lý nước thải",HCNS,[27] CĐHL - Phân xưởng Cơ điện – Động lực Hạ Long,ParsedFromFolder,High,,,,,,
data/[27] CĐHL - Phân xưởng Cơ điện – Động lực Hạ Long/06. Hết hiệu lực/54.2024.QĐ-HCNS-Quy định chức năng nhiệm vụ của Tổ Lò Hơi.02-01-2024.docx,[99] Archive,54.2024.QĐ-HCNS-Quy định chức năng nhiệm vụ của Tổ Lò Hơi.02-01-2024.docx,54.2024.QĐ-HCNS-Quy định chức năng nhiệm vụ của Tổ Lò Hơi.02-01-2024.docx,54,2024,2024-01-02,,,Hết hiệu lực,,Quy định chức năng nhiệm vụ của Tổ Lò Hơi,,,,Hết hiệu lực,Quyết định,Quy định,chức năng nhiệm vụ của Tổ Lò Hơi,HCNS,[27] CĐHL - Phân xưởng Cơ điện – Động lực Hạ Long,ParsedFromFolder,High,,,,,,
data/[27] CĐHL - Phân xưởng Cơ điện – Động lực Hạ Long/06. Hết hiệu lực/54.2024.QĐ-HCNS-Quy định chức năng nhiệm vụ của Tổ Lò Hơi.02-01-2024.pdf,[99] Archive,54.2024.QĐ-HCNS-Quy định chức năng nhiệm vụ của Tổ Lò Hơi.02-01-2024.pdf,54.2024.QĐ-HCNS-Quy định chức năng nhiệm vụ của Tổ Lò Hơi.02-01-2024.pdf,54,2024,2024-01-02,,,Hết hiệu lực,,Quy định chức năng nhiệm vụ của Tổ Lò Hơi,,,,Hết hiệu lực,Quyết định,Quy định,chức năng nhiệm vụ của Tổ Lò Hơi,HCNS,[27] CĐHL - Phân xưởng Cơ điện – Động lực Hạ Long,ParsedFromFolder,High,,,,,,
"data/[27] CĐHL - Phân xưởng Cơ điện – Động lực Hạ Long/06. Hết hiệu lực/55.QĐ-HCNS-Quy định về CNNV của tổ bảo trì , sửa chữa, xây dựng,2-1-2024.docx",[99] Archive,"55.QĐ-HCNS-Quy định về CNNV của tổ bảo trì , sửa chữa, xây dựng,2-1-2024.docx","55.QĐ-HCNS-Quy định về CNNV của tổ bảo trì , sửa chữa, xây dựng,2-1-2024.docx",,,2024-01-02,,,Hết hiệu lực,,"Quy định về CNNV của tổ bảo trì , sửa chữa, xây dựng,",,,,Hết hiệu lực,Khác,Quy định,"về CNNV của tổ bảo trì , sửa chữa, xây dựng,",HCNS,[27] CĐHL - Phân xưởng Cơ điện – Động lực Hạ Long,ParsedFromFolder,High,,,,,,
"data/[27] CĐHL - Phân xưởng Cơ điện – Động lực Hạ Long/06. Hết hiệu lực/55.QĐ-HCNS-Quy định về CNNV của tổ bảo trì , sửa chữa, xây dựng,2-1-2024.pdf",[99] Archive,"55.QĐ-HCNS-Quy định về CNNV của tổ bảo trì , sửa chữa, xây dựng,2-1-2024.pdf","55.QĐ-HCNS-Quy định về CNNV của tổ bảo trì , sửa chữa, xây dựng,2-1-2024.pdf",,,2024-01-02,,,Hết hiệu lực,,"Quy định về CNNV của tổ bảo trì , sửa chữa, xây dựng,",,,,Hết hiệu lực,Khác,Quy định,"về CNNV của tổ bảo trì , sửa chữa, xây dựng,",HCNS,[27] CĐHL - Phân xưởng Cơ điện – Động lực Hạ Long,ParsedFromFolder,High,,,,,,
data/[27] CĐHL - Phân xưởng Cơ điện – Động lực Hạ Long/06. Hết hiệu lực/56.2024.QĐ-HCNS-Quy định về CNNV của Phân xưởng Cơ điện-Động lực Đông mai.02-01-2024.docx,[99] Archive,56.2024.QĐ-HCNS-Quy định về CNNV của Phân xưởng Cơ điện-Động lực Đông mai.02-01-2024.docx,56.2024.QĐ-HCNS-Quy định về CNNV của Phân xưởng Cơ điện-Động lực Đông mai.02-01-2024.docx,56,2024,2024-01-02,,,Hết hiệu lực,,Quy định về CNNV của Phân xưởng Cơ điện-Động lực Đông mai,,,,Hết hiệu lực,Quyết định,Quy định,về CNNV của Phân xưởng Cơ điện-Động lực Đông mai,HCNS,[27] CĐHL - Phân xưởng Cơ điện – Động lực Hạ Long,ParsedFromFolder,High,,,,,,
data/[27] CĐHL - Phân xưởng Cơ điện – Động lực Hạ Long/06. Hết hiệu lực/56.2024.QĐ-HCNS-Quy định về CNNV của Phân xưởng Cơ điện-Động lực Đông mai.02-01-2024.pdf,[99] Archive,56.2024.QĐ-HCNS-Quy định về CNNV của Phân xưởng Cơ điện-Động lực Đông mai.02-01-2024.pdf,56.2024.QĐ-HCNS-Quy định về CNNV của Phân xưởng Cơ điện-Động lực Đông mai.02-01-2024.pdf,56,2024,2024-01-02,,,Hết hiệu lực,,Quy định về CNNV của Phân xưởng Cơ điện-Động lực Đông mai,,,,Hết hiệu lực,Quyết định,Quy định,về CNNV của Phân xưởng Cơ điện-Động lực Đông mai,HCNS,[27] CĐHL - Phân xưởng Cơ điện – Động lực Hạ Long,ParsedFromFolder,High,,,,,,
"data/[27] CĐHL - Phân xưởng Cơ điện – Động lực Hạ Long/06. Hết hiệu lực/57.2024.QĐ-HCNS-Quy định về CNNV của tổ máy lạnh , khí nén.02-04-2024.docx",[99] Archive,"57.2024.QĐ-HCNS-Quy định về CNNV của tổ máy lạnh , khí nén.02-04-2024.docx","57.2024.QĐ-HCNS-Quy định về CNNV của tổ máy lạnh , khí nén.02-04-2024.docx",57,2024,2024-04-02,,,Hết hiệu lực,,"Quy định về CNNV của tổ máy lạnh , khí nén",,,,Hết hiệu lực,Quyết định,Quy định,"về CNNV của tổ máy lạnh , khí nén",HCNS,[27] CĐHL - Phân xưởng Cơ điện – Động lực Hạ Long,ParsedFromFolder,High,,,,,,
"data/[27] CĐHL - Phân xưởng Cơ điện – Động lực Hạ Long/06. Hết hiệu lực/57.2024.QĐ-HCNS-Quy định về CNNV của tổ máy lạnh , khí nén.02-04-2024.pdf",[99] Archive,"57.2024.QĐ-HCNS-Quy định về CNNV của tổ máy lạnh , khí nén.02-04-2024.pdf","57.2024.QĐ-HCNS-Quy định về CNNV của tổ máy lạnh , khí nén.02-04-2024.pdf",57,2024,2024-04-02,,,Hết hiệu lực,,"Quy định về CNNV của tổ máy lạnh , khí nén",,,,Hết hiệu lực,Quyết định,Quy định,"về CNNV của tổ máy lạnh , khí nén",HCNS,[27] CĐHL - Phân xưởng Cơ điện – Động lực Hạ Long,ParsedFromFolder,High,,,,,,
"data/[27] CĐHL - Phân xưởng Cơ điện – Động lực Hạ Long/06. Hết hiệu lực/58.2024.QĐ-HCNS-Quy định về CNNV của tổ xử lý nước cấp , xử lý nước thải.02-01-2024.docx",[99] Archive,"58.2024.QĐ-HCNS-Quy định về CNNV của tổ xử lý nước cấp , xử lý nước thải.02-01-2024.docx","58.2024.QĐ-HCNS-Quy định về CNNV của tổ xử lý nước cấp , xử lý nước thải.02-01-2024.docx",58,2024,2024-01-02,,,Hết hiệu lực,,"Quy định về CNNV của tổ xử lý nước cấp , xử lý nước thải",,,,Hết hiệu lực,Quyết định,Quy định,"về CNNV của tổ xử lý nước cấp , xử lý nước thải",HCNS,[27] CĐHL - Phân xưởng Cơ điện – Động lực Hạ Long,ParsedFromFolder,High,,,,,,
"data/[27] CĐHL - Phân xưởng Cơ điện – Động lực Hạ Long/06. Hết hiệu lực/58.2024.QĐ-HCNS-Quy định về CNNV của tổ xử lý nước cấp , xử lý nước thải.02-01-2024.pdf",[99] Archive,"58.2024.QĐ-HCNS-Quy định về CNNV của tổ xử lý nước cấp , xử lý nước thải.02-01-2024.pdf","58.2024.QĐ-HCNS-Quy định về CNNV của tổ xử lý nước cấp , xử lý nước thải.02-01-2024.pdf",58,2024,2024-01-02,,,Hết hiệu lực,,"Quy định về CNNV của tổ xử lý nước cấp , xử lý nước thải",,,,Hết hiệu lực,Quyết định,Quy định,"về CNNV của tổ xử lý nước cấp , xử lý nước thải",HCNS,[27] CĐHL - Phân xưởng Cơ điện – Động lực Hạ Long,ParsedFromFolder,High,,,,,,
data/[27] CĐHL - Phân xưởng Cơ điện – Động lực Hạ Long/06. Hết hiệu lực/Line KHS.png,[99] Archive,Line KHS.png,Line KHS.png,,,,,,Hết hiệu lực,,Line KHS,,,,Hết hiệu lực,Khác,,Line KHS,,[27] CĐHL - Phân xưởng Cơ điện – Động lực Hạ Long,ParsedFromFolder,High,,,,,,
data/[28] Văn bản đến/2022/2022-GCN đăng ký chứng khoán thay đổi lần thứ nhất 252 20120.GCNCP-VSD-1 VSD.01-06-2022.pdf,[28] Văn Bản Đến,2022-GCN đăng ký chứng khoán thay đổi lần thứ nhất 252 20120.GCNCP-VSD-1 VSD.01-06-2022.pdf,2022-GCN đăng ký chứng khoán thay đổi lần thứ nhất 252 20120.GCNCP-VSD-1 VSD.01-06-2022.pdf,,,2022-06-01,,,Hiệu lực,,VSD-1 VSD,,,,Văn bản đến,Khác,,VSD-1 VSD,GCN đăng ký chứng khoán thay đổi lần thứ nhất 252 20120.GCNCP,[28] Văn bản đến,ParsedFromFolder,Medium,,,,,,
data/[28] Văn bản đến/2022/2022-Về việc thay đổi Giấy chứng nhận đăng ký chứng khoán do đăng ký bổ sung 6071.VSD-ĐK.NV 1.6.pdf,[28] Văn Bản Đến,2022-Về việc thay đổi Giấy chứng nhận đăng ký chứng khoán do đăng ký bổ sung 6071.VSD-ĐK.NV 1.6.pdf,2022-Về việc thay đổi Giấy chứng nhận đăng ký chứng khoán do đăng ký bổ sung 6071.VSD-ĐK.NV 1.6.pdf,,,,,,Hiệu lực,,ĐK.NV 1.6,,,,Văn bản đến,Khác,,ĐK.NV 1.6,Về việc thay đổi Giấy chứng nhận đăng ký chứng khoán do đăng ký bổ sung 6071.VSD,[28] Văn bản đến,ParsedFromFolder,Medium,,,,,,
data/[28] Văn bản đến/2022/2022.TB-Thông báo ngày giao dịch đầu tiên đối với cổ phiếu thay đổi 2010.TB-SGDCKHN 1.7.pdf,[28] Văn Bản Đến,2022.TB-Thông báo ngày giao dịch đầu tiên đối với cổ phiếu thay đổi 2010.TB-SGDCKHN 1.7.pdf,2022.TB-Thông báo ngày giao dịch đầu tiên đối với cổ phiếu thay đổi 2010.TB-SGDCKHN 1.7.pdf,,2022,,,,Hiệu lực,,SGDCKHN 1.7,,,,Văn bản đến,Thông báo,,SGDCKHN 1.7,Thông báo ngày giao dịch đầu tiên đối với cổ phiếu thay đổi 2010.TB,[28] Văn bản đến,ParsedFromFolder,Medium,,,,,,
data/[28] Văn bản đến/2024/125.2024.TB-SLĐTBXH-chấp thuận Thỏa ước LĐTT Công ty Bia Hạ Long.05-07-2024.pdf,[28] Văn Bản Đến,125.2024.TB-SLĐTBXH-chấp thuận Thỏa ước LĐTT Công ty Bia Hạ Long.05-07-2024.pdf,125.2024.TB-SLĐTBXH-chấp thuận Thỏa ước LĐTT Công ty Bia Hạ Long.05-07-2024.pdf,125,2024,2024-07-05,,,Hiệu lực,,chấp thuận Thỏa ước LĐTT Công ty Bia Hạ Long,,,,Văn bản đến,Thông báo,,chấp thuận Thỏa ước LĐTT Công ty Bia Hạ Long,SLĐTBXH,[28] Văn bản đến,ParsedFromFolder,Medium,,,,,,
data/[28] Văn bản đến/2024/126.2024.TB-SLĐTBXH-Chấp thuận TƯLĐ Công ty Đông Mai.05-07-2024.pdf,[28] Văn Bản Đến,126.2024.TB-SLĐTBXH-Chấp thuận TƯLĐ Công ty Đông Mai.05-07-2024.pdf,126.2024.TB-SLĐTBXH-Chấp thuận TƯLĐ Công ty Đông Mai.05-07-2024.pdf,126,2024,2024-07-05,,,Hiệu lực,,Chấp thuận TƯLĐ Công ty Đông Mai,,,,Văn bản đến,Thông báo,,Chấp thuận TƯLĐ Công ty Đông Mai,SLĐTBXH,[28] Văn bản đến,ParsedFromFolder,Medium,,,,,,
data/[28] Văn bản đến/2024/362.2024.TB-SLĐTBXH-V.V chấp thuận Nội quy lao động Công ty Bia Hạ Long.12-07-2024.pdf,[28] Văn Bản Đến,362.2024.TB-SLĐTBXH-V.V chấp thuận Nội quy lao động Công ty Bia Hạ Long.12-07-2024.pdf,362.2024.TB-SLĐTBXH-V.V chấp thuận Nội quy lao động Công ty Bia Hạ Long.12-07-2024.pdf,362,2024,2024-07-12,,,Hiệu lực,,V.V chấp thuận Nội quy lao động Công ty Bia Hạ Long,,,,Văn bản đến,Thông báo,Nội quy,V.V chấp thuận Nội quy lao động Công ty Bia Hạ Long,SLĐTBXH,[28] Văn bản đến,ParsedFromFolder,Medium,,,,,,
data/[28] Văn bản đến/2025/3341.2025.SNV-CSLĐ-Điều tra lao động tiền lương trong doanh nghiệp.17-09-2025.pdf,[28] Văn Bản Đến,3341.2025.SNV-CSLĐ-Điều tra lao động tiền lương trong doanh nghiệp.17-09-2025.pdf,3341.2025.SNV-CSLĐ-Điều tra lao động tiền lương trong doanh nghiệp.17-09-2025.pdf,3341,2025,2025-09-17,,,Hiệu lực,,Điều tra lao động tiền lương trong doanh nghiệp,,,,Văn bản đến,Khác,,Điều tra lao động tiền lương trong doanh nghiệp,CSLĐ,[28] Văn bản đến,ParsedFromFolder,Medium,,,,,,
data/[28] Văn bản đến/2026/361.2026.TB-SLĐTBXH-v.v chấp thuận Nội quy lao động Công ty Đông Mai.12-07-2026.pdf,[28] Văn Bản Đến,361.2026.TB-SLĐTBXH-v.v chấp thuận Nội quy lao động Công ty Đông Mai.12-07-2026.pdf,361.2026.TB-SLĐTBXH-v.v chấp thuận Nội quy lao động Công ty Đông Mai.12-07-2026.pdf,361,2026,2026-07-12,,,Hiệu lực,,v.v chấp thuận Nội quy lao động Công ty Đông Mai,,,,Văn bản đến,Thông báo,Nội quy,v.v chấp thuận Nội quy lao động Công ty Đông Mai,SLĐTBXH,[28] Văn bản đến,ParsedFromFolder,Medium,,,,,,
data/[29] Văn bản đi/2025/184.2025.CV-HLB-Gửi Sở NN & MT Tỉnh Quảng Ninh.13-05-2025.pdf,[29] Văn Bản Đi,184.2025.CV-HLB-Gửi Sở NN & MT Tỉnh Quảng Ninh.13-05-2025.pdf,184.2025.CV-HLB-Gửi Sở NN & MT Tỉnh Quảng Ninh.13-05-2025.pdf,184,2025,2025-05-13,,,Hiệu lực,,Gửi Sở NN & MT Tỉnh Quảng Ninh,,,,Văn bản đi,Công văn,,Gửi Sở NN & MT Tỉnh Quảng Ninh,HLB,[29] Văn bản đi,ParsedFromFolder,Medium,,,,,,
data/[29] Văn bản đi/2025/184.2025.ĐM-Công-văn gửi Sở Nông nghiệp và môi trường tỉnh Quảng Ninh ban hành.13-05-2025.pdf,[29] Văn Bản Đi,184.2025.ĐM-Công-văn gửi Sở Nông nghiệp và môi trường tỉnh Quảng Ninh ban hành.13-05-2025.pdf,184.2025.ĐM-Công-văn gửi Sở Nông nghiệp và môi trường tỉnh Quảng Ninh ban hành.13-05-2025.pdf,184,2025,2025-05-13,,,Hiệu lực,,văn gửi Sở Nông nghiệp và môi trường tỉnh Quảng Ninh ban hành,,,,Văn bản đi,Khác,,văn gửi Sở Nông nghiệp và môi trường tỉnh Quảng Ninh ban hành,Công,[29] Văn bản đi,ParsedFromFolder,Medium,,,,,,
data/[29] Văn bản đi/2025/202. Công văn gửi bộ NN-MT-CĐ.pdf,[29] Văn Bản Đi,202. Công văn gửi bộ NN-MT-CĐ.pdf,202. Công văn gửi bộ NN-MT-CĐ.pdf,,,,,,Hiệu lực,,CĐ,,,,Văn bản đi,Khác,,CĐ,MT,[29] Văn bản đi,ParsedFromFolder,Medium,,,,,,
data/[29] Văn bản đi/2025/203.Công văn gửi Bộ NN-MT-CĐ.pdf,[29] Văn Bản Đi,203.Công văn gửi Bộ NN-MT-CĐ.pdf,203.Công văn gửi Bộ NN-MT-CĐ.pdf,,,,,,Hiệu lực,,CĐ,,,,Văn bản đi,Khác,,CĐ,MT,[29] Văn bản đi,ParsedFromFolder,Medium,,,,,,
data/[29] Văn bản đi/2025/204.Công văn gửi Bộ NN-MT-CĐ.pdf,[29] Văn Bản Đi,204.Công văn gửi Bộ NN-MT-CĐ.pdf,204.Công văn gửi Bộ NN-MT-CĐ.pdf,,,,,,Hiệu lực,,CĐ,,,,Văn bản đi,Khác,,CĐ,MT,[29] Văn bản đi,ParsedFromFolder,Medium,,,,,,
data/[29] Văn bản đi/2025/223.2025.GĐN-SHE-Công văn gửi phòng cảnh sát PCCC và CNCH-CA Tỉnh Quảng Ninh ban hành.14-04-2025.pdf,[29] Văn Bản Đi,223.2025.GĐN-SHE-Công văn gửi phòng cảnh sát PCCC và CNCH-CA Tỉnh Quảng Ninh ban hành.14-04-2025.pdf,223.2025.GĐN-SHE-Công văn gửi phòng cảnh sát PCCC và CNCH-CA Tỉnh Quảng Ninh ban hành.14-04-2025.pdf,223,2025,2025-04-14,,,Hiệu lực,,Công văn gửi phòng cảnh sát PCCC và CNCH-CA Tỉnh Quảng Ninh ban hành,,,,Văn bản đi,Khác,,Công văn gửi phòng cảnh sát PCCC và CNCH-CA Tỉnh Quảng Ninh ban hành,SHE,[29] Văn bản đi,ParsedFromFolder,Medium,,,,,,
data/[29] Văn bản đi/2025/234.2025.CV-HBL-Công văn gửi Công ty Cổ phần chứng khoán DSC.21-04-2025.pdf,[29] Văn Bản Đi,234.2025.CV-HBL-Công văn gửi Công ty Cổ phần chứng khoán DSC.21-04-2025.pdf,234.2025.CV-HBL-Công văn gửi Công ty Cổ phần chứng khoán DSC.21-04-2025.pdf,234,2025,2025-04-21,,,Hiệu lực,,Công văn gửi Công ty Cổ phần chứng khoán DSC,,,,Văn bản đi,Công văn,,Công văn gửi Công ty Cổ phần chứng khoán DSC,HBL,[29] Văn bản đi,ParsedFromFolder,Medium,,,,,,
data/[29] Văn bản đi/2025/237.2025.HLB-Thực-hiện niêm phong và truyền dữ liệu quan trắc nước thải tự động.23-04-2025.pdf,[29] Văn Bản Đi,237.2025.HLB-Thực-hiện niêm phong và truyền dữ liệu quan trắc nước thải tự động.23-04-2025.pdf,237.2025.HLB-Thực-hiện niêm phong và truyền dữ liệu quan trắc nước thải tự động.23-04-2025.pdf,237,2025,2025-04-23,,,Hiệu lực,,hiện niêm phong và truyền dữ liệu quan trắc nước thải tự động,,,,Văn bản đi,Khác,,hiện niêm phong và truyền dữ liệu quan trắc nước thải tự động,Thực,[29] Văn bản đi,ParsedFromFolder,Medium,,,,,,
