FilePath,FolderTarget,SoVanBan,NamBanHanh,LoaiVanBan,DonViSoanThao,NguoiKy,NgayBanHanh,NgayHetHieuLuc,TrangThai,MucDoBaoMat,TrichYeu,VanBanThayThe,VanBanLienQuan,Tags
data/00. Văn bản Điều hành/[00] Văn Bản Điều Hành Chung/01.2024.CS-HĐQT-Sứ mệnh tầm nhìn giá trị cốt lõi.24.12.2025.docx,[00] Văn Bản Điều Hành Chung,01,2024,Chính sách,Văn bản điều hành chung (cấp Công ty),,2025-12-24,,Đang lưu hành,Nội bộ,01.2024.CS-HĐQT-Sứ mệnh tầm nhìn giá trị cốt lõi.24.12.2025,,,
data/00. Văn bản Điều hành/[00] Văn Bản Điều Hành Chung/01.2024.CS-HĐQT-Sứ mệnh tầm nhìn giá trị cốt lõi.24.12.2025.pdf,[00] Văn Bản Điều Hành Chung,01,2024,Chính sách,Văn bản điều hành chung (cấp Công ty),,2025-12-24,,Đang lưu hành,Nội bộ,01.2024.CS-HĐQT-Sứ mệnh tầm nhìn giá trị cốt lõi.24.12.2025,,,
data/00. Văn bản Điều hành/[00] Văn Bản Điều Hành Chung/01.2024.CS-HĐQT-Sứ mệnh tầm nhìn giá trị cốt lõi.24.12.2025.pptx,[00] Văn Bản Điều Hành Chung,01,2024,Chính sách,Văn bản điều hành chung (cấp Công ty),,2025-12-24,,Đang lưu hành,Nội bộ,01.2024.CS-HĐQT-Sứ mệnh tầm nhìn giá trị cốt lõi.24.12.2025,,,
data/00. Văn bản Điều hành/[00] Văn Bản Điều Hành Chung/02.2024.CS-HĐQT-Chiến lược hoạt động.24.12.2024.docx,[00] Văn Bản Điều Hành Chung,02,2024,Chính sách,Văn bản điều hành chung (cấp Công ty),,2024-12-24,,Đang lưu hành,Nội bộ,02.2024.CS-HĐQT-Chiến lược hoạt động.24.12.2024,,,
data/00. Văn bản Điều hành/[00] Văn Bản Điều Hành Chung/02.2024.CS-HĐQT-Chiến lược hoạt động.24.12.2024.pdf,[00] Văn Bản Điều Hành Chung,02,2024,Chính sách,Văn bản điều hành chung (cấp Công ty),,2024-12-24,,Đang lưu hành,Nội bộ,02.2024.CS-HĐQT-Chiến lược hoạt động.24.12.2024,,,
data/00. Văn bản Điều hành/[00] Văn Bản Điều Hành Chung/02.2024.CS-HĐQT-Chiến lược hoạt động.24.12.2024.pptx,[00] Văn Bản Điều Hành Chung,02,2024,Chính sách,Văn bản điều hành chung (cấp Công ty),,2024-12-24,,Đang lưu hành,Nội bộ,02.2024.CS-HĐQT-Chiến lược hoạt động.24.12.2024,,,
data/00. Văn bản Điều hành/[00] Văn Bản Điều Hành Chung/122.QĐ-HCNS-Quy chế công nghệ thông tin.10.03.2025.docx,[00] Văn Bản Điều Hành Chung,122,2025,Quyết định,Văn bản điều hành chung (cấp Công ty),,2025-03-10,,Đang lưu hành,Nội bộ,Quy chế công nghệ thông tin,,,
data/00. Văn bản Điều hành/[00] Văn Bản Điều Hành Chung/122.QĐ-HCNS-Quy chế công nghệ thông tin.10.03.2025.pdf,[00] Văn Bản Điều Hành Chung,122,2025,Quyết định,Văn bản điều hành chung (cấp Công ty),,2025-03-10,,Đang lưu hành,Nội bộ,Quy chế công nghệ thông tin,,,
data/00. Văn bản Điều hành/[00] Văn Bản Điều Hành Chung/124.2026-TB-HCNS-Lịch nghỉ Tết Nguyên đán 2026 và chế độ làm Tết.23.01.2026.docx,[00] Văn Bản Điều Hành Chung,124,2026,Thông báo,Văn bản điều hành chung (cấp Công ty),,2026-01-23,,Đang lưu hành,Nội bộ,Lịch nghỉ Tết Nguyên đán 2026 và chế độ làm Tết,,,
data/00. Văn bản Điều hành/[00] Văn Bản Điều Hành Chung/124.2026-TB-HCNS-Lịch nghỉ Tết Nguyên đán 2026 và chế độ làm Tết.23.01.2026.pdf,[00] Văn Bản Điều Hành Chung,124,2026,Thông báo,Văn bản điều hành chung (cấp Công ty),,2026-01-23,,Đang lưu hành,Nội bộ,Lịch nghỉ Tết Nguyên đán 2026 và chế độ làm Tết,,,
data/00. Văn bản Điều hành/[00] Văn Bản Điều Hành Chung/125.TB-SLĐTBXH-chấp thuận Thỏa ước LĐTT Công ty Bia Hạ Long.05.07.2024.pdf,[00] Văn Bản Điều Hành Chung,125,2024,Thông báo,Văn bản điều hành chung (cấp Công ty),,2024-07-05,,Đang lưu hành,Nội bộ,125.TB-SLĐTBXH-chấp thuận Thỏa ước LĐTT Công ty Bia Hạ Long.05.07.2024,,,
data/00. Văn bản Điều hành/[00] Văn Bản Điều Hành Chung/126.TB-SLĐTBXH-Chấp thuận TƯLĐ Công ty Đông Mai.05.07.2024.pdf,[00] Văn Bản Điều Hành Chung,126,2024,Thông báo,Văn bản điều hành chung (cấp Công ty),,2024-07-05,,Đang lưu hành,Nội bộ,126.TB-SLĐTBXH-Chấp thuận TƯLĐ Công ty Đông Mai.05.07.2024,,,
data/00. Văn bản Điều hành/[00] Văn Bản Điều Hành Chung/131.2026-TB-ĐM-Sử dụng phép tồn năm 2025.05.03.2026.pdf,[00] Văn Bản Điều Hành Chung,131,2026,Thông báo,Văn bản điều hành chung (cấp Công ty),,2026-03-05,,Đang lưu hành,Nội bộ,131.2026-TB-ĐM-Sử dụng phép tồn năm 2025.05.03.2026,,,
data/00. Văn bản Điều hành/[00] Văn Bản Điều Hành Chung/14.QĐ-BHL-Quy chế phối hợp hoạt động giữa BCHCĐ cơ sở và Ban Giám đốc Công ty.07.01.2025.pdf,[00] Văn Bản Điều Hành Chung,14,2025,Quyết định,Văn bản điều hành chung (cấp Công ty),,2025-01-07,,Đang lưu hành,Nội bộ,14.QĐ-BHL-Quy chế phối hợp hoạt động giữa BCHCĐ cơ sở và Ban Giám đốc Công ty.07.01.2025,,,
data/00. Văn bản Điều hành/[00] Văn Bản Điều Hành Chung/141.2026-TB-BHL-Thưởng cuối năm 2025 và phương pháp tính thưởng.28.01.2026.docx,[00] Văn Bản Điều Hành Chung,141,2026,Thông báo,Văn bản điều hành chung (cấp Công ty),,2026-01-28,,Đang lưu hành,Nội bộ,141.2026-TB-BHL-Thưởng cuối năm 2025 và phương pháp tính thưởng.28.01.2026,,,
data/00. Văn bản Điều hành/[00] Văn Bản Điều Hành Chung/141.2026-TB-BHL-Thưởng cuối năm 2025 và phương pháp tính thưởng.28.01.2026.pdf,[00] Văn Bản Điều Hành Chung,141,2026,Thông báo,Văn bản điều hành chung (cấp Công ty),,2026-01-28,,Đang lưu hành,Nội bộ,141.2026-TB-BHL-Thưởng cuối năm 2025 và phương pháp tính thưởng.28.01.2026,,,
data/00. Văn bản Điều hành/[00] Văn Bản Điều Hành Chung/148.2025.QĐ-HCNS-Quy tắc ứng xử ban hành.19.03.2025.docx,[00] Văn Bản Điều Hành Chung,148,2025,Quyết định,Văn bản điều hành chung (cấp Công ty),,2025-03-19,,Đang lưu hành,Nội bộ,Quy tắc ứng xử ban hành,,,
data/00. Văn bản Điều hành/[00] Văn Bản Điều Hành Chung/148.2025.QĐ-HCNS-Quy tắc ứng xử. 19.03.2025.pdf,[00] Văn Bản Điều Hành Chung,148,2025,Quyết định,Văn bản điều hành chung (cấp Công ty),,2025-03-19,,Đang lưu hành,Nội bộ,Quy tắc ứng xử,,,
data/00. Văn bản Điều hành/[00] Văn Bản Điều Hành Chung/148.2025.QĐ-HCNS-Quy tắc ứng xử.19.03.2025.pdf,[00] Văn Bản Điều Hành Chung,148,2025,Quyết định,Văn bản điều hành chung (cấp Công ty),,2025-03-19,,Đang lưu hành,Nội bộ,Quy tắc ứng xử,,,
data/00. Văn bản Điều hành/[00] Văn Bản Điều Hành Chung/160.2026-TB-BHL-Nghỉ sớm trước 1h làm việc đối với CBNV làm ca hành chính.31.01.2026.docx,[00] Văn Bản Điều Hành Chung,160,2026,Thông báo,Văn bản điều hành chung (cấp Công ty),,2026-01-31,,Đang lưu hành,Nội bộ,160.2026-TB-BHL-Nghỉ sớm trước 1h làm việc đối với CBNV làm ca hành chính.31.01.2026,,,
data/00. Văn bản Điều hành/[00] Văn Bản Điều Hành Chung/160.2026-TB-BHL-Nghỉ sớm trước 1h làm việc đối với CBNV làm ca hành chính.31.01.2026.pdf,[00] Văn Bản Điều Hành Chung,160,2026,Thông báo,Văn bản điều hành chung (cấp Công ty),,2026-01-31,,Đang lưu hành,Nội bộ,160.2026-TB-BHL-Nghỉ sớm trước 1h làm việc đối với CBNV làm ca hành chính.31.01.2026,,,
data/00. Văn bản Điều hành/[00] Văn Bản Điều Hành Chung/178.2026-QĐ-HCNS-Miễn nhiệm Giám đốc Công ty Đông Mai.18.03.2026.pdf,[00] Văn Bản Điều Hành Chung,178,2026,Quyết định,Văn bản điều hành chung (cấp Công ty),,2026-03-18,,Đang lưu hành,Nội bộ,Miễn nhiệm Giám đốc Công ty Đông Mai,,,
data/00. Văn bản Điều hành/[00] Văn Bản Điều Hành Chung/179.2026-QĐ-HCNS-Bổ nhiệm Giám đốc Công ty Đông Mai.18.03.2026.docx,[00] Văn Bản Điều Hành Chung,179,2026,Quyết định,Văn bản điều hành chung (cấp Công ty),,2026-03-18,,Đang lưu hành,Nội bộ,Bổ nhiệm Giám đốc Công ty Đông Mai,,,
data/00. Văn bản Điều hành/[00] Văn Bản Điều Hành Chung/179.2026-QĐ-HCNS-Bổ nhiệm Giám đốc Công ty Đông Mai.18.03.2026.pdf,[00] Văn Bản Điều Hành Chung,179,2026,Quyết định,Văn bản điều hành chung (cấp Công ty),,2026-03-18,,Đang lưu hành,Nội bộ,Bổ nhiệm Giám đốc Công ty Đông Mai,,,
data/00. Văn bản Điều hành/[00] Văn Bản Điều Hành Chung/180.2026-TB-BHL-Nghỉ 2h làm việc đối với CBNV làm ca hành chính.10.02.2026.docx,[00] Văn Bản Điều Hành Chung,180,2026,Thông báo,Văn bản điều hành chung (cấp Công ty),,2026-02-10,,Đang lưu hành,Nội bộ,180.2026-TB-BHL-Nghỉ 2h làm việc đối với CBNV làm ca hành chính.10.02.2026,,,
data/00. Văn bản Điều hành/[00] Văn Bản Điều Hành Chung/180.2026-TB-BHL-Nghỉ 2h làm việc đối với CBNV làm ca hành chính.10.02.2026.pdf,[00] Văn Bản Điều Hành Chung,180,2026,Thông báo,Văn bản điều hành chung (cấp Công ty),,2026-02-10,,Đang lưu hành,Nội bộ,180.2026-TB-BHL-Nghỉ 2h làm việc đối với CBNV làm ca hành chính.10.02.2026,,,
data/00. Văn bản Điều hành/[00] Văn Bản Điều Hành Chung/191.2026-TB-HCNS-Nghiêm cấm hút thuốc lá không đúng nơi quy định.12.02.2026.doc,[00] Văn Bản Điều Hành Chung,191,2026,Thông báo,Văn bản điều hành chung (cấp Công ty),,2026-02-12,,Đang lưu hành,Nội bộ,Nghiêm cấm hút thuốc lá không đúng nơi quy định,,,
data/00. Văn bản Điều hành/[00] Văn Bản Điều Hành Chung/191.2026-TB-HCNS-Nghiêm cấm hút thuốc lá không đúng nơi quy định.12.02.2026.pdf,[00] Văn Bản Điều Hành Chung,191,2026,Thông báo,Văn bản điều hành chung (cấp Công ty),,2026-02-12,,Đang lưu hành,Nội bộ,Nghiêm cấm hút thuốc lá không đúng nơi quy định,,,
data/00. Văn bản Điều hành/[00] Văn Bản Điều Hành Chung/232.2026-TB-HCNS-Sử dụng phép tồn năm 2025.05.03.2026.pdf,[00] Văn Bản Điều Hành Chung,232,2026,Thông báo,Văn bản điều hành chung (cấp Công ty),,2026-03-05,,Đang lưu hành,Nội bộ,Sử dụng phép tồn năm 2025,,,
"data/00. Văn bản Điều hành/[00] Văn Bản Điều Hành Chung/235.ĐM-2026-TB-HCNS-Nghỉ Lễ giỗ tổ Hùng Vương , ngày Chiến thắng 30-4 và Quốc tế lao động 01-5 năm 2026 .11.04.2026.docx",[00] Văn Bản Điều Hành Chung,235,2026,Thông báo,Văn bản điều hành chung (cấp Công ty),,2026-04-11,,Đang lưu hành,Nội bộ,"Nghỉ Lễ giỗ tổ Hùng Vương , ngày Chiến thắng 30-4 và Quốc tế lao động 01-5 năm 2026",,,
"data/00. Văn bản Điều hành/[00] Văn Bản Điều Hành Chung/235.ĐM-2026-TB-HCNS-Nghỉ Lễ giỗ tổ Hùng Vương , ngày Chiến thắng 30-4 và Quốc tế lao động 01-5 năm 2026 .11.04.2026.pdf",[00] Văn Bản Điều Hành Chung,235,2026,Thông báo,Văn bản điều hành chung (cấp Công ty),,2026-04-11,,Đang lưu hành,Nội bộ,"Nghỉ Lễ giỗ tổ Hùng Vương , ngày Chiến thắng 30-4 và Quốc tế lao động 01-5 năm 2026",,,
data/00. Văn bản Điều hành/[00] Văn Bản Điều Hành Chung/247.QĐ-ĐM-Nội quy lao động Công ty Đông Mai.03.07.2024.doc,[00] Văn Bản Điều Hành Chung,247,2024,Quyết định,Văn bản điều hành chung (cấp Công ty),,2024-07-03,,Đang lưu hành,Nội bộ,247.QĐ-ĐM-Nội quy lao động Công ty Đông Mai.03.07.2024,,,
data/00. Văn bản Điều hành/[00] Văn Bản Điều Hành Chung/247.QĐ-ĐM-Nội quy lao động Công ty Đông Mai.03.07.2024.pdf,[00] Văn Bản Điều Hành Chung,247,2024,Quyết định,Văn bản điều hành chung (cấp Công ty),,2024-07-03,,Đang lưu hành,Nội bộ,247.QĐ-ĐM-Nội quy lao động Công ty Đông Mai.03.07.2024,,,
data/00. Văn bản Điều hành/[00] Văn Bản Điều Hành Chung/258.QĐ-ĐM-TƯTT công ty Đông Mai.21.06.2024.pdf,[00] Văn Bản Điều Hành Chung,258,2024,Quyết định,Văn bản điều hành chung (cấp Công ty),,2024-06-21,,Đang lưu hành,Nội bộ,258.QĐ-ĐM-TƯTT công ty Đông Mai.21.06.2024,,,
data/00. Văn bản Điều hành/[00] Văn Bản Điều Hành Chung/265.QĐ-ĐM-Quy chế dân chủ cơ sở Công ty Đông Mai.21.06.2024.pdf,[00] Văn Bản Điều Hành Chung,265,2024,Quyết định,Văn bản điều hành chung (cấp Công ty),,2024-06-21,,Đang lưu hành,Nội bộ,265.QĐ-ĐM-Quy chế dân chủ cơ sở Công ty Đông Mai.21.06.2024,,,
data/00. Văn bản Điều hành/[00] Văn Bản Điều Hành Chung/267.QĐ-HCNS-Quy chế quản lý rủi ro.08.05.2025.docx,[00] Văn Bản Điều Hành Chung,267,2025,Quyết định,Văn bản điều hành chung (cấp Công ty),,2025-05-08,,Đang lưu hành,Nội bộ,Quy chế quản lý rủi ro,,,
data/00. Văn bản Điều hành/[00] Văn Bản Điều Hành Chung/267.QĐ-HCNS-Quy chế quản lý rủi ro.08.05.2025.pdf,[00] Văn Bản Điều Hành Chung,267,2025,Quyết định,Văn bản điều hành chung (cấp Công ty),,2025-05-08,,Đang lưu hành,Nội bộ,Quy chế quản lý rủi ro,,,
data/00. Văn bản Điều hành/[00] Văn Bản Điều Hành Chung/303.2026-GUQ-BHL-Giấy ủy quyền của TGĐ-Giám đốc Kinh doanh.30.03.2026.pdf,[00] Văn Bản Điều Hành Chung,303,2026,Giấy ủy quyền,Văn bản điều hành chung (cấp Công ty),,2026-03-30,,Đang lưu hành,Nội bộ,303.2026-GUQ-BHL-Giấy ủy quyền của TGĐ-Giám đốc Kinh doanh.30.03.2026,,,
data/00. Văn bản Điều hành/[00] Văn Bản Điều Hành Chung/32.2025.QĐ-BHL-Thưởng quà Tết cho CBNV.17.01.2025.pdf,[00] Văn Bản Điều Hành Chung,32,2025,Quyết định,Văn bản điều hành chung (cấp Công ty),,2025-01-17,,Đang lưu hành,Nội bộ,32.2025.QĐ-BHL-Thưởng quà Tết cho CBNV.17.01.2025,,,
"data/00. Văn bản Điều hành/[00] Văn Bản Điều Hành Chung/354.2026-TB-HCNS-Nghỉ Lễ giỗ tổ Hùng Vương , ngày Chiến thắng 30-4 và Quốc tế lao động 01-5 năm 2026.11.04.2026.pdf",[00] Văn Bản Điều Hành Chung,354,2026,Thông báo,Văn bản điều hành chung (cấp Công ty),,2026-04-11,,Đang lưu hành,Nội bộ,"Nghỉ Lễ giỗ tổ Hùng Vương , ngày Chiến thắng 30-4 và Quốc tế lao động 01-5 năm 2026",,,
data/00. Văn bản Điều hành/[00] Văn Bản Điều Hành Chung/361.TB-SLĐTBXH v.v chấp thuận Nội quy lao động Công ty Đông Mai.12.07.2026.pdf,[00] Văn Bản Điều Hành Chung,361,2026,Thông báo,Văn bản điều hành chung (cấp Công ty),,2026-07-12,,Đang lưu hành,Nội bộ,361.TB-SLĐTBXH v.v chấp thuận Nội quy lao động Công ty Đông Mai.12.07.2026,,,
data/00. Văn bản Điều hành/[00] Văn Bản Điều Hành Chung/362.TB-SLĐTBXH V.V chấp thuận Nội quy lao động Công ty Bia Hạ Long.12.07.2024.pdf,[00] Văn Bản Điều Hành Chung,362,2024,Thông báo,Văn bản điều hành chung (cấp Công ty),,2024-07-12,,Đang lưu hành,Nội bộ,362.TB-SLĐTBXH V.V chấp thuận Nội quy lao động Công ty Bia Hạ Long.12.07.2024,,,
data/00. Văn bản Điều hành/[00] Văn Bản Điều Hành Chung/412.2025.TB-KT-Thông báo thanh toán theo Nghị định số 181-2025-NĐ-CP.08.07.2025.pdf,[00] Văn Bản Điều Hành Chung,412,2025,Thông báo,Văn bản điều hành chung (cấp Công ty),,2025-07-08,,Đang lưu hành,Nội bộ,Thông báo thanh toán theo Nghị định số 181-2025-NĐ-CP,,,
data/00. Văn bản Điều hành/[00] Văn Bản Điều Hành Chung/417.QĐ-HCNS-Ban hành quy định quản lý văn bản phát hành ra ngoài.10.07.2025.docx,[00] Văn Bản Điều Hành Chung,417,2025,Quyết định,Văn bản điều hành chung (cấp Công ty),,2025-07-10,,Đang lưu hành,Nội bộ,Ban hành quy định quản lý văn bản phát hành ra ngoài,,,
data/00. Văn bản Điều hành/[00] Văn Bản Điều Hành Chung/417.QĐ-HCNS-Ban hành quy định quản lý văn bản phát hành ra ngoài.10.07.2025.pdf,[00] Văn Bản Điều Hành Chung,417,2025,Quyết định,Văn bản điều hành chung (cấp Công ty),,2025-07-10,,Đang lưu hành,Nội bộ,Ban hành quy định quản lý văn bản phát hành ra ngoài,,,
data/00. Văn bản Điều hành/[00] Văn Bản Điều Hành Chung/418.2026-GUQ-HLB-Giấy ủy quyền của TGĐ cho GĐTC&QT.24.04.2026.docx,[00] Văn Bản Điều Hành Chung,418,2026,Giấy ủy quyền,Văn bản điều hành chung (cấp Công ty),,2026-04-24,,Đang lưu hành,Nội bộ,418.2026-GUQ-HLB-Giấy ủy quyền của TGĐ cho GĐTC&QT.24.04.2026,,,
data/00. Văn bản Điều hành/[00] Văn Bản Điều Hành Chung/418.2026-GUQ-HLB-Giấy ủy quyền của TGĐ cho GĐTC&QT.24.04.2026.pdf,[00] Văn Bản Điều Hành Chung,418,2026,Giấy ủy quyền,Văn bản điều hành chung (cấp Công ty),,2026-04-24,,Đang lưu hành,Nội bộ,418.2026-GUQ-HLB-Giấy ủy quyền của TGĐ cho GĐTC&QT.24.04.2026,,,
data/00. Văn bản Điều hành/[00] Văn Bản Điều Hành Chung/423.QĐ-HCNS-Quy chế tài chính.11.07.2025.docx,[00] Văn Bản Điều Hành Chung,423,2025,Quyết định,Văn bản điều hành chung (cấp Công ty),,2025-07-11,,Đang lưu hành,Nội bộ,Quy chế tài chính,,,
data/00. Văn bản Điều hành/[00] Văn Bản Điều Hành Chung/423.QĐ-HCNS-Quy chế tài chính.11.07.2025.pdf,[00] Văn Bản Điều Hành Chung,423,2025,Quyết định,Văn bản điều hành chung (cấp Công ty),,2025-07-11,,Đang lưu hành,Nội bộ,Quy chế tài chính,,,
"data/00. Văn bản Điều hành/[00] Văn Bản Điều Hành Chung/428.QĐ-HLB-Quy định về quản lý, lưu trữ, bảo mật tài liệu của công ty.10.05.2024.pdf",[00] Văn Bản Điều Hành Chung,428,2024,Quyết định,Văn bản điều hành chung (cấp Công ty),,2024-05-10,,Đang lưu hành,Nội bộ,"428.QĐ-HLB-Quy định về quản lý, lưu trữ, bảo mật tài liệu của công ty.10.05.2024",,,
data/00. Văn bản Điều hành/[00] Văn Bản Điều Hành Chung/429.2025.TB-HCNS-nghỉ Tết dương lịch 01-01-2026-Đông Mai.15.12.2025.docx,[00] Văn Bản Điều Hành Chung,429,2025,Thông báo,Văn bản điều hành chung (cấp Công ty),,2026-01-01,,Đang lưu hành,Nội bộ,nghỉ Tết dương lịch,,,
data/00. Văn bản Điều hành/[00] Văn Bản Điều Hành Chung/429.2025.TB-HCNS-nghỉ Tết dương lịch 01-01-2026-Đông Mai.15.12.2025.pdf,[00] Văn Bản Điều Hành Chung,429,2025,Thông báo,Văn bản điều hành chung (cấp Công ty),,2026-01-01,,Đang lưu hành,Nội bộ,nghỉ Tết dương lịch,,,
data/00. Văn bản Điều hành/[00] Văn Bản Điều Hành Chung/451. QĐ-HL-Bổ nhiệm Giám đốc vận hành và Chuỗi cung ứng.25-7-2025.pdf,[00] Văn Bản Điều Hành Chung,451,2025,Quyết định,Văn bản điều hành chung (cấp Công ty),,2025-07-25,,Đang lưu hành,Nội bộ,451. QĐ-HL-Bổ nhiệm Giám đốc vận hành và Chuỗi cung ứng.25-7-2025,,,
"data/00. Văn bản Điều hành/[00] Văn Bản Điều Hành Chung/452. QĐ-HLB-Quyết định Vv Miễn nhiệm chức danh Giám đốc tài chính , Giám đốc vận hành.25.07.2025.pdf",[00] Văn Bản Điều Hành Chung,452,2025,Quyết định,Văn bản điều hành chung (cấp Công ty),,2025-07-25,,Đang lưu hành,Nội bộ,"452. QĐ-HLB-Quyết định Vv Miễn nhiệm chức danh Giám đốc tài chính , Giám đốc vận hành.25.07.2025",,,
data/00. Văn bản Điều hành/[00] Văn Bản Điều Hành Chung/453.QĐ-HLB-Bổ nhiệm Giám đốc Tài chính và Quản trị.25.07.2025.pdf,[00] Văn Bản Điều Hành Chung,453,2025,Quyết định,Văn bản điều hành chung (cấp Công ty),,2025-07-25,,Đang lưu hành,Nội bộ,453.QĐ-HLB-Bổ nhiệm Giám đốc Tài chính và Quản trị.25.07.2025,,,
"data/00. Văn bản Điều hành/[00] Văn Bản Điều Hành Chung/462.2026-QĐ-HCNS-thành lập tổ thanh lý tài sản , công cụ dụng cụ năm 2026.09.05.2026.pdf",[00] Văn Bản Điều Hành Chung,462,2026,Quyết định,Văn bản điều hành chung (cấp Công ty),,2026-05-09,,Đang lưu hành,Nội bộ,"thành lập tổ thanh lý tài sản , công cụ dụng cụ năm 2026",,,
data/00. Văn bản Điều hành/[00] Văn Bản Điều Hành Chung/475.QĐ-NS-Thành lập tổ triển khai thực hiện dự án Microsoft.01.06.2024.pdf,[00] Văn Bản Điều Hành Chung,475,2024,Quyết định,Văn bản điều hành chung (cấp Công ty),,2024-06-01,,Đang lưu hành,Nội bộ,475.QĐ-NS-Thành lập tổ triển khai thực hiện dự án Microsoft.01.06.2024,,,
"data/00. Văn bản Điều hành/[00] Văn Bản Điều Hành Chung/480.2026-TB-HCNS-Nộp giấy chứng nhận , giấy khen , bằng khen đạt giải các môn thi cấp Tỉnh , Quốc gia của con CBNV.15.05.2026.pdf",[00] Văn Bản Điều Hành Chung,480,2026,Thông báo,Văn bản điều hành chung (cấp Công ty),,2026-05-15,,Đang lưu hành,Nội bộ,"Nộp giấy chứng nhận , giấy khen , bằng khen đạt giải các môn thi cấp Tỉnh , Quốc gia của con CBNV",,,
data/00. Văn bản Điều hành/[00] Văn Bản Điều Hành Chung/480.QĐ-BHL-ban hành quy chế DCCS.20.06.2024.pdf,[00] Văn Bản Điều Hành Chung,480,2024,Quyết định,Văn bản điều hành chung (cấp Công ty),,2024-06-20,,Đang lưu hành,Nội bộ,480.QĐ-BHL-ban hành quy chế DCCS.20.06.2024,,,
data/00. Văn bản Điều hành/[00] Văn Bản Điều Hành Chung/484.2026-QĐ-HCNS Vv-Sơ đồ tổ chức Công ty cổ phần Bia và Nước giải khát Hạ Long .15-05-2026.pdf,[00] Văn Bản Điều Hành Chung,484,2026,Quyết định,Văn bản điều hành chung (cấp Công ty),,2026-05-15,,Đang lưu hành,Nội bộ,Vv-Sơ đồ tổ chức Công ty cổ phần Bia và Nước giải khát Hạ Long,,,
data/00. Văn bản Điều hành/[00] Văn Bản Điều Hành Chung/484.2026.QĐ-HCNS-Sơ đồ tổ chức Công ty cổ phần Bia và Nước giải khát Hạ Long.15.05.2026.docx,[00] Văn Bản Điều Hành Chung,484,2026,Quyết định,Văn bản điều hành chung (cấp Công ty),,2026-05-15,,Đang lưu hành,Nội bộ,Sơ đồ tổ chức Công ty cổ phần Bia và Nước giải khát Hạ Long,,,
"data/00. Văn bản Điều hành/[00] Văn Bản Điều Hành Chung/487.QĐ-BHL thay đổi thành viên Ban tái cấu trúc, gia hạn giai đoạn 1-Dự án tái cấu trúc.06-08-2025.pdf",[00] Văn Bản Điều Hành Chung,487,2025,Quyết định,Văn bản điều hành chung (cấp Công ty),,2025-08-06,,Đang lưu hành,Nội bộ,"487.QĐ-BHL thay đổi thành viên Ban tái cấu trúc, gia hạn giai đoạn 1-Dự án tái cấu trúc.06-08-2025",,,
data/00. Văn bản Điều hành/[00] Văn Bản Điều Hành Chung/513.QĐ-HCNS-Bổ nhiệm Trợ lý Ban điều hành kiêm phó ban tài chính và kiểm soát nội bộ.21.08.2025.pdf,[00] Văn Bản Điều Hành Chung,513,2025,Quyết định,Văn bản điều hành chung (cấp Công ty),,2025-08-21,,Đang lưu hành,Nội bộ,Bổ nhiệm Trợ lý Ban điều hành kiêm phó ban tài chính và kiểm soát nội bộ,,,
data/00. Văn bản Điều hành/[00] Văn Bản Điều Hành Chung/526.QĐ-HCNS-Bổ nhiệm Kế toán trưởng - Trưởng phòng kế toán.26.08.2025.pdf,[00] Văn Bản Điều Hành Chung,526,2025,Quyết định,Văn bản điều hành chung (cấp Công ty),,2025-08-26,,Đang lưu hành,Nội bộ,Bổ nhiệm Kế toán trưởng - Trưởng phòng kế toán,,,
data/00. Văn bản Điều hành/[00] Văn Bản Điều Hành Chung/531.2026.QĐ-BHL-Thành lập Ban tái cấu trúc Công ty Giai đoạn 2.22-05-2026.docx,[00] Văn Bản Điều Hành Chung,531,2026,Quyết định,Văn bản điều hành chung (cấp Công ty),,2026-05-22,,Đang lưu hành,Nội bộ,531.2026.QĐ-BHL-Thành lập Ban tái cấu trúc Công ty Giai đoạn 2.22-05-2026,,,
data/00. Văn bản Điều hành/[00] Văn Bản Điều Hành Chung/531.2026.QĐ-BHL-Thành lập Ban tái cấu trúc Công ty Giai đoạn 2.22-05-2026.pdf,[00] Văn Bản Điều Hành Chung,531,2026,Quyết định,Văn bản điều hành chung (cấp Công ty),,2026-05-22,,Đang lưu hành,Nội bộ,531.2026.QĐ-BHL-Thành lập Ban tái cấu trúc Công ty Giai đoạn 2.22-05-2026,,,
data/00. Văn bản Điều hành/[00] Văn Bản Điều Hành Chung/532.2026-TB-HCNS-Sử dụng phần mềm có bản quyền.22.05.2026.pdf,[00] Văn Bản Điều Hành Chung,532,2026,Thông báo,Văn bản điều hành chung (cấp Công ty),,2026-05-22,,Đang lưu hành,Nội bộ,Sử dụng phần mềm có bản quyền,,,
data/00. Văn bản Điều hành/[00] Văn Bản Điều Hành Chung/533.QĐ-HCNS-Kiêm nhiệm chức danh.26.08.2025.pdf,[00] Văn Bản Điều Hành Chung,533,2025,Quyết định,Văn bản điều hành chung (cấp Công ty),,2025-08-26,,Đang lưu hành,Nội bộ,Kiêm nhiệm chức danh,,,
data/00. Văn bản Điều hành/[00] Văn Bản Điều Hành Chung/545.QĐ-HLB-Nội quy lao động Công ty Hạ Long.03.07.2024.doc,[00] Văn Bản Điều Hành Chung,545,2024,Quyết định,Văn bản điều hành chung (cấp Công ty),,2024-07-03,,Đang lưu hành,Nội bộ,545.QĐ-HLB-Nội quy lao động Công ty Hạ Long.03.07.2024,,,
data/00. Văn bản Điều hành/[00] Văn Bản Điều Hành Chung/545.QĐ-HLB-Nội quy lao động Công ty Hạ Long.03.07.2024.pdf,[00] Văn Bản Điều Hành Chung,545,2024,Quyết định,Văn bản điều hành chung (cấp Công ty),,2024-07-03,,Đang lưu hành,Nội bộ,545.QĐ-HLB-Nội quy lao động Công ty Hạ Long.03.07.2024,,,
data/00. Văn bản Điều hành/[00] Văn Bản Điều Hành Chung/578.2025.QĐ-BHL-Thành lập ban dự án đầu tư nâng công suất Nhà máy Bia Đông Mai.28.08.2025.docx,[00] Văn Bản Điều Hành Chung,578,2025,Quyết định,Văn bản điều hành chung (cấp Công ty),,2025-08-28,,Đang lưu hành,Nội bộ,578.2025.QĐ-BHL-Thành lập ban dự án đầu tư nâng công suất Nhà máy Bia Đông Mai.28.08.2025,,,
data/00. Văn bản Điều hành/[00] Văn Bản Điều Hành Chung/578.2025.QĐ-BHL-Thành lập ban dự án đầu tư nâng công suất Nhà máy Bia Đông Mai.28.08.2025.pdf,[00] Văn Bản Điều Hành Chung,578,2025,Quyết định,Văn bản điều hành chung (cấp Công ty),,2025-08-28,,Đang lưu hành,Nội bộ,578.2025.QĐ-BHL-Thành lập ban dự án đầu tư nâng công suất Nhà máy Bia Đông Mai.28.08.2025,,,
data/00. Văn bản Điều hành/[00] Văn Bản Điều Hành Chung/578.QĐ-ĐM-Quyết định Điều chỉnh định mức Malt cho năm 2022 và 2023.23.12.2024.pdf,[00] Văn Bản Điều Hành Chung,578,2024,Quyết định,Văn bản điều hành chung (cấp Công ty),,2024-12-23,,Đang lưu hành,Nội bộ,578.QĐ-ĐM-Quyết định Điều chỉnh định mức Malt cho năm 2022 và 2023.23.12.2024,,,
data/00. Văn bản Điều hành/[00] Văn Bản Điều Hành Chung/579.2025.QĐ-HCNS-Quy định quản lý văn bản.29.08.2025.docx,[00] Văn Bản Điều Hành Chung,579,2025,Quyết định,Văn bản điều hành chung (cấp Công ty),,2025-08-29,,Đang lưu hành,Nội bộ,Quy định quản lý văn bản,,,
data/00. Văn bản Điều hành/[00] Văn Bản Điều Hành Chung/579.2025.QĐ-HCNS-Quy định quản lý văn bản.29.08.2025.pdf,[00] Văn Bản Điều Hành Chung,579,2025,Quyết định,Văn bản điều hành chung (cấp Công ty),,2025-08-29,,Đang lưu hành,Nội bộ,Quy định quản lý văn bản,,,
data/00. Văn bản Điều hành/[00] Văn Bản Điều Hành Chung/593.TB-HCNS-Thông báo điều chỉnh thời gian mặc đồng phục.10.09.2025.pdf,[00] Văn Bản Điều Hành Chung,593,2025,Thông báo,Văn bản điều hành chung (cấp Công ty),,2025-09-10,,Đang lưu hành,Nội bộ,Thông báo điều chỉnh thời gian mặc đồng phục,,,
data/00. Văn bản Điều hành/[00] Văn Bản Điều Hành Chung/715.TB-HCNS-Nghỉ sớm trước 1h làm việc đối với CBNV làm ca hành chính.03.10.2025.pdf,[00] Văn Bản Điều Hành Chung,715,2025,Thông báo,Văn bản điều hành chung (cấp Công ty),,2025-10-03,,Đang lưu hành,Nội bộ,Nghỉ sớm trước 1h làm việc đối với CBNV làm ca hành chính,,,
data/00. Văn bản Điều hành/[00] Văn Bản Điều Hành Chung/764.2025.QĐ-HCNS-Ban hành Ma trận phân quyền cấp Công ty-khối tài chính và Quản trị.30.10.2025.docx,[00] Văn Bản Điều Hành Chung,764,2025,Quyết định,Văn bản điều hành chung (cấp Công ty),,2025-10-30,,Đang lưu hành,Nội bộ,Ban hành Ma trận phân quyền cấp Công ty-khối tài chính và Quản trị,,,
data/00. Văn bản Điều hành/[00] Văn Bản Điều Hành Chung/764.2025.QĐ-HCNS-Ban hành Ma trận phân quyền cấp Công ty-khối tài chính và Quản trị.30.10.2025.pdf,[00] Văn Bản Điều Hành Chung,764,2025,Quyết định,Văn bản điều hành chung (cấp Công ty),,2025-10-30,,Đang lưu hành,Nội bộ,Ban hành Ma trận phân quyền cấp Công ty-khối tài chính và Quản trị,,,
data/00. Văn bản Điều hành/[00] Văn Bản Điều Hành Chung/764.2025.QĐ-HCNS-Ban hành Ma trận phân quyền cấp Công ty-khối tài chính và Quản trị.30.10.2025.xlsx,[00] Văn Bản Điều Hành Chung,764,2025,Quyết định,Văn bản điều hành chung (cấp Công ty),,2025-10-30,,Đang lưu hành,Nội bộ,Ban hành Ma trận phân quyền cấp Công ty-khối tài chính và Quản trị,,,
data/00. Văn bản Điều hành/[00] Văn Bản Điều Hành Chung/770.2025.QĐ-HCNS-Ban hành ma trận phân quyền cấp Công ty-khối Kinh doanh.03.11.2025.pdf,[00] Văn Bản Điều Hành Chung,770,2025,Quyết định,Văn bản điều hành chung (cấp Công ty),,2025-11-03,,Đang lưu hành,Nội bộ,Ban hành ma trận phân quyền cấp Công ty-khối Kinh doanh,,,
data/00. Văn bản Điều hành/[00] Văn Bản Điều Hành Chung/770.2025.QĐ-HCNS-Ban hành ma trận phân quyền cấp Công ty-khối Kinh doanh.03.11.2025.xlsx,[00] Văn Bản Điều Hành Chung,770,2025,Quyết định,Văn bản điều hành chung (cấp Công ty),,2025-11-03,,Đang lưu hành,Nội bộ,Ban hành ma trận phân quyền cấp Công ty-khối Kinh doanh,,,
data/00. Văn bản Điều hành/[00] Văn Bản Điều Hành Chung/771.2025.QĐ-HCNS-Ban hành ma trận phân quyền cấp Công ty-Khối vận hành và chuỗi cung ứng.03.11.2025.docx,[00] Văn Bản Điều Hành Chung,771,2025,Quyết định,Văn bản điều hành chung (cấp Công ty),,2025-11-03,,Đang lưu hành,Nội bộ,Ban hành ma trận phân quyền cấp Công ty-Khối vận hành và chuỗi cung ứng,,,
data/00. Văn bản Điều hành/[00] Văn Bản Điều Hành Chung/771.2025.QĐ-HCNS-Ban hành ma trận phân quyền cấp Công ty-Khối vận hành và chuỗi cung ứng.03.11.2025.pdf,[00] Văn Bản Điều Hành Chung,771,2025,Quyết định,Văn bản điều hành chung (cấp Công ty),,2025-11-03,,Đang lưu hành,Nội bộ,Ban hành ma trận phân quyền cấp Công ty-Khối vận hành và chuỗi cung ứng,,,
data/00. Văn bản Điều hành/[00] Văn Bản Điều Hành Chung/771.2025.QĐ-HCNS-Ban hành ma trận phân quyền cấp Công ty-Khối vận hành và chuỗi cung ứng.03.11.2025.xlsx,[00] Văn Bản Điều Hành Chung,771,2025,Quyết định,Văn bản điều hành chung (cấp Công ty),,2025-11-03,,Đang lưu hành,Nội bộ,Ban hành ma trận phân quyền cấp Công ty-Khối vận hành và chuỗi cung ứng,,,
data/00. Văn bản Điều hành/[00] Văn Bản Điều Hành Chung/779.QĐ-HCNS-Miễn nhiệm vị trí Trợ lý ban điều hành.07.11.2025.pdf,[00] Văn Bản Điều Hành Chung,779,2025,Quyết định,Văn bản điều hành chung (cấp Công ty),,2025-11-07,,Đang lưu hành,Nội bộ,Miễn nhiệm vị trí Trợ lý ban điều hành,,,
"data/00. Văn bản Điều hành/[00] Văn Bản Điều Hành Chung/787.QĐ-BHL-Quyết định Chính thức áp dụng các dịch vụ của nền tảng Microsof 365 đối với nghiệp vụ nội bộ của các khối , phòng , ban trong Công ty.18.10.2024.pdf",[00] Văn Bản Điều Hành Chung,787,2024,Quyết định,Văn bản điều hành chung (cấp Công ty),,2024-10-18,,Đang lưu hành,Nội bộ,"787.QĐ-BHL-Quyết định Chính thức áp dụng các dịch vụ của nền tảng Microsof 365 đối với nghiệp vụ nội bộ của các khối , phòng , ban trong Công ty.18.10.2024",,,
data/00. Văn bản Điều hành/[00] Văn Bản Điều Hành Chung/795.QĐ-HCNS-Định biên nhân sự năm 2026.20.11.2025.pdf,[00] Văn Bản Điều Hành Chung,795,2025,Quyết định,Văn bản điều hành chung (cấp Công ty),,2025-11-20,,Đang lưu hành,Nội bộ,Định biên nhân sự năm 2026,,,
data/00. Văn bản Điều hành/[00] Văn Bản Điều Hành Chung/795.QĐ-HCNS-Định biên nhân sự năm 2026.20.11.2025.xlsx,[00] Văn Bản Điều Hành Chung,795,2025,Quyết định,Văn bản điều hành chung (cấp Công ty),,2025-11-20,,Đang lưu hành,Nội bộ,Định biên nhân sự năm 2026,,,
data/00. Văn bản Điều hành/[00] Văn Bản Điều Hành Chung/818.QĐ-HCNS-Thành lập Ban dự án Nghiên cứu và xây dựng Nhà máy sản xuất bia mới-Công suất 300 triệu lít -năm.02.12.2025.pdf,[00] Văn Bản Điều Hành Chung,818,2025,Quyết định,Văn bản điều hành chung (cấp Công ty),,2025-12-02,,Đang lưu hành,Nội bộ,Thành lập Ban dự án Nghiên cứu và xây dựng Nhà máy sản xuất bia mới-Công suất 300 triệu lít -năm,,,
data/00. Văn bản Điều hành/[00] Văn Bản Điều Hành Chung/832.QĐ-BHL-Hệ thống định danh của Công ty. 09.12.2025.pdf,[00] Văn Bản Điều Hành Chung,832,2025,Quyết định,Văn bản điều hành chung (cấp Công ty),,2025-12-09,,Đang lưu hành,Nội bộ,832.QĐ-BHL-Hệ thống định danh của Công ty. 09.12.2025,,,
data/00. Văn bản Điều hành/[00] Văn Bản Điều Hành Chung/832.QĐ-BHL-Hệ thống định danh của Công ty. 09.12.2025.xlsx,[00] Văn Bản Điều Hành Chung,832,2025,Quyết định,Văn bản điều hành chung (cấp Công ty),,2025-12-09,,Đang lưu hành,Nội bộ,832.QĐ-BHL-Hệ thống định danh của Công ty. 09.12.2025,,,
data/00. Văn bản Điều hành/[00] Văn Bản Điều Hành Chung/837.TB-HCNS-nghỉ Tết dương lịch Công ty Hạ Long 01-01-2026.12.12.2025.docx,[00] Văn Bản Điều Hành Chung,837,2026,Thông báo,Văn bản điều hành chung (cấp Công ty),,2026-01-01,,Đang lưu hành,Nội bộ,nghỉ Tết dương lịch Công ty Hạ Long,,,
data/00. Văn bản Điều hành/[00] Văn Bản Điều Hành Chung/837.TB-HCNS-nghỉ Tết dương lịch Công ty Hạ Long 01-01-2026.12.12.2025.pdf,[00] Văn Bản Điều Hành Chung,837,2026,Thông báo,Văn bản điều hành chung (cấp Công ty),,2026-01-01,,Đang lưu hành,Nội bộ,nghỉ Tết dương lịch Công ty Hạ Long,,,
data/00. Văn bản Điều hành/[00] Văn Bản Điều Hành Chung/846.QĐ-BHL-Thành lập ban bảo trì năng suất tổng thể (TPM).20.11.2024.pdf,[00] Văn Bản Điều Hành Chung,846,2024,Quyết định,Văn bản điều hành chung (cấp Công ty),,2024-11-20,,Đang lưu hành,Nội bộ,846.QĐ-BHL-Thành lập ban bảo trì năng suất tổng thể (TPM).20.11.2024,,,
data/00. Văn bản Điều hành/[00] Văn Bản Điều Hành Chung/910. QĐ-HCNS-Quyết định thưởng nhân ngày Tết Dương lịch năm 2025  21-12-2024.pdf,[00] Văn Bản Điều Hành Chung,910,2024,Quyết định,Văn bản điều hành chung (cấp Công ty),,2024-12-21,,Đang lưu hành,Nội bộ,Quyết định thưởng nhân ngày Tết Dương lịch năm 2025,,,
data/00. Văn bản Điều hành/[00] Văn Bản Điều Hành Chung/927.QĐ-HCNS-Quy chế trả lương Công ty Hạ Long.24.12.2024.docx,[00] Văn Bản Điều Hành Chung,927,2024,Quyết định,Văn bản điều hành chung (cấp Công ty),,2024-12-24,,Đang lưu hành,Nội bộ,Quy chế trả lương Công ty Hạ Long,,,
data/00. Văn bản Điều hành/[00] Văn Bản Điều Hành Chung/927.QĐ-HCNS-Quy chế trả lương Công ty Hạ Long.24.12.2024.pdf,[00] Văn Bản Điều Hành Chung,927,2024,Quyết định,Văn bản điều hành chung (cấp Công ty),,2024-12-24,,Đang lưu hành,Nội bộ,Quy chế trả lương Công ty Hạ Long,,,
data/00. Văn bản Điều hành/[02] Giám Đốc Kinh Doanh/1512.GUQ-HLB-Giấy ủy quyền của TGĐ cho ông Lê Thanh Nghị.15-12-2025.docx,[02] Giám Đốc Kinh Doanh,1512,2025,Giấy ủy quyền,Giám đốc Kinh Doanh,,2025-12-15,,Đang lưu hành,Nội bộ,1512.GUQ-HLB-Giấy ủy quyền của TGĐ cho ông Lê Thanh Nghị.15-12-2025,,,
data/00. Văn bản Điều hành/[02] Giám Đốc Kinh Doanh/1512.GUQ-HLB-Giấy ủy quyền của TGĐ cho ông Lê Thanh Nghị.15-12-2025.pdf,[02] Giám Đốc Kinh Doanh,1512,2025,Giấy ủy quyền,Giám đốc Kinh Doanh,,2025-12-15,,Đang lưu hành,Nội bộ,1512.GUQ-HLB-Giấy ủy quyền của TGĐ cho ông Lê Thanh Nghị.15-12-2025,,,
data/00. Văn bản Điều hành/[02] Giám Đốc Kinh Doanh/27.QĐ-HCNS-Quy định về chức năng nhiệm vụ của Giám Đốc Kinh Doanh.02-01-2024.docx,[02] Giám Đốc Kinh Doanh,27,2024,Quyết định,Giám đốc Kinh Doanh,,2024-01-02,,Đang lưu hành,Nội bộ,Quy định về chức năng nhiệm vụ của Giám Đốc Kinh Doanh,,,
data/00. Văn bản Điều hành/[02] Giám Đốc Kinh Doanh/27.QĐ-HCNS-Quy định về chức năng nhiệm vụ của Giám Đốc Kinh Doanh.02-01-2024.pdf,[02] Giám Đốc Kinh Doanh,27,2024,Quyết định,Giám đốc Kinh Doanh,,2024-01-02,,Đang lưu hành,Nội bộ,Quy định về chức năng nhiệm vụ của Giám Đốc Kinh Doanh,,,
data/00. Văn bản Điều hành/[02] Giám Đốc Kinh Doanh/27.QĐ-HCNS-Quy định về chức năng nhiệm vụ của Giám Đốc Kinh Doanh.02-01-20241.docx,[02] Giám Đốc Kinh Doanh,27,2024,Quyết định,Giám đốc Kinh Doanh,,2024-01-02,,Đang lưu hành,Nội bộ,Quy định về chức năng nhiệm vụ của Giám Đốc Kinh Doanh,,,
data/00. Văn bản Điều hành/[02] Giám Đốc Kinh Doanh/770.2025.QĐ-HCNS-ma trận phân quyền cấp Công ty-khối Kinh doanh.03-11-2025.docx,[02] Giám Đốc Kinh Doanh,770,2025,Quyết định,Giám đốc Kinh Doanh,,2025-11-03,,Đang lưu hành,Nội bộ,ma trận phân quyền cấp Công ty-khối Kinh doanh,,,
data/00. Văn bản Điều hành/[02] Giám Đốc Kinh Doanh/770.2025.QĐ-HCNS-ma trận phân quyền cấp Công ty-khối Kinh doanh.03-11-2025.pdf,[02] Giám Đốc Kinh Doanh,770,2025,Quyết định,Giám đốc Kinh Doanh,,2025-11-03,,Đang lưu hành,Nội bộ,ma trận phân quyền cấp Công ty-khối Kinh doanh,,,
data/00. Văn bản Điều hành/[02] Giám Đốc Kinh Doanh/770.2025.QĐ-HCNS-ma trận phân quyền cấp Công ty-khối Kinh doanh.03-11-2025.xlsx,[02] Giám Đốc Kinh Doanh,770,2025,Quyết định,Giám đốc Kinh Doanh,,2025-11-03,,Đang lưu hành,Nội bộ,ma trận phân quyền cấp Công ty-khối Kinh doanh,,,
data/00. Văn bản Điều hành/[03] Giám Đốc Tài Chính và Quản trị/439.QĐ-HCNS-Quy định về chức năng nhiệm vụ của Giám đốc Tài chính và Quản trị.22-7-2025.docx,[03] Giám Đốc Tài Chính và Quản trị,439,2025,Quyết định,Giám đốc Tài chính và Quản trị,,2025-07-22,,Đang lưu hành,Nội bộ,Quy định về chức năng nhiệm vụ của Giám đốc Tài chính và Quản trị,,,
data/00. Văn bản Điều hành/[03] Giám Đốc Tài Chính và Quản trị/439.QĐ-HCNS-Quy định về chức năng nhiệm vụ của Giám đốc Tài chính và Quản trị.22-7-2025.pdf,[03] Giám Đốc Tài Chính và Quản trị,439,2025,Quyết định,Giám đốc Tài chính và Quản trị,,2025-07-22,,Đang lưu hành,Nội bộ,Quy định về chức năng nhiệm vụ của Giám đốc Tài chính và Quản trị,,,
"data/00. Văn bản Điều hành/[03] Giám Đốc Tài Chính và Quản trị/452.QĐ-HLB-Quyết định Miễn nhiệm chức danh Giám đốc tài chính ,Giám đốc vận hành .25-7-2025.pdf",[03] Giám Đốc Tài Chính và Quản trị,452,2025,Quyết định,Giám đốc Tài chính và Quản trị,,2025-07-25,,Đang lưu hành,Nội bộ,"452.QĐ-HLB-Quyết định Miễn nhiệm chức danh Giám đốc tài chính ,Giám đốc vận hành .25-7-2025",,,
data/00. Văn bản Điều hành/[03] Giám Đốc Tài Chính và Quản trị/453.QĐ-HLB-Quyết định Bổ nhiệm Giám đốc Tài chính và Quản trị.25-7-2025.pdf,[03] Giám Đốc Tài Chính và Quản trị,453,2025,Quyết định,Giám đốc Tài chính và Quản trị,,2025-07-25,,Đang lưu hành,Nội bộ,453.QĐ-HLB-Quyết định Bổ nhiệm Giám đốc Tài chính và Quản trị.25-7-2025,,,
data/00. Văn bản Điều hành/[03] Giám Đốc Tài Chính và Quản trị/764.QĐ-HCNS-Ban hành Ma trận phân quyền cấp Công ty khối tài chính và Quản trị.30-10-2025.docx,[03] Giám Đốc Tài Chính và Quản trị,764,2025,Quyết định,Giám đốc Tài chính và Quản trị,,2025-10-30,,Đang lưu hành,Nội bộ,Ban hành Ma trận phân quyền cấp Công ty khối tài chính và Quản trị,,,
data/00. Văn bản Điều hành/[03] Giám Đốc Tài Chính và Quản trị/764.QĐ-HCNS-Ban hành Ma trận phân quyền cấp Công ty khối tài chính và Quản trị.30-10-2025.pdf,[03] Giám Đốc Tài Chính và Quản trị,764,2025,Quyết định,Giám đốc Tài chính và Quản trị,,2025-10-30,,Đang lưu hành,Nội bộ,Ban hành Ma trận phân quyền cấp Công ty khối tài chính và Quản trị,,,
data/00. Văn bản Điều hành/[03] Giám Đốc Tài Chính và Quản trị/764.QĐ-HCNS-Ban hành Ma trận phân quyền cấp Công ty khối tài chính và Quản trị.30-10-2025.xlsx,[03] Giám Đốc Tài Chính và Quản trị,764,2025,Quyết định,Giám đốc Tài chính và Quản trị,,2025-10-30,,Đang lưu hành,Nội bộ,Ban hành Ma trận phân quyền cấp Công ty khối tài chính và Quản trị,,,
data/00. Văn bản Điều hành/[04] Giám Đốc Vận Hành và Chuỗi cung ứng/248.QĐ-HCNS-Ban hành danh mục KPIs Khối vận hành và Chuỗi cung ứng Khối tài chính và Quản trị.13-03-2026.pdf,[04] Giám Đốc Vận Hành và Chuỗi cung ứng,248,2026,Quyết định,Giám đốc Vận hành và Chuỗi Cung ứng,,2026-03-13,,Đang lưu hành,Nội bộ,Ban hành danh mục KPIs Khối vận hành và Chuỗi cung ứng Khối tài chính và Quản trị,,,
data/00. Văn bản Điều hành/[04] Giám Đốc Vận Hành và Chuỗi cung ứng/438.2025.QĐ-HCNS-Ban hành chức năng nhiệm vụ của Giám đốc Vận hành và Chuỗi cung ứng ban hành.22-7-2025.docx,[04] Giám Đốc Vận Hành và Chuỗi cung ứng,438,2025,Quyết định,Giám đốc Vận hành và Chuỗi Cung ứng,,2025-07-22,,Đang lưu hành,Nội bộ,Ban hành chức năng nhiệm vụ của Giám đốc Vận hành và Chuỗi cung ứng ban hành,,,
data/00. Văn bản Điều hành/[04] Giám Đốc Vận Hành và Chuỗi cung ứng/438.2025.QĐ-HCNS-Ban hành chức năng nhiệm vụ của Giám đốc Vận hành và Chuỗi cung ứng ban hành.22-7-2025.pdf,[04] Giám Đốc Vận Hành và Chuỗi cung ứng,438,2025,Quyết định,Giám đốc Vận hành và Chuỗi Cung ứng,,2025-07-22,,Đang lưu hành,Nội bộ,Ban hành chức năng nhiệm vụ của Giám đốc Vận hành và Chuỗi cung ứng ban hành,,,
data/00. Văn bản Điều hành/[04] Giám Đốc Vận Hành và Chuỗi cung ứng/451.QĐ-HLB-Quyết định bổ nhiệm Giám đốc vận hành và Chuỗi cung ứng.25-07-2025.pdf,[04] Giám Đốc Vận Hành và Chuỗi cung ứng,451,2025,Quyết định,Giám đốc Vận hành và Chuỗi Cung ứng,,2025-07-25,,Đang lưu hành,Nội bộ,451.QĐ-HLB-Quyết định bổ nhiệm Giám đốc vận hành và Chuỗi cung ứng.25-07-2025,,,
data/00. Văn bản Điều hành/[04] Giám Đốc Vận Hành và Chuỗi cung ứng/771.2025.QĐ-HCNS-Ban hành ma trận phân quyền cấp Công ty Khối vận hành và chuỗi cung ứng.03-11-2025.docx,[04] Giám Đốc Vận Hành và Chuỗi cung ứng,771,2025,Quyết định,Giám đốc Vận hành và Chuỗi Cung ứng,,2025-11-03,,Đang lưu hành,Nội bộ,Ban hành ma trận phân quyền cấp Công ty Khối vận hành và chuỗi cung ứng,,,
data/00. Văn bản Điều hành/[04] Giám Đốc Vận Hành và Chuỗi cung ứng/771.2025.QĐ-HCNS-Ban hành ma trận phân quyền cấp Công ty Khối vận hành và chuỗi cung ứng.03-11-2025.pdf,[04] Giám Đốc Vận Hành và Chuỗi cung ứng,771,2025,Quyết định,Giám đốc Vận hành và Chuỗi Cung ứng,,2025-11-03,,Đang lưu hành,Nội bộ,Ban hành ma trận phân quyền cấp Công ty Khối vận hành và chuỗi cung ứng,,,
data/00. Văn bản Điều hành/[04] Giám Đốc Vận Hành và Chuỗi cung ứng/771.2025.QĐ-HCNS-Ban hành ma trận phân quyền cấp Công ty Khối vận hành và chuỗi cung ứng.03-11-2025.xlsx,[04] Giám Đốc Vận Hành và Chuỗi cung ứng,771,2025,Quyết định,Giám đốc Vận hành và Chuỗi Cung ứng,,2025-11-03,,Đang lưu hành,Nội bộ,Ban hành ma trận phân quyền cấp Công ty Khối vận hành và chuỗi cung ứng,,,
data/00. Văn bản Điều hành/[05] Giám Đốc Sản Xuất - Kỹ Thuật/200.QĐ-HCNS-Miễn nhiệm Giám đốc sản xuất kỹ thuật Công ty.26-03-2026.pdf,[05] Giám Đốc Sản Xuất - Kỹ Thuật,200,2026,Quyết định,Giám đốc Sản xuất – Kỹ thuật,,2026-03-26,,Đang lưu hành,Nội bộ,Miễn nhiệm Giám đốc sản xuất kỹ thuật Công ty,,,
data/00. Văn bản Điều hành/[05] Giám Đốc Sản Xuất - Kỹ Thuật/442.2025.QĐ-HCNS-Ban hành chức năng nhiệm vụ của Giám đốc Sản xuất Kỹ thuật.22-07-2025.docx,[05] Giám Đốc Sản Xuất - Kỹ Thuật,442,2025,Quyết định,Giám đốc Sản xuất – Kỹ thuật,,2025-07-22,,Đang lưu hành,Nội bộ,Ban hành chức năng nhiệm vụ của Giám đốc Sản xuất Kỹ thuật,,,
data/00. Văn bản Điều hành/[05] Giám Đốc Sản Xuất - Kỹ Thuật/442.2025.QĐ-HCNS-Ban hành chức năng nhiệm vụ của Giám đốc Sản xuất Kỹ thuật.22-07-2025.pdf,[05] Giám Đốc Sản Xuất - Kỹ Thuật,442,2025,Quyết định,Giám đốc Sản xuất – Kỹ thuật,,2025-07-22,,Đang lưu hành,Nội bộ,Ban hành chức năng nhiệm vụ của Giám đốc Sản xuất Kỹ thuật,,,
data/00. Văn bản Điều hành/[05] Giám Đốc Sản Xuất - Kỹ Thuật/454.QĐ-HLB-Quyết định Thành lập Ban dự án đầu tư nâng công suất Nhà máy Bia Đông Mai.25-7-2025.pdf,[05] Giám Đốc Sản Xuất - Kỹ Thuật,454,2025,Quyết định,Giám đốc Sản xuất – Kỹ thuật,,2025-07-25,,Đang lưu hành,Nội bộ,454.QĐ-HLB-Quyết định Thành lập Ban dự án đầu tư nâng công suất Nhà máy Bia Đông Mai.25-7-2025,,,
data/00. Văn bản Điều hành/[06.01] Phó Giám Đốc Thiết Bị/2024.QĐ-HCNS-Ban hành chức năng nhiệm vụ của Phó giám đốc thiết bị.02-01-2024.docx,[06.01] Phó Giám Đốc Thiết Bị,2024,2024,Quyết định,Phó Giám đốc Phụ trách Thiết bị,,2024-01-02,,Đang lưu hành,Nội bộ,Ban hành chức năng nhiệm vụ của Phó giám đốc thiết bị,,,
data/00. Văn bản Điều hành/[06.01] Phó Giám Đốc Thiết Bị/306.QĐ-HCNS-Bổ nhiệm Phó Giám đốc thiết bị.25-08-2025.pdf,[06.01] Phó Giám Đốc Thiết Bị,306,2025,Quyết định,Phó Giám đốc Phụ trách Thiết bị,,2025-08-25,,Đang lưu hành,Nội bộ,Bổ nhiệm Phó Giám đốc thiết bị,,,
data/00. Văn bản Điều hành/[06.01] Phó Giám Đốc Thiết Bị/335.GUQ-TGĐ-Giấy ủy quyền của Bia Hạ Long cho ông Hoàng Văn Dương.06-04-2026.pdf,[06.01] Phó Giám Đốc Thiết Bị,335,2026,Giấy ủy quyền,Phó Giám đốc Phụ trách Thiết bị,,2026-04-06,,Đang lưu hành,Nội bộ,Giấy ủy quyền của Bia Hạ Long cho ông Hoàng Văn Dương,,,
data/00. Văn bản Điều hành/[06.02]Phó giám đốc sản xuất - kỹ thuật/295.2026.QĐ-HCNS-Điều chỉnh chức danh đối với bà Nguyễn Thị Chi.15-5-2026.pdf,[06.02]Phó giám đốc sản xuất - kỹ thuật,295,2026,Quyết định,Phó Giám đốc Sản xuất – Kỹ thuật,,2026-05-15,,Đang lưu hành,Nội bộ,Điều chỉnh chức danh đối với bà Nguyễn Thị Chi,,,
data/00. Văn bản Điều hành/[06.02]Phó giám đốc sản xuất - kỹ thuật/528.2026.QĐ-HCNS-Ban hành quy định về chức năng nhiệm vụ của Phó Giám đốc sản xuất-kỹ thuật.22-05-2026.docx,[06.02]Phó giám đốc sản xuất - kỹ thuật,528,2026,Quyết định,Phó Giám đốc Sản xuất – Kỹ thuật,,2026-05-22,,Đang lưu hành,Nội bộ,Ban hành quy định về chức năng nhiệm vụ của Phó Giám đốc sản xuất-kỹ thuật,,,
data/00. Văn bản Điều hành/[06.02]Phó giám đốc sản xuất - kỹ thuật/528.2026.QĐ-HCNS-Ban hành quy định về chức năng nhiệm vụ của Phó Giám đốc sản xuất-kỹ thuật.22-05-2026.pdf,[06.02]Phó giám đốc sản xuất - kỹ thuật,528,2026,Quyết định,Phó Giám đốc Sản xuất – Kỹ thuật,,2026-05-22,,Đang lưu hành,Nội bộ,Ban hành quy định về chức năng nhiệm vụ của Phó Giám đốc sản xuất-kỹ thuật,,,
data/00. Văn bản Điều hành/[07] Ban Pháp chế - Tuân thủ/100.NQ-HĐQT-ĐH đồng cổ đông thường niên 2025-Đông mai. 10.04.2025.pdf,[07] Ban Pháp chế - Tuân thủ,100,2025,Nghị quyết,Ban Pháp chế – Tuân thủ,,2025-04-10,,Đang lưu hành,Nội bộ,100.NQ-HĐQT-ĐH đồng cổ đông thường niên 2025-Đông mai. 10.04.2025,,,
data/00. Văn bản Điều hành/[07] Ban Pháp chế - Tuân thủ/194.2025.QĐ-HCNS-Quyết định vv Ban hành Quy trình tiếp đón và làm việc với cơ quan Nhà nước.28.03.2025.docx,[07] Ban Pháp chế - Tuân thủ,194,2025,Quyết định,Ban Pháp chế – Tuân thủ,,2025-03-28,,Đang lưu hành,Nội bộ,Quyết định vv Ban hành Quy trình tiếp đón và làm việc với cơ quan Nhà nước,,,
data/00. Văn bản Điều hành/[07] Ban Pháp chế - Tuân thủ/194.2025.QĐ-HCNS-Quyết định vv Ban hành Quy trình tiếp đón và làm việc với cơ quan Nhà nước.28.03.2025.pdf,[07] Ban Pháp chế - Tuân thủ,194,2025,Quyết định,Ban Pháp chế – Tuân thủ,,2025-03-28,,Đang lưu hành,Nội bộ,Quyết định vv Ban hành Quy trình tiếp đón và làm việc với cơ quan Nhà nước,,,
"data/00. Văn bản Điều hành/[07] Ban Pháp chế - Tuân thủ/201.2025.QĐ-HCNS-Quyết định Vv Ban hành quy trình tư vấn pháp lý,  soạn thảo và rà soát văn bản.07.04.2025.docx",[07] Ban Pháp chế - Tuân thủ,201,2025,Quyết định,Ban Pháp chế – Tuân thủ,,2025-04-07,,Đang lưu hành,Nội bộ,"Quyết định Vv Ban hành quy trình tư vấn pháp lý, soạn thảo và rà soát văn bản",,,
"data/00. Văn bản Điều hành/[07] Ban Pháp chế - Tuân thủ/201.2025.QĐ-HCNS-Quyết định Vv Ban hành quy trình tư vấn pháp lý,  soạn thảo và rà soát văn bản.07.04.2025.pdf",[07] Ban Pháp chế - Tuân thủ,201,2025,Quyết định,Ban Pháp chế – Tuân thủ,,2025-04-07,,Đang lưu hành,Nội bộ,"Quyết định Vv Ban hành quy trình tư vấn pháp lý, soạn thảo và rà soát văn bản",,,
data/00. Văn bản Điều hành/[07] Ban Pháp chế - Tuân thủ/213.2025.QĐ-HCNS-Quyết định Vv Ban hành quy trình thực hiện thủ tục pháp lý.10.04.2025.docx,[07] Ban Pháp chế - Tuân thủ,213,2025,Quyết định,Ban Pháp chế – Tuân thủ,,2025-04-10,,Đang lưu hành,Nội bộ,Quyết định Vv Ban hành quy trình thực hiện thủ tục pháp lý,,,
data/00. Văn bản Điều hành/[07] Ban Pháp chế - Tuân thủ/213.2025.QĐ-HCNS-Quyết định Vv Ban hành quy trình thực hiện thủ tục pháp lý.10.04.2025.pdf,[07] Ban Pháp chế - Tuân thủ,213,2025,Quyết định,Ban Pháp chế – Tuân thủ,,2025-04-10,,Đang lưu hành,Nội bộ,Quyết định Vv Ban hành quy trình thực hiện thủ tục pháp lý,,,
data/00. Văn bản Điều hành/[07] Ban Pháp chế - Tuân thủ/224.2025.TTr-TGĐ-Thu hồi Cổ phiếu của CBNV nghỉ việc.15.04.2025.pdf,[07] Ban Pháp chế - Tuân thủ,224,2025,Tờ trình,Ban Pháp chế – Tuân thủ,,2025-04-15,,Đang lưu hành,Nội bộ,Thu hồi Cổ phiếu của CBNV nghỉ việc,,,
data/00. Văn bản Điều hành/[07] Ban Pháp chế - Tuân thủ/225.2025.NQ-TGĐ-Thu hồi Cổ phiếu của CBNV nghỉ việc.15.04.2025.pdf,[07] Ban Pháp chế - Tuân thủ,225,2025,Nghị quyết,Ban Pháp chế – Tuân thủ,,2025-04-15,,Đang lưu hành,Nội bộ,Thu hồi Cổ phiếu của CBNV nghỉ việc,,,
data/00. Văn bản Điều hành/[07] Ban Pháp chế - Tuân thủ/236 .2025.QĐ-HCNS-Quyết định Vv Ban hành mẫu hợp đồng dịch vụ nguyên tắc. 22.04.2025.Mẫu hợp đồng dịch vụ nguyên tắc.docx,[07] Ban Pháp chế - Tuân thủ,236,2025,Quyết định,Ban Pháp chế – Tuân thủ,,2025-04-22,,Đang lưu hành,Nội bộ,Quyết định Vv Ban hành mẫu hợp đồng dịch vụ nguyên tắc,,,
data/00. Văn bản Điều hành/[07] Ban Pháp chế - Tuân thủ/236 .2025.QĐ-HCNS-Quyết định Vv Ban hành mẫu hợp đồng dịch vụ nguyên tắc. 22.04.2025.Mẫu hợp đồng dịch vụ.docx,[07] Ban Pháp chế - Tuân thủ,236,2025,Quyết định,Ban Pháp chế – Tuân thủ,,2025-04-22,,Đang lưu hành,Nội bộ,Quyết định Vv Ban hành mẫu hợp đồng dịch vụ nguyên tắc,,,
data/00. Văn bản Điều hành/[07] Ban Pháp chế - Tuân thủ/236 .2025.QĐ-HCNS-Quyết định Vv Ban hành mẫu hợp đồng dịch vụ nguyên tắc. 22.04.2025.pdf,[07] Ban Pháp chế - Tuân thủ,236,2025,Quyết định,Ban Pháp chế – Tuân thủ,,2025-04-22,,Đang lưu hành,Nội bộ,Quyết định Vv Ban hành mẫu hợp đồng dịch vụ nguyên tắc,,,
data/00. Văn bản Điều hành/[07] Ban Pháp chế - Tuân thủ/250.QĐ-TGĐ-Quyết định Vv thành lập Đoàn điều tra nội bộ.09.04.2025.pdf,[07] Ban Pháp chế - Tuân thủ,250,2025,Quyết định,Ban Pháp chế – Tuân thủ,,2025-04-09,,Đang lưu hành,Nội bộ,Quyết định Vv thành lập Đoàn điều tra nội bộ,,,
data/00. Văn bản Điều hành/[07] Ban Pháp chế - Tuân thủ/314.QĐ-HCNS-Quyết định Vv Ban hành mẫu hợp đồng thi công và lắp đặt bảng biển.24.05.2025.docx,[07] Ban Pháp chế - Tuân thủ,314,2025,Quyết định,Ban Pháp chế – Tuân thủ,,2025-05-24,,Đang lưu hành,Nội bộ,Quyết định Vv Ban hành mẫu hợp đồng thi công và lắp đặt bảng biển,,,
data/00. Văn bản Điều hành/[07] Ban Pháp chế - Tuân thủ/314.QĐ-HCNS-Quyết định Vv Ban hành mẫu hợp đồng thi công và lắp đặt bảng biển.24.05.2025.pdf,[07] Ban Pháp chế - Tuân thủ,314,2025,Quyết định,Ban Pháp chế – Tuân thủ,,2025-05-24,,Đang lưu hành,Nội bộ,Quyết định Vv Ban hành mẫu hợp đồng thi công và lắp đặt bảng biển,,,
data/00. Văn bản Điều hành/[07] Ban Pháp chế - Tuân thủ/315.QĐ-HCNS-Quyết định Vv Ban hành mẫu hợp đồng mua bán lắp đặt thiết bị máy móc.24.05.2025.docx,[07] Ban Pháp chế - Tuân thủ,315,2025,Quyết định,Ban Pháp chế – Tuân thủ,,2025-05-24,,Đang lưu hành,Nội bộ,Quyết định Vv Ban hành mẫu hợp đồng mua bán lắp đặt thiết bị máy móc,,,
data/00. Văn bản Điều hành/[07] Ban Pháp chế - Tuân thủ/315.QĐ-HCNS-Quyết định Vv Ban hành mẫu hợp đồng mua bán lắp đặt thiết bị máy móc.24.05.2025.pdf,[07] Ban Pháp chế - Tuân thủ,315,2025,Quyết định,Ban Pháp chế – Tuân thủ,,2025-05-24,,Đang lưu hành,Nội bộ,Quyết định Vv Ban hành mẫu hợp đồng mua bán lắp đặt thiết bị máy móc,,,
data/00. Văn bản Điều hành/[07] Ban Pháp chế - Tuân thủ/316.QĐ-HCNS-Quyết định Vv Ban hành mẫu hợp đồng mua bán hàng hóa.24.05.2025.docx,[07] Ban Pháp chế - Tuân thủ,316,2025,Quyết định,Ban Pháp chế – Tuân thủ,,2025-05-24,,Đang lưu hành,Nội bộ,Quyết định Vv Ban hành mẫu hợp đồng mua bán hàng hóa,,,
data/00. Văn bản Điều hành/[07] Ban Pháp chế - Tuân thủ/316.QĐ-HCNS-Quyết định Vv Ban hành mẫu hợp đồng mua bán hàng hóa.24.05.2025.pdf,[07] Ban Pháp chế - Tuân thủ,316,2025,Quyết định,Ban Pháp chế – Tuân thủ,,2025-05-24,,Đang lưu hành,Nội bộ,Quyết định Vv Ban hành mẫu hợp đồng mua bán hàng hóa,,,
data/00. Văn bản Điều hành/[07] Ban Pháp chế - Tuân thủ/376.QĐ-HCNS-Quyết định Vv Ban hành quy trình giải quyết tranh chấp.20.06.2025.docx,[07] Ban Pháp chế - Tuân thủ,376,2025,Quyết định,Ban Pháp chế – Tuân thủ,,2025-06-20,,Đang lưu hành,Nội bộ,Quyết định Vv Ban hành quy trình giải quyết tranh chấp,,,
data/00. Văn bản Điều hành/[07] Ban Pháp chế - Tuân thủ/376.QĐ-HCNS-Quyết định Vv Ban hành quy trình giải quyết tranh chấp.20.06.2025.pdf,[07] Ban Pháp chế - Tuân thủ,376,2025,Quyết định,Ban Pháp chế – Tuân thủ,,2025-06-20,,Đang lưu hành,Nội bộ,Quyết định Vv Ban hành quy trình giải quyết tranh chấp,,,
"data/00. Văn bản Điều hành/[07] Ban Pháp chế - Tuân thủ/39.QĐ-NS-Ban hành quy định  chức năng, nhiệm vụ, và cơ cấu tổ chức của Ban Pháp Chế - Tuân Thủ.02.01.2024.docx",[07] Ban Pháp chế - Tuân thủ,39,2024,Quyết định,Ban Pháp chế – Tuân thủ,,2024-01-02,,Đang lưu hành,Nội bộ,"39.QĐ-NS-Ban hành quy định chức năng, nhiệm vụ, và cơ cấu tổ chức của Ban Pháp Chế - Tuân Thủ.02.01.2024",,,
"data/00. Văn bản Điều hành/[07] Ban Pháp chế - Tuân thủ/39.QĐ-NS-Ban hành quy định  chức năng, nhiệm vụ, và cơ cấu tổ chức của Ban Pháp Chế - Tuân Thủ.02.01.2024.pdf",[07] Ban Pháp chế - Tuân thủ,39,2024,Quyết định,Ban Pháp chế – Tuân thủ,,2024-01-02,,Đang lưu hành,Nội bộ,"39.QĐ-NS-Ban hành quy định chức năng, nhiệm vụ, và cơ cấu tổ chức của Ban Pháp Chế - Tuân Thủ.02.01.2024",,,
data/00. Văn bản Điều hành/[07] Ban Pháp chế - Tuân thủ/731.2025.QĐ-HCNS-Ban hành quy trình xử lý kỷ luật.09.10.2025.docx,[07] Ban Pháp chế - Tuân thủ,731,2025,Quyết định,Ban Pháp chế – Tuân thủ,,2025-10-09,,Đang lưu hành,Nội bộ,Ban hành quy trình xử lý kỷ luật,,,
data/00. Văn bản Điều hành/[07] Ban Pháp chế - Tuân thủ/731.2025.QĐ-HCNS-Ban hành quy trình xử lý kỷ luật.09.10.2025.pdf,[07] Ban Pháp chế - Tuân thủ,731,2025,Quyết định,Ban Pháp chế – Tuân thủ,,2025-10-09,,Đang lưu hành,Nội bộ,Ban hành quy trình xử lý kỷ luật,,,
data/00. Văn bản Điều hành/[08] Ban Tài chính - Kiểm soát nội bộ/156.2025.QĐ-HCNS-Ban hành quy trình Quản lý ngân sách ban hành.21-03-2025.pdf,[08] Ban Tài chính - Kiểm soát nội bộ,156,2025,Quyết định,Ban Tài chính – Kiểm soát nội bộ,,2025-03-21,,Đang lưu hành,Nội bộ,Ban hành quy trình Quản lý ngân sách ban hành,,,
data/00. Văn bản Điều hành/[08] Ban Tài chính - Kiểm soát nội bộ/250.QĐ-TGĐ-Quyết định thành lập Đoàn điều tra nội bộ.09-04-2025.pdf,[08] Ban Tài chính - Kiểm soát nội bộ,250,2025,Quyết định,Ban Tài chính – Kiểm soát nội bộ,,2025-04-09,,Đang lưu hành,Nội bộ,Quyết định thành lập Đoàn điều tra nội bộ,,,
data/00. Văn bản Điều hành/[08] Ban Tài chính - Kiểm soát nội bộ/416.2025.QĐ-TCKS-Ban hành giá bán lẻ bán buôn hàng hóa mặt hàng Bia lon Hạ Long Idol 330ml.10-07-2025.pdf,[08] Ban Tài chính - Kiểm soát nội bộ,416,2025,Quyết định,Ban Tài chính – Kiểm soát nội bộ,,2025-07-10,,Đang lưu hành,Nội bộ,Ban hành giá bán lẻ bán buôn hàng hóa mặt hàng Bia lon Hạ Long Idol 330ml,,,
data/00. Văn bản Điều hành/[08] Ban Tài chính - Kiểm soát nội bộ/417.QĐ-TCKS-Đơn giá cước dịch vụ vận chuyển bằng ô tô đối với sản phẩm Bia lon Hạ long Idol 330ml.10-07-2025.pdf,[08] Ban Tài chính - Kiểm soát nội bộ,417,2025,Quyết định,Ban Tài chính – Kiểm soát nội bộ,,2025-07-10,,Đang lưu hành,Nội bộ,Đơn giá cước dịch vụ vận chuyển bằng ô tô đối với sản phẩm Bia lon Hạ long Idol 330ml,,,
data/00. Văn bản Điều hành/[08] Ban Tài chính - Kiểm soát nội bộ/419.QĐ-HCNS-Quyết định Luân chuyển công tác đối với Ông Phạm Ngọc Vinh.11-07-2025.pdf,[08] Ban Tài chính - Kiểm soát nội bộ,419,2025,Quyết định,Ban Tài chính – Kiểm soát nội bộ,,2025-07-11,,Đang lưu hành,Nội bộ,Quyết định Luân chuyển công tác đối với Ông Phạm Ngọc Vinh,,,
data/00. Văn bản Điều hành/[08] Ban Tài chính - Kiểm soát nội bộ/420.QĐ-HCNS-Quyết định Luân chuyển công tác đối với Ông Thái Nguyễn Cần.11-07-2025.pdf,[08] Ban Tài chính - Kiểm soát nội bộ,420,2025,Quyết định,Ban Tài chính – Kiểm soát nội bộ,,2025-07-11,,Đang lưu hành,Nội bộ,Quyết định Luân chuyển công tác đối với Ông Thái Nguyễn Cần,,,
data/00. Văn bản Điều hành/[08] Ban Tài chính - Kiểm soát nội bộ/421.QĐ-HCNS-Quyết định Kiêm nhiệm chức danh của Ông Thái Nguyễn Cần.11-07-2025.pdf,[08] Ban Tài chính - Kiểm soát nội bộ,421,2025,Quyết định,Ban Tài chính – Kiểm soát nội bộ,,2025-07-11,,Đang lưu hành,Nội bộ,Quyết định Kiêm nhiệm chức danh của Ông Thái Nguyễn Cần,,,
data/00. Văn bản Điều hành/[08] Ban Tài chính - Kiểm soát nội bộ/422.QĐ-HCNS-Quyết định kiêm nhiệm chức danh ông Phạm Ngọc Vinh.11-07-2025.pdf,[08] Ban Tài chính - Kiểm soát nội bộ,422,2025,Quyết định,Ban Tài chính – Kiểm soát nội bộ,,2025-07-11,,Đang lưu hành,Nội bộ,Quyết định kiêm nhiệm chức danh ông Phạm Ngọc Vinh,,,
data/00. Văn bản Điều hành/[08] Ban Tài chính - Kiểm soát nội bộ/440.2025.QĐ-HCNS-Quy định về chức năng nhiệm vụ và cơ cấu tổ chức của Ban tài chính-Kiểm soát nội bộ.22-07-2025.docx,[08] Ban Tài chính - Kiểm soát nội bộ,440,2025,Quyết định,Ban Tài chính – Kiểm soát nội bộ,,2025-07-22,,Đang lưu hành,Nội bộ,Quy định về chức năng nhiệm vụ và cơ cấu tổ chức của Ban tài chính-Kiểm soát nội bộ,,,
data/00. Văn bản Điều hành/[08] Ban Tài chính - Kiểm soát nội bộ/440.2025.QĐ-HCNS-Quy định về chức năng nhiệm vụ và cơ cấu tổ chức của Ban tài chính-Kiểm soát nội bộ.22-07-2025.pdf,[08] Ban Tài chính - Kiểm soát nội bộ,440,2025,Quyết định,Ban Tài chính – Kiểm soát nội bộ,,2025-07-22,,Đang lưu hành,Nội bộ,Quy định về chức năng nhiệm vụ và cơ cấu tổ chức của Ban tài chính-Kiểm soát nội bộ,,,
data/00. Văn bản Điều hành/[08] Ban Tài chính - Kiểm soát nội bộ/513.QĐ-HCNS-Bổ nhiệm Trợ lý Ban điều hành kiêm phó ban tài chính và kiểm soát nội bộ.21-08-2025.pdf,[08] Ban Tài chính - Kiểm soát nội bộ,513,2025,Quyết định,Ban Tài chính – Kiểm soát nội bộ,,2025-08-21,,Đang lưu hành,Nội bộ,Bổ nhiệm Trợ lý Ban điều hành kiêm phó ban tài chính và kiểm soát nội bộ,,,
data/00. Văn bản Điều hành/[08] Ban Tài chính - Kiểm soát nội bộ/743.QĐ-HCNS-Điều chỉnh giá bán lẻ bán buôn hàng hóa.15-10-2025.pdf,[08] Ban Tài chính - Kiểm soát nội bộ,743,2025,Quyết định,Ban Tài chính – Kiểm soát nội bộ,,2025-10-15,,Đang lưu hành,Nội bộ,Điều chỉnh giá bán lẻ bán buôn hàng hóa,,,
data/00. Văn bản Điều hành/[08] Ban Tài chính - Kiểm soát nội bộ/75.2025.QĐ-HCNS-Quy trình thanh tra kiểm tra nội bộ.18-02-2025.docx,[08] Ban Tài chính - Kiểm soát nội bộ,75,2025,Quyết định,Ban Tài chính – Kiểm soát nội bộ,,2025-02-18,,Đang lưu hành,Nội bộ,Quy trình thanh tra kiểm tra nội bộ,,,
data/00. Văn bản Điều hành/[08] Ban Tài chính - Kiểm soát nội bộ/75.2025.QĐ-HCNS-Quy trình thanh tra kiểm tra nội bộ.18-02-2025.pdf,[08] Ban Tài chính - Kiểm soát nội bộ,75,2025,Quyết định,Ban Tài chính – Kiểm soát nội bộ,,2025-02-18,,Đang lưu hành,Nội bộ,Quy trình thanh tra kiểm tra nội bộ,,,
data/00. Văn bản Điều hành/[08] Ban Tài chính - Kiểm soát nội bộ/774.QĐ-HCNS-Bổ nhiệm Trưởng bộ phận tài chính.05-11-2025.pdf,[08] Ban Tài chính - Kiểm soát nội bộ,774,2025,Quyết định,Ban Tài chính – Kiểm soát nội bộ,,2025-11-05,,Đang lưu hành,Nội bộ,Bổ nhiệm Trưởng bộ phận tài chính,,,
data/00. Văn bản Điều hành/[08] Ban Tài chính - Kiểm soát nội bộ/79.2025.QĐ-HCNS-Quy trình giám sát kiểm toán nội bộ ban hành.20-02-2025.docx,[08] Ban Tài chính - Kiểm soát nội bộ,79,2025,Quyết định,Ban Tài chính – Kiểm soát nội bộ,,2025-02-20,,Đang lưu hành,Nội bộ,Quy trình giám sát kiểm toán nội bộ ban hành,,,
data/00. Văn bản Điều hành/[08] Ban Tài chính - Kiểm soát nội bộ/79.2025.QĐ-HCNS-Quy trình giám sát kiểm toán nội bộ ban hành.20-02-2025.pdf,[08] Ban Tài chính - Kiểm soát nội bộ,79,2025,Quyết định,Ban Tài chính – Kiểm soát nội bộ,,2025-02-20,,Đang lưu hành,Nội bộ,Quy trình giám sát kiểm toán nội bộ ban hành,,,
data/00. Văn bản Điều hành/[08] Ban Tài chính - Kiểm soát nội bộ/870.2025.QĐ-HCNS-Quy định về quản lý công cụ và thiết bị bán hàng.25-12-2025.docx,[08] Ban Tài chính - Kiểm soát nội bộ,870,2025,Quyết định,Ban Tài chính – Kiểm soát nội bộ,,2025-12-25,,Đang lưu hành,Nội bộ,Quy định về quản lý công cụ và thiết bị bán hàng,,,
data/00. Văn bản Điều hành/[08] Ban Tài chính - Kiểm soát nội bộ/870.2025.QĐ-HCNS-Quy định về quản lý công cụ và thiết bị bán hàng.25-12-2025.pdf,[08] Ban Tài chính - Kiểm soát nội bộ,870,2025,Quyết định,Ban Tài chính – Kiểm soát nội bộ,,2025-12-25,,Đang lưu hành,Nội bộ,Quy định về quản lý công cụ và thiết bị bán hàng,,,
data/00. Văn bản Điều hành/[09] Ban S-H-E/01.QĐ-SHE-Thành lập ban chỉ đạo về công tác PCCC và CNCH.02-01-2025.pdf,[09] Ban S-H-E,01,2025,Quyết định,Ban S-H-E,,2025-01-02,,Đang lưu hành,Nội bộ,Thành lập ban chỉ đạo về công tác PCCC và CNCH,,,
data/00. Văn bản Điều hành/[09] Ban S-H-E/02.QĐ-SHE-Ban hành Nội quy PCCC và CNCH.02-01-2025.pdf,[09] Ban S-H-E,02,2025,Quyết định,Ban S-H-E,,2025-01-02,,Đang lưu hành,Nội bộ,Ban hành Nội quy PCCC và CNCH,,,
data/00. Văn bản Điều hành/[09] Ban S-H-E/180.2026.QĐ-HCNS-Hướng dẫn cấp phát vật tư y tế.06-02-2026.pdf,[09] Ban S-H-E,180,2026,Quyết định,Ban S-H-E,,2026-02-06,,Đang lưu hành,Nội bộ,Hướng dẫn cấp phát vật tư y tế,,,
data/00. Văn bản Điều hành/[09] Ban S-H-E/243.QĐ-SHE-Quyết định Thành lập đội Phòng cháy chữa cháy.01-07-2025.pdf,[09] Ban S-H-E,243,2025,Quyết định,Ban S-H-E,,2025-07-01,,Đang lưu hành,Nội bộ,Quyết định Thành lập đội Phòng cháy chữa cháy,,,
data/00. Văn bản Điều hành/[09] Ban S-H-E/244.QĐ-SHE-Quy chế hoạt động của đội Phòng cháy chữa cháy ban hành.01-07-2025.docx,[09] Ban S-H-E,244,2025,Quyết định,Ban S-H-E,,2025-07-01,,Đang lưu hành,Nội bộ,Quy chế hoạt động của đội Phòng cháy chữa cháy ban hành,,,
data/00. Văn bản Điều hành/[09] Ban S-H-E/244.QĐ-SHE-Quy chế hoạt động của đội Phòng cháy chữa cháy ban hành.01-07-2025.pdf,[09] Ban S-H-E,244,2025,Quyết định,Ban S-H-E,,2025-07-01,,Đang lưu hành,Nội bộ,Quy chế hoạt động của đội Phòng cháy chữa cháy ban hành,,,
data/00. Văn bản Điều hành/[09] Ban S-H-E/245.QĐ-SHE-Quyết định Thành lập Ban chỉ đạo về công tác PCCC &CNCH.01-07-2025.pdf,[09] Ban S-H-E,245,2025,Quyết định,Ban S-H-E,,2025-07-01,,Đang lưu hành,Nội bộ,Quyết định Thành lập Ban chỉ đạo về công tác PCCC &CNCH,,,
data/00. Văn bản Điều hành/[09] Ban S-H-E/247.QĐ-HCNS-Quyết định Miễn nhiệm vị trí Phó ban SHE.02-07-2025.pdf,[09] Ban S-H-E,247,2025,Quyết định,Ban S-H-E,,2025-07-02,,Đang lưu hành,Nội bộ,Quyết định Miễn nhiệm vị trí Phó ban SHE,,,
data/00. Văn bản Điều hành/[09] Ban S-H-E/415.2026.QĐ-HCNS-ban hành hướng dẫn thực hành GEMBA WALK.25-04-2026.docx,[09] Ban S-H-E,415,2026,Quyết định,Ban S-H-E,,2026-04-25,,Đang lưu hành,Nội bộ,ban hành hướng dẫn thực hành GEMBA WALK,,,
data/00. Văn bản Điều hành/[09] Ban S-H-E/415.2026.QĐ-HCNS-ban hành hướng dẫn thực hành GEMBA WALK.25-04-2026.pdf,[09] Ban S-H-E,415,2026,Quyết định,Ban S-H-E,,2026-04-25,,Đang lưu hành,Nội bộ,ban hành hướng dẫn thực hành GEMBA WALK,,,
data/00. Văn bản Điều hành/[09] Ban S-H-E/415.2026.QĐ-HCNS-ban hành hướng dẫn thực hành GEMBA WALK.25-04-2026_1.pdf,[09] Ban S-H-E,415,2026,Quyết định,Ban S-H-E,,2026-04-25,,Đang lưu hành,Nội bộ,ban hành hướng dẫn thực hành GEMBA WALK,,,
data/00. Văn bản Điều hành/[09] Ban S-H-E/488.2026-QĐ-HCNS-SĐTC chức năng nhiệm vụ của phòng ban SHE.15-05-2026.docx,[09] Ban S-H-E,488,2026,Sơ đồ tổ chức,Ban S-H-E,,2026-05-15,,Đang lưu hành,Nội bộ,488.2026-QĐ-HCNS-SĐTC chức năng nhiệm vụ của phòng ban SHE.15-05-2026,,,
data/00. Văn bản Điều hành/[09] Ban S-H-E/488.2026-QĐ-HCNS-SĐTC chức năng nhiệm vụ của phòng ban SHE.15-05-2026.pdf,[09] Ban S-H-E,488,2026,Sơ đồ tổ chức,Ban S-H-E,,2026-05-15,,Đang lưu hành,Nội bộ,488.2026-QĐ-HCNS-SĐTC chức năng nhiệm vụ của phòng ban SHE.15-05-2026,,,
data/00. Văn bản Điều hành/[09] Ban S-H-E/521.2025.QĐ-HCNS-Quy định an toàn vận hành.21-08-2025.docx,[09] Ban S-H-E,521,2025,Quyết định,Ban S-H-E,,2025-08-21,,Đang lưu hành,Nội bộ,Quy định an toàn vận hành,,,
data/00. Văn bản Điều hành/[09] Ban S-H-E/521.2025.QĐ-HCNS-Quy định an toàn vận hành.21-08-2025.pdf,[09] Ban S-H-E,521,2025,Quyết định,Ban S-H-E,,2025-08-21,,Đang lưu hành,Nội bộ,Quy định an toàn vận hành,,,
data/00. Văn bản Điều hành/[09] Ban S-H-E/522.2025.QĐ-HCNS-Quy trình quản lý về an toàn-môi trường sức khỏe nhà thầu và khách.21-08-2025.DOC,[09] Ban S-H-E,522,2025,Quyết định,Ban S-H-E,,2025-08-21,,Đang lưu hành,Nội bộ,Quy trình quản lý về an toàn-môi trường sức khỏe nhà thầu và khách,,,
data/00. Văn bản Điều hành/[09] Ban S-H-E/522.2025.QĐ-HCNS-Quy trình quản lý về an toàn-môi trường sức khỏe nhà thầu và khách.21-08-2025.pdf,[09] Ban S-H-E,522,2025,Quyết định,Ban S-H-E,,2025-08-21,,Đang lưu hành,Nội bộ,Quy trình quản lý về an toàn-môi trường sức khỏe nhà thầu và khách,,,
data/00. Văn bản Điều hành/[09] Ban S-H-E/527.QĐ-HCNS-Bổ nhiệm vị trí Phó ban An toàn-Sức khỏe-Môi trường.26-08-2025.pdf,[09] Ban S-H-E,527,2025,Quyết định,Ban S-H-E,,2025-08-26,,Đang lưu hành,Nội bộ,Bổ nhiệm vị trí Phó ban An toàn-Sức khỏe-Môi trường,,,
data/00. Văn bản Điều hành/[09] Ban S-H-E/528.QĐ-HCNS-Miễn nhiệm vị trí Trưởng ban An toàn-Sức khỏe-Môi trường.26-08-2025.pdf,[09] Ban S-H-E,528,2025,Quyết định,Ban S-H-E,,2025-08-26,,Đang lưu hành,Nội bộ,Miễn nhiệm vị trí Trưởng ban An toàn-Sức khỏe-Môi trường,,,
data/00. Văn bản Điều hành/[09] Ban S-H-E/579.2025.QĐ-HCNS-Quy định quản lý văn hàn.29-08-2025.pdf,[09] Ban S-H-E,579,2025,Quyết định,Ban S-H-E,,2025-08-29,,Đang lưu hành,Nội bộ,Quy định quản lý văn hàn,,,
data/00. Văn bản Điều hành/[09] Ban S-H-E/618.QĐ-HCNS-quy định an toàn điện ban hành.17-09-2025.docx,[09] Ban S-H-E,618,2025,Quyết định,Ban S-H-E,,2025-09-17,,Đang lưu hành,Nội bộ,quy định an toàn điện ban hành,,,
data/00. Văn bản Điều hành/[09] Ban S-H-E/618.QĐ-HCNS-quy định an toàn điện ban hành.17-09-2025.pdf,[09] Ban S-H-E,618,2025,Quyết định,Ban S-H-E,,2025-09-17,,Đang lưu hành,Nội bộ,quy định an toàn điện ban hành,,,
data/00. Văn bản Điều hành/[09] Ban S-H-E/619.QĐ-HCNS-Quy trình điều tra an toàn lao động.17-09-2025.docx,[09] Ban S-H-E,619,2025,Quyết định,Ban S-H-E,,2025-09-17,,Đang lưu hành,Nội bộ,Quy trình điều tra an toàn lao động,,,
data/00. Văn bản Điều hành/[09] Ban S-H-E/619.QĐ-HCNS-Quy trình điều tra an toàn lao động.17-09-2025.pdf,[09] Ban S-H-E,619,2025,Quyết định,Ban S-H-E,,2025-09-17,,Đang lưu hành,Nội bộ,Quy trình điều tra an toàn lao động,,,
data/00. Văn bản Điều hành/[09] Ban S-H-E/784.QĐ-Ban 5S thành lập ban chỉ đạo thực hiện 5S.11-11-2025.docx,[09] Ban S-H-E,784,2025,Quyết định,Ban S-H-E,,2025-11-11,,Đang lưu hành,Nội bộ,784.QĐ-Ban 5S thành lập ban chỉ đạo thực hiện 5S.11-11-2025,,,
data/00. Văn bản Điều hành/[09] Ban S-H-E/784.QĐ-Ban 5S thành lập ban chỉ đạo thực hiện 5S.11-11-2025.pdf,[09] Ban S-H-E,784,2025,Quyết định,Ban S-H-E,,2025-11-11,,Đang lưu hành,Nội bộ,784.QĐ-Ban 5S thành lập ban chỉ đạo thực hiện 5S.11-11-2025,,,
data/00. Văn bản Điều hành/[09] Ban S-H-E/792.QĐ-HCNS-Hướng dẫn thực hành 4S.17-11-2025.docx,[09] Ban S-H-E,792,2025,Quyết định,Ban S-H-E,,2025-11-17,,Đang lưu hành,Nội bộ,Hướng dẫn thực hành 4S,,,
data/00. Văn bản Điều hành/[09] Ban S-H-E/792.QĐ-HCNS-Hướng dẫn thực hành 4S.17-11-2025.pdf,[09] Ban S-H-E,792,2025,Quyết định,Ban S-H-E,,2025-11-17,,Đang lưu hành,Nội bộ,Hướng dẫn thực hành 4S,,,
data/00. Văn bản Điều hành/[09] Ban S-H-E/797.QĐ-HCNS-quy định trang bị phương tiện bảo hộ lao động cá nhân.20-11-2025.docx,[09] Ban S-H-E,797,2025,Quyết định,Ban S-H-E,,2025-11-20,,Đang lưu hành,Nội bộ,quy định trang bị phương tiện bảo hộ lao động cá nhân,,,
data/00. Văn bản Điều hành/[09] Ban S-H-E/797.QĐ-HCNS-quy định trang bị phương tiện bảo hộ lao động cá nhân.20-11-2025.pdf,[09] Ban S-H-E,797,2025,Quyết định,Ban S-H-E,,2025-11-20,,Đang lưu hành,Nội bộ,quy định trang bị phương tiện bảo hộ lao động cá nhân,,,
"data/00. Văn bản Điều hành/[10] Phòng Kỹ Thuật, Công Nghệ, và Cải Tiến Sản Xuất/122.QĐ-ĐM-Điều chuyển nhân sự.27-02-2026.pdf","[10] Phòng Kỹ Thuật, Công Nghệ, và Cải Tiến Sản Xuất",122,2026,Quyết định,"Phòng Kỹ thuật, Công nghệ và Cải tiến Sản xuất",,2026-02-27,,Đang lưu hành,Nội bộ,122.QĐ-ĐM-Điều chuyển nhân sự.27-02-2026,,,
"data/00. Văn bản Điều hành/[10] Phòng Kỹ Thuật, Công Nghệ, và Cải Tiến Sản Xuất/157.2025.QĐ-HCNS-hướng dẫn lộ trình trụ cột lãnh đạo Leadership.21-3-2025.docx","[10] Phòng Kỹ Thuật, Công Nghệ, và Cải Tiến Sản Xuất",157,2025,Quyết định,"Phòng Kỹ thuật, Công nghệ và Cải tiến Sản xuất",,2025-03-21,,Đang lưu hành,Nội bộ,hướng dẫn lộ trình trụ cột lãnh đạo Leadership,,,
"data/00. Văn bản Điều hành/[10] Phòng Kỹ Thuật, Công Nghệ, và Cải Tiến Sản Xuất/157.2025.QĐ-HCNS-hướng dẫn lộ trình trụ cột lãnh đạo Leadership.21-3-2025.pdf","[10] Phòng Kỹ Thuật, Công Nghệ, và Cải Tiến Sản Xuất",157,2025,Quyết định,"Phòng Kỹ thuật, Công nghệ và Cải tiến Sản xuất",,2025-03-21,,Đang lưu hành,Nội bộ,hướng dẫn lộ trình trụ cột lãnh đạo Leadership,,,
"data/00. Văn bản Điều hành/[10] Phòng Kỹ Thuật, Công Nghệ, và Cải Tiến Sản Xuất/158.2025.QĐ-HCNS-hướng dẫn lộ trình trụ cột bảo trì kế hoạch PM.21-3-2025.docx","[10] Phòng Kỹ Thuật, Công Nghệ, và Cải Tiến Sản Xuất",158,2025,Quyết định,"Phòng Kỹ thuật, Công nghệ và Cải tiến Sản xuất",,2025-03-21,,Đang lưu hành,Nội bộ,hướng dẫn lộ trình trụ cột bảo trì kế hoạch PM,,,
"data/00. Văn bản Điều hành/[10] Phòng Kỹ Thuật, Công Nghệ, và Cải Tiến Sản Xuất/158.2025.QĐ-HCNS-hướng dẫn lộ trình trụ cột bảo trì kế hoạch PM.21-3-2025.pdf","[10] Phòng Kỹ Thuật, Công Nghệ, và Cải Tiến Sản Xuất",158,2025,Quyết định,"Phòng Kỹ thuật, Công nghệ và Cải tiến Sản xuất",,2025-03-21,,Đang lưu hành,Nội bộ,hướng dẫn lộ trình trụ cột bảo trì kế hoạch PM,,,
"data/00. Văn bản Điều hành/[10] Phòng Kỹ Thuật, Công Nghệ, và Cải Tiến Sản Xuất/158.2025.QĐ-HCNS-Hướng dẫn lộ trình trụ cột bảo trì kế hoạch PM.21-3-2025_1.docx","[10] Phòng Kỹ Thuật, Công Nghệ, và Cải Tiến Sản Xuất",158,2025,Quyết định,"Phòng Kỹ thuật, Công nghệ và Cải tiến Sản xuất",,2025-03-21,,Đang lưu hành,Nội bộ,Hướng dẫn lộ trình trụ cột bảo trì kế hoạch PM,,,
"data/00. Văn bản Điều hành/[10] Phòng Kỹ Thuật, Công Nghệ, và Cải Tiến Sản Xuất/158.2025.QĐ-HCNS-Hướng dẫn lộ trình trụ cột bảo trì kế hoạch PM.21-3-2025_1.pdf","[10] Phòng Kỹ Thuật, Công Nghệ, và Cải Tiến Sản Xuất",158,2025,Quyết định,"Phòng Kỹ thuật, Công nghệ và Cải tiến Sản xuất",,2025-03-21,,Đang lưu hành,Nội bộ,Hướng dẫn lộ trình trụ cột bảo trì kế hoạch PM,,,
"data/00. Văn bản Điều hành/[10] Phòng Kỹ Thuật, Công Nghệ, và Cải Tiến Sản Xuất/159.2025.QĐ-HCNS-Lưu đồ quy trình điều phối cải tiến sản xuất.21-3-2025.vsdx","[10] Phòng Kỹ Thuật, Công Nghệ, và Cải Tiến Sản Xuất",159,2025,Quyết định,"Phòng Kỹ thuật, Công nghệ và Cải tiến Sản xuất",,2025-03-21,,Đang lưu hành,Nội bộ,Lưu đồ quy trình điều phối cải tiến sản xuất,,,
"data/00. Văn bản Điều hành/[10] Phòng Kỹ Thuật, Công Nghệ, và Cải Tiến Sản Xuất/159.2025.QĐ-HCNS-quy trình điều phối cải tiến sản xuất.21-3-2025.docx","[10] Phòng Kỹ Thuật, Công Nghệ, và Cải Tiến Sản Xuất",159,2025,Quyết định,"Phòng Kỹ thuật, Công nghệ và Cải tiến Sản xuất",,2025-03-21,,Đang lưu hành,Nội bộ,quy trình điều phối cải tiến sản xuất,,,
"data/00. Văn bản Điều hành/[10] Phòng Kỹ Thuật, Công Nghệ, và Cải Tiến Sản Xuất/159.2025.QĐ-HCNS-quy trình điều phối cải tiến sản xuất.21-3-2025.pdf","[10] Phòng Kỹ Thuật, Công Nghệ, và Cải Tiến Sản Xuất",159,2025,Quyết định,"Phòng Kỹ thuật, Công nghệ và Cải tiến Sản xuất",,2025-03-21,,Đang lưu hành,Nội bộ,quy trình điều phối cải tiến sản xuất,,,
"data/00. Văn bản Điều hành/[10] Phòng Kỹ Thuật, Công Nghệ, và Cải Tiến Sản Xuất/167.2025.QĐ-HCNS-Hướng dẫn lộ trình trụ cột bảo trì tự quản AM.24-3-2025.docx","[10] Phòng Kỹ Thuật, Công Nghệ, và Cải Tiến Sản Xuất",167,2025,Quyết định,"Phòng Kỹ thuật, Công nghệ và Cải tiến Sản xuất",,2025-03-24,,Đang lưu hành,Nội bộ,Hướng dẫn lộ trình trụ cột bảo trì tự quản AM,,,
"data/00. Văn bản Điều hành/[10] Phòng Kỹ Thuật, Công Nghệ, và Cải Tiến Sản Xuất/167.2025.QĐ-HCNS-Hướng dẫn lộ trình trụ cột bảo trì tự quản AM.24-3-2025.pdf","[10] Phòng Kỹ Thuật, Công Nghệ, và Cải Tiến Sản Xuất",167,2025,Quyết định,"Phòng Kỹ thuật, Công nghệ và Cải tiến Sản xuất",,2025-03-24,,Đang lưu hành,Nội bộ,Hướng dẫn lộ trình trụ cột bảo trì tự quản AM,,,
"data/00. Văn bản Điều hành/[10] Phòng Kỹ Thuật, Công Nghệ, và Cải Tiến Sản Xuất/175.2025.QĐ-HCNS-Hướng dẫn lộ trình trụ cột chất lượng tiến bộ PQ.28-3-2025.docx","[10] Phòng Kỹ Thuật, Công Nghệ, và Cải Tiến Sản Xuất",175,2025,Quyết định,"Phòng Kỹ thuật, Công nghệ và Cải tiến Sản xuất",,2025-03-28,,Đang lưu hành,Nội bộ,Hướng dẫn lộ trình trụ cột chất lượng tiến bộ PQ,,,
"data/00. Văn bản Điều hành/[10] Phòng Kỹ Thuật, Công Nghệ, và Cải Tiến Sản Xuất/175.2025.QĐ-HCNS-Hướng dẫn lộ trình trụ cột chất lượng tiến bộ PQ.28-3-2025.pdf","[10] Phòng Kỹ Thuật, Công Nghệ, và Cải Tiến Sản Xuất",175,2025,Quyết định,"Phòng Kỹ thuật, Công nghệ và Cải tiến Sản xuất",,2025-03-28,,Đang lưu hành,Nội bộ,Hướng dẫn lộ trình trụ cột chất lượng tiến bộ PQ,,,
"data/00. Văn bản Điều hành/[10] Phòng Kỹ Thuật, Công Nghệ, và Cải Tiến Sản Xuất/201.QĐ-HCNS-Bổ nhiệm Chuyên gia cấp 2 kiêm Quản lý phòng Kỹ thuật Công nghệ và cải tiến sản xuất.26-03-2026.pdf","[10] Phòng Kỹ Thuật, Công Nghệ, và Cải Tiến Sản Xuất",201,2026,Quyết định,"Phòng Kỹ thuật, Công nghệ và Cải tiến Sản xuất",,2026-03-26,,Đang lưu hành,Nội bộ,Bổ nhiệm Chuyên gia cấp 2 kiêm Quản lý phòng Kỹ thuật Công nghệ và cải tiến sản xuất,,,
"data/00. Văn bản Điều hành/[10] Phòng Kỹ Thuật, Công Nghệ, và Cải Tiến Sản Xuất/225.2025.QĐ-HCNS-quy trình quản lý công thức và thực hiện các công đoạn sản xuất bia.15-4-2025.pdf","[10] Phòng Kỹ Thuật, Công Nghệ, và Cải Tiến Sản Xuất",225,2025,Quyết định,"Phòng Kỹ thuật, Công nghệ và Cải tiến Sản xuất",,2025-04-15,,Đang lưu hành,Nội bộ,quy trình quản lý công thức và thực hiện các công đoạn sản xuất bia,,,
"data/00. Văn bản Điều hành/[10] Phòng Kỹ Thuật, Công Nghệ, và Cải Tiến Sản Xuất/231.QĐ-HCNS-Quyết định Điều chuyển nhân sự.19-04-2025.pdf","[10] Phòng Kỹ Thuật, Công Nghệ, và Cải Tiến Sản Xuất",231,2025,Quyết định,"Phòng Kỹ thuật, Công nghệ và Cải tiến Sản xuất",,2025-04-19,,Đang lưu hành,Nội bộ,Quyết định Điều chuyển nhân sự,,,
"data/00. Văn bản Điều hành/[10] Phòng Kỹ Thuật, Công Nghệ, và Cải Tiến Sản Xuất/338.QĐ-HCNS-hướng dẫn lộ trình trụ cột an toàn Safety.04-06-2025.pdf","[10] Phòng Kỹ Thuật, Công Nghệ, và Cải Tiến Sản Xuất",338,2025,Quyết định,"Phòng Kỹ thuật, Công nghệ và Cải tiến Sản xuất",,2025-06-04,,Đang lưu hành,Nội bộ,hướng dẫn lộ trình trụ cột an toàn Safety,,,
"data/00. Văn bản Điều hành/[10] Phòng Kỹ Thuật, Công Nghệ, và Cải Tiến Sản Xuất/339.QĐ-HCNS-hướng dẫn lộ trình trụ cột kho vận Logistics.04-06-2025.pdf","[10] Phòng Kỹ Thuật, Công Nghệ, và Cải Tiến Sản Xuất",339,2025,Quyết định,"Phòng Kỹ thuật, Công nghệ và Cải tiến Sản xuất",,2025-06-04,,Đang lưu hành,Nội bộ,hướng dẫn lộ trình trụ cột kho vận Logistics,,,
"data/00. Văn bản Điều hành/[10] Phòng Kỹ Thuật, Công Nghệ, và Cải Tiến Sản Xuất/359.QĐ-HCNS-hướng dẫn lộ trình trụ cột phát triển Nhân lực và tổ chức POD.13-06-2025.pdf","[10] Phòng Kỹ Thuật, Công Nghệ, và Cải Tiến Sản Xuất",359,2025,Quyết định,"Phòng Kỹ thuật, Công nghệ và Cải tiến Sản xuất",,2025-06-13,,Đang lưu hành,Nội bộ,hướng dẫn lộ trình trụ cột phát triển Nhân lực và tổ chức POD,,,
"data/00. Văn bản Điều hành/[10] Phòng Kỹ Thuật, Công Nghệ, và Cải Tiến Sản Xuất/413.2026.QĐ-HCNS-ban hành định mức tiêu hao nguyên nhiên vật liệu năm 2026 đối với các sản phẩm bia hơi bia chai và bia lon.24-04-2026.pdf","[10] Phòng Kỹ Thuật, Công Nghệ, và Cải Tiến Sản Xuất",413,2026,Quyết định,"Phòng Kỹ thuật, Công nghệ và Cải tiến Sản xuất",,2026-04-24,,Đang lưu hành,Nội bộ,ban hành định mức tiêu hao nguyên nhiên vật liệu năm 2026 đối với các sản phẩm bia hơi bia chai và bia lon,,,
"data/00. Văn bản Điều hành/[10] Phòng Kỹ Thuật, Công Nghệ, và Cải Tiến Sản Xuất/473.2026.QĐ-HCNS-Ban hành công thức cho dòng bia Sapphire cao độ 14oP-sản xuất tại phân xưởng Đông Mai.14-05-2026.pdf","[10] Phòng Kỹ Thuật, Công Nghệ, và Cải Tiến Sản Xuất",473,2026,Quyết định,"Phòng Kỹ thuật, Công nghệ và Cải tiến Sản xuất",,2026-05-14,,Đang lưu hành,Nội bộ,Ban hành công thức cho dòng bia Sapphire cao độ 14oP-sản xuất tại phân xưởng Đông Mai,,,
"data/00. Văn bản Điều hành/[10] Phòng Kỹ Thuật, Công Nghệ, và Cải Tiến Sản Xuất/478.QĐ-R&D-Quyết định Thành lập Ban nghiên cứu và Phát triển sản phẩm mới Ban R&D.04-8-2025.docx","[10] Phòng Kỹ Thuật, Công Nghệ, và Cải Tiến Sản Xuất",478,2025,Quyết định,"Phòng Kỹ thuật, Công nghệ và Cải tiến Sản xuất",,2025-08-04,,Đang lưu hành,Nội bộ,478.QĐ-R&D-Quyết định Thành lập Ban nghiên cứu và Phát triển sản phẩm mới Ban R&D.04-8-2025,,,
"data/00. Văn bản Điều hành/[10] Phòng Kỹ Thuật, Công Nghệ, và Cải Tiến Sản Xuất/478.QĐ-R&D-Quyết định Thành lập Ban nghiên cứu và Phát triển sản phẩm mới Ban R&D.04-8-2025.pdf","[10] Phòng Kỹ Thuật, Công Nghệ, và Cải Tiến Sản Xuất",478,2025,Quyết định,"Phòng Kỹ thuật, Công nghệ và Cải tiến Sản xuất",,2025-08-04,,Đang lưu hành,Nội bộ,478.QĐ-R&D-Quyết định Thành lập Ban nghiên cứu và Phát triển sản phẩm mới Ban R&D.04-8-2025,,,
"data/00. Văn bản Điều hành/[10] Phòng Kỹ Thuật, Công Nghệ, và Cải Tiến Sản Xuất/479.QĐ-R&D-Quyết định Thành lập Nhóm Brewers(Nhóm kỹ thuật-sản xuất)thuộc ban R&D.04-08-2025.docx","[10] Phòng Kỹ Thuật, Công Nghệ, và Cải Tiến Sản Xuất",479,2025,Quyết định,"Phòng Kỹ thuật, Công nghệ và Cải tiến Sản xuất",,2025-08-04,,Đang lưu hành,Nội bộ,479.QĐ-R&D-Quyết định Thành lập Nhóm Brewers(Nhóm kỹ thuật-sản xuất)thuộc ban R&D.04-08-2025,,,
"data/00. Văn bản Điều hành/[10] Phòng Kỹ Thuật, Công Nghệ, và Cải Tiến Sản Xuất/479.QĐ-R&D-Quyết định Thành lập Nhóm Brewers(Nhóm kỹ thuật-sản xuất)thuộc ban R&D.04-08-2025.pdf","[10] Phòng Kỹ Thuật, Công Nghệ, và Cải Tiến Sản Xuất",479,2025,Quyết định,"Phòng Kỹ thuật, Công nghệ và Cải tiến Sản xuất",,2025-08-04,,Đang lưu hành,Nội bộ,479.QĐ-R&D-Quyết định Thành lập Nhóm Brewers(Nhóm kỹ thuật-sản xuất)thuộc ban R&D.04-08-2025,,,
"data/00. Văn bản Điều hành/[10] Phòng Kỹ Thuật, Công Nghệ, và Cải Tiến Sản Xuất/745.QĐ-HCNS-Bổ nhiệm Trưởng bộ phận công nghệ-P.kỹ thuật CN và CTSX.15-10-2025.pdf","[10] Phòng Kỹ Thuật, Công Nghệ, và Cải Tiến Sản Xuất",745,2025,Quyết định,"Phòng Kỹ thuật, Công nghệ và Cải tiến Sản xuất",,2025-10-15,,Đang lưu hành,Nội bộ,Bổ nhiệm Trưởng bộ phận công nghệ-P.kỹ thuật CN và CTSX,,,
"data/00. Văn bản Điều hành/[10] Phòng Kỹ Thuật, Công Nghệ, và Cải Tiến Sản Xuất/820.QĐ-BHL-Mô tả công việc Phòng KTCN & CTSX ban hành.31-10-2024.pdf","[10] Phòng Kỹ Thuật, Công Nghệ, và Cải Tiến Sản Xuất",820,2024,Quyết định,"Phòng Kỹ thuật, Công nghệ và Cải tiến Sản xuất",,2024-10-31,,Đang lưu hành,Nội bộ,820.QĐ-BHL-Mô tả công việc Phòng KTCN & CTSX ban hành.31-10-2024,,,
data/00. Văn bản Điều hành/[11] Phòng Vận hành Kinh Doanh/112.2026-QĐ-HCNS-Kiêm nhiệm chức danh-Lê Phương Ly.21-01-2026.pdf,[11] Phòng Vận hành Kinh Doanh,112,2026,Quyết định,Phòng Vận hành Kinh doanh,,2026-01-21,,Đang lưu hành,Nội bộ,Kiêm nhiệm chức danh-Lê Phương Ly,,,
data/00. Văn bản Điều hành/[11] Phòng Vận hành Kinh Doanh/112.QĐ-HCNS-Kiêm nhiệm chức danh Lê Phương Ly.21-01.2026.pdf,[11] Phòng Vận hành Kinh Doanh,112,2026,Quyết định,Phòng Vận hành Kinh doanh,,2026-01-21,,Đang lưu hành,Nội bộ,Kiêm nhiệm chức danh Lê Phương Ly,,,
data/00. Văn bản Điều hành/[11] Phòng Vận hành Kinh Doanh/146.2025.QĐ-HCNS-Ban hành mô tả công việc của trưởng nhóm khai thác và quản trị hệ thống.18-03-2025.pdf,[11] Phòng Vận hành Kinh Doanh,146,2025,Quyết định,Phòng Vận hành Kinh doanh,,2025-03-18,,Đang lưu hành,Nội bộ,Ban hành mô tả công việc của trưởng nhóm khai thác và quản trị hệ thống,,,
data/00. Văn bản Điều hành/[11] Phòng Vận hành Kinh Doanh/146.2025.QĐ-HCNS-Quyết định của Tổng Giám Đốc Công ty Ban hành mô tả công việc của trưởng nhóm khai thác và quản trị hệ thống.18-03-2025.docx,[11] Phòng Vận hành Kinh Doanh,146,2025,Quyết định,Phòng Vận hành Kinh doanh,,2025-03-18,,Đang lưu hành,Nội bộ,Quyết định của Tổng Giám Đốc Công ty Ban hành mô tả công việc của trưởng nhóm khai thác và quản trị hệ thống,,,
data/00. Văn bản Điều hành/[11] Phòng Vận hành Kinh Doanh/146.2025.QĐ-HCNS-Quyết định của Tổng Giám Đốc Công ty Ban hành mô tả công việc của trưởng nhóm khai thác và quản trị hệ thống.18-03-2025.pdf,[11] Phòng Vận hành Kinh Doanh,146,2025,Quyết định,Phòng Vận hành Kinh doanh,,2025-03-18,,Đang lưu hành,Nội bộ,Quyết định của Tổng Giám Đốc Công ty Ban hành mô tả công việc của trưởng nhóm khai thác và quản trị hệ thống,,,
data/00. Văn bản Điều hành/[11] Phòng Vận hành Kinh Doanh/147.2025.QĐ-HCNS-Quyết định của Tổng Giám Đốc Công ty Ban hành sửa đổi bổ sung quy định về chức năng nhiệm vụ và cơ cấu tổ chức của phòng Vận hành kinh doanh.18-03-2025.docx,[11] Phòng Vận hành Kinh Doanh,147,2025,Quyết định,Phòng Vận hành Kinh doanh,,2025-03-18,,Đang lưu hành,Nội bộ,Quyết định của Tổng Giám Đốc Công ty Ban hành sửa đổi bổ sung quy định về chức năng nhiệm vụ và cơ cấu tổ chức của phòng Vận hành kinh doanh,,,
data/00. Văn bản Điều hành/[11] Phòng Vận hành Kinh Doanh/147.2025.QĐ-HCNS-Quyết định của Tổng Giám Đốc Công ty Ban hành sửa đổi bổ sung quy định về chức năng nhiệm vụ và cơ cấu tổ chức của phòng Vận hành kinh doanh.18-03-2025.pdf,[11] Phòng Vận hành Kinh Doanh,147,2025,Quyết định,Phòng Vận hành Kinh doanh,,2025-03-18,,Đang lưu hành,Nội bộ,Quyết định của Tổng Giám Đốc Công ty Ban hành sửa đổi bổ sung quy định về chức năng nhiệm vụ và cơ cấu tổ chức của phòng Vận hành kinh doanh,,,
data/00. Văn bản Điều hành/[11] Phòng Vận hành Kinh Doanh/21.2026.QĐ-BHL-Xử lý kỷ luật lao động đối với ông Vũ Huy Hoàng.06-01-2026.pdf,[11] Phòng Vận hành Kinh Doanh,21,2026,Quyết định,Phòng Vận hành Kinh doanh,,2026-01-06,,Đang lưu hành,Nội bộ,21.2026.QĐ-BHL-Xử lý kỷ luật lao động đối với ông Vũ Huy Hoàng.06-01-2026,,,
data/00. Văn bản Điều hành/[11] Phòng Vận hành Kinh Doanh/231.2025.QĐ-HCNS-Quyết định Điều chuyển nhân sự.19-04-2025.pdf,[11] Phòng Vận hành Kinh Doanh,231,2025,Quyết định,Phòng Vận hành Kinh doanh,,2025-04-19,,Đang lưu hành,Nội bộ,Quyết định Điều chuyển nhân sự,,,
data/00. Văn bản Điều hành/[11] Phòng Vận hành Kinh Doanh/251.2025.QĐ-HCNS-Quy trình vệ sinh thiết bị bán hàng.29-4-2025.pdf,[11] Phòng Vận hành Kinh Doanh,251,2025,Quyết định,Phòng Vận hành Kinh doanh,,2025-04-29,,Đang lưu hành,Nội bộ,Quy trình vệ sinh thiết bị bán hàng,,,
data/00. Văn bản Điều hành/[11] Phòng Vận hành Kinh Doanh/251.2025.QĐ-HCNS-Quy trình vệ sinh thiết bị bán hàng.29-4-2025_1.pdf,[11] Phòng Vận hành Kinh Doanh,251,2025,Quyết định,Phòng Vận hành Kinh doanh,,2025-04-29,,Đang lưu hành,Nội bộ,Quy trình vệ sinh thiết bị bán hàng,,,
data/00. Văn bản Điều hành/[11] Phòng Vận hành Kinh Doanh/393.2026.QĐ-KD-Thành lập nhóm Dự án chuyển đổi số Khối Kinh doanh giai đoạn Nâng cấp hệ thống bán hàng trên nền tảng Odoo.22-04-2026.pdf,[11] Phòng Vận hành Kinh Doanh,393,2026,Quyết định,Phòng Vận hành Kinh doanh,,2026-04-22,,Đang lưu hành,Nội bộ,393.2026.QĐ-KD-Thành lập nhóm Dự án chuyển đổi số Khối Kinh doanh giai đoạn Nâng cấp hệ thống bán hàng trên nền tảng Odoo.22-04-2026,,,
data/00. Văn bản Điều hành/[11] Phòng Vận hành Kinh Doanh/430.QĐ-BHL-Quyết định Bổ nhiệm Trưởng phòng vận hành kinh doanh.21-07-2025.pdf,[11] Phòng Vận hành Kinh Doanh,430,2025,Quyết định,Phòng Vận hành Kinh doanh,,2025-07-21,,Đang lưu hành,Nội bộ,430.QĐ-BHL-Quyết định Bổ nhiệm Trưởng phòng vận hành kinh doanh.21-07-2025,,,
data/00. Văn bản Điều hành/[11] Phòng Vận hành Kinh Doanh/53.2025.QĐ-HCNS-Ban hành mô tả công việc trưởng nhóm tác nghiệp kinh doanh và nhân viên quan hệ đối tác.05-02-2025.pdf,[11] Phòng Vận hành Kinh Doanh,53,2025,Quyết định,Phòng Vận hành Kinh doanh,,2025-02-05,,Đang lưu hành,Nội bộ,Ban hành mô tả công việc trưởng nhóm tác nghiệp kinh doanh và nhân viên quan hệ đối tác,,,
data/00. Văn bản Điều hành/[11] Phòng Vận hành Kinh Doanh/586.QĐ-HCNS-Bổ nhiệm Trưởng bộ phận tác nghiệp kinh doanh.04-09-2025.pdf,[11] Phòng Vận hành Kinh Doanh,586,2025,Quyết định,Phòng Vận hành Kinh doanh,,2025-09-04,,Đang lưu hành,Nội bộ,Bổ nhiệm Trưởng bộ phận tác nghiệp kinh doanh,,,
data/00. Văn bản Điều hành/[11] Phòng Vận hành Kinh Doanh/819.QĐ-HCNS Ban hành hợp đồng phân phối năm 2026.02-12-2025.pdf,[11] Phòng Vận hành Kinh Doanh,819,2025,Quyết định,Phòng Vận hành Kinh doanh,,2025-12-02,,Đang lưu hành,Nội bộ,Ban hành hợp đồng phân phối năm 2026,,,
"data/00. Văn bản Điều hành/[11] Phòng Vận hành Kinh Doanh/820.QĐ-BHL-Ban hành và áp dụng thực hiện bản mô tả công việc cho cán bộ nhân viên kênh phân phối ASM, GS, NVBH.31-10-2024.pdf",[11] Phòng Vận hành Kinh Doanh,820,2024,Quyết định,Phòng Vận hành Kinh doanh,,2024-10-31,,Đang lưu hành,Nội bộ,"820.QĐ-BHL-Ban hành và áp dụng thực hiện bản mô tả công việc cho cán bộ nhân viên kênh phân phối ASM, GS, NVBH.31-10-2024",,,
data/00. Văn bản Điều hành/[11] Phòng Vận hành Kinh Doanh/820.QĐ-BHL-Ban hành và áp dụng thực hiện bản mô tả công việc cho cán bộ nhân viên phòng vận hành kinh doanh.31-10-2024.pdf,[11] Phòng Vận hành Kinh Doanh,820,2024,Quyết định,Phòng Vận hành Kinh doanh,,2024-10-31,,Đang lưu hành,Nội bộ,820.QĐ-BHL-Ban hành và áp dụng thực hiện bản mô tả công việc cho cán bộ nhân viên phòng vận hành kinh doanh.31-10-2024,,,
data/00. Văn bản Điều hành/[11] Phòng Vận hành Kinh Doanh/820.QĐ-HCNS-Ban hành quy định trưng bày sản phẩm vật phẩm quảng cáo tại điểm bán.02-12-2025.docx,[11] Phòng Vận hành Kinh Doanh,820,2025,Quyết định,Phòng Vận hành Kinh doanh,,2025-12-02,,Đang lưu hành,Nội bộ,Ban hành quy định trưng bày sản phẩm vật phẩm quảng cáo tại điểm bán,,,
data/00. Văn bản Điều hành/[11] Phòng Vận hành Kinh Doanh/820.QĐ-HCNS-Ban hành quy định trưng bày sản phẩm vật phẩm quảng cáo tại điểm bán.02-12-2025.pdf,[11] Phòng Vận hành Kinh Doanh,820,2025,Quyết định,Phòng Vận hành Kinh doanh,,2025-12-02,,Đang lưu hành,Nội bộ,Ban hành quy định trưng bày sản phẩm vật phẩm quảng cáo tại điểm bán,,,
data/00. Văn bản Điều hành/[11] Phòng Vận hành Kinh Doanh/821.QĐ-HCNS-Ban hành quy trình mở và đóng nhà phân phối.02-12-2025.docx,[11] Phòng Vận hành Kinh Doanh,821,2025,Quyết định,Phòng Vận hành Kinh doanh,,2025-12-02,,Đang lưu hành,Nội bộ,Ban hành quy trình mở và đóng nhà phân phối,,,
data/00. Văn bản Điều hành/[11] Phòng Vận hành Kinh Doanh/821.QĐ-HCNS-Ban hành quy trình mở và đóng nhà phân phối.02-12-2025.pdf,[11] Phòng Vận hành Kinh Doanh,821,2025,Quyết định,Phòng Vận hành Kinh doanh,,2025-12-02,,Đang lưu hành,Nội bộ,Ban hành quy trình mở và đóng nhà phân phối,,,
data/00. Văn bản Điều hành/[11] Phòng Vận hành Kinh Doanh/822.QĐ-HCNS-Ban hành quy định làm việc đối với Giám đốc bán hàng vùng.02-12-2025.docx,[11] Phòng Vận hành Kinh Doanh,822,2025,Quyết định,Phòng Vận hành Kinh doanh,,2025-12-02,,Đang lưu hành,Nội bộ,Ban hành quy định làm việc đối với Giám đốc bán hàng vùng,,,
data/00. Văn bản Điều hành/[11] Phòng Vận hành Kinh Doanh/822.QĐ-HCNS-Ban hành quy định làm việc đối với Giám đốc bán hàng vùng.02-12-2025.pdf,[11] Phòng Vận hành Kinh Doanh,822,2025,Quyết định,Phòng Vận hành Kinh doanh,,2025-12-02,,Đang lưu hành,Nội bộ,Ban hành quy định làm việc đối với Giám đốc bán hàng vùng,,,
data/00. Văn bản Điều hành/[11] Phòng Vận hành Kinh Doanh/840.QĐ-HCNS-ban hành hướng dẫn công việc phê duyệt hợp đồng.15-12-2025.pdf,[11] Phòng Vận hành Kinh Doanh,840,2025,Quyết định,Phòng Vận hành Kinh doanh,,2025-12-15,,Đang lưu hành,Nội bộ,ban hành hướng dẫn công việc phê duyệt hợp đồng,,,
data/00. Văn bản Điều hành/[11] Phòng Vận hành Kinh Doanh/841.QĐ-HCNS-ban hành hướng dẫn công việc triển khai chỉ tiêu kinh doanh.15-12-2025.pdf,[11] Phòng Vận hành Kinh Doanh,841,2025,Quyết định,Phòng Vận hành Kinh doanh,,2025-12-15,,Đang lưu hành,Nội bộ,ban hành hướng dẫn công việc triển khai chỉ tiêu kinh doanh,,,
data/00. Văn bản Điều hành/[11] Phòng Vận hành Kinh Doanh/842.QĐ -HCNS-ban hành hướng dẫn công việc triển khai chính sách và chương trình khuyến mại.15-12-2025.pdf,[11] Phòng Vận hành Kinh Doanh,842,2025,Quyết định,Phòng Vận hành Kinh doanh,,2025-12-15,,Đang lưu hành,Nội bộ,ban hành hướng dẫn công việc triển khai chính sách và chương trình khuyến mại,,,
data/00. Văn bản Điều hành/[11] Phòng Vận hành Kinh Doanh/843.QĐ-HCNS-ban hành hướng dẫn công việc quản lý tồn kho nhà phân phối.15-12-2025.pdf,[11] Phòng Vận hành Kinh Doanh,843,2025,Quyết định,Phòng Vận hành Kinh doanh,,2025-12-15,,Đang lưu hành,Nội bộ,ban hành hướng dẫn công việc quản lý tồn kho nhà phân phối,,,
data/00. Văn bản Điều hành/[11] Phòng Vận hành Kinh Doanh/844.QĐ-HCNS-ban hành hướng dẫn công việc giải quyết xung đột địa bàn giữa các nhà phân phối.15-12-2025.pdf,[11] Phòng Vận hành Kinh Doanh,844,2025,Quyết định,Phòng Vận hành Kinh doanh,,2025-12-15,,Đang lưu hành,Nội bộ,ban hành hướng dẫn công việc giải quyết xung đột địa bàn giữa các nhà phân phối,,,
data/00. Văn bản Điều hành/[11] Phòng Vận hành Kinh Doanh/845.QĐ-HCNS-ban hành hướng dẫn công việc quản lý tài sản trên điểm bán.15-12-2025.pdf,[11] Phòng Vận hành Kinh Doanh,845,2025,Quyết định,Phòng Vận hành Kinh doanh,,2025-12-15,,Đang lưu hành,Nội bộ,ban hành hướng dẫn công việc quản lý tài sản trên điểm bán,,,
data/00. Văn bản Điều hành/[11] Phòng Vận hành Kinh Doanh/846.QĐ-HCNS-ban hành quy định làm việc đối với giám sát bán hàng.15-12-2025.pdf,[11] Phòng Vận hành Kinh Doanh,846,2025,Quyết định,Phòng Vận hành Kinh doanh,,2025-12-15,,Đang lưu hành,Nội bộ,ban hành quy định làm việc đối với giám sát bán hàng,,,
data/00. Văn bản Điều hành/[11] Phòng Vận hành Kinh Doanh/847.QĐ-HCNS-ban hành quy định làm việc đối với nhân viên bán hàng.15-12-2025.pdf,[11] Phòng Vận hành Kinh Doanh,847,2025,Quyết định,Phòng Vận hành Kinh doanh,,2025-12-15,,Đang lưu hành,Nội bộ,ban hành quy định làm việc đối với nhân viên bán hàng,,,
data/00. Văn bản Điều hành/[11] Phòng Vận hành Kinh Doanh/857.QĐ-HCNS-ban hành hướng dẫn công việc giải quyết xung đột địa bàn giữa các nhà phân phối(áp dụng cho GSBH).19-12-2025.pdf,[11] Phòng Vận hành Kinh Doanh,857,2025,Quyết định,Phòng Vận hành Kinh doanh,,2025-12-19,,Đang lưu hành,Nội bộ,ban hành hướng dẫn công việc giải quyết xung đột địa bàn giữa các nhà phân phối(áp dụng cho GSBH),,,
data/00. Văn bản Điều hành/[11] Phòng Vận hành Kinh Doanh/858.QĐ-HCNS-ban hành hướng dẫn công việc quản lý tồn kho Nhà phân phối(áp dụng cho GSBH).19-12-2025.pdf,[11] Phòng Vận hành Kinh Doanh,858,2025,Quyết định,Phòng Vận hành Kinh doanh,,2025-12-19,,Đang lưu hành,Nội bộ,ban hành hướng dẫn công việc quản lý tồn kho Nhà phân phối(áp dụng cho GSBH),,,
data/00. Văn bản Điều hành/[11] Phòng Vận hành Kinh Doanh/859.QĐ-HCNS-ban hành hướng dẫn công việc triển khai chính sách và chương trình khuyến mại(Áp dụng cho GSBH).19-12-2025.pdf,[11] Phòng Vận hành Kinh Doanh,859,2025,Quyết định,Phòng Vận hành Kinh doanh,,2025-12-19,,Đang lưu hành,Nội bộ,ban hành hướng dẫn công việc triển khai chính sách và chương trình khuyến mại(Áp dụng cho GSBH),,,
data/00. Văn bản Điều hành/[11] Phòng Vận hành Kinh Doanh/860.QĐ-HCNS-ban hành hướng dẫn công việc triển khai chỉ tiêu kinh doanh (áp dụng cho GSBH).19-12-2025.pdf,[11] Phòng Vận hành Kinh Doanh,860,2025,Quyết định,Phòng Vận hành Kinh doanh,,2025-12-19,,Đang lưu hành,Nội bộ,ban hành hướng dẫn công việc triển khai chỉ tiêu kinh doanh (áp dụng cho GSBH),,,
data/00. Văn bản Điều hành/[11] Phòng Vận hành Kinh Doanh/861.QĐ-HCNS-ban hành hướng dẫn công việc quản lý tồn kho nhà phân phối(áp dụng cho NVBH).19-12-2025.pdf,[11] Phòng Vận hành Kinh Doanh,861,2025,Quyết định,Phòng Vận hành Kinh doanh,,2025-12-19,,Đang lưu hành,Nội bộ,ban hành hướng dẫn công việc quản lý tồn kho nhà phân phối(áp dụng cho NVBH),,,
data/00. Văn bản Điều hành/[11] Phòng Vận hành Kinh Doanh/862.QĐ-HCNS-ban hành hướng dẫn công việc quản lý tài sản trên điểm bán(áp dụng cho GSBH).19-12-2025.pdf,[11] Phòng Vận hành Kinh Doanh,862,2025,Quyết định,Phòng Vận hành Kinh doanh,,2025-12-19,,Đang lưu hành,Nội bộ,ban hành hướng dẫn công việc quản lý tài sản trên điểm bán(áp dụng cho GSBH),,,
data/00. Văn bản Điều hành/[11] Phòng Vận hành Kinh Doanh/863.QĐ-HCNS-ban hành hướng dẫn công việc giải quyết xung đột địa bàn giữa các nhà phân phối(áp dụng cho NVBH).19-12-2025.pdf,[11] Phòng Vận hành Kinh Doanh,863,2025,Quyết định,Phòng Vận hành Kinh doanh,,2025-12-19,,Đang lưu hành,Nội bộ,ban hành hướng dẫn công việc giải quyết xung đột địa bàn giữa các nhà phân phối(áp dụng cho NVBH),,,
data/00. Văn bản Điều hành/[11] Phòng Vận hành Kinh Doanh/864.QĐ-HCNS-ban hành hướng dẫn công việc quản lý tài sản trên điểm bán(áp dụng cho NVBH).19-12-2025.pdf,[11] Phòng Vận hành Kinh Doanh,864,2025,Quyết định,Phòng Vận hành Kinh doanh,,2025-12-19,,Đang lưu hành,Nội bộ,ban hành hướng dẫn công việc quản lý tài sản trên điểm bán(áp dụng cho NVBH),,,
data/00. Văn bản Điều hành/[11] Phòng Vận hành Kinh Doanh/879.QĐ-HCNS-Bổ nhiệm Trưởng nhóm tác nghiệp kinh doanh-Kênh phân phối bia hơi bia tươi.01-01-2026.pdf,[11] Phòng Vận hành Kinh Doanh,879,2026,Quyết định,Phòng Vận hành Kinh doanh,,2026-01-01,,Đang lưu hành,Nội bộ,Bổ nhiệm Trưởng nhóm tác nghiệp kinh doanh-Kênh phân phối bia hơi bia tươi,,,
data/00. Văn bản Điều hành/[11] Phòng Vận hành Kinh Doanh/880.QĐ-HCNS-Bổ nhiệm Trưởng nhóm tác nghiệp kinh doanh-Kênh phân phối bia lon bia chai.01-01-2026.pdf,[11] Phòng Vận hành Kinh Doanh,880,2026,Quyết định,Phòng Vận hành Kinh doanh,,2026-01-01,,Đang lưu hành,Nội bộ,Bổ nhiệm Trưởng nhóm tác nghiệp kinh doanh-Kênh phân phối bia lon bia chai,,,
data/00. Văn bản Điều hành/[11] Phòng Vận hành Kinh Doanh/892.QĐ-HCNS-Quyết định của TGĐ Công ty Bổ nhiệm nhân sự.10-12-2024.pdf,[11] Phòng Vận hành Kinh Doanh,892,2024,Quyết định,Phòng Vận hành Kinh doanh,,2024-12-10,,Đang lưu hành,Nội bộ,Quyết định của TGĐ Công ty Bổ nhiệm nhân sự,,,
data/00. Văn bản Điều hành/[11] Phòng Vận hành Kinh Doanh/896.QĐ-KD-Quy tắc thiết lập mã đối tượng trên hệ thống.14-12-2025.pdf,[11] Phòng Vận hành Kinh Doanh,896,2025,Quyết định,Phòng Vận hành Kinh doanh,,2025-12-14,,Đang lưu hành,Nội bộ,896.QĐ-KD-Quy tắc thiết lập mã đối tượng trên hệ thống.14-12-2025,,,
data/00. Văn bản Điều hành/[12] Phòng Marketing/1512.GUQ-HLB-Giấy ủy quyền đối với ông Lê Thanh Nghị.15-12-2025.pdf,[12] Phòng Marketing,1512,2025,Giấy ủy quyền,Phòng Marketing,,2025-12-15,,Đang lưu hành,Nội bộ,1512.GUQ-HLB-Giấy ủy quyền đối với ông Lê Thanh Nghị.15-12-2025,,,
data/00. Văn bản Điều hành/[12] Phòng Marketing/224.QĐ-NS-Quy trình cung cấp nghiệm thu và thanh toán Biển Bảng.20.03.2024.pdf,[12] Phòng Marketing,224,2024,Quyết định,Phòng Marketing,,2024-03-20,,Đang lưu hành,Nội bộ,224.QĐ-NS-Quy trình cung cấp nghiệm thu và thanh toán Biển Bảng.20.03.2024,,,
"data/00. Văn bản Điều hành/[12] Phòng Marketing/224.QĐ-NS-Quy trình cung cấp, nghiệm thu và thanh toán Biển Bảng.20.03.2024.pdf",[12] Phòng Marketing,224,2024,Quyết định,Phòng Marketing,,2024-03-20,,Đang lưu hành,Nội bộ,"224.QĐ-NS-Quy trình cung cấp, nghiệm thu và thanh toán Biển Bảng.20.03.2024",,,
data/00. Văn bản Điều hành/[12] Phòng Marketing/249.2026.QĐ-BHL-Chính thức áp dụng đề xuất và nghiệm thu biển bảng Marketing trên phần mềm Microsoft 365 và Bravo.13-03-2026.pdf,[12] Phòng Marketing,249,2026,Quyết định,Phòng Marketing,,2026-03-13,,Đang lưu hành,Nội bộ,249.2026.QĐ-BHL-Chính thức áp dụng đề xuất và nghiệm thu biển bảng Marketing trên phần mềm Microsoft 365 và Bravo.13-03-2026,,,
data/00. Văn bản Điều hành/[12] Phòng Marketing/376.2026.QĐ-HCNS-Điều chuyển nhân sự-Nguyễn Hương Ngát.17-4-2026.pdf,[12] Phòng Marketing,376,2026,Quyết định,Phòng Marketing,,2026-04-17,,Đang lưu hành,Nội bộ,Điều chuyển nhân sự-Nguyễn Hương Ngát,,,
data/00. Văn bản Điều hành/[12] Phòng Marketing/512.QĐ-NS-Quy định về chức năng nhiệm vụ và cơ cấu tổ chức của phòng Marketing.08-09-2023.docx,[12] Phòng Marketing,512,2023,Quyết định,Phòng Marketing,,2023-09-08,,Đang lưu hành,Nội bộ,512.QĐ-NS-Quy định về chức năng nhiệm vụ và cơ cấu tổ chức của phòng Marketing.08-09-2023,,,
data/00. Văn bản Điều hành/[12] Phòng Marketing/512.QĐ-NS-Quy định về chức năng nhiệm vụ và cơ cấu tổ chức của phòng Marketing.08-09-2023.pdf,[12] Phòng Marketing,512,2023,Quyết định,Phòng Marketing,,2023-09-08,,Đang lưu hành,Nội bộ,512.QĐ-NS-Quy định về chức năng nhiệm vụ và cơ cấu tổ chức của phòng Marketing.08-09-2023,,,
data/00. Văn bản Điều hành/[12] Phòng Marketing/710.QĐ-HCNS-Miễn nhiệm vị trí Trưởng bộ phận thiết kế-Marketing.02-10-2025.pdf,[12] Phòng Marketing,710,2025,Quyết định,Phòng Marketing,,2025-10-02,,Đang lưu hành,Nội bộ,Miễn nhiệm vị trí Trưởng bộ phận thiết kế-Marketing,,,
data/00. Văn bản Điều hành/[12] Phòng Marketing/760.QĐ-HCNS-Tạm thời đình chỉ công việc đối với bà Nguyễn Vũ Hà Vân-Trưởng bộ phận PG.27-10-2025.pdf,[12] Phòng Marketing,760,2025,Quyết định,Phòng Marketing,,2025-10-27,,Đang lưu hành,Nội bộ,Tạm thời đình chỉ công việc đối với bà Nguyễn Vũ Hà Vân-Trưởng bộ phận PG,,,
data/00. Văn bản Điều hành/[12] Phòng Marketing/785.QĐ-HLB-Xử lý kỷ luật lao động.12-11-2025.pdf,[12] Phòng Marketing,785,2025,Quyết định,Phòng Marketing,,2025-11-12,,Đang lưu hành,Nội bộ,785.QĐ-HLB-Xử lý kỷ luật lao động.12-11-2025,,,
data/00. Văn bản Điều hành/[13] Phòng Kinh doanh Bia hơi/231.2025.QĐ-HCNS-Quyết định Điều chuyển nhân sự.19-4-2025.pdf,[13] Phòng Kinh doanh Bia hơi,231,2025,Quyết định,Phòng Kinh doanh Bia hơi,,2025-04-19,,Đang lưu hành,Nội bộ,Quyết định Điều chuyển nhân sự,,,
data/00. Văn bản Điều hành/[13] Phòng Kinh doanh Bia hơi/251.2025.QĐ-HCNS-Quyết định ban hành quy trình vệ sinh thiết bị bán hàng.29-04-2025.pdf,[13] Phòng Kinh doanh Bia hơi,251,2025,Quyết định,Phòng Kinh doanh Bia hơi,,2025-04-29,,Đang lưu hành,Nội bộ,Quyết định ban hành quy trình vệ sinh thiết bị bán hàng,,,
data/00. Văn bản Điều hành/[13] Phòng Kinh doanh Bia hơi/270.2026-QĐ-HCNS-Ban hành mẫu hợp đồng bán hàng (kênh bán lẻ) và hợp đồng cho mượn thiết bị bán hàng.23-03-2026.pdf,[13] Phòng Kinh doanh Bia hơi,270,2026,Quyết định,Phòng Kinh doanh Bia hơi,,2026-03-23,,Đang lưu hành,Nội bộ,Ban hành mẫu hợp đồng bán hàng (kênh bán lẻ) và hợp đồng cho mượn thiết bị bán hàng,,,
data/00. Văn bản Điều hành/[13] Phòng Kinh doanh Bia hơi/45.QĐ-NS-Ban hành Quy định về chức năng năng nhiệm vụ và vị trí Nhân viên đại diện tiêu thụ.02-01-2024.pdf,[13] Phòng Kinh doanh Bia hơi,45,2024,Quyết định,Phòng Kinh doanh Bia hơi,,2024-01-02,,Đang lưu hành,Nội bộ,45.QĐ-NS-Ban hành Quy định về chức năng năng nhiệm vụ và vị trí Nhân viên đại diện tiêu thụ.02-01-2024,,,
data/00. Văn bản Điều hành/[13] Phòng Kinh doanh Bia hơi/808.QĐ-HCNS-Miễn nhiệm vị trí Trưởng phòng-Phòng kinh doanh bia hơi.27-11-2025.pdf,[13] Phòng Kinh doanh Bia hơi,808,2025,Quyết định,Phòng Kinh doanh Bia hơi,,2025-11-27,,Đang lưu hành,Nội bộ,Miễn nhiệm vị trí Trưởng phòng-Phòng kinh doanh bia hơi,,,
data/00. Văn bản Điều hành/[13] Phòng Kinh doanh Bia hơi/809.QĐ-HCNS-Bổ nhiệm vị trí Phó phòng-Phòng kinh doanh bia hơi.27-11-2025.pdf,[13] Phòng Kinh doanh Bia hơi,809,2025,Quyết định,Phòng Kinh doanh Bia hơi,,2025-11-27,,Đang lưu hành,Nội bộ,Bổ nhiệm vị trí Phó phòng-Phòng kinh doanh bia hơi,,,
"data/00. Văn bản Điều hành/[13] Phòng Kinh doanh Bia hơi/820.QĐ-BHL-Quyết định Ban hành và áp dụng thực hiện bản Mô tả công việc cho CBNV Kênh Phân phối ASM,GS,NVBH.31-10-2024.pdf",[13] Phòng Kinh doanh Bia hơi,820,2024,Quyết định,Phòng Kinh doanh Bia hơi,,2024-10-31,,Đang lưu hành,Nội bộ,"820.QĐ-BHL-Quyết định Ban hành và áp dụng thực hiện bản Mô tả công việc cho CBNV Kênh Phân phối ASM,GS,NVBH.31-10-2024",,,
data/00. Văn bản Điều hành/[14] Phòng Kế Toán/253.2025.QĐ-HCNS-Quyết định Bổ nhiệm nhân sự Bà Nguyễn Kim Loan.30-04-2025.pdf,[14] Phòng Kế Toán,253,2025,Quyết định,Phòng Kế toán,,2025-04-30,,Đang lưu hành,Nội bộ,Quyết định Bổ nhiệm nhân sự Bà Nguyễn Kim Loan,,,
data/00. Văn bản Điều hành/[14] Phòng Kế Toán/289.QĐ-HCNS-Quyết định Vv Ban hành quy trình xuất hóa đơn và kiểm soát công nợ phải thu.16-05-2025.docx,[14] Phòng Kế Toán,289,2025,Quyết định,Phòng Kế toán,,2025-05-16,,Đang lưu hành,Nội bộ,Quyết định Vv Ban hành quy trình xuất hóa đơn và kiểm soát công nợ phải thu,,,
data/00. Văn bản Điều hành/[14] Phòng Kế Toán/289.QĐ-HCNS-Quyết định Vv Ban hành quy trình xuất hóa đơn và kiểm soát công nợ phải thu.16-05-2025.pdf,[14] Phòng Kế Toán,289,2025,Quyết định,Phòng Kế toán,,2025-05-16,,Đang lưu hành,Nội bộ,Quyết định Vv Ban hành quy trình xuất hóa đơn và kiểm soát công nợ phải thu,,,
data/00. Văn bản Điều hành/[14] Phòng Kế Toán/289.QĐ-HCNS-Quyết định Vv Ban hành quy trình xuất hóa đơn và kiểm soát công nợ phải thu.16-05-2025_1.pdf,[14] Phòng Kế Toán,289,2025,Quyết định,Phòng Kế toán,,2025-05-16,,Đang lưu hành,Nội bộ,Quyết định Vv Ban hành quy trình xuất hóa đơn và kiểm soát công nợ phải thu,,,
data/00. Văn bản Điều hành/[14] Phòng Kế Toán/289A.QĐ-HCNS-Quyết định Ban hành quy trình thanh toán và đối chiếu công nợ phải trả.16-05-2025.pdf,[14] Phòng Kế Toán,289A,2025,Quyết định,Phòng Kế toán,,2025-05-16,,Đang lưu hành,Nội bộ,Quyết định Ban hành quy trình thanh toán và đối chiếu công nợ phải trả,,,
data/00. Văn bản Điều hành/[14] Phòng Kế Toán/289A.QĐ-HCNS-Quyết định Vv Ban hành quy trình thanh toán và đối chiếu công nợ phải trả.16-05-2025.docx,[14] Phòng Kế Toán,289A,2025,Quyết định,Phòng Kế toán,,2025-05-16,,Đang lưu hành,Nội bộ,Quyết định Vv Ban hành quy trình thanh toán và đối chiếu công nợ phải trả,,,
data/00. Văn bản Điều hành/[14] Phòng Kế Toán/289A.QĐ-HCNS-Quyết định Vv Ban hành quy trình thanh toán và đối chiếu công nợ phải trả.16-05-2025.pdf,[14] Phòng Kế Toán,289A,2025,Quyết định,Phòng Kế toán,,2025-05-16,,Đang lưu hành,Nội bộ,Quyết định Vv Ban hành quy trình thanh toán và đối chiếu công nợ phải trả,,,
data/00. Văn bản Điều hành/[14] Phòng Kế Toán/301.2025.QĐ-HCNS-Quyết định Ban hành hướng dẫn nghiệp vụ đổi trả hàng hóa.21-05-2025.pdf,[14] Phòng Kế Toán,301,2025,Quyết định,Phòng Kế toán,,2025-05-21,,Đang lưu hành,Nội bộ,Quyết định Ban hành hướng dẫn nghiệp vụ đổi trả hàng hóa,,,
data/00. Văn bản Điều hành/[14] Phòng Kế Toán/302.2026.QĐ-HCNS-ban hành giá bán vật phẩm quảng cáo.30-03-2026.pdf,[14] Phòng Kế Toán,302,2026,Quyết định,Phòng Kế toán,,2026-03-30,,Đang lưu hành,Nội bộ,ban hành giá bán vật phẩm quảng cáo,,,
data/00. Văn bản Điều hành/[14] Phòng Kế Toán/313.QĐ-HCNS-Quyết định Ban hành quy trình khóa sổ kế toán.24-05-2025.pdf,[14] Phòng Kế Toán,313,2025,Quyết định,Phòng Kế toán,,2025-05-24,,Đang lưu hành,Nội bộ,Quyết định Ban hành quy trình khóa sổ kế toán,,,
data/00. Văn bản Điều hành/[14] Phòng Kế Toán/346.QĐ-HCNS-Quyết định Ban hành quy trình lập và nộp báo cáo tài chính.10-06-2025.pdf,[14] Phòng Kế Toán,346,2025,Quyết định,Phòng Kế toán,,2025-06-10,,Đang lưu hành,Nội bộ,Quyết định Ban hành quy trình lập và nộp báo cáo tài chính,,,
data/00. Văn bản Điều hành/[14] Phòng Kế Toán/347.2025.QĐ-HCNS-Quyết định Ban hành hướng dẫn nghiệp vụ quyết toán biển quảng cáo trên thị trường.10-06-2025.pdf,[14] Phòng Kế Toán,347,2025,Quyết định,Phòng Kế toán,,2025-06-10,,Đang lưu hành,Nội bộ,Quyết định Ban hành hướng dẫn nghiệp vụ quyết toán biển quảng cáo trên thị trường,,,
data/00. Văn bản Điều hành/[14] Phòng Kế Toán/349.QĐ-HCNS-Quyết định Ban hành quy trình tính giá thành.10-06-2025.docx,[14] Phòng Kế Toán,349,2025,Quyết định,Phòng Kế toán,,2025-06-10,,Đang lưu hành,Nội bộ,Quyết định Ban hành quy trình tính giá thành,,,
data/00. Văn bản Điều hành/[14] Phòng Kế Toán/349.QĐ-HCNS-Quyết định Ban hành quy trình tính giá thành.10-06-2025.pdf,[14] Phòng Kế Toán,349,2025,Quyết định,Phòng Kế toán,,2025-06-10,,Đang lưu hành,Nội bộ,Quyết định Ban hành quy trình tính giá thành,,,
data/00. Văn bản Điều hành/[14] Phòng Kế Toán/38.2024.QĐ-NS-Quy định về chức năng nhiệm vụ và cơ cấu tổ chức của Phòng Kế Toán.02-01-2024.docx,[14] Phòng Kế Toán,38,2024,Quyết định,Phòng Kế toán,,2024-01-02,,Đang lưu hành,Nội bộ,38.2024.QĐ-NS-Quy định về chức năng nhiệm vụ và cơ cấu tổ chức của Phòng Kế Toán.02-01-2024,,,
data/00. Văn bản Điều hành/[14] Phòng Kế Toán/38.2024.QĐ-NS-Quy định về chức năng nhiệm vụ và cơ cấu tổ chức của Phòng Kế Toán.02-01-2024.pdf,[14] Phòng Kế Toán,38,2024,Quyết định,Phòng Kế toán,,2024-01-02,,Đang lưu hành,Nội bộ,38.2024.QĐ-NS-Quy định về chức năng nhiệm vụ và cơ cấu tổ chức của Phòng Kế Toán.02-01-2024,,,
data/00. Văn bản Điều hành/[14] Phòng Kế Toán/412.TB-KT-Thông báo thanh toán theo Nghị định số 181-2025-NĐ-CP ban hành ngày 01 tháng 07 năm 2025.08-07-2025.pdf,[14] Phòng Kế Toán,412,2025,Thông báo,Phòng Kế toán,,2025-07-08,,Đang lưu hành,Nội bộ,Thông báo thanh toán theo Nghị định số 181-2025-NĐ-CP ban hành ngày 01 tháng 07 năm 2025,,,
data/00. Văn bản Điều hành/[14] Phòng Kế Toán/45.QĐ-HCNS-Quyết định của Tổng Giám Đốc Công ty ban hành quy trình kiểm kê tài sản và hàng tồn kho.23-01-2025.docx,[14] Phòng Kế Toán,45,2025,Quyết định,Phòng Kế toán,,2025-01-23,,Đang lưu hành,Nội bộ,Quyết định của Tổng Giám Đốc Công ty ban hành quy trình kiểm kê tài sản và hàng tồn kho,,,
data/00. Văn bản Điều hành/[14] Phòng Kế Toán/45.QĐ-HCNS-Quyết định của Tổng Giám Đốc Công ty ban hành quy trình kiểm kê tài sản và hàng tồn kho.23-01-2025.pdf,[14] Phòng Kế Toán,45,2025,Quyết định,Phòng Kế toán,,2025-01-23,,Đang lưu hành,Nội bộ,Quyết định của Tổng Giám Đốc Công ty ban hành quy trình kiểm kê tài sản và hàng tồn kho,,,
"data/00. Văn bản Điều hành/[14] Phòng Kế Toán/462.2026.QĐ-HCNS-thành lập tổ thanh lý tài sản, công cụ dụng cụ năm 2026.09-05-2026.pdf",[14] Phòng Kế Toán,462,2026,Quyết định,Phòng Kế toán,,2026-05-09,,Đang lưu hành,Nội bộ,"thành lập tổ thanh lý tài sản, công cụ dụng cụ năm 2026",,,
data/00. Văn bản Điều hành/[14] Phòng Kế Toán/481.2026.QĐ-HCNS-Giao định mức tiêu hao nhiên liệu đối với xe con 5 chỗ 14A-509.30.15-05-2026.pdf,[14] Phòng Kế Toán,481,2026,Quyết định,Phòng Kế toán,,2026-05-15,,Đang lưu hành,Nội bộ,Giao định mức tiêu hao nhiên liệu đối với xe con 5 chỗ 14A-509.30,,,
data/00. Văn bản Điều hành/[14] Phòng Kế Toán/526.QĐ-HCNS-Bổ nhiệm Kế toán trưởng-Trưởng phòng kế toán.26-08-2025.pdf,[14] Phòng Kế Toán,526,2025,Quyết định,Phòng Kế toán,,2025-08-26,,Đang lưu hành,Nội bộ,Bổ nhiệm Kế toán trưởng-Trưởng phòng kế toán,,,
data/00. Văn bản Điều hành/[14] Phòng Kế Toán/721.QĐ-HCNS-giao định mức tiêu hao nhiên liệu đối với xe con 05 chỗ 14A-736.53.06-10-2025.pdf,[14] Phòng Kế Toán,721,2025,Quyết định,Phòng Kế toán,,2025-10-06,,Đang lưu hành,Nội bộ,giao định mức tiêu hao nhiên liệu đối với xe con 05 chỗ 14A-736.53,,,
data/00. Văn bản Điều hành/[14] Phòng Kế Toán/763.QĐ-HCNS-ban hành hướng dẫn thanh toán công tác phí.30-10-2025.pdf,[14] Phòng Kế Toán,763,2025,Quyết định,Phòng Kế toán,,2025-10-30,,Đang lưu hành,Nội bộ,ban hành hướng dẫn thanh toán công tác phí,,,
"data/00. Văn bản Điều hành/[14] Phòng Kế Toán/836.QĐ-HCNS-Thực hiện kiểm kê vật tư, tài sản, tiền vốn, CCDC năm 2025.12-12-2025.pdf",[14] Phòng Kế Toán,836,2025,Quyết định,Phòng Kế toán,,2025-12-12,,Đang lưu hành,Nội bộ,"Thực hiện kiểm kê vật tư, tài sản, tiền vốn, CCDC năm 2025",,,
"data/00. Văn bản Điều hành/[14] Phòng Kế Toán/889.QĐ-HCNS-Quyết định của Tổng Giám Đốc Công ty Thực hiện Kiểm kê vật tư, tài sản, công cụ dụng cụ năm 2024.09-12-2024.pdf",[14] Phòng Kế Toán,889,2024,Quyết định,Phòng Kế toán,,2024-12-09,,Đang lưu hành,Nội bộ,"Quyết định của Tổng Giám Đốc Công ty Thực hiện Kiểm kê vật tư, tài sản, công cụ dụng cụ năm 2024",,,
data/00. Văn bản Điều hành/[15] Phòng Kế Hoạch - Vât Tư/01.08.2023.Hướng dẫn mua vật tư dịch vụ-HD-KH-01.pdf,[15] Phòng Kế Hoạch - Vât Tư,01,2023,Hướng dẫn,Phòng Kế hoạch – Vật tư,,2023-08-01,,Đang lưu hành,Nội bộ,01.08.2023.Hướng dẫn mua vật tư dịch vụ-HD-KH-01,,,
data/00. Văn bản Điều hành/[15] Phòng Kế Hoạch - Vât Tư/05.QĐ-NS-Quy trình đánh giá Nhà Cung Cấp.01.08.2022.pdf,[15] Phòng Kế Hoạch - Vât Tư,05,2022,Quyết định,Phòng Kế hoạch – Vật tư,,2022-08-01,,Đang lưu hành,Nội bộ,05.QĐ-NS-Quy trình đánh giá Nhà Cung Cấp.01.08.2022,,,
data/00. Văn bản Điều hành/[15] Phòng Kế Hoạch - Vât Tư/15.08.2023.Hướng dẫn mua hàng hóa dịch vụ-HD-KH-01.pdf,[15] Phòng Kế Hoạch - Vât Tư,15,2023,Hướng dẫn,Phòng Kế hoạch – Vật tư,,2023-08-15,,Đang lưu hành,Nội bộ,15.08.2023.Hướng dẫn mua hàng hóa dịch vụ-HD-KH-01,,,
data/00. Văn bản Điều hành/[15] Phòng Kế Hoạch - Vât Tư/300.QĐ-HCNS-Bổ nhiệm Trưởng bộ phận kho-Phòng kế hoạch vật tư.30-03-2026.pdf,[15] Phòng Kế Hoạch - Vât Tư,300,2026,Quyết định,Phòng Kế hoạch – Vật tư,,2026-03-30,,Đang lưu hành,Nội bộ,Bổ nhiệm Trưởng bộ phận kho-Phòng kế hoạch vật tư,,,
"data/00. Văn bản Điều hành/[15] Phòng Kế Hoạch - Vât Tư/36.QĐ-NS-Quy định về Chức năng, nhiệm vụ, và cơ cấu tổ chức của Phòng Kế Hoạch-Vật Tư.02-01-2024.docx",[15] Phòng Kế Hoạch - Vât Tư,36,2024,Quyết định,Phòng Kế hoạch – Vật tư,,2024-01-02,,Đang lưu hành,Nội bộ,"36.QĐ-NS-Quy định về Chức năng, nhiệm vụ, và cơ cấu tổ chức của Phòng Kế Hoạch-Vật Tư.02-01-2024",,,
"data/00. Văn bản Điều hành/[15] Phòng Kế Hoạch - Vât Tư/36.QĐ-NS-Quy định về Chức năng, nhiệm vụ, và cơ cấu tổ chức của Phòng Kế Hoạch-Vật Tư.02-01-2024.pdf",[15] Phòng Kế Hoạch - Vât Tư,36,2024,Quyết định,Phòng Kế hoạch – Vật tư,,2024-01-02,,Đang lưu hành,Nội bộ,"36.QĐ-NS-Quy định về Chức năng, nhiệm vụ, và cơ cấu tổ chức của Phòng Kế Hoạch-Vật Tư.02-01-2024",,,
data/00. Văn bản Điều hành/[15] Phòng Kế Hoạch - Vât Tư/436.QĐ-HCNS-Quyết định Ban hành quy trình giao và lập kế hoạch.22.07.2025.docx,[15] Phòng Kế Hoạch - Vât Tư,436,2025,Quyết định,Phòng Kế hoạch – Vật tư,,2025-07-22,,Đang lưu hành,Nội bộ,Quyết định Ban hành quy trình giao và lập kế hoạch,,,
data/00. Văn bản Điều hành/[15] Phòng Kế Hoạch - Vât Tư/436.QĐ-HCNS-Quyết định Ban hành quy trình giao và lập kế hoạch.22.07.2025.pdf,[15] Phòng Kế Hoạch - Vât Tư,436,2025,Quyết định,Phòng Kế hoạch – Vật tư,,2025-07-22,,Đang lưu hành,Nội bộ,Quyết định Ban hành quy trình giao và lập kế hoạch,,,
data/00. Văn bản Điều hành/[15] Phòng Kế Hoạch - Vât Tư/455.2025.QĐ-HCNS-Quyết định Ban hành quy chế mua sắm.25-7-2025.docx,[15] Phòng Kế Hoạch - Vât Tư,455,2025,Quyết định,Phòng Kế hoạch – Vật tư,,2025-07-25,,Đang lưu hành,Nội bộ,Quyết định Ban hành quy chế mua sắm,,,
data/00. Văn bản Điều hành/[15] Phòng Kế Hoạch - Vât Tư/455.2025.QĐ-HCNS-Quyết định Ban hành quy chế mua sắm.25-7-2025.pdf,[15] Phòng Kế Hoạch - Vât Tư,455,2025,Quyết định,Phòng Kế hoạch – Vật tư,,2025-07-25,,Đang lưu hành,Nội bộ,Quyết định Ban hành quy chế mua sắm,,,
data/00. Văn bản Điều hành/[15] Phòng Kế Hoạch - Vât Tư/470.QĐ-NS-Ban hành mẫu Hợp Đồng Nguyên Tắc thực hiện trong Công ty.28-05-2024.pdf,[15] Phòng Kế Hoạch - Vât Tư,470,2024,Quyết định,Phòng Kế hoạch – Vật tư,,2024-05-28,,Đang lưu hành,Nội bộ,470.QĐ-NS-Ban hành mẫu Hợp Đồng Nguyên Tắc thực hiện trong Công ty.28-05-2024,,,
data/00. Văn bản Điều hành/[15] Phòng Kế Hoạch - Vât Tư/477.QĐ-HCNS-Bổ nhiệm Phó phòng Kế hoạch vật tư.15-05-2026.docx,[15] Phòng Kế Hoạch - Vât Tư,477,2026,Quyết định,Phòng Kế hoạch – Vật tư,,2026-05-15,,Đang lưu hành,Nội bộ,Bổ nhiệm Phó phòng Kế hoạch vật tư,,,
data/00. Văn bản Điều hành/[15] Phòng Kế Hoạch - Vât Tư/477.QĐ-HCNS-Bổ nhiệm Phó phòng Kế hoạch vật tư.15-05-2026.pdf,[15] Phòng Kế Hoạch - Vât Tư,477,2026,Quyết định,Phòng Kế hoạch – Vật tư,,2026-05-15,,Đang lưu hành,Nội bộ,Bổ nhiệm Phó phòng Kế hoạch vật tư,,,
data/00. Văn bản Điều hành/[15] Phòng Kế Hoạch - Vât Tư/478.QĐ-HCNS-Kiêm nhiệm chức danh cho bà Phạm Kiều Anh.15-05-2026.pdf,[15] Phòng Kế Hoạch - Vât Tư,478,2026,Quyết định,Phòng Kế hoạch – Vật tư,,2026-05-15,,Đang lưu hành,Nội bộ,Kiêm nhiệm chức danh cho bà Phạm Kiều Anh,,,
data/00. Văn bản Điều hành/[15] Phòng Kế Hoạch - Vât Tư/479.QĐ-HCNS-Bổ nhiệm Trưởng phòng Kế hoạch vật tư.15-05-2026.pdf,[15] Phòng Kế Hoạch - Vât Tư,479,2026,Quyết định,Phòng Kế hoạch – Vật tư,,2026-05-15,,Đang lưu hành,Nội bộ,Bổ nhiệm Trưởng phòng Kế hoạch vật tư,,,
data/00. Văn bản Điều hành/[15] Phòng Kế Hoạch - Vât Tư/482.2026-QĐ-HCNS-Ban hành quy trình cấp phát văn phòng phẩm-vật rẻ.15.05.2026.pdf,[15] Phòng Kế Hoạch - Vât Tư,482,2026,Quyết định,Phòng Kế hoạch – Vật tư,,2026-05-15,,Đang lưu hành,Nội bộ,Ban hành quy trình cấp phát văn phòng phẩm-vật rẻ,,,
data/00. Văn bản Điều hành/[15] Phòng Kế Hoạch - Vât Tư/489.2026-QĐ-HCNS-Ban hành quy định về chức năng nhiệm vụ và cơ cấu tổ chức của phòng Kế hoạch vật tư.15-05-2026.pdf,[15] Phòng Kế Hoạch - Vât Tư,489,2026,Quyết định,Phòng Kế hoạch – Vật tư,,2026-05-15,,Đang lưu hành,Nội bộ,Ban hành quy định về chức năng nhiệm vụ và cơ cấu tổ chức của phòng Kế hoạch vật tư,,,
data/00. Văn bản Điều hành/[15] Phòng Kế Hoạch - Vât Tư/596.QĐ-HCNS-Bổ nhiệm Trưởng bộ phận kế hoạch-Phòng kế hoạch vật tư.11-09-2025.pdf,[15] Phòng Kế Hoạch - Vât Tư,596,2025,Quyết định,Phòng Kế hoạch – Vật tư,,2025-09-11,,Đang lưu hành,Nội bộ,Bổ nhiệm Trưởng bộ phận kế hoạch-Phòng kế hoạch vật tư,,,
data/00. Văn bản Điều hành/[15] Phòng Kế Hoạch - Vât Tư/597.QĐ-HCNS-Bổ nhiệm Trưởng bộ phận mua hàng-Phòng kế hoạch vật tư.11-09-2025.docx,[15] Phòng Kế Hoạch - Vât Tư,597,2025,Quyết định,Phòng Kế hoạch – Vật tư,,2025-09-11,,Đang lưu hành,Nội bộ,Bổ nhiệm Trưởng bộ phận mua hàng-Phòng kế hoạch vật tư,,,
data/00. Văn bản Điều hành/[15] Phòng Kế Hoạch - Vât Tư/597.QĐ-HCNS-Bổ nhiệm Trưởng bộ phận mua hàng-Phòng kế hoạch vật tư.11-09-2025.pdf,[15] Phòng Kế Hoạch - Vât Tư,597,2025,Quyết định,Phòng Kế hoạch – Vật tư,,2025-09-11,,Đang lưu hành,Nội bộ,Bổ nhiệm Trưởng bộ phận mua hàng-Phòng kế hoạch vật tư,,,
data/00. Văn bản Điều hành/[15] Phòng Kế Hoạch - Vât Tư/598.QĐ-HCNS-Bổ nhiệm Phó phòng kế hoạch vật tư.11-09-2025.docx,[15] Phòng Kế Hoạch - Vât Tư,598,2025,Quyết định,Phòng Kế hoạch – Vật tư,,2025-09-11,,Đang lưu hành,Nội bộ,Bổ nhiệm Phó phòng kế hoạch vật tư,,,
data/00. Văn bản Điều hành/[15] Phòng Kế Hoạch - Vât Tư/598.QĐ-HCNS-Bổ nhiệm Phó phòng kế hoạch vật tư.11-09-2025.pdf,[15] Phòng Kế Hoạch - Vât Tư,598,2025,Quyết định,Phòng Kế hoạch – Vật tư,,2025-09-11,,Đang lưu hành,Nội bộ,Bổ nhiệm Phó phòng kế hoạch vật tư,,,
data/00. Văn bản Điều hành/[16] Phòng Hành chính - Nhân sự/132.2026.QĐ-ĐM-Thưởng nhân ngày 8-3-2026.05-03-2026.pdf,[16] Phòng Hành chính - Nhân sự,132,2026,Quyết định,Phòng Hành chính – Nhân sự,,2026-03-08,,Đang lưu hành,Nội bộ,132.2026.QĐ-ĐM-Thưởng nhân ngày 8-3-2026.05-03-2026,,,
data/00. Văn bản Điều hành/[16] Phòng Hành chính - Nhân sự/169.2025.QĐ-HCNS-Ban hành Quy trình đi công tác.25-3-2025.docx,[16] Phòng Hành chính - Nhân sự,169,2025,Quyết định,Phòng Hành chính – Nhân sự,,2025-03-25,,Đang lưu hành,Nội bộ,Ban hành Quy trình đi công tác,,,
data/00. Văn bản Điều hành/[16] Phòng Hành chính - Nhân sự/169.2025.QĐ-HCNS-Ban hành Quy trình đi công tác.25-3-2025.pdf,[16] Phòng Hành chính - Nhân sự,169,2025,Quyết định,Phòng Hành chính – Nhân sự,,2025-03-25,,Đang lưu hành,Nội bộ,Ban hành Quy trình đi công tác,,,
data/00. Văn bản Điều hành/[16] Phòng Hành chính - Nhân sự/170.2025.QĐ-HCNS-Ban hành Quy trình quản lý văn bản đến văn bản đi.25-3-2025.docx,[16] Phòng Hành chính - Nhân sự,170,2025,Quyết định,Phòng Hành chính – Nhân sự,,2025-03-25,,Đang lưu hành,Nội bộ,Ban hành Quy trình quản lý văn bản đến văn bản đi,,,
data/00. Văn bản Điều hành/[16] Phòng Hành chính - Nhân sự/170.2025.QĐ-HCNS-Ban hành Quy trình quản lý văn bản đến văn bản đi.25-3-2025.pdf,[16] Phòng Hành chính - Nhân sự,170,2025,Quyết định,Phòng Hành chính – Nhân sự,,2025-03-25,,Đang lưu hành,Nội bộ,Ban hành Quy trình quản lý văn bản đến văn bản đi,,,
data/00. Văn bản Điều hành/[16] Phòng Hành chính - Nhân sự/170.2025.QĐ-HCNS-Quy trình quản lý văn bản đến văn bản đi.25-3-2025.pdf,[16] Phòng Hành chính - Nhân sự,170,2025,Quyết định,Phòng Hành chính – Nhân sự,,2025-03-25,,Đang lưu hành,Nội bộ,Quy trình quản lý văn bản đến văn bản đi,,,
data/00. Văn bản Điều hành/[16] Phòng Hành chính - Nhân sự/177.2026.QĐ-HCNS-Thưởng thêm cho mỗi CBNV 01 vỉ bia Idol.05-2-2026.pdf,[16] Phòng Hành chính - Nhân sự,177,2026,Quyết định,Phòng Hành chính – Nhân sự,,2026-02-05,,Đang lưu hành,Nội bộ,Thưởng thêm cho mỗi CBNV 01 vỉ bia Idol,,,
data/00. Văn bản Điều hành/[16] Phòng Hành chính - Nhân sự/201.2026.QĐ-HCNS-Bổ nhiệm Chuyên gia cấp 2 kiêm Quản lý phòng Kỹ thuật Công nghệ và cải tiến sản xuất.26-03-2026.pdf,[16] Phòng Hành chính - Nhân sự,201,2026,Quyết định,Phòng Hành chính – Nhân sự,,2026-03-26,,Đang lưu hành,Nội bộ,Bổ nhiệm Chuyên gia cấp 2 kiêm Quản lý phòng Kỹ thuật Công nghệ và cải tiến sản xuất,,,
"data/00. Văn bản Điều hành/[16] Phòng Hành chính - Nhân sự/208.QĐ-HCNS-Quyết đinh không tổ chức hoạt động chăn nuôi gia súc, gia cầm tại khuôn viên nhà máy.01-06-2025.pdf",[16] Phòng Hành chính - Nhân sự,208,2025,Quyết định,Phòng Hành chính – Nhân sự,,2025-06-01,,Đang lưu hành,Nội bộ,"Quyết đinh không tổ chức hoạt động chăn nuôi gia súc, gia cầm tại khuôn viên nhà máy",,,
"data/00. Văn bản Điều hành/[16] Phòng Hành chính - Nhân sự/217.2026-QĐ-HCNS-Áp dụng thời gian làm việc cho nhân viên lái xe khi cho xe ô tô đi đăng ký ,đăng kiểm.27-2-2026.pdf",[16] Phòng Hành chính - Nhân sự,217,2026,Quyết định,Phòng Hành chính – Nhân sự,,2026-02-27,,Đang lưu hành,Nội bộ,"Áp dụng thời gian làm việc cho nhân viên lái xe khi cho xe ô tô đi đăng ký ,đăng kiểm",,,
"data/00. Văn bản Điều hành/[16] Phòng Hành chính - Nhân sự/224.2025.QĐ-HCNS-Quyết định Ban hành quy trình xây dựng, điều chỉnh định biên Nhân sự.15-4-2025.docx",[16] Phòng Hành chính - Nhân sự,224,2025,Quyết định,Phòng Hành chính – Nhân sự,,2025-04-15,,Đang lưu hành,Nội bộ,"Quyết định Ban hành quy trình xây dựng, điều chỉnh định biên Nhân sự",,,
"data/00. Văn bản Điều hành/[16] Phòng Hành chính - Nhân sự/224.2025.QĐ-HCNS-Quyết định Ban hành quy trình xây dựng, điều chỉnh định biên Nhân sự.15-4-2025.pdf",[16] Phòng Hành chính - Nhân sự,224,2025,Quyết định,Phòng Hành chính – Nhân sự,,2025-04-15,,Đang lưu hành,Nội bộ,"Quyết định Ban hành quy trình xây dựng, điều chỉnh định biên Nhân sự",,,
data/00. Văn bản Điều hành/[16] Phòng Hành chính - Nhân sự/231.QĐ-HCNS-Quyết định Điều chuyển nhân sự.19-4-2025.pdf,[16] Phòng Hành chính - Nhân sự,231,2025,Quyết định,Phòng Hành chính – Nhân sự,,2025-04-19,,Đang lưu hành,Nội bộ,Quyết định Điều chuyển nhân sự,,,
data/00. Văn bản Điều hành/[16] Phòng Hành chính - Nhân sự/233.2026.QĐ-HCNS-Thưởng nhân ngày 8-3-2026.05-03-2026.pdf,[16] Phòng Hành chính - Nhân sự,233,2026,Quyết định,Phòng Hành chính – Nhân sự,,2026-03-08,,Đang lưu hành,Nội bộ,Thưởng nhân ngày,,,
data/00. Văn bản Điều hành/[16] Phòng Hành chính - Nhân sự/239.2025.QĐ-HCNS-Quyết định Ban hành quy trình đánh giá hiệu quả công việc.23-4-2025.pdf,[16] Phòng Hành chính - Nhân sự,239,2025,Quyết định,Phòng Hành chính – Nhân sự,,2025-04-23,,Đang lưu hành,Nội bộ,Quyết định Ban hành quy trình đánh giá hiệu quả công việc,,,
data/00. Văn bản Điều hành/[16] Phòng Hành chính - Nhân sự/246.QĐ-HCNS-Quyết định Bổ nhiệm Phó quản đốc Phân xưởng sản xuất Bia Đông Mai.02-07-2025.pdf,[16] Phòng Hành chính - Nhân sự,246,2025,Quyết định,Phòng Hành chính – Nhân sự,,2025-07-02,,Đang lưu hành,Nội bộ,Quyết định Bổ nhiệm Phó quản đốc Phân xưởng sản xuất Bia Đông Mai,,,
data/00. Văn bản Điều hành/[16] Phòng Hành chính - Nhân sự/247.QĐ-HCNS-Quyết định Miễn nhiệm vị trí Phó ban SHE.02-07-2025.pdf,[16] Phòng Hành chính - Nhân sự,247,2025,Quyết định,Phòng Hành chính – Nhân sự,,2025-07-02,,Đang lưu hành,Nội bộ,Quyết định Miễn nhiệm vị trí Phó ban SHE,,,
"data/00. Văn bản Điều hành/[16] Phòng Hành chính - Nhân sự/248.2026.QĐ-HCNS-Ban hành danh mục KPIs Khối vận hành và Chuỗi cung ứng, Khối tài chính và Quản trị.13-03-2026.pdf",[16] Phòng Hành chính - Nhân sự,248,2026,Quyết định,Phòng Hành chính – Nhân sự,,2026-03-13,,Đang lưu hành,Nội bộ,"Ban hành danh mục KPIs Khối vận hành và Chuỗi cung ứng, Khối tài chính và Quản trị",,,
data/00. Văn bản Điều hành/[16] Phòng Hành chính - Nhân sự/257.QĐ-HCNS-Quyết định Điều chuyển nhân sự.02-05-2025.pdf,[16] Phòng Hành chính - Nhân sự,257,2025,Quyết định,Phòng Hành chính – Nhân sự,,2025-05-02,,Đang lưu hành,Nội bộ,Quyết định Điều chuyển nhân sự,,,
data/00. Văn bản Điều hành/[16] Phòng Hành chính - Nhân sự/28.2026.QĐ-HCNS-Tổ chức Hội nghị người lao động và tổng kết năm 2025.07-01-2026.pdf,[16] Phòng Hành chính - Nhân sự,28,2026,Quyết định,Phòng Hành chính – Nhân sự,,2026-01-07,,Đang lưu hành,Nội bộ,Tổ chức Hội nghị người lao động và tổng kết năm 2025,,,
"data/00. Văn bản Điều hành/[16] Phòng Hành chính - Nhân sự/286.QĐ-HCNS-Quyết định ban hành quy trình xử lý khiếu nại , giải đáp thắc mắc của người lao động.14-05-2025.pdf",[16] Phòng Hành chính - Nhân sự,286,2025,Quyết định,Phòng Hành chính – Nhân sự,,2025-05-14,,Đang lưu hành,Nội bộ,"Quyết định ban hành quy trình xử lý khiếu nại , giải đáp thắc mắc của người lao động",,,
data/00. Văn bản Điều hành/[16] Phòng Hành chính - Nhân sự/287.2026.QĐ-HCNS-Hướng dẫn thanh toán công tác phí.26-03-2026.docx,[16] Phòng Hành chính - Nhân sự,287,2026,Quyết định,Phòng Hành chính – Nhân sự,,2026-03-26,,Đang lưu hành,Nội bộ,Hướng dẫn thanh toán công tác phí,,,
data/00. Văn bản Điều hành/[16] Phòng Hành chính - Nhân sự/287.2026.QĐ-HCNS-Hướng dẫn thanh toán công tác phí.26-03-2026.pdf,[16] Phòng Hành chính - Nhân sự,287,2026,Quyết định,Phòng Hành chính – Nhân sự,,2026-03-26,,Đang lưu hành,Nội bộ,Hướng dẫn thanh toán công tác phí,,,
data/00. Văn bản Điều hành/[16] Phòng Hành chính - Nhân sự/301.2026.QĐ-HCNS-ban hành quy trình phối hợp quản lý lao động thuê lại.30-03-2026.pdf,[16] Phòng Hành chính - Nhân sự,301,2026,Quyết định,Phòng Hành chính – Nhân sự,,2026-03-30,,Đang lưu hành,Nội bộ,ban hành quy trình phối hợp quản lý lao động thuê lại,,,
data/00. Văn bản Điều hành/[16] Phòng Hành chính - Nhân sự/302.QĐ-HCNS-Quyết định Ban hành mẫu hợp đồng đào tạo.22-05-2025.pdf,[16] Phòng Hành chính - Nhân sự,302,2025,Quyết định,Phòng Hành chính – Nhân sự,,2025-05-22,,Đang lưu hành,Nội bộ,Quyết định Ban hành mẫu hợp đồng đào tạo,,,
data/00. Văn bản Điều hành/[16] Phòng Hành chính - Nhân sự/303.QĐ-HCNS-Bổ nhiệm Trưởng phòng cơ điện.25-08-2025.pdf,[16] Phòng Hành chính - Nhân sự,303,2025,Quyết định,Phòng Hành chính – Nhân sự,,2025-08-25,,Đang lưu hành,Nội bộ,Bổ nhiệm Trưởng phòng cơ điện,,,
data/00. Văn bản Điều hành/[16] Phòng Hành chính - Nhân sự/304.2026.QĐ-HCNS-ban hành sơ đồ tổ chức Công ty Cổ phần Bia-Nước giải khát Hạ Long.30-03-2026.pdf,[16] Phòng Hành chính - Nhân sự,304,2026,Quyết định,Phòng Hành chính – Nhân sự,,2026-03-30,,Đang lưu hành,Nội bộ,ban hành sơ đồ tổ chức Công ty Cổ phần Bia-Nước giải khát Hạ Long,,,
data/00. Văn bản Điều hành/[16] Phòng Hành chính - Nhân sự/304.QĐ-HCNS-Kiêm nhiệm chức danh.25-08-2025.pdf,[16] Phòng Hành chính - Nhân sự,304,2025,Quyết định,Phòng Hành chính – Nhân sự,,2025-08-25,,Đang lưu hành,Nội bộ,Kiêm nhiệm chức danh,,,
data/00. Văn bản Điều hành/[16] Phòng Hành chính - Nhân sự/305.QĐ-HCNS-Miễn nhiệm vị trí Trưởng phòng cơ điện.25-08-2025.pdf,[16] Phòng Hành chính - Nhân sự,305,2025,Quyết định,Phòng Hành chính – Nhân sự,,2025-08-25,,Đang lưu hành,Nội bộ,Miễn nhiệm vị trí Trưởng phòng cơ điện,,,
data/00. Văn bản Điều hành/[16] Phòng Hành chính - Nhân sự/306.QĐ-HCNS -Bổ nhiệm Phó Giám đốc thiết bị.25-08-2025.pdf,[16] Phòng Hành chính - Nhân sự,306,2025,Quyết định,Phòng Hành chính – Nhân sự,,2025-08-25,,Đang lưu hành,Nội bộ,Bổ nhiệm Phó Giám đốc thiết bị,,,
data/00. Văn bản Điều hành/[16] Phòng Hành chính - Nhân sự/307.QĐ-HCNS-Bổ nhiệm Phó phòng cơ điện.25-08-2025.pdf,[16] Phòng Hành chính - Nhân sự,307,2025,Quyết định,Phòng Hành chính – Nhân sự,,2025-08-25,,Đang lưu hành,Nội bộ,Bổ nhiệm Phó phòng cơ điện,,,
data/00. Văn bản Điều hành/[16] Phòng Hành chính - Nhân sự/308.QĐ-HCNS-Bổ nhiệm Phó quản đốc phân xưởng cơ điện động lực Hạ Long.25-08-2025.pdf,[16] Phòng Hành chính - Nhân sự,308,2025,Quyết định,Phòng Hành chính – Nhân sự,,2025-08-25,,Đang lưu hành,Nội bộ,Bổ nhiệm Phó quản đốc phân xưởng cơ điện động lực Hạ Long,,,
data/00. Văn bản Điều hành/[16] Phòng Hành chính - Nhân sự/317.QĐ-HCNS-Quyết định Thành lập ban cảm quan bia và nước giải khát.24-05-2025.pdf,[16] Phòng Hành chính - Nhân sự,317,2025,Quyết định,Phòng Hành chính – Nhân sự,,2025-05-24,,Đang lưu hành,Nội bộ,Quyết định Thành lập ban cảm quan bia và nước giải khát,,,
data/00. Văn bản Điều hành/[16] Phòng Hành chính - Nhân sự/320.QĐ-HCNS-Quyết định Thưởng cho CBNV nhân dịp Tết thiếu nhi 1-6.27-05-2025.pdf,[16] Phòng Hành chính - Nhân sự,320,2025,Quyết định,Phòng Hành chính – Nhân sự,,2025-05-27,,Đang lưu hành,Nội bộ,Quyết định Thưởng cho CBNV nhân dịp Tết thiếu nhi 1-6,,,
data/00. Văn bản Điều hành/[16] Phòng Hành chính - Nhân sự/336.2026.QĐ-HCNS-ban hành quy trình cấp phát đồng phục.06-4-2026.pdf,[16] Phòng Hành chính - Nhân sự,336,2026,Quyết định,Phòng Hành chính – Nhân sự,,2026-04-06,,Đang lưu hành,Nội bộ,ban hành quy trình cấp phát đồng phục,,,
data/00. Văn bản Điều hành/[16] Phòng Hành chính - Nhân sự/337.2026-QĐ-HCNS-Quy định đánh giá mức độ hoàn thành công việc(PMS)ban hành.06-4-2026.pdf,[16] Phòng Hành chính - Nhân sự,337,2026,Quyết định,Phòng Hành chính – Nhân sự,,2026-04-06,,Đang lưu hành,Nội bộ,Quy định đánh giá mức độ hoàn thành công việc(PMS)ban hành,,,
data/00. Văn bản Điều hành/[16] Phòng Hành chính - Nhân sự/337.2026.QĐ-HCNS-Quy định đánh giá mức độ hoàn thành công việc(PMS)ban hành.06-4-2026.docx,[16] Phòng Hành chính - Nhân sự,337,2026,Quyết định,Phòng Hành chính – Nhân sự,,2026-04-06,,Đang lưu hành,Nội bộ,Quy định đánh giá mức độ hoàn thành công việc(PMS)ban hành,,,
data/00. Văn bản Điều hành/[16] Phòng Hành chính - Nhân sự/341.QĐ-HCNS-Bổ nhiệm Trưởng bộ phận cơ điện-Xây dựng.25-09-2025.docx,[16] Phòng Hành chính - Nhân sự,341,2025,Quyết định,Phòng Hành chính – Nhân sự,,2025-09-25,,Đang lưu hành,Nội bộ,Bổ nhiệm Trưởng bộ phận cơ điện-Xây dựng,,,
data/00. Văn bản Điều hành/[16] Phòng Hành chính - Nhân sự/341.QĐ-HCNS-Bổ nhiệm Trưởng bộ phận cơ điện-Xây dựng.25-09-2025.pdf,[16] Phòng Hành chính - Nhân sự,341,2025,Quyết định,Phòng Hành chính – Nhân sự,,2025-09-25,,Đang lưu hành,Nội bộ,Bổ nhiệm Trưởng bộ phận cơ điện-Xây dựng,,,
data/00. Văn bản Điều hành/[16] Phòng Hành chính - Nhân sự/342.QĐ-HCNS-Bổ nhiệm Tổ trưởng trực điện-Phân xưởng cơ điện động lực Hạ Long.25-09-2025.docx,[16] Phòng Hành chính - Nhân sự,342,2025,Quyết định,Phòng Hành chính – Nhân sự,,2025-09-25,,Đang lưu hành,Nội bộ,Bổ nhiệm Tổ trưởng trực điện-Phân xưởng cơ điện động lực Hạ Long,,,
data/00. Văn bản Điều hành/[16] Phòng Hành chính - Nhân sự/342.QĐ-HCNS-Bổ nhiệm Tổ trưởng trực điện-Phân xưởng cơ điện động lực Hạ Long.25-09-2025.pdf,[16] Phòng Hành chính - Nhân sự,342,2025,Quyết định,Phòng Hành chính – Nhân sự,,2025-09-25,,Đang lưu hành,Nội bộ,Bổ nhiệm Tổ trưởng trực điện-Phân xưởng cơ điện động lực Hạ Long,,,
data/00. Văn bản Điều hành/[16] Phòng Hành chính - Nhân sự/372.QĐ-HCNS-Quyết định Ban hành Khen thưởng con CBCNV đạt danh hiệu năm học 2024-2025.18-06-2025.pdf,[16] Phòng Hành chính - Nhân sự,372,2025,Quyết định,Phòng Hành chính – Nhân sự,,2025-06-18,,Đang lưu hành,Nội bộ,Quyết định Ban hành Khen thưởng con CBCNV đạt danh hiệu năm học 2024-2025,,,
data/00. Văn bản Điều hành/[16] Phòng Hành chính - Nhân sự/373.QĐ-HCNS-Quyết định Ban hành quy trình định mức đơn giá tiền lương.18-06-2025.pdf,[16] Phòng Hành chính - Nhân sự,373,2025,Quyết định,Phòng Hành chính – Nhân sự,,2025-06-18,,Đang lưu hành,Nội bộ,Quyết định Ban hành quy trình định mức đơn giá tiền lương,,,
data/00. Văn bản Điều hành/[16] Phòng Hành chính - Nhân sự/375.QĐ-HCNS-Quyết định thưởng cho CBCNV nhân dịp kỷ niệm thành lập Công ty.18-06-2025.pdf,[16] Phòng Hành chính - Nhân sự,375,2025,Quyết định,Phòng Hành chính – Nhân sự,,2025-06-18,,Đang lưu hành,Nội bộ,Quyết định thưởng cho CBCNV nhân dịp kỷ niệm thành lập Công ty,,,
"data/00. Văn bản Điều hành/[16] Phòng Hành chính - Nhân sự/398.2026.QĐ-BCHCĐ-Thưởng cho CBNV nhân dịp nghỉ Lễ giỗ tổ Hùng Vương, ngày Chiến thắng 30-4 và Quốc tế lao động 01-05-2026.Ngày 24-4-2026.pdf",[16] Phòng Hành chính - Nhân sự,398,2026,Quyết định,Phòng Hành chính – Nhân sự,,2026-05-01,,Đang lưu hành,Nội bộ,"398.2026.QĐ-BCHCĐ-Thưởng cho CBNV nhân dịp nghỉ Lễ giỗ tổ Hùng Vương, ngày Chiến thắng 30-4 và Quốc tế lao động 01-05-2026.Ngày 24-4-2026",,,
data/00. Văn bản Điều hành/[16] Phòng Hành chính - Nhân sự/412.2026.QĐ-HCNS-Điều chuyển nhân sự đối với ông Đỗ Mạnh Cường.24-04-2026.pdf,[16] Phòng Hành chính - Nhân sự,412,2026,Quyết định,Phòng Hành chính – Nhân sự,,2026-04-24,,Đang lưu hành,Nội bộ,Điều chuyển nhân sự đối với ông Đỗ Mạnh Cường,,,
data/00. Văn bản Điều hành/[16] Phòng Hành chính - Nhân sự/412.QĐ-HCNS-Quyết định kiêm nhiệm chức danh Nguyễn Hữu Hiệp.29-11-2025.pdf,[16] Phòng Hành chính - Nhân sự,412,2025,Quyết định,Phòng Hành chính – Nhân sự,,2025-11-29,,Đang lưu hành,Nội bộ,Quyết định kiêm nhiệm chức danh Nguyễn Hữu Hiệp,,,
data/00. Văn bản Điều hành/[16] Phòng Hành chính - Nhân sự/419.QĐ-HCNS-Quyết định Luân chuyển công tác đối với Ông Phạm Ngọc Vinh.11-7-2025.pdf,[16] Phòng Hành chính - Nhân sự,419,2025,Quyết định,Phòng Hành chính – Nhân sự,,2025-07-11,,Đang lưu hành,Nội bộ,Quyết định Luân chuyển công tác đối với Ông Phạm Ngọc Vinh,,,
data/00. Văn bản Điều hành/[16] Phòng Hành chính - Nhân sự/420.QĐ-HCNS-Quyết định Luân chuyển công tác đối với Ông Thái Nguyễn Cần.11-7-2025.pdf,[16] Phòng Hành chính - Nhân sự,420,2025,Quyết định,Phòng Hành chính – Nhân sự,,2025-07-11,,Đang lưu hành,Nội bộ,Quyết định Luân chuyển công tác đối với Ông Thái Nguyễn Cần,,,
data/00. Văn bản Điều hành/[16] Phòng Hành chính - Nhân sự/421.QĐ-HCNS-Quyết định Kiêm nhiệm chức danh của Ông Thái Nguyễn Cần.11-7-2025.pdf,[16] Phòng Hành chính - Nhân sự,421,2025,Quyết định,Phòng Hành chính – Nhân sự,,2025-07-11,,Đang lưu hành,Nội bộ,Quyết định Kiêm nhiệm chức danh của Ông Thái Nguyễn Cần,,,
data/00. Văn bản Điều hành/[16] Phòng Hành chính - Nhân sự/422.QĐ-HCNS-Quyết định Kiêm nhiệm chức danh của Ông Phạm Ngọc Vinh.11-7-2025.pdf,[16] Phòng Hành chính - Nhân sự,422,2025,Quyết định,Phòng Hành chính – Nhân sự,,2025-07-11,,Đang lưu hành,Nội bộ,Quyết định Kiêm nhiệm chức danh của Ông Phạm Ngọc Vinh,,,
data/00. Văn bản Điều hành/[16] Phòng Hành chính - Nhân sự/430.QĐ-BHL-Quyết định Bổ nhiệm Trưởng phòng vận hành kinh doanh.21-7-2025.pdf,[16] Phòng Hành chính - Nhân sự,430,2025,Quyết định,Phòng Hành chính – Nhân sự,,2025-07-21,,Đang lưu hành,Nội bộ,430.QĐ-BHL-Quyết định Bổ nhiệm Trưởng phòng vận hành kinh doanh.21-7-2025,,,
data/00. Văn bản Điều hành/[16] Phòng Hành chính - Nhân sự/443.QĐ-BHL-Quyết định Bổ nhiệm Quyền Trưởng bộ phận kế hoạch.23-7-2025.pdf,[16] Phòng Hành chính - Nhân sự,443,2025,Quyết định,Phòng Hành chính – Nhân sự,,2025-07-23,,Đang lưu hành,Nội bộ,443.QĐ-BHL-Quyết định Bổ nhiệm Quyền Trưởng bộ phận kế hoạch.23-7-2025,,,
data/00. Văn bản Điều hành/[16] Phòng Hành chính - Nhân sự/451.QĐ-HLB-Quyết định Bổ nhiệm Giám đốc vận hành và Chuỗi cung ứng.25-7-2025.pdf,[16] Phòng Hành chính - Nhân sự,451,2025,Quyết định,Phòng Hành chính – Nhân sự,,2025-07-25,,Đang lưu hành,Nội bộ,451.QĐ-HLB-Quyết định Bổ nhiệm Giám đốc vận hành và Chuỗi cung ứng.25-7-2025,,,
data/00. Văn bản Điều hành/[16] Phòng Hành chính - Nhân sự/452.QĐ-HLB-Quyết định Miễn nhiệm chức danh Giám đốc tài chính Giám đốc vận hành.25-7-2025.pdf,[16] Phòng Hành chính - Nhân sự,452,2025,Quyết định,Phòng Hành chính – Nhân sự,,2025-07-25,,Đang lưu hành,Nội bộ,452.QĐ-HLB-Quyết định Miễn nhiệm chức danh Giám đốc tài chính Giám đốc vận hành.25-7-2025,,,
data/00. Văn bản Điều hành/[16] Phòng Hành chính - Nhân sự/453.QĐ-HLB-Quyết định Bổ nhiệm Giám đốc Tài chính và Quản trị.25-7-2025.pdf,[16] Phòng Hành chính - Nhân sự,453,2025,Quyết định,Phòng Hành chính – Nhân sự,,2025-07-25,,Đang lưu hành,Nội bộ,453.QĐ-HLB-Quyết định Bổ nhiệm Giám đốc Tài chính và Quản trị.25-7-2025,,,
data/00. Văn bản Điều hành/[16] Phòng Hành chính - Nhân sự/46.2025-QĐ-HCNS-Quy định Công tác phí ban hành.24-01-2025.docx,[16] Phòng Hành chính - Nhân sự,46,2025,Quyết định,Phòng Hành chính – Nhân sự,,2025-01-24,,Đang lưu hành,Nội bộ,Quy định Công tác phí ban hành,,,
data/00. Văn bản Điều hành/[16] Phòng Hành chính - Nhân sự/46.2025-QĐ-HCNS-Quy định Công tác phí ban hành.24-01-2025.pdf,[16] Phòng Hành chính - Nhân sự,46,2025,Quyết định,Phòng Hành chính – Nhân sự,,2025-01-24,,Đang lưu hành,Nội bộ,Quy định Công tác phí ban hành,,,
data/00. Văn bản Điều hành/[16] Phòng Hành chính - Nhân sự/483.2026-QĐ-HCNS-Ban hành quy trình tính lương.15-05-2026.docx,[16] Phòng Hành chính - Nhân sự,483,2026,Quyết định,Phòng Hành chính – Nhân sự,,2026-05-15,,Đang lưu hành,Nội bộ,Ban hành quy trình tính lương,,,
data/00. Văn bản Điều hành/[16] Phòng Hành chính - Nhân sự/483.2026-QĐ-HCNS-Ban hành quy trình tính lương.15-05-2026.pdf,[16] Phòng Hành chính - Nhân sự,483,2026,Quyết định,Phòng Hành chính – Nhân sự,,2026-05-15,,Đang lưu hành,Nội bộ,Ban hành quy trình tính lương,,,
data/00. Văn bản Điều hành/[16] Phòng Hành chính - Nhân sự/487.2026-QĐ-HCNS-Ban hành quy định về chức năng nhiệm vụ và cơ cấu tổ chức của phòng hành chính nhân sự ban hành.15-05-2026.docx,[16] Phòng Hành chính - Nhân sự,487,2026,Quyết định,Phòng Hành chính – Nhân sự,,2026-05-15,,Đang lưu hành,Nội bộ,Ban hành quy định về chức năng nhiệm vụ và cơ cấu tổ chức của phòng hành chính nhân sự ban hành,,,
data/00. Văn bản Điều hành/[16] Phòng Hành chính - Nhân sự/487.2026-QĐ-HCNS-Ban hành quy định về chức năng nhiệm vụ và cơ cấu tổ chức của phòng hành chính nhân sự ban hành.15-05-2026.pdf,[16] Phòng Hành chính - Nhân sự,487,2026,Quyết định,Phòng Hành chính – Nhân sự,,2026-05-15,,Đang lưu hành,Nội bộ,Ban hành quy định về chức năng nhiệm vụ và cơ cấu tổ chức của phòng hành chính nhân sự ban hành,,,
data/00. Văn bản Điều hành/[16] Phòng Hành chính - Nhân sự/495.QĐ-HCNS-Hướng dẫn lưu trữ văn bản trên sharepoint.11-8-2025.docx,[16] Phòng Hành chính - Nhân sự,495,2025,Quyết định,Phòng Hành chính – Nhân sự,,2025-08-11,,Đang lưu hành,Nội bộ,Hướng dẫn lưu trữ văn bản trên sharepoint,,,
data/00. Văn bản Điều hành/[16] Phòng Hành chính - Nhân sự/495.QĐ-HCNS-Hướng dẫn lưu trữ văn bản trên sharepoint.11-8-2025.pdf,[16] Phòng Hành chính - Nhân sự,495,2025,Quyết định,Phòng Hành chính – Nhân sự,,2025-08-11,,Đang lưu hành,Nội bộ,Hướng dẫn lưu trữ văn bản trên sharepoint,,,
data/00. Văn bản Điều hành/[16] Phòng Hành chính - Nhân sự/495.QĐ-HCNS-Quyết định Ban hành hướng dẫn lưu trữ văn bản trên sharepoint.11-8-2025.pdf,[16] Phòng Hành chính - Nhân sự,495,2025,Quyết định,Phòng Hành chính – Nhân sự,,2025-08-11,,Đang lưu hành,Nội bộ,Quyết định Ban hành hướng dẫn lưu trữ văn bản trên sharepoint,,,
data/00. Văn bản Điều hành/[16] Phòng Hành chính - Nhân sự/495.QĐ-HCNS-Quyết định Ban hành hướng dẫn lưu trữ văn bản trên sharepoint.11-8-2025_1.pdf,[16] Phòng Hành chính - Nhân sự,495,2025,Quyết định,Phòng Hành chính – Nhân sự,,2025-08-11,,Đang lưu hành,Nội bộ,Quyết định Ban hành hướng dẫn lưu trữ văn bản trên sharepoint,,,
data/00. Văn bản Điều hành/[16] Phòng Hành chính - Nhân sự/498.QĐ-CĐ-Quyết định Giảm mức thu đoàn phí- công đoàn.12-08-2025.pdf,[16] Phòng Hành chính - Nhân sự,498,2025,Quyết định,Phòng Hành chính – Nhân sự,,2025-08-12,,Đang lưu hành,Nội bộ,Quyết định Giảm mức thu đoàn phí- công đoàn,,,
data/00. Văn bản Điều hành/[16] Phòng Hành chính - Nhân sự/513.QĐ-HCNS-Bổ nhiệm Trợ lý Ban điều hành kiêm phó ban tài chính và kiểm soát nội bộ.21-08-2025.docx,[16] Phòng Hành chính - Nhân sự,513,2025,Quyết định,Phòng Hành chính – Nhân sự,,2025-08-21,,Đang lưu hành,Nội bộ,Bổ nhiệm Trợ lý Ban điều hành kiêm phó ban tài chính và kiểm soát nội bộ,,,
data/00. Văn bản Điều hành/[16] Phòng Hành chính - Nhân sự/513.QĐ-HCNS-Bổ nhiệm Trợ lý Ban điều hành kiêm phó ban tài chính và kiểm soát nội bộ.21-08-2025.pdf,[16] Phòng Hành chính - Nhân sự,513,2025,Quyết định,Phòng Hành chính – Nhân sự,,2025-08-21,,Đang lưu hành,Nội bộ,Bổ nhiệm Trợ lý Ban điều hành kiêm phó ban tài chính và kiểm soát nội bộ,,,
data/00. Văn bản Điều hành/[16] Phòng Hành chính - Nhân sự/526.QĐ-HCNS-Bổ nhiệm Kế toán trưởng-Trưởng phòng kế toán.26-08-2025.pdf,[16] Phòng Hành chính - Nhân sự,526,2025,Quyết định,Phòng Hành chính – Nhân sự,,2025-08-26,,Đang lưu hành,Nội bộ,Bổ nhiệm Kế toán trưởng-Trưởng phòng kế toán,,,
data/00. Văn bản Điều hành/[16] Phòng Hành chính - Nhân sự/527.QĐ-HCNS-Bổ nhiệm vị trí Phó ban An toàn-Sức khỏe-Môi trường.26-08-2025.docx,[16] Phòng Hành chính - Nhân sự,527,2025,Quyết định,Phòng Hành chính – Nhân sự,,2025-08-26,,Đang lưu hành,Nội bộ,Bổ nhiệm vị trí Phó ban An toàn-Sức khỏe-Môi trường,,,
data/00. Văn bản Điều hành/[16] Phòng Hành chính - Nhân sự/527.QĐ-HCNS-Bổ nhiệm vị trí Phó ban An toàn-Sức khỏe-Môi trường.26-08-2025.pdf,[16] Phòng Hành chính - Nhân sự,527,2025,Quyết định,Phòng Hành chính – Nhân sự,,2025-08-26,,Đang lưu hành,Nội bộ,Bổ nhiệm vị trí Phó ban An toàn-Sức khỏe-Môi trường,,,
data/00. Văn bản Điều hành/[16] Phòng Hành chính - Nhân sự/528.QĐ-HCNS-Miễn nhiệm vị trí Trưởng ban An toàn-Sức khỏe-Môi trường.26-08-2025.pdf,[16] Phòng Hành chính - Nhân sự,528,2025,Quyết định,Phòng Hành chính – Nhân sự,,2025-08-26,,Đang lưu hành,Nội bộ,Miễn nhiệm vị trí Trưởng ban An toàn-Sức khỏe-Môi trường,,,
data/00. Văn bản Điều hành/[16] Phòng Hành chính - Nhân sự/529.QĐ-HCNS-Miễn nhiệm vị trí Đội trưởng đội xe.26-08-2025.docx,[16] Phòng Hành chính - Nhân sự,529,2025,Quyết định,Phòng Hành chính – Nhân sự,,2025-08-26,,Đang lưu hành,Nội bộ,Miễn nhiệm vị trí Đội trưởng đội xe,,,
data/00. Văn bản Điều hành/[16] Phòng Hành chính - Nhân sự/529.QĐ-HCNS-Miễn nhiệm vị trí Đội trưởng đội xe.26-08-2025.pdf,[16] Phòng Hành chính - Nhân sự,529,2025,Quyết định,Phòng Hành chính – Nhân sự,,2025-08-26,,Đang lưu hành,Nội bộ,Miễn nhiệm vị trí Đội trưởng đội xe,,,
data/00. Văn bản Điều hành/[16] Phòng Hành chính - Nhân sự/530.QĐ-HCNS-Bổ nhiệm vị trí đội trưởng đội xe.26-08-2025.docx,[16] Phòng Hành chính - Nhân sự,530,2025,Quyết định,Phòng Hành chính – Nhân sự,,2025-08-26,,Đang lưu hành,Nội bộ,Bổ nhiệm vị trí đội trưởng đội xe,,,
data/00. Văn bản Điều hành/[16] Phòng Hành chính - Nhân sự/530.QĐ-HCNS-Bổ nhiệm vị trí đội trưởng đội xe.26-08-2025.pdf,[16] Phòng Hành chính - Nhân sự,530,2025,Quyết định,Phòng Hành chính – Nhân sự,,2025-08-26,,Đang lưu hành,Nội bộ,Bổ nhiệm vị trí đội trưởng đội xe,,,
"data/00. Văn bản Điều hành/[16] Phòng Hành chính - Nhân sự/531.QĐ-HCNS-Miễn nhiệm vị trí Trưởng bộ phận kho, bãi, bốc xếp.26-08-2025.docx",[16] Phòng Hành chính - Nhân sự,531,2025,Quyết định,Phòng Hành chính – Nhân sự,,2025-08-26,,Đang lưu hành,Nội bộ,"Miễn nhiệm vị trí Trưởng bộ phận kho, bãi, bốc xếp",,,
"data/00. Văn bản Điều hành/[16] Phòng Hành chính - Nhân sự/531.QĐ-HCNS-Miễn nhiệm vị trí Trưởng bộ phận kho, bãi, bốc xếp.26-08-2025.pdf",[16] Phòng Hành chính - Nhân sự,531,2025,Quyết định,Phòng Hành chính – Nhân sự,,2025-08-26,,Đang lưu hành,Nội bộ,"Miễn nhiệm vị trí Trưởng bộ phận kho, bãi, bốc xếp",,,
"data/00. Văn bản Điều hành/[16] Phòng Hành chính - Nhân sự/532.QĐ-HCNS-Bổ nhiệm vị trí Trưởng bộ phận kho, bãi, bốc xếp.26-08-2025.docx",[16] Phòng Hành chính - Nhân sự,532,2025,Quyết định,Phòng Hành chính – Nhân sự,,2025-08-26,,Đang lưu hành,Nội bộ,"Bổ nhiệm vị trí Trưởng bộ phận kho, bãi, bốc xếp",,,
"data/00. Văn bản Điều hành/[16] Phòng Hành chính - Nhân sự/532.QĐ-HCNS-Bổ nhiệm vị trí Trưởng bộ phận kho, bãi, bốc xếp.26-08-2025.pdf",[16] Phòng Hành chính - Nhân sự,532,2025,Quyết định,Phòng Hành chính – Nhân sự,,2025-08-26,,Đang lưu hành,Nội bộ,"Bổ nhiệm vị trí Trưởng bộ phận kho, bãi, bốc xếp",,,
data/00. Văn bản Điều hành/[16] Phòng Hành chính - Nhân sự/579.2025.QĐ-HCNS-Quy định quản lý văn bản.29-08-2025.docx,[16] Phòng Hành chính - Nhân sự,579,2025,Quyết định,Phòng Hành chính – Nhân sự,,2025-08-29,,Đang lưu hành,Nội bộ,Quy định quản lý văn bản,,,
data/00. Văn bản Điều hành/[16] Phòng Hành chính - Nhân sự/586.QĐ-HCNS-Bổ nhiệm Trưởng bộ phận tác nghiệp kinh doanh.04-09-2025.pdf,[16] Phòng Hành chính - Nhân sự,586,2025,Quyết định,Phòng Hành chính – Nhân sự,,2025-09-04,,Đang lưu hành,Nội bộ,Bổ nhiệm Trưởng bộ phận tác nghiệp kinh doanh,,,
data/00. Văn bản Điều hành/[16] Phòng Hành chính - Nhân sự/596.QĐ-HCNS-Bổ nhiệm Trưởng bộ phận kế hoạch-Phòng kế hoạch vật tư.11-09-2025.pdf,[16] Phòng Hành chính - Nhân sự,596,2025,Quyết định,Phòng Hành chính – Nhân sự,,2025-09-11,,Đang lưu hành,Nội bộ,Bổ nhiệm Trưởng bộ phận kế hoạch-Phòng kế hoạch vật tư,,,
data/00. Văn bản Điều hành/[16] Phòng Hành chính - Nhân sự/597.QĐ-HCNS-Bổ nhiệm Trưởng bộ phận mua hàng Phòng kế hoạch vật tư.11-09-2025.pdf,[16] Phòng Hành chính - Nhân sự,597,2025,Quyết định,Phòng Hành chính – Nhân sự,,2025-09-11,,Đang lưu hành,Nội bộ,Bổ nhiệm Trưởng bộ phận mua hàng Phòng kế hoạch vật tư,,,
data/00. Văn bản Điều hành/[16] Phòng Hành chính - Nhân sự/598.QĐ-HCNS-Bổ nhiệm Phó phòng kế hoạch vật tư.11-09-2025.pdf,[16] Phòng Hành chính - Nhân sự,598,2025,Quyết định,Phòng Hành chính – Nhân sự,,2025-09-11,,Đang lưu hành,Nội bộ,Bổ nhiệm Phó phòng kế hoạch vật tư,,,
data/00. Văn bản Điều hành/[16] Phòng Hành chính - Nhân sự/624.QĐ-HCNS-Bổ nhiệm Trưởng bộ phận kho-Phòng kế hoạch vật tư.19-9-2025.pdf,[16] Phòng Hành chính - Nhân sự,624,2025,Quyết định,Phòng Hành chính – Nhân sự,,2025-09-19,,Đang lưu hành,Nội bộ,Bổ nhiệm Trưởng bộ phận kho-Phòng kế hoạch vật tư,,,
data/00. Văn bản Điều hành/[16] Phòng Hành chính - Nhân sự/625.QĐ-HCNS-tặng bánh Trung thu cho CBNV.20-09-2025.pdf,[16] Phòng Hành chính - Nhân sự,625,2025,Quyết định,Phòng Hành chính – Nhân sự,,2025-09-20,,Đang lưu hành,Nội bộ,tặng bánh Trung thu cho CBNV,,,
data/00. Văn bản Điều hành/[16] Phòng Hành chính - Nhân sự/721.QĐ-HCNS-giao định mức tiêu hao nhiên liệu đối với xe con 05 chỗ 14A-736.53.06-10-2025.pdf,[16] Phòng Hành chính - Nhân sự,721,2025,Quyết định,Phòng Hành chính – Nhân sự,,2025-10-06,,Đang lưu hành,Nội bộ,giao định mức tiêu hao nhiên liệu đối với xe con 05 chỗ 14A-736.53,,,
data/00. Văn bản Điều hành/[16] Phòng Hành chính - Nhân sự/732.QĐ-HCNS-Thưởng CBNV nhân ngày phụ nữ Việt Nam 20-10-2025.10-10-2025.pdf,[16] Phòng Hành chính - Nhân sự,732,2025,Quyết định,Phòng Hành chính – Nhân sự,,2025-10-20,,Đang lưu hành,Nội bộ,Thưởng CBNV nhân ngày phụ nữ Việt Nam,,,
data/00. Văn bản Điều hành/[16] Phòng Hành chính - Nhân sự/733.2025.QĐ-HCNS-Luân chuyển công tác đối với ông Phạm Quốc Thụy.10-10-2025.pdf,[16] Phòng Hành chính - Nhân sự,733,2025,Quyết định,Phòng Hành chính – Nhân sự,,2025-10-10,,Đang lưu hành,Nội bộ,Luân chuyển công tác đối với ông Phạm Quốc Thụy,,,
data/00. Văn bản Điều hành/[16] Phòng Hành chính - Nhân sự/745.QĐ-HCNS-Bổ nhiệm Trưởng bộ phận công nghệ-P.kỹ thuật CN & CTSX.15-10-2025.pdf,[16] Phòng Hành chính - Nhân sự,745,2025,Quyết định,Phòng Hành chính – Nhân sự,,2025-10-15,,Đang lưu hành,Nội bộ,Bổ nhiệm Trưởng bộ phận công nghệ-P.kỹ thuật CN & CTSX,,,
data/00. Văn bản Điều hành/[16] Phòng Hành chính - Nhân sự/760.QĐ-HCNS-Tạm thời đình chỉ công việc đối với bà Nguyễn Vũ Hà Vân-Trưởng bộ phận PG.27-10-2025.pdf,[16] Phòng Hành chính - Nhân sự,760,2025,Quyết định,Phòng Hành chính – Nhân sự,,2025-10-27,,Đang lưu hành,Nội bộ,Tạm thời đình chỉ công việc đối với bà Nguyễn Vũ Hà Vân-Trưởng bộ phận PG,,,
data/00. Văn bản Điều hành/[16] Phòng Hành chính - Nhân sự/785.QĐ-HLB-Xử lý kỷ luật lao động.12-11-2025.pdf,[16] Phòng Hành chính - Nhân sự,785,2025,Quyết định,Phòng Hành chính – Nhân sự,,2025-11-12,,Đang lưu hành,Nội bộ,785.QĐ-HLB-Xử lý kỷ luật lao động.12-11-2025,,,
data/00. Văn bản Điều hành/[16] Phòng Hành chính - Nhân sự/793.QĐ-HCNS-Hỗ trợ cho CBNV bị thiệt hại sau cơn bão số 11 năm 2025.18-11-2025.pdf,[16] Phòng Hành chính - Nhân sự,793,2025,Quyết định,Phòng Hành chính – Nhân sự,,2025-11-18,,Đang lưu hành,Nội bộ,Hỗ trợ cho CBNV bị thiệt hại sau cơn bão số 11 năm 2025,,,
data/00. Văn bản Điều hành/[16] Phòng Hành chính - Nhân sự/808.QĐ-HCNS-Miễn nhiệm vị trí Trưởng phòng-Phòng kinh doanh bia hơi.27-11-2025.pdf,[16] Phòng Hành chính - Nhân sự,808,2025,Quyết định,Phòng Hành chính – Nhân sự,,2025-11-27,,Đang lưu hành,Nội bộ,Miễn nhiệm vị trí Trưởng phòng-Phòng kinh doanh bia hơi,,,
data/00. Văn bản Điều hành/[16] Phòng Hành chính - Nhân sự/809.QĐ-HCNS-Bổ nhiệm vị trí Phó phòng-Phòng kinh doanh bia hơi.27-11-2025.pdf,[16] Phòng Hành chính - Nhân sự,809,2025,Quyết định,Phòng Hành chính – Nhân sự,,2025-11-27,,Đang lưu hành,Nội bộ,Bổ nhiệm vị trí Phó phòng-Phòng kinh doanh bia hơi,,,
data/00. Văn bản Điều hành/[16] Phòng Hành chính - Nhân sự/820.QĐ-BHL-Quyết định của TGĐ Công ty Ban hành và áp dụng thực hiện bản mô tả công việc cho CBCNV.31-10-2024.pdf,[16] Phòng Hành chính - Nhân sự,820,2024,Quyết định,Phòng Hành chính – Nhân sự,,2024-10-31,,Đang lưu hành,Nội bộ,820.QĐ-BHL-Quyết định của TGĐ Công ty Ban hành và áp dụng thực hiện bản mô tả công việc cho CBCNV.31-10-2024,,,
data/00. Văn bản Điều hành/[16] Phòng Hành chính - Nhân sự/832.QĐ-BHL-Ban hành hệ thống định danh của Công ty.09-12-2025.pdf,[16] Phòng Hành chính - Nhân sự,832,2025,Quyết định,Phòng Hành chính – Nhân sự,,2025-12-09,,Đang lưu hành,Nội bộ,832.QĐ-BHL-Ban hành hệ thống định danh của Công ty.09-12-2025,,,
data/00. Văn bản Điều hành/[16] Phòng Hành chính - Nhân sự/838.QĐ-HCNS-ban hành quy trình quản lý hợp đồng.13-12-2025.pdf,[16] Phòng Hành chính - Nhân sự,838,2025,Quyết định,Phòng Hành chính – Nhân sự,,2025-12-13,,Đang lưu hành,Nội bộ,ban hành quy trình quản lý hợp đồng,,,
data/00. Văn bản Điều hành/[16] Phòng Hành chính - Nhân sự/866.QĐ-HCNS-Thành lập ban tổ chức Hội nghị người lao động và Tổng kết năm 2025.20-12-2025.docx,[16] Phòng Hành chính - Nhân sự,866,2025,Quyết định,Phòng Hành chính – Nhân sự,,2025-12-20,,Đang lưu hành,Nội bộ,Thành lập ban tổ chức Hội nghị người lao động và Tổng kết năm 2025,,,
data/00. Văn bản Điều hành/[16] Phòng Hành chính - Nhân sự/866.QĐ-HCNS-Thành lập ban tổ chức Hội nghị người lao động và Tổng kết năm 2025.20-12-2025.pdf,[16] Phòng Hành chính - Nhân sự,866,2025,Quyết định,Phòng Hành chính – Nhân sự,,2025-12-20,,Đang lưu hành,Nội bộ,Thành lập ban tổ chức Hội nghị người lao động và Tổng kết năm 2025,,,
data/00. Văn bản Điều hành/[16] Phòng Hành chính - Nhân sự/867.QĐ-HCNS-Thành lập Đội văn nghệ biểu diễn trong chương trình Hội nghị người lao động và Tổng kết năm 2025.20-12-2025.docx,[16] Phòng Hành chính - Nhân sự,867,2025,Quyết định,Phòng Hành chính – Nhân sự,,2025-12-20,,Đang lưu hành,Nội bộ,Thành lập Đội văn nghệ biểu diễn trong chương trình Hội nghị người lao động và Tổng kết năm 2025,,,
data/00. Văn bản Điều hành/[16] Phòng Hành chính - Nhân sự/867.QĐ-HCNS-Thành lập Đội văn nghệ biểu diễn trong chương trình Hội nghị người lao động và Tổng kết năm 2025.20-12-2025.pdf,[16] Phòng Hành chính - Nhân sự,867,2025,Quyết định,Phòng Hành chính – Nhân sự,,2025-12-20,,Đang lưu hành,Nội bộ,Thành lập Đội văn nghệ biểu diễn trong chương trình Hội nghị người lao động và Tổng kết năm 2025,,,
data/00. Văn bản Điều hành/[16] Phòng Hành chính - Nhân sự/868.QĐ-HCNS-Thành lập Đội khánh tiết hậu cần phục vụ sự kiện Hội nghị người lao động và Tổng kết năm 2025.20-12-2025.docx,[16] Phòng Hành chính - Nhân sự,868,2025,Quyết định,Phòng Hành chính – Nhân sự,,2025-12-20,,Đang lưu hành,Nội bộ,Thành lập Đội khánh tiết hậu cần phục vụ sự kiện Hội nghị người lao động và Tổng kết năm 2025,,,
data/00. Văn bản Điều hành/[16] Phòng Hành chính - Nhân sự/868.QĐ-HCNS-Thành lập Đội khánh tiết hậu cần phục vụ sự kiện Hội nghị người lao động và Tổng kết năm 2025.20-12-2025.pdf,[16] Phòng Hành chính - Nhân sự,868,2025,Quyết định,Phòng Hành chính – Nhân sự,,2025-12-20,,Đang lưu hành,Nội bộ,Thành lập Đội khánh tiết hậu cần phục vụ sự kiện Hội nghị người lao động và Tổng kết năm 2025,,,
data/00. Văn bản Điều hành/[16] Phòng Hành chính - Nhân sự/869.QĐ-HCNS-Thành lập Hội đồng thi đua khen thưởng năm 2025.20-12-2025.docx,[16] Phòng Hành chính - Nhân sự,869,2025,Quyết định,Phòng Hành chính – Nhân sự,,2025-12-20,,Đang lưu hành,Nội bộ,Thành lập Hội đồng thi đua khen thưởng năm 2025,,,
data/00. Văn bản Điều hành/[16] Phòng Hành chính - Nhân sự/869.QĐ-HCNS-Thành lập Hội đồng thi đua khen thưởng năm 2025.20-12-2025.pdf,[16] Phòng Hành chính - Nhân sự,869,2025,Quyết định,Phòng Hành chính – Nhân sự,,2025-12-20,,Đang lưu hành,Nội bộ,Thành lập Hội đồng thi đua khen thưởng năm 2025,,,
data/00. Văn bản Điều hành/[16] Phòng Hành chính - Nhân sự/875.2024.QĐ-HCNS-Hướng dẫn Thể thức kỹ thuật trình bày văn bản.01-12-2024.docx,[16] Phòng Hành chính - Nhân sự,875,2024,Quyết định,Phòng Hành chính – Nhân sự,,2024-12-01,,Đang lưu hành,Nội bộ,Hướng dẫn Thể thức kỹ thuật trình bày văn bản,,,
data/00. Văn bản Điều hành/[16] Phòng Hành chính - Nhân sự/875.2024.QĐ-HCNS-Hướng dẫn Thể thức kỹ thuật trình bày văn bản.01-12-2024.pdf,[16] Phòng Hành chính - Nhân sự,875,2024,Quyết định,Phòng Hành chính – Nhân sự,,2024-12-01,,Đang lưu hành,Nội bộ,Hướng dẫn Thể thức kỹ thuật trình bày văn bản,,,
data/00. Văn bản Điều hành/[16] Phòng Hành chính - Nhân sự/890.QĐ-BHL-Quyết định của TGĐ Công ty Định mức nhiên liệu tiêu thụ dầu xe ô tô 14B-041.30.09-12-2024.pdf,[16] Phòng Hành chính - Nhân sự,890,2024,Quyết định,Phòng Hành chính – Nhân sự,,2024-12-09,,Đang lưu hành,Nội bộ,890.QĐ-BHL-Quyết định của TGĐ Công ty Định mức nhiên liệu tiêu thụ dầu xe ô tô 14B-041.30.09-12-2024,,,
data/00. Văn bản Điều hành/[17] Phòng Kiểm soát chất lượng - KCS/122.ĐM.2026.QĐ-HCNS-Điều chuyển nhân sự.27-02-2026.pdf,[17] Phòng Kiểm soát chất lượng - KCS,122,2026,Quyết định,Phòng Kiểm soát Chất lượng – KCS,,2026-02-27,,Đang lưu hành,Nội bộ,Điều chuyển nhân sự,,,
data/00. Văn bản Điều hành/[17] Phòng Kiểm soát chất lượng - KCS/136.2026.QĐ-ĐM-Miễn nhiệm vị trí Trưởng bộ phận KCS.09-03-2026.pdf,[17] Phòng Kiểm soát chất lượng - KCS,136,2026,Quyết định,Phòng Kiểm soát Chất lượng – KCS,,2026-03-09,,Đang lưu hành,Nội bộ,136.2026.QĐ-ĐM-Miễn nhiệm vị trí Trưởng bộ phận KCS.09-03-2026,,,
data/00. Văn bản Điều hành/[17] Phòng Kiểm soát chất lượng - KCS/139.2025.QĐ-HCNS-Quyết định của Quy trình phân tích mối nguy sản phẩm bia tươi loại keg 20 lít.14-03-2025.docx,[17] Phòng Kiểm soát chất lượng - KCS,139,2025,Quyết định,Phòng Kiểm soát Chất lượng – KCS,,2025-03-14,,Đang lưu hành,Nội bộ,Quyết định của Quy trình phân tích mối nguy sản phẩm bia tươi loại keg 20 lít,,,
data/00. Văn bản Điều hành/[17] Phòng Kiểm soát chất lượng - KCS/139.2025.QĐ-HCNS-Quyết định của Quy trình phân tích mối nguy sản phẩm bia tươi loại keg 20 lít.14-03-2025.pdf,[17] Phòng Kiểm soát chất lượng - KCS,139,2025,Quyết định,Phòng Kiểm soát Chất lượng – KCS,,2025-03-14,,Đang lưu hành,Nội bộ,Quyết định của Quy trình phân tích mối nguy sản phẩm bia tươi loại keg 20 lít,,,
data/00. Văn bản Điều hành/[17] Phòng Kiểm soát chất lượng - KCS/140.2025.QĐ-HCNS-Quyết định của Tổng Giám Đốc Công ty Ban hành Quy trình rửa keg bia 30 lít-Đông Mai.20-03-2025.docx,[17] Phòng Kiểm soát chất lượng - KCS,140,2025,Quyết định,Phòng Kiểm soát Chất lượng – KCS,,2025-03-20,,Đang lưu hành,Nội bộ,Quyết định của Tổng Giám Đốc Công ty Ban hành Quy trình rửa keg bia 30 lít-Đông Mai,,,
data/00. Văn bản Điều hành/[17] Phòng Kiểm soát chất lượng - KCS/140.2025.QĐ-HCNS-Quyết định của Tổng Giám Đốc Công ty Ban hành Quy trình rửa keg bia 30 lít-Đông Mai.20-03-2025.pdf,[17] Phòng Kiểm soát chất lượng - KCS,140,2025,Quyết định,Phòng Kiểm soát Chất lượng – KCS,,2025-03-20,,Đang lưu hành,Nội bộ,Quyết định của Tổng Giám Đốc Công ty Ban hành Quy trình rửa keg bia 30 lít-Đông Mai,,,
data/00. Văn bản Điều hành/[17] Phòng Kiểm soát chất lượng - KCS/149.2025.QĐ-HCNS-Quyết định của Tổng Giám Đốc Công ty Ban hành Quy trình lên men bia-Đông Mai.20-03-2025.docx,[17] Phòng Kiểm soát chất lượng - KCS,149,2025,Quyết định,Phòng Kiểm soát Chất lượng – KCS,,2025-03-20,,Đang lưu hành,Nội bộ,Quyết định của Tổng Giám Đốc Công ty Ban hành Quy trình lên men bia-Đông Mai,,,
data/00. Văn bản Điều hành/[17] Phòng Kiểm soát chất lượng - KCS/149.2025.QĐ-HCNS-Quyết định của Tổng Giám Đốc Công ty Ban hành Quy trình lên men bia-Đông Mai.20-03-2025.pdf,[17] Phòng Kiểm soát chất lượng - KCS,149,2025,Quyết định,Phòng Kiểm soát Chất lượng – KCS,,2025-03-20,,Đang lưu hành,Nội bộ,Quyết định của Tổng Giám Đốc Công ty Ban hành Quy trình lên men bia-Đông Mai,,,
data/00. Văn bản Điều hành/[17] Phòng Kiểm soát chất lượng - KCS/150.2025.QĐ-HCNS-Quyết định của Tổng Giám Đốc Công ty Ban hành Quy trình rửa keg bia 30 lít-Hạ Long.20-3-2025.docx,[17] Phòng Kiểm soát chất lượng - KCS,150,2025,Quyết định,Phòng Kiểm soát Chất lượng – KCS,,2025-03-20,,Đang lưu hành,Nội bộ,Quyết định của Tổng Giám Đốc Công ty Ban hành Quy trình rửa keg bia 30 lít-Hạ Long,,,
data/00. Văn bản Điều hành/[17] Phòng Kiểm soát chất lượng - KCS/150.2025.QĐ-HCNS-Quyết định của Tổng Giám Đốc Công ty Ban hành Quy trình rửa keg bia 30 lít-Hạ Long.20-3-2025.pdf,[17] Phòng Kiểm soát chất lượng - KCS,150,2025,Quyết định,Phòng Kiểm soát Chất lượng – KCS,,2025-03-20,,Đang lưu hành,Nội bộ,Quyết định của Tổng Giám Đốc Công ty Ban hành Quy trình rửa keg bia 30 lít-Hạ Long,,,
"data/00. Văn bản Điều hành/[17] Phòng Kiểm soát chất lượng - KCS/151.2025.QĐ-HCNS-Quyết định của Tổng Giám Đốc Công ty Ban hành Quy trình lọc bia, bổ sung CO2-Hạ Long.20-03-2025.docx",[17] Phòng Kiểm soát chất lượng - KCS,151,2025,Quyết định,Phòng Kiểm soát Chất lượng – KCS,,2025-03-20,,Đang lưu hành,Nội bộ,"Quyết định của Tổng Giám Đốc Công ty Ban hành Quy trình lọc bia, bổ sung CO2-Hạ Long",,,
"data/00. Văn bản Điều hành/[17] Phòng Kiểm soát chất lượng - KCS/151.2025.QĐ-HCNS-Quyết định của Tổng Giám Đốc Công ty Ban hành Quy trình lọc bia, bổ sung CO2-Hạ Long.20-03-2025.pdf",[17] Phòng Kiểm soát chất lượng - KCS,151,2025,Quyết định,Phòng Kiểm soát Chất lượng – KCS,,2025-03-20,,Đang lưu hành,Nội bộ,"Quyết định của Tổng Giám Đốc Công ty Ban hành Quy trình lọc bia, bổ sung CO2-Hạ Long",,,
data/00. Văn bản Điều hành/[17] Phòng Kiểm soát chất lượng - KCS/152.2025.QĐ-HCNS-Quyết định của Tổng Giám Đốc Công ty Ban hành Quy trình chiết keg bia 02 lít.20-03-2025.docx,[17] Phòng Kiểm soát chất lượng - KCS,152,2025,Quyết định,Phòng Kiểm soát Chất lượng – KCS,,2025-03-20,,Đang lưu hành,Nội bộ,Quyết định của Tổng Giám Đốc Công ty Ban hành Quy trình chiết keg bia 02 lít,,,
data/00. Văn bản Điều hành/[17] Phòng Kiểm soát chất lượng - KCS/152.2025.QĐ-HCNS-Quyết định của Tổng Giám Đốc Công ty Ban hành Quy trình chiết keg bia 02 lít.20-03-2025.pdf,[17] Phòng Kiểm soát chất lượng - KCS,152,2025,Quyết định,Phòng Kiểm soát Chất lượng – KCS,,2025-03-20,,Đang lưu hành,Nội bộ,Quyết định của Tổng Giám Đốc Công ty Ban hành Quy trình chiết keg bia 02 lít,,,
data/00. Văn bản Điều hành/[17] Phòng Kiểm soát chất lượng - KCS/153.2025.QĐ-HCNS-Quyết định của Tổng Giám Đốc Công ty Ban hành Quy trình kiểm tra định lượng-in phun bia keg 30 lít.20-03-2025.docx,[17] Phòng Kiểm soát chất lượng - KCS,153,2025,Quyết định,Phòng Kiểm soát Chất lượng – KCS,,2025-03-20,,Đang lưu hành,Nội bộ,Quyết định của Tổng Giám Đốc Công ty Ban hành Quy trình kiểm tra định lượng-in phun bia keg 30 lít,,,
data/00. Văn bản Điều hành/[17] Phòng Kiểm soát chất lượng - KCS/153.2025.QĐ-HCNS-Quyết định của Tổng Giám Đốc Công ty Ban hành Quy trình kiểm tra định lượng-in phun bia keg 30 lít.20-03-2025.pdf,[17] Phòng Kiểm soát chất lượng - KCS,153,2025,Quyết định,Phòng Kiểm soát Chất lượng – KCS,,2025-03-20,,Đang lưu hành,Nội bộ,Quyết định của Tổng Giám Đốc Công ty Ban hành Quy trình kiểm tra định lượng-in phun bia keg 30 lít,,,
data/00. Văn bản Điều hành/[17] Phòng Kiểm soát chất lượng - KCS/154.2025.QĐ-HCNS-Quyết định của Tổng Giám Đốc Công ty Ban hành Quy trình kiểm tra chất lượng-in phun bia keg 02 lít.20-03-2025.docx,[17] Phòng Kiểm soát chất lượng - KCS,154,2025,Quyết định,Phòng Kiểm soát Chất lượng – KCS,,2025-03-20,,Đang lưu hành,Nội bộ,Quyết định của Tổng Giám Đốc Công ty Ban hành Quy trình kiểm tra chất lượng-in phun bia keg 02 lít,,,
data/00. Văn bản Điều hành/[17] Phòng Kiểm soát chất lượng - KCS/154.2025.QĐ-HCNS-Quyết định của Tổng Giám Đốc Công ty Ban hành Quy trình kiểm tra chất lượng-in phun bia keg 02 lít.20-03-2025.pdf,[17] Phòng Kiểm soát chất lượng - KCS,154,2025,Quyết định,Phòng Kiểm soát Chất lượng – KCS,,2025-03-20,,Đang lưu hành,Nội bộ,Quyết định của Tổng Giám Đốc Công ty Ban hành Quy trình kiểm tra chất lượng-in phun bia keg 02 lít,,,
data/00. Văn bản Điều hành/[17] Phòng Kiểm soát chất lượng - KCS/155.2025.QĐ-HCNS-Quyết định của Tổng Giám Đốc Công ty Ban hành Quy trình chiết keg bia 30 lít(máy Việt Nam)-Hạ Long.20-03-2025.docx,[17] Phòng Kiểm soát chất lượng - KCS,155,2025,Quyết định,Phòng Kiểm soát Chất lượng – KCS,,2025-03-20,,Đang lưu hành,Nội bộ,Quyết định của Tổng Giám Đốc Công ty Ban hành Quy trình chiết keg bia 30 lít(máy Việt Nam)-Hạ Long,,,
data/00. Văn bản Điều hành/[17] Phòng Kiểm soát chất lượng - KCS/155.2025.QĐ-HCNS-Quyết định của Tổng Giám Đốc Công ty Ban hành Quy trình chiết keg bia 30 lít(máy Việt Nam)-Hạ Long.20-03-2025.pdf,[17] Phòng Kiểm soát chất lượng - KCS,155,2025,Quyết định,Phòng Kiểm soát Chất lượng – KCS,,2025-03-20,,Đang lưu hành,Nội bộ,Quyết định của Tổng Giám Đốc Công ty Ban hành Quy trình chiết keg bia 30 lít(máy Việt Nam)-Hạ Long,,,
data/00. Văn bản Điều hành/[17] Phòng Kiểm soát chất lượng - KCS/162.2025.QĐ-HCNS-Quyết định Ban hành quy trình rửa lon-dây chuyền lon(Krones).24-03-2025.docx,[17] Phòng Kiểm soát chất lượng - KCS,162,2025,Quyết định,Phòng Kiểm soát Chất lượng – KCS,,2025-03-24,,Đang lưu hành,Nội bộ,Quyết định Ban hành quy trình rửa lon-dây chuyền lon(Krones),,,
data/00. Văn bản Điều hành/[17] Phòng Kiểm soát chất lượng - KCS/162.2025.QĐ-HCNS-Quyết định Ban hành quy trình rửa lon-dây chuyền lon(Krones).24-03-2025.pdf,[17] Phòng Kiểm soát chất lượng - KCS,162,2025,Quyết định,Phòng Kiểm soát Chất lượng – KCS,,2025-03-24,,Đang lưu hành,Nội bộ,Quyết định Ban hành quy trình rửa lon-dây chuyền lon(Krones),,,
data/00. Văn bản Điều hành/[17] Phòng Kiểm soát chất lượng - KCS/163.2025.QĐ-HCNS-Quyết định Ban hành quy trình chiết keg 30 lít-Đông Mai.24-03-2025.docx,[17] Phòng Kiểm soát chất lượng - KCS,163,2025,Quyết định,Phòng Kiểm soát Chất lượng – KCS,,2025-03-24,,Đang lưu hành,Nội bộ,Quyết định Ban hành quy trình chiết keg 30 lít-Đông Mai,,,
data/00. Văn bản Điều hành/[17] Phòng Kiểm soát chất lượng - KCS/163.2025.QĐ-HCNS-Quyết định Ban hành quy trình chiết keg 30 lít-Đông Mai.24-03-2025.pdf,[17] Phòng Kiểm soát chất lượng - KCS,163,2025,Quyết định,Phòng Kiểm soát Chất lượng – KCS,,2025-03-24,,Đang lưu hành,Nội bộ,Quyết định Ban hành quy trình chiết keg 30 lít-Đông Mai,,,
"data/00. Văn bản Điều hành/[17] Phòng Kiểm soát chất lượng - KCS/164.2025.QĐ-HCNS-Quyết định Ban hành quy trình kiểm tra chất lượng-in phun, dán hộp.24-03-2025.docx",[17] Phòng Kiểm soát chất lượng - KCS,164,2025,Quyết định,Phòng Kiểm soát Chất lượng – KCS,,2025-03-24,,Đang lưu hành,Nội bộ,"Quyết định Ban hành quy trình kiểm tra chất lượng-in phun, dán hộp",,,
"data/00. Văn bản Điều hành/[17] Phòng Kiểm soát chất lượng - KCS/164.2025.QĐ-HCNS-Quyết định Ban hành quy trình kiểm tra chất lượng-in phun, dán hộp.24-03-2025.pdf",[17] Phòng Kiểm soát chất lượng - KCS,164,2025,Quyết định,Phòng Kiểm soát Chất lượng – KCS,,2025-03-24,,Đang lưu hành,Nội bộ,"Quyết định Ban hành quy trình kiểm tra chất lượng-in phun, dán hộp",,,
data/00. Văn bản Điều hành/[17] Phòng Kiểm soát chất lượng - KCS/165.2025.QĐ-HCNS-Quyết định Ban hành quy trình vệ sinh các bề mặt tiếp xúc với sản phẩm-Hạ Long.24-03-2025.docx,[17] Phòng Kiểm soát chất lượng - KCS,165,2025,Quyết định,Phòng Kiểm soát Chất lượng – KCS,,2025-03-24,,Đang lưu hành,Nội bộ,Quyết định Ban hành quy trình vệ sinh các bề mặt tiếp xúc với sản phẩm-Hạ Long,,,
data/00. Văn bản Điều hành/[17] Phòng Kiểm soát chất lượng - KCS/165.2025.QĐ-HCNS-Quyết định Ban hành quy trình vệ sinh các bề mặt tiếp xúc với sản phẩm-Hạ Long.24-03-2025.pdf,[17] Phòng Kiểm soát chất lượng - KCS,165,2025,Quyết định,Phòng Kiểm soát Chất lượng – KCS,,2025-03-24,,Đang lưu hành,Nội bộ,Quyết định Ban hành quy trình vệ sinh các bề mặt tiếp xúc với sản phẩm-Hạ Long,,,
"data/00. Văn bản Điều hành/[17] Phòng Kiểm soát chất lượng - KCS/166.2025.QĐ-HCNS-Quyết định Ban hành quy trình lưu-xuất kho, nhận lại sản phẩm bia hơi, bia tươi.24-03-2025.docx",[17] Phòng Kiểm soát chất lượng - KCS,166,2025,Quyết định,Phòng Kiểm soát Chất lượng – KCS,,2025-03-24,,Đang lưu hành,Nội bộ,"Quyết định Ban hành quy trình lưu-xuất kho, nhận lại sản phẩm bia hơi, bia tươi",,,
"data/00. Văn bản Điều hành/[17] Phòng Kiểm soát chất lượng - KCS/166.2025.QĐ-HCNS-Quyết định Ban hành quy trình lưu-xuất kho, nhận lại sản phẩm bia hơi, bia tươi.24-03-2025.pdf",[17] Phòng Kiểm soát chất lượng - KCS,166,2025,Quyết định,Phòng Kiểm soát Chất lượng – KCS,,2025-03-24,,Đang lưu hành,Nội bộ,"Quyết định Ban hành quy trình lưu-xuất kho, nhận lại sản phẩm bia hơi, bia tươi",,,
data/00. Văn bản Điều hành/[17] Phòng Kiểm soát chất lượng - KCS/171.2025.QĐ-HCNS-Quyết định Ban hành Quy trình vệ sinh đường ống dẫn bia đi lọc.26-3-2025.docx,[17] Phòng Kiểm soát chất lượng - KCS,171,2025,Quyết định,Phòng Kiểm soát Chất lượng – KCS,,2025-03-26,,Đang lưu hành,Nội bộ,Quyết định Ban hành Quy trình vệ sinh đường ống dẫn bia đi lọc,,,
data/00. Văn bản Điều hành/[17] Phòng Kiểm soát chất lượng - KCS/171.2025.QĐ-HCNS-Quyết định Ban hành Quy trình vệ sinh đường ống dẫn bia đi lọc.26-3-2025.pdf,[17] Phòng Kiểm soát chất lượng - KCS,171,2025,Quyết định,Phòng Kiểm soát Chất lượng – KCS,,2025-03-26,,Đang lưu hành,Nội bộ,Quyết định Ban hành Quy trình vệ sinh đường ống dẫn bia đi lọc,,,
data/00. Văn bản Điều hành/[17] Phòng Kiểm soát chất lượng - KCS/174.2025.QĐ-HCNS-Quyết định Ban hành Quy trình vệ sinh tank lên men-Đông Mai.28-03-2025.docx,[17] Phòng Kiểm soát chất lượng - KCS,174,2025,Quyết định,Phòng Kiểm soát Chất lượng – KCS,,2025-03-28,,Đang lưu hành,Nội bộ,Quyết định Ban hành Quy trình vệ sinh tank lên men-Đông Mai,,,
data/00. Văn bản Điều hành/[17] Phòng Kiểm soát chất lượng - KCS/174.2025.QĐ-HCNS-Quyết định Ban hành Quy trình vệ sinh tank lên men-Đông Mai.28-03-2025.pdf,[17] Phòng Kiểm soát chất lượng - KCS,174,2025,Quyết định,Phòng Kiểm soát Chất lượng – KCS,,2025-03-28,,Đang lưu hành,Nội bộ,Quyết định Ban hành Quy trình vệ sinh tank lên men-Đông Mai,,,
data/00. Văn bản Điều hành/[17] Phòng Kiểm soát chất lượng - KCS/180.2025.QĐ-HCNS-Quyết định Ban hành quy trình vệ sinh các bề mặt tiếp xúc với sản phẩm-Đông Mai.29-3-2025.htm,[17] Phòng Kiểm soát chất lượng - KCS,180,2025,Quyết định,Phòng Kiểm soát Chất lượng – KCS,,2025-03-29,,Đang lưu hành,Nội bộ,Quyết định Ban hành quy trình vệ sinh các bề mặt tiếp xúc với sản phẩm-Đông Mai,,,
data/00. Văn bản Điều hành/[17] Phòng Kiểm soát chất lượng - KCS/180.2025.QĐ-HCNS-Quyết định Ban hành quy trình vệ sinh các bề mặt tiếp xúc với sản phẩm-Đông Mai.29-3-2025.pdf,[17] Phòng Kiểm soát chất lượng - KCS,180,2025,Quyết định,Phòng Kiểm soát Chất lượng – KCS,,2025-03-29,,Đang lưu hành,Nội bộ,Quyết định Ban hành quy trình vệ sinh các bề mặt tiếp xúc với sản phẩm-Đông Mai,,,
data/00. Văn bản Điều hành/[17] Phòng Kiểm soát chất lượng - KCS/181.2025.QĐ-HCNS-Quyết định Ban hành quy trình vệ sinh bảo vệ thực phẩm tránh tác nhân gây nhiễm.29-03-2025.docx,[17] Phòng Kiểm soát chất lượng - KCS,181,2025,Quyết định,Phòng Kiểm soát Chất lượng – KCS,,2025-03-29,,Đang lưu hành,Nội bộ,Quyết định Ban hành quy trình vệ sinh bảo vệ thực phẩm tránh tác nhân gây nhiễm,,,
data/00. Văn bản Điều hành/[17] Phòng Kiểm soát chất lượng - KCS/181.2025.QĐ-HCNS-Quyết định Ban hành quy trình vệ sinh bảo vệ thực phẩm tránh tác nhân gây nhiễm.29-03-2025.pdf,[17] Phòng Kiểm soát chất lượng - KCS,181,2025,Quyết định,Phòng Kiểm soát Chất lượng – KCS,,2025-03-29,,Đang lưu hành,Nội bộ,Quyết định Ban hành quy trình vệ sinh bảo vệ thực phẩm tránh tác nhân gây nhiễm,,,
data/00. Văn bản Điều hành/[17] Phòng Kiểm soát chất lượng - KCS/181.2026.QĐ-HCNS-Bổ nhiệm Phó Giám đốc Công nghệ.19-03-2026.pdf,[17] Phòng Kiểm soát chất lượng - KCS,181,2026,Quyết định,Phòng Kiểm soát Chất lượng – KCS,,2026-03-19,,Đang lưu hành,Nội bộ,Bổ nhiệm Phó Giám đốc Công nghệ,,,
data/00. Văn bản Điều hành/[17] Phòng Kiểm soát chất lượng - KCS/196.2026.QĐ-HCNS-Miễn nhiệm vị trí Phó phòng kiểm soát chất lượng-KCS.26-03-2026.pdf,[17] Phòng Kiểm soát chất lượng - KCS,196,2026,Quyết định,Phòng Kiểm soát Chất lượng – KCS,,2026-03-26,,Đang lưu hành,Nội bộ,Miễn nhiệm vị trí Phó phòng kiểm soát chất lượng-KCS,,,
data/00. Văn bản Điều hành/[17] Phòng Kiểm soát chất lượng - KCS/197.2026.QĐ-HCNS-Bổ nhiệm Trưởng phòng kiểm soát chất lượng-KCS.26-03-2026.pdf,[17] Phòng Kiểm soát chất lượng - KCS,197,2026,Quyết định,Phòng Kiểm soát Chất lượng – KCS,,2026-03-26,,Đang lưu hành,Nội bộ,Bổ nhiệm Trưởng phòng kiểm soát chất lượng-KCS,,,
data/00. Văn bản Điều hành/[17] Phòng Kiểm soát chất lượng - KCS/20.2025.QĐ-HCNS-hướng dẫn kiểm nghiệm và đánh giá kết quả.14-01-2025.pdf,[17] Phòng Kiểm soát chất lượng - KCS,20,2025,Quyết định,Phòng Kiểm soát Chất lượng – KCS,,2025-01-14,,Đang lưu hành,Nội bộ,hướng dẫn kiểm nghiệm và đánh giá kết quả,,,
data/00. Văn bản Điều hành/[17] Phòng Kiểm soát chất lượng - KCS/205.2025.QĐ-HCNS-Quyết định Ban hành quy trình đường hóa-Hạ Long.09-04-2025.docx,[17] Phòng Kiểm soát chất lượng - KCS,205,2025,Quyết định,Phòng Kiểm soát Chất lượng – KCS,,2025-04-09,,Đang lưu hành,Nội bộ,Quyết định Ban hành quy trình đường hóa-Hạ Long,,,
data/00. Văn bản Điều hành/[17] Phòng Kiểm soát chất lượng - KCS/205.2025.QĐ-HCNS-Quyết định Ban hành quy trình đường hóa-Hạ Long.09-04-2025.pdf,[17] Phòng Kiểm soát chất lượng - KCS,205,2025,Quyết định,Phòng Kiểm soát Chất lượng – KCS,,2025-04-09,,Đang lưu hành,Nội bộ,Quyết định Ban hành quy trình đường hóa-Hạ Long,,,
data/00. Văn bản Điều hành/[17] Phòng Kiểm soát chất lượng - KCS/206.2025.QĐ-HCNS-Quyết định Ban hành hướng dẫn điều tra kết quả thử nghiệm không đạt tiêu chuẩn.09-04-2025.docx,[17] Phòng Kiểm soát chất lượng - KCS,206,2025,Quyết định,Phòng Kiểm soát Chất lượng – KCS,,2025-04-09,,Đang lưu hành,Nội bộ,Quyết định Ban hành hướng dẫn điều tra kết quả thử nghiệm không đạt tiêu chuẩn,,,
data/00. Văn bản Điều hành/[17] Phòng Kiểm soát chất lượng - KCS/206.2025.QĐ-HCNS-Quyết định Ban hành hướng dẫn điều tra kết quả thử nghiệm không đạt tiêu chuẩn.09-04-2025.pdf,[17] Phòng Kiểm soát chất lượng - KCS,206,2025,Quyết định,Phòng Kiểm soát Chất lượng – KCS,,2025-04-09,,Đang lưu hành,Nội bộ,Quyết định Ban hành hướng dẫn điều tra kết quả thử nghiệm không đạt tiêu chuẩn,,,
data/00. Văn bản Điều hành/[17] Phòng Kiểm soát chất lượng - KCS/207.2025.QĐ-HCNS-Quyết định Ban hành quy trình nghiền malt-Hạ Long.09-04-2025.docx,[17] Phòng Kiểm soát chất lượng - KCS,207,2025,Quyết định,Phòng Kiểm soát Chất lượng – KCS,,2025-04-09,,Đang lưu hành,Nội bộ,Quyết định Ban hành quy trình nghiền malt-Hạ Long,,,
data/00. Văn bản Điều hành/[17] Phòng Kiểm soát chất lượng - KCS/207.2025.QĐ-HCNS-Quyết định Ban hành quy trình nghiền malt-Hạ Long.09-04-2025.pdf,[17] Phòng Kiểm soát chất lượng - KCS,207,2025,Quyết định,Phòng Kiểm soát Chất lượng – KCS,,2025-04-09,,Đang lưu hành,Nội bộ,Quyết định Ban hành quy trình nghiền malt-Hạ Long,,,
data/00. Văn bản Điều hành/[17] Phòng Kiểm soát chất lượng - KCS/208.2025.QĐ-HCNS-Quyết định Ban hành quy trình vệ sinh nguồn nước-Hạ Long.09-04-2025.docx,[17] Phòng Kiểm soát chất lượng - KCS,208,2025,Quyết định,Phòng Kiểm soát Chất lượng – KCS,,2025-04-09,,Đang lưu hành,Nội bộ,Quyết định Ban hành quy trình vệ sinh nguồn nước-Hạ Long,,,
data/00. Văn bản Điều hành/[17] Phòng Kiểm soát chất lượng - KCS/208.2025.QĐ-HCNS-Quyết định Ban hành quy trình vệ sinh nguồn nước-Hạ Long.09-04-2025.pdf,[17] Phòng Kiểm soát chất lượng - KCS,208,2025,Quyết định,Phòng Kiểm soát Chất lượng – KCS,,2025-04-09,,Đang lưu hành,Nội bộ,Quyết định Ban hành quy trình vệ sinh nguồn nước-Hạ Long,,,
data/00. Văn bản Điều hành/[17] Phòng Kiểm soát chất lượng - KCS/209.2025.QĐ-HCNS-Quyết định Ban hành hướng dẫn vận hành máy li tâm.09-04-2025.docx,[17] Phòng Kiểm soát chất lượng - KCS,209,2025,Quyết định,Phòng Kiểm soát Chất lượng – KCS,,2025-04-09,,Đang lưu hành,Nội bộ,Quyết định Ban hành hướng dẫn vận hành máy li tâm,,,
data/00. Văn bản Điều hành/[17] Phòng Kiểm soát chất lượng - KCS/209.2025.QĐ-HCNS-Quyết định Ban hành hướng dẫn vận hành máy li tâm.09-04-2025.pdf,[17] Phòng Kiểm soát chất lượng - KCS,209,2025,Quyết định,Phòng Kiểm soát Chất lượng – KCS,,2025-04-09,,Đang lưu hành,Nội bộ,Quyết định Ban hành hướng dẫn vận hành máy li tâm,,,
data/00. Văn bản Điều hành/[17] Phòng Kiểm soát chất lượng - KCS/210.2025.QĐ-HCNS-Quyết định Ban hành quy trình vệ sinh nguồn nước-Đông Mai.09-04-2025.docx,[17] Phòng Kiểm soát chất lượng - KCS,210,2025,Quyết định,Phòng Kiểm soát Chất lượng – KCS,,2025-04-09,,Đang lưu hành,Nội bộ,Quyết định Ban hành quy trình vệ sinh nguồn nước-Đông Mai,,,
data/00. Văn bản Điều hành/[17] Phòng Kiểm soát chất lượng - KCS/210.2025.QĐ-HCNS-Quyết định Ban hành quy trình vệ sinh nguồn nước-Đông Mai.09-04-2025.pdf,[17] Phòng Kiểm soát chất lượng - KCS,210,2025,Quyết định,Phòng Kiểm soát Chất lượng – KCS,,2025-04-09,,Đang lưu hành,Nội bộ,Quyết định Ban hành quy trình vệ sinh nguồn nước-Đông Mai,,,
data/00. Văn bản Điều hành/[17] Phòng Kiểm soát chất lượng - KCS/211.2025.QĐ-HCNS-Quyết định Ban hành quy trình kiểm soát chất thải.09-04-2025.docx,[17] Phòng Kiểm soát chất lượng - KCS,211,2025,Quyết định,Phòng Kiểm soát Chất lượng – KCS,,2025-04-09,,Đang lưu hành,Nội bộ,Quyết định Ban hành quy trình kiểm soát chất thải,,,
data/00. Văn bản Điều hành/[17] Phòng Kiểm soát chất lượng - KCS/211.2025.QĐ-HCNS-Quyết định Ban hành quy trình kiểm soát chất thải.09-04-2025.pdf,[17] Phòng Kiểm soát chất lượng - KCS,211,2025,Quyết định,Phòng Kiểm soát Chất lượng – KCS,,2025-04-09,,Đang lưu hành,Nội bộ,Quyết định Ban hành quy trình kiểm soát chất thải,,,
data/00. Văn bản Điều hành/[17] Phòng Kiểm soát chất lượng - KCS/212.2025.QĐ-HCNS-Quyết định Ban hành quy trình quản lý sức khỏe công nhân.09-04-2025.docx,[17] Phòng Kiểm soát chất lượng - KCS,212,2025,Quyết định,Phòng Kiểm soát Chất lượng – KCS,,2025-04-09,,Đang lưu hành,Nội bộ,Quyết định Ban hành quy trình quản lý sức khỏe công nhân,,,
data/00. Văn bản Điều hành/[17] Phòng Kiểm soát chất lượng - KCS/212.2025.QĐ-HCNS-Quyết định Ban hành quy trình quản lý sức khỏe công nhân.09-04-2025.pdf,[17] Phòng Kiểm soát chất lượng - KCS,212,2025,Quyết định,Phòng Kiểm soát Chất lượng – KCS,,2025-04-09,,Đang lưu hành,Nội bộ,Quyết định Ban hành quy trình quản lý sức khỏe công nhân,,,
data/00. Văn bản Điều hành/[17] Phòng Kiểm soát chất lượng - KCS/226.2025.QĐ-HCNS-Quyết định Ban hành quy trình lắng nóng-Đông Mai.17-04-2025.docx,[17] Phòng Kiểm soát chất lượng - KCS,226,2025,Quyết định,Phòng Kiểm soát Chất lượng – KCS,,2025-04-17,,Đang lưu hành,Nội bộ,Quyết định Ban hành quy trình lắng nóng-Đông Mai,,,
data/00. Văn bản Điều hành/[17] Phòng Kiểm soát chất lượng - KCS/226.2025.QĐ-HCNS-Quyết định Ban hành quy trình lắng nóng-Đông Mai.17-04-2025.pdf,[17] Phòng Kiểm soát chất lượng - KCS,226,2025,Quyết định,Phòng Kiểm soát Chất lượng – KCS,,2025-04-17,,Đang lưu hành,Nội bộ,Quyết định Ban hành quy trình lắng nóng-Đông Mai,,,
data/00. Văn bản Điều hành/[17] Phòng Kiểm soát chất lượng - KCS/228.2025.QĐ-HCNS-Quyết định Ban hành quy trình xay gạo-Đông Mai.17-04-2025.docx,[17] Phòng Kiểm soát chất lượng - KCS,228,2025,Quyết định,Phòng Kiểm soát Chất lượng – KCS,,2025-04-17,,Đang lưu hành,Nội bộ,Quyết định Ban hành quy trình xay gạo-Đông Mai,,,
data/00. Văn bản Điều hành/[17] Phòng Kiểm soát chất lượng - KCS/228.2025.QĐ-HCNS-Quyết định Ban hành quy trình xay gạo-Đông Mai.17-04-2025.pdf,[17] Phòng Kiểm soát chất lượng - KCS,228,2025,Quyết định,Phòng Kiểm soát Chất lượng – KCS,,2025-04-17,,Đang lưu hành,Nội bộ,Quyết định Ban hành quy trình xay gạo-Đông Mai,,,
data/00. Văn bản Điều hành/[17] Phòng Kiểm soát chất lượng - KCS/229.2025.QĐ-HCNS-Quyết định Ban hành quy trình đường hóa-Đông Mai.18-04-2025.docx,[17] Phòng Kiểm soát chất lượng - KCS,229,2025,Quyết định,Phòng Kiểm soát Chất lượng – KCS,,2025-04-18,,Đang lưu hành,Nội bộ,Quyết định Ban hành quy trình đường hóa-Đông Mai,,,
data/00. Văn bản Điều hành/[17] Phòng Kiểm soát chất lượng - KCS/229.2025.QĐ-HCNS-Quyết định Ban hành quy trình đường hóa-Đông Mai.18-04-2025.pdf,[17] Phòng Kiểm soát chất lượng - KCS,229,2025,Quyết định,Phòng Kiểm soát Chất lượng – KCS,,2025-04-18,,Đang lưu hành,Nội bộ,Quyết định Ban hành quy trình đường hóa-Đông Mai,,,
data/00. Văn bản Điều hành/[17] Phòng Kiểm soát chất lượng - KCS/230.2025.QĐ-HCNS-Quyết định Ban hành quy trình lắng nóng.18-4-2025.docx,[17] Phòng Kiểm soát chất lượng - KCS,230,2025,Quyết định,Phòng Kiểm soát Chất lượng – KCS,,2025-04-18,,Đang lưu hành,Nội bộ,Quyết định Ban hành quy trình lắng nóng,,,
data/00. Văn bản Điều hành/[17] Phòng Kiểm soát chất lượng - KCS/230.2025.QĐ-HCNS-Quyết định Ban hành quy trình lắng nóng.18-4-2025.pdf,[17] Phòng Kiểm soát chất lượng - KCS,230,2025,Quyết định,Phòng Kiểm soát Chất lượng – KCS,,2025-04-18,,Đang lưu hành,Nội bộ,Quyết định Ban hành quy trình lắng nóng,,,
data/00. Văn bản Điều hành/[17] Phòng Kiểm soát chất lượng - KCS/230A.2025.QĐ-HCNS-Quyết định Ban hành quy trình lạnh nhanh-Hạ Long.18-04-2025.docx,[17] Phòng Kiểm soát chất lượng - KCS,230A,2025,Quyết định,Phòng Kiểm soát Chất lượng – KCS,,2025-04-18,,Đang lưu hành,Nội bộ,Quyết định Ban hành quy trình lạnh nhanh-Hạ Long,,,
data/00. Văn bản Điều hành/[17] Phòng Kiểm soát chất lượng - KCS/230A.2025.QĐ-HCNS-Quyết định Ban hành quy trình lạnh nhanh-Hạ Long.18-04-2025.pdf,[17] Phòng Kiểm soát chất lượng - KCS,230A,2025,Quyết định,Phòng Kiểm soát Chất lượng – KCS,,2025-04-18,,Đang lưu hành,Nội bộ,Quyết định Ban hành quy trình lạnh nhanh-Hạ Long,,,
data/00. Văn bản Điều hành/[17] Phòng Kiểm soát chất lượng - KCS/230B.2025.QĐ-HCNS-Quyết định Ban hành quy trình vệ sinh đường ống thu-cấp men-Hạ Long.18-04-2025.docx,[17] Phòng Kiểm soát chất lượng - KCS,230B,2025,Quyết định,Phòng Kiểm soát Chất lượng – KCS,,2025-04-18,,Đang lưu hành,Nội bộ,Quyết định Ban hành quy trình vệ sinh đường ống thu-cấp men-Hạ Long,,,
data/00. Văn bản Điều hành/[17] Phòng Kiểm soát chất lượng - KCS/230B.2025.QĐ-HCNS-Quyết định Ban hành quy trình vệ sinh đường ống thu-cấp men-Hạ Long.18-04-2025.pdf,[17] Phòng Kiểm soát chất lượng - KCS,230B,2025,Quyết định,Phòng Kiểm soát Chất lượng – KCS,,2025-04-18,,Đang lưu hành,Nội bộ,Quyết định Ban hành quy trình vệ sinh đường ống thu-cấp men-Hạ Long,,,
data/00. Văn bản Điều hành/[17] Phòng Kiểm soát chất lượng - KCS/233.2025.QĐ-HCNS-Quyết định Ban hành quy trình lọc dịch hèm-Hạ Long.19-4-2025.docx,[17] Phòng Kiểm soát chất lượng - KCS,233,2025,Quyết định,Phòng Kiểm soát Chất lượng – KCS,,2025-04-19,,Đang lưu hành,Nội bộ,Quyết định Ban hành quy trình lọc dịch hèm-Hạ Long,,,
data/00. Văn bản Điều hành/[17] Phòng Kiểm soát chất lượng - KCS/233.2025.QĐ-HCNS-Quyết định Ban hành quy trình lọc dịch hèm-Hạ Long.19-4-2025.pdf,[17] Phòng Kiểm soát chất lượng - KCS,233,2025,Quyết định,Phòng Kiểm soát Chất lượng – KCS,,2025-04-19,,Đang lưu hành,Nội bộ,Quyết định Ban hành quy trình lọc dịch hèm-Hạ Long,,,
"data/00. Văn bản Điều hành/[17] Phòng Kiểm soát chất lượng - KCS/268.QĐ-HCNS-Quyết định ban hành quy trình lọc, pha bia, bổ sung CO2-Đông Mai.08-05-2025.docx",[17] Phòng Kiểm soát chất lượng - KCS,268,2025,Quyết định,Phòng Kiểm soát Chất lượng – KCS,,2025-05-08,,Đang lưu hành,Nội bộ,"Quyết định ban hành quy trình lọc, pha bia, bổ sung CO2-Đông Mai",,,
"data/00. Văn bản Điều hành/[17] Phòng Kiểm soát chất lượng - KCS/268.QĐ-HCNS-Quyết định ban hành quy trình lọc, pha bia, bổ sung CO2-Đông Mai.08-05-2025.pdf",[17] Phòng Kiểm soát chất lượng - KCS,268,2025,Quyết định,Phòng Kiểm soát Chất lượng – KCS,,2025-05-08,,Đang lưu hành,Nội bộ,"Quyết định ban hành quy trình lọc, pha bia, bổ sung CO2-Đông Mai",,,
data/00. Văn bản Điều hành/[17] Phòng Kiểm soát chất lượng - KCS/269.QĐ-HCNS-Quyết định ban hành quy trình lọc dịch hèm-Đông Mai.08-05-2025.docx,[17] Phòng Kiểm soát chất lượng - KCS,269,2025,Quyết định,Phòng Kiểm soát Chất lượng – KCS,,2025-05-08,,Đang lưu hành,Nội bộ,Quyết định ban hành quy trình lọc dịch hèm-Đông Mai,,,
data/00. Văn bản Điều hành/[17] Phòng Kiểm soát chất lượng - KCS/269.QĐ-HCNS-Quyết định ban hành quy trình lọc dịch hèm-Đông Mai.08-05-2025.pdf,[17] Phòng Kiểm soát chất lượng - KCS,269,2025,Quyết định,Phòng Kiểm soát Chất lượng – KCS,,2025-05-08,,Đang lưu hành,Nội bộ,Quyết định ban hành quy trình lọc dịch hèm-Đông Mai,,,
data/00. Văn bản Điều hành/[17] Phòng Kiểm soát chất lượng - KCS/270.QĐ-HCNS-Quyết định ban hành quy trình vệ sinh máy chiết 30 lít(máy Việt Nam)-Hạ Long.08-05-2025.docx,[17] Phòng Kiểm soát chất lượng - KCS,270,2025,Quyết định,Phòng Kiểm soát Chất lượng – KCS,,2025-05-08,,Đang lưu hành,Nội bộ,Quyết định ban hành quy trình vệ sinh máy chiết 30 lít(máy Việt Nam)-Hạ Long,,,
data/00. Văn bản Điều hành/[17] Phòng Kiểm soát chất lượng - KCS/270.QĐ-HCNS-Quyết định ban hành quy trình vệ sinh máy chiết 30 lít(máy Việt Nam)-Hạ Long.08-05-2025.pdf,[17] Phòng Kiểm soát chất lượng - KCS,270,2025,Quyết định,Phòng Kiểm soát Chất lượng – KCS,,2025-05-08,,Đang lưu hành,Nội bộ,Quyết định ban hành quy trình vệ sinh máy chiết 30 lít(máy Việt Nam)-Hạ Long,,,
data/00. Văn bản Điều hành/[17] Phòng Kiểm soát chất lượng - KCS/271.QĐ-HCNS-Quyết định ban hành quy trình vệ sinh máy chiết keg 30 lít-Đông Mai.08-05-2025.docx,[17] Phòng Kiểm soát chất lượng - KCS,271,2025,Quyết định,Phòng Kiểm soát Chất lượng – KCS,,2025-05-08,,Đang lưu hành,Nội bộ,Quyết định ban hành quy trình vệ sinh máy chiết keg 30 lít-Đông Mai,,,
data/00. Văn bản Điều hành/[17] Phòng Kiểm soát chất lượng - KCS/271.QĐ-HCNS-Quyết định ban hành quy trình vệ sinh máy chiết keg 30 lít-Đông Mai.08-05-2025.pdf,[17] Phòng Kiểm soát chất lượng - KCS,271,2025,Quyết định,Phòng Kiểm soát Chất lượng – KCS,,2025-05-08,,Đang lưu hành,Nội bộ,Quyết định ban hành quy trình vệ sinh máy chiết keg 30 lít-Đông Mai,,,
data/00. Văn bản Điều hành/[17] Phòng Kiểm soát chất lượng - KCS/272.2025.QĐ-HCNS-Quyết định ban hành quy trình rửa chai.08-05-2025.docx,[17] Phòng Kiểm soát chất lượng - KCS,272,2025,Quyết định,Phòng Kiểm soát Chất lượng – KCS,,2025-05-08,,Đang lưu hành,Nội bộ,Quyết định ban hành quy trình rửa chai,,,
data/00. Văn bản Điều hành/[17] Phòng Kiểm soát chất lượng - KCS/272.2025.QĐ-HCNS-Quyết định ban hành quy trình rửa chai.08-05-2025.pdf,[17] Phòng Kiểm soát chất lượng - KCS,272,2025,Quyết định,Phòng Kiểm soát Chất lượng – KCS,,2025-05-08,,Đang lưu hành,Nội bộ,Quyết định ban hành quy trình rửa chai,,,
"data/00. Văn bản Điều hành/[17] Phòng Kiểm soát chất lượng - KCS/273.QĐ-HCNS-Quyết định ban hành quy trình vệ sinh tank thành phẩm, tank chứa nước, hóa chất khử trùng-Hạ Long.08-05-2025.docx",[17] Phòng Kiểm soát chất lượng - KCS,273,2025,Quyết định,Phòng Kiểm soát Chất lượng – KCS,,2025-05-08,,Đang lưu hành,Nội bộ,"Quyết định ban hành quy trình vệ sinh tank thành phẩm, tank chứa nước, hóa chất khử trùng-Hạ Long",,,
"data/00. Văn bản Điều hành/[17] Phòng Kiểm soát chất lượng - KCS/273.QĐ-HCNS-Quyết định ban hành quy trình vệ sinh tank thành phẩm, tank chứa nước, hóa chất khử trùng-Hạ Long.08-05-2025.pdf",[17] Phòng Kiểm soát chất lượng - KCS,273,2025,Quyết định,Phòng Kiểm soát Chất lượng – KCS,,2025-05-08,,Đang lưu hành,Nội bộ,"Quyết định ban hành quy trình vệ sinh tank thành phẩm, tank chứa nước, hóa chất khử trùng-Hạ Long",,,
data/00. Văn bản Điều hành/[17] Phòng Kiểm soát chất lượng - KCS/274.QĐ-HCNS-Quyết định ban hành quy trình vệ sinh tank lên men-Hạ Long.08-05-2025.docx,[17] Phòng Kiểm soát chất lượng - KCS,274,2025,Quyết định,Phòng Kiểm soát Chất lượng – KCS,,2025-05-08,,Đang lưu hành,Nội bộ,Quyết định ban hành quy trình vệ sinh tank lên men-Hạ Long,,,
data/00. Văn bản Điều hành/[17] Phòng Kiểm soát chất lượng - KCS/274.QĐ-HCNS-Quyết định ban hành quy trình vệ sinh tank lên men-Hạ Long.08-05-2025.pdf,[17] Phòng Kiểm soát chất lượng - KCS,274,2025,Quyết định,Phòng Kiểm soát Chất lượng – KCS,,2025-05-08,,Đang lưu hành,Nội bộ,Quyết định ban hành quy trình vệ sinh tank lên men-Hạ Long,,,
"data/00. Văn bản Điều hành/[17] Phòng Kiểm soát chất lượng - KCS/275.QĐ-HCNS-Quyết định ban hành quy trình dán nhãn-in phun, gắp chai, bốc xếp thành phẩm bia chai.08-05-2025.docx",[17] Phòng Kiểm soát chất lượng - KCS,275,2025,Quyết định,Phòng Kiểm soát Chất lượng – KCS,,2025-05-08,,Đang lưu hành,Nội bộ,"Quyết định ban hành quy trình dán nhãn-in phun, gắp chai, bốc xếp thành phẩm bia chai",,,
"data/00. Văn bản Điều hành/[17] Phòng Kiểm soát chất lượng - KCS/275.QĐ-HCNS-Quyết định ban hành quy trình dán nhãn-in phun, gắp chai, bốc xếp thành phẩm bia chai.08-05-2025.pdf",[17] Phòng Kiểm soát chất lượng - KCS,275,2025,Quyết định,Phòng Kiểm soát Chất lượng – KCS,,2025-05-08,,Đang lưu hành,Nội bộ,"Quyết định ban hành quy trình dán nhãn-in phun, gắp chai, bốc xếp thành phẩm bia chai",,,
data/00. Văn bản Điều hành/[17] Phòng Kiểm soát chất lượng - KCS/282.QĐ-HCNS-Quyết định Ban hành quy trình vệ sinh máy chiết keg 02 lít-Hạ Long.13-05-2025.docx,[17] Phòng Kiểm soát chất lượng - KCS,282,2025,Quyết định,Phòng Kiểm soát Chất lượng – KCS,,2025-05-13,,Đang lưu hành,Nội bộ,Quyết định Ban hành quy trình vệ sinh máy chiết keg 02 lít-Hạ Long,,,
data/00. Văn bản Điều hành/[17] Phòng Kiểm soát chất lượng - KCS/282.QĐ-HCNS-Quyết định Ban hành quy trình vệ sinh máy chiết keg 02 lít-Hạ Long.13-05-2025.pdf,[17] Phòng Kiểm soát chất lượng - KCS,282,2025,Quyết định,Phòng Kiểm soát Chất lượng – KCS,,2025-05-13,,Đang lưu hành,Nội bộ,Quyết định Ban hành quy trình vệ sinh máy chiết keg 02 lít-Hạ Long,,,
data/00. Văn bản Điều hành/[17] Phòng Kiểm soát chất lượng - KCS/283.QĐ-HCNS-Quyết định Ban hành quy trình chiết keg bia 30 lít-Hạ Long(Máy KHS).13-05-2025.docx,[17] Phòng Kiểm soát chất lượng - KCS,283,2025,Quyết định,Phòng Kiểm soát Chất lượng – KCS,,2025-05-13,,Đang lưu hành,Nội bộ,Quyết định Ban hành quy trình chiết keg bia 30 lít-Hạ Long(Máy KHS),,,
data/00. Văn bản Điều hành/[17] Phòng Kiểm soát chất lượng - KCS/283.QĐ-HCNS-Quyết định Ban hành quy trình chiết keg bia 30 lít-Hạ Long(Máy KHS).13-05-2025.pdf,[17] Phòng Kiểm soát chất lượng - KCS,283,2025,Quyết định,Phòng Kiểm soát Chất lượng – KCS,,2025-05-13,,Đang lưu hành,Nội bộ,Quyết định Ban hành quy trình chiết keg bia 30 lít-Hạ Long(Máy KHS),,,
data/00. Văn bản Điều hành/[17] Phòng Kiểm soát chất lượng - KCS/284.2025.QĐ-HCNS-Quyết định Ban hành quy trình chiết chai.13-05-2025.docx,[17] Phòng Kiểm soát chất lượng - KCS,284,2025,Quyết định,Phòng Kiểm soát Chất lượng – KCS,,2025-05-13,,Đang lưu hành,Nội bộ,Quyết định Ban hành quy trình chiết chai,,,
data/00. Văn bản Điều hành/[17] Phòng Kiểm soát chất lượng - KCS/284.2025.QĐ-HCNS-Quyết định Ban hành quy trình chiết chai.13-05-2025.pdf,[17] Phòng Kiểm soát chất lượng - KCS,284,2025,Quyết định,Phòng Kiểm soát Chất lượng – KCS,,2025-05-13,,Đang lưu hành,Nội bộ,Quyết định Ban hành quy trình chiết chai,,,
data/00. Văn bản Điều hành/[17] Phòng Kiểm soát chất lượng - KCS/291.2026.QĐ-HCNS-Điều chuyển nhân sự-Trần Thị Hồng Ngát.13-05-2026.pdf,[17] Phòng Kiểm soát chất lượng - KCS,291,2026,Quyết định,Phòng Kiểm soát Chất lượng – KCS,,2026-05-13,,Đang lưu hành,Nội bộ,Điều chuyển nhân sự-Trần Thị Hồng Ngát,,,
data/00. Văn bản Điều hành/[17] Phòng Kiểm soát chất lượng - KCS/292.2026.QĐ-HCNS-Điều chuyển nhân sự-Vũ Thị Hường.13-05-2026.pdf,[17] Phòng Kiểm soát chất lượng - KCS,292,2026,Quyết định,Phòng Kiểm soát Chất lượng – KCS,,2026-05-13,,Đang lưu hành,Nội bộ,Điều chuyển nhân sự-Vũ Thị Hường,,,
data/00. Văn bản Điều hành/[17] Phòng Kiểm soát chất lượng - KCS/295.QĐ-HCNS-Quyết định Ban hành quy trình chiết lon-Krones.20-05-2025.docx,[17] Phòng Kiểm soát chất lượng - KCS,295,2025,Quyết định,Phòng Kiểm soát Chất lượng – KCS,,2025-05-20,,Đang lưu hành,Nội bộ,Quyết định Ban hành quy trình chiết lon-Krones,,,
data/00. Văn bản Điều hành/[17] Phòng Kiểm soát chất lượng - KCS/295.QĐ-HCNS-Quyết định Ban hành quy trình chiết lon-Krones.20-05-2025.pdf,[17] Phòng Kiểm soát chất lượng - KCS,295,2025,Quyết định,Phòng Kiểm soát Chất lượng – KCS,,2025-05-20,,Đang lưu hành,Nội bộ,Quyết định Ban hành quy trình chiết lon-Krones,,,
"data/00. Văn bản Điều hành/[17] Phòng Kiểm soát chất lượng - KCS/296.QĐ-HCNS-Quyết định Ban hành quy trình vệ sinh đường ống thu hồi CO2, đường xả khí-Hạ Long.20-05-2025.docx",[17] Phòng Kiểm soát chất lượng - KCS,296,2025,Quyết định,Phòng Kiểm soát Chất lượng – KCS,,2025-05-20,,Đang lưu hành,Nội bộ,"Quyết định Ban hành quy trình vệ sinh đường ống thu hồi CO2, đường xả khí-Hạ Long",,,
"data/00. Văn bản Điều hành/[17] Phòng Kiểm soát chất lượng - KCS/296.QĐ-HCNS-Quyết định Ban hành quy trình vệ sinh đường ống thu hồi CO2, đường xả khí-Hạ Long.20-05-2025.pdf",[17] Phòng Kiểm soát chất lượng - KCS,296,2025,Quyết định,Phòng Kiểm soát Chất lượng – KCS,,2025-05-20,,Đang lưu hành,Nội bộ,"Quyết định Ban hành quy trình vệ sinh đường ống thu hồi CO2, đường xả khí-Hạ Long",,,
"data/00. Văn bản Điều hành/[17] Phòng Kiểm soát chất lượng - KCS/296.QĐ-HCNS-Quyết định Ban hành quy trình vệ sinh đường ống thu hồi CO2, đường xả khí-Hạ Long.20-05-2025_1.pdf",[17] Phòng Kiểm soát chất lượng - KCS,296,2025,Quyết định,Phòng Kiểm soát Chất lượng – KCS,,2025-05-20,,Đang lưu hành,Nội bộ,"Quyết định Ban hành quy trình vệ sinh đường ống thu hồi CO2, đường xả khí-Hạ Long",,,
data/00. Văn bản Điều hành/[17] Phòng Kiểm soát chất lượng - KCS/297.QĐ-HCNS-Quyết định Ban hành quy trình vệ sinh tank chứa nước DA-Hạ Long.20-05-2025.docx,[17] Phòng Kiểm soát chất lượng - KCS,297,2025,Quyết định,Phòng Kiểm soát Chất lượng – KCS,,2025-05-20,,Đang lưu hành,Nội bộ,Quyết định Ban hành quy trình vệ sinh tank chứa nước DA-Hạ Long,,,
data/00. Văn bản Điều hành/[17] Phòng Kiểm soát chất lượng - KCS/297.QĐ-HCNS-Quyết định Ban hành quy trình vệ sinh tank chứa nước DA-Hạ Long.20-05-2025.pdf,[17] Phòng Kiểm soát chất lượng - KCS,297,2025,Quyết định,Phòng Kiểm soát Chất lượng – KCS,,2025-05-20,,Đang lưu hành,Nội bộ,Quyết định Ban hành quy trình vệ sinh tank chứa nước DA-Hạ Long,,,
"data/00. Văn bản Điều hành/[17] Phòng Kiểm soát chất lượng - KCS/298.QĐ-HCNS-Quyết định Ban hành quy trình vệ sinh khử khí, pha bia-Hạ Long.20-05-2025.docx",[17] Phòng Kiểm soát chất lượng - KCS,298,2025,Quyết định,Phòng Kiểm soát Chất lượng – KCS,,2025-05-20,,Đang lưu hành,Nội bộ,"Quyết định Ban hành quy trình vệ sinh khử khí, pha bia-Hạ Long",,,
"data/00. Văn bản Điều hành/[17] Phòng Kiểm soát chất lượng - KCS/298.QĐ-HCNS-Quyết định Ban hành quy trình vệ sinh khử khí, pha bia-Hạ Long.20-05-2025.pdf",[17] Phòng Kiểm soát chất lượng - KCS,298,2025,Quyết định,Phòng Kiểm soát Chất lượng – KCS,,2025-05-20,,Đang lưu hành,Nội bộ,"Quyết định Ban hành quy trình vệ sinh khử khí, pha bia-Hạ Long",,,
"data/00. Văn bản Điều hành/[17] Phòng Kiểm soát chất lượng - KCS/299.2025.QĐ-HCNS-Quyết định Ban hành quy trình nhập lưu-xuất kho sản phẩm bia lon, bia chai.20-05-2025.docx",[17] Phòng Kiểm soát chất lượng - KCS,299,2025,Quyết định,Phòng Kiểm soát Chất lượng – KCS,,2025-05-20,,Đang lưu hành,Nội bộ,"Quyết định Ban hành quy trình nhập lưu-xuất kho sản phẩm bia lon, bia chai",,,
"data/00. Văn bản Điều hành/[17] Phòng Kiểm soát chất lượng - KCS/299.2025.QĐ-HCNS-Quyết định Ban hành quy trình nhập lưu-xuất kho sản phẩm bia lon, bia chai.20-05-2025.pdf",[17] Phòng Kiểm soát chất lượng - KCS,299,2025,Quyết định,Phòng Kiểm soát Chất lượng – KCS,,2025-05-20,,Đang lưu hành,Nội bộ,"Quyết định Ban hành quy trình nhập lưu-xuất kho sản phẩm bia lon, bia chai",,,
"data/00. Văn bản Điều hành/[17] Phòng Kiểm soát chất lượng - KCS/300.QĐ-HCNS-Quyết định Ban hành quy trình vệ sinh tank thành phẩm, tank chứa nước, hóa chất khử trùng-Đông Mai.20-05-2025.docx",[17] Phòng Kiểm soát chất lượng - KCS,300,2025,Quyết định,Phòng Kiểm soát Chất lượng – KCS,,2025-05-20,,Đang lưu hành,Nội bộ,"Quyết định Ban hành quy trình vệ sinh tank thành phẩm, tank chứa nước, hóa chất khử trùng-Đông Mai",,,
"data/00. Văn bản Điều hành/[17] Phòng Kiểm soát chất lượng - KCS/300.QĐ-HCNS-Quyết định Ban hành quy trình vệ sinh tank thành phẩm, tank chứa nước, hóa chất khử trùng-Đông Mai.20-05-2025.pdf",[17] Phòng Kiểm soát chất lượng - KCS,300,2025,Quyết định,Phòng Kiểm soát Chất lượng – KCS,,2025-05-20,,Đang lưu hành,Nội bộ,"Quyết định Ban hành quy trình vệ sinh tank thành phẩm, tank chứa nước, hóa chất khử trùng-Đông Mai",,,
data/00. Văn bản Điều hành/[17] Phòng Kiểm soát chất lượng - KCS/317.QĐ-HCNS-Quyết định Thành lập ban cảm quan bia và nước giải khát.24-05-2025.pdf,[17] Phòng Kiểm soát chất lượng - KCS,317,2025,Quyết định,Phòng Kiểm soát Chất lượng – KCS,,2025-05-24,,Đang lưu hành,Nội bộ,Quyết định Thành lập ban cảm quan bia và nước giải khát,,,
"data/00. Văn bản Điều hành/[17] Phòng Kiểm soát chất lượng - KCS/32.QĐ-NS-Quy định về chức năng, nhiệm vụ, và cơ cấu tổ chức của phòng Kiểm soát Chất lượng-KCS.02.01.2024.pdf",[17] Phòng Kiểm soát chất lượng - KCS,32,2024,Quyết định,Phòng Kiểm soát Chất lượng – KCS,,2024-01-02,,Đang lưu hành,Nội bộ,"32.QĐ-NS-Quy định về chức năng, nhiệm vụ, và cơ cấu tổ chức của phòng Kiểm soát Chất lượng-KCS.02.01.2024",,,
data/00. Văn bản Điều hành/[17] Phòng Kiểm soát chất lượng - KCS/350.QĐ-BHL-Quyết định thành lập nhóm Food Defense-PRP-15 tiêu chuẩn ISO.11-06-2025.pdf,[17] Phòng Kiểm soát chất lượng - KCS,350,2025,Quyết định,Phòng Kiểm soát Chất lượng – KCS,,2025-06-11,,Đang lưu hành,Nội bộ,350.QĐ-BHL-Quyết định thành lập nhóm Food Defense-PRP-15 tiêu chuẩn ISO.11-06-2025,,,
"data/00. Văn bản Điều hành/[17] Phòng Kiểm soát chất lượng - KCS/391.2025.QĐ-HCNS-Quyết định Ban hành quy trình vệ sinh hệ lọc vi sinh, máy chiết Keg 20 lít Đông Mai.27-06-2025.pdf",[17] Phòng Kiểm soát chất lượng - KCS,391,2025,Quyết định,Phòng Kiểm soát Chất lượng – KCS,,2025-06-27,,Đang lưu hành,Nội bộ,"Quyết định Ban hành quy trình vệ sinh hệ lọc vi sinh, máy chiết Keg 20 lít Đông Mai",,,
data/00. Văn bản Điều hành/[17] Phòng Kiểm soát chất lượng - KCS/40.2025.QĐ-HCNS-Ban hành quy trình xem xét của lãnh đạo.21-01-2025.pdf,[17] Phòng Kiểm soát chất lượng - KCS,40,2025,Quyết định,Phòng Kiểm soát Chất lượng – KCS,,2025-01-21,,Đang lưu hành,Nội bộ,Ban hành quy trình xem xét của lãnh đạo,,,
data/00. Văn bản Điều hành/[17] Phòng Kiểm soát chất lượng - KCS/490.2025.QĐ-HCNS-Quyết định Ban hành quy trình sản xuất nước DA-Hạ Long.08-08-2025.docx,[17] Phòng Kiểm soát chất lượng - KCS,490,2025,Quyết định,Phòng Kiểm soát Chất lượng – KCS,,2025-08-08,,Đang lưu hành,Nội bộ,Quyết định Ban hành quy trình sản xuất nước DA-Hạ Long,,,
data/00. Văn bản Điều hành/[17] Phòng Kiểm soát chất lượng - KCS/490.2025.QĐ-HCNS-Quyết định Ban hành quy trình sản xuất nước DA-Hạ Long.08-08-2025.pdf,[17] Phòng Kiểm soát chất lượng - KCS,490,2025,Quyết định,Phòng Kiểm soát Chất lượng – KCS,,2025-08-08,,Đang lưu hành,Nội bộ,Quyết định Ban hành quy trình sản xuất nước DA-Hạ Long,,,
"data/00. Văn bản Điều hành/[17] Phòng Kiểm soát chất lượng - KCS/491.QĐ-HCNS-Quyết định Ban hành quy trình vệ sinh thiết bị nấu, máy nghiền malt, gầu tải vít tải, silo- Hạ Long.08-08-2025.docx",[17] Phòng Kiểm soát chất lượng - KCS,491,2025,Quyết định,Phòng Kiểm soát Chất lượng – KCS,,2025-08-08,,Đang lưu hành,Nội bộ,"Quyết định Ban hành quy trình vệ sinh thiết bị nấu, máy nghiền malt, gầu tải vít tải, silo- Hạ Long",,,
"data/00. Văn bản Điều hành/[17] Phòng Kiểm soát chất lượng - KCS/491.QĐ-HCNS-Quyết định Ban hành quy trình vệ sinh thiết bị nấu, máy nghiền malt, gầu tải vít tải, silo- Hạ Long.08-08-2025.pdf",[17] Phòng Kiểm soát chất lượng - KCS,491,2025,Quyết định,Phòng Kiểm soát Chất lượng – KCS,,2025-08-08,,Đang lưu hành,Nội bộ,"Quyết định Ban hành quy trình vệ sinh thiết bị nấu, máy nghiền malt, gầu tải vít tải, silo- Hạ Long",,,
"data/00. Văn bản Điều hành/[17] Phòng Kiểm soát chất lượng - KCS/492.QĐ-HCNS-Quyết định Ban hành quy trình vệ sinh thiết bị nấu, máy nghiền malt, gầu tải vít tải, silo-Đông mai.08-08-2025.docx",[17] Phòng Kiểm soát chất lượng - KCS,492,2025,Quyết định,Phòng Kiểm soát Chất lượng – KCS,,2025-08-08,,Đang lưu hành,Nội bộ,"Quyết định Ban hành quy trình vệ sinh thiết bị nấu, máy nghiền malt, gầu tải vít tải, silo-Đông mai",,,
"data/00. Văn bản Điều hành/[17] Phòng Kiểm soát chất lượng - KCS/492.QĐ-HCNS-Quyết định Ban hành quy trình vệ sinh thiết bị nấu, máy nghiền malt, gầu tải vít tải, silo-Đông mai.08-08-2025.pdf",[17] Phòng Kiểm soát chất lượng - KCS,492,2025,Quyết định,Phòng Kiểm soát Chất lượng – KCS,,2025-08-08,,Đang lưu hành,Nội bộ,"Quyết định Ban hành quy trình vệ sinh thiết bị nấu, máy nghiền malt, gầu tải vít tải, silo-Đông mai",,,
"data/00. Văn bản Điều hành/[17] Phòng Kiểm soát chất lượng - KCS/519.QĐ-HCNS-Ban hành quy trình vệ sinh máy chiết chai, đường ống bia đi chiết.21-08-2025.pdf",[17] Phòng Kiểm soát chất lượng - KCS,519,2025,Quyết định,Phòng Kiểm soát Chất lượng – KCS,,2025-08-21,,Đang lưu hành,Nội bộ,"Ban hành quy trình vệ sinh máy chiết chai, đường ống bia đi chiết",,,
"data/00. Văn bản Điều hành/[17] Phòng Kiểm soát chất lượng - KCS/520.QĐ-HCNS-Ban hành quy trình vệ sinh máy chiết lon, đường ống dẫn bia đi chiết, dây chuyền Krones.21-08-2025.pdf",[17] Phòng Kiểm soát chất lượng - KCS,520,2025,Quyết định,Phòng Kiểm soát Chất lượng – KCS,,2025-08-21,,Đang lưu hành,Nội bộ,"Ban hành quy trình vệ sinh máy chiết lon, đường ống dẫn bia đi chiết, dây chuyền Krones",,,
"data/00. Văn bản Điều hành/[17] Phòng Kiểm soát chất lượng - KCS/536.2025.QĐ-HCNS-Ban hành quy trình tiếp nhận nguyên, vật liệu, bao bì, hóa chất.27-08-2025.docx",[17] Phòng Kiểm soát chất lượng - KCS,536,2025,Quyết định,Phòng Kiểm soát Chất lượng – KCS,,2025-08-27,,Đang lưu hành,Nội bộ,"Ban hành quy trình tiếp nhận nguyên, vật liệu, bao bì, hóa chất",,,
"data/00. Văn bản Điều hành/[17] Phòng Kiểm soát chất lượng - KCS/536.2025.QĐ-HCNS-Ban hành quy trình tiếp nhận nguyên, vật liệu, bao bì, hóa chất.27-08-2025.pdf",[17] Phòng Kiểm soát chất lượng - KCS,536,2025,Quyết định,Phòng Kiểm soát Chất lượng – KCS,,2025-08-27,,Đang lưu hành,Nội bộ,"Ban hành quy trình tiếp nhận nguyên, vật liệu, bao bì, hóa chất",,,
data/00. Văn bản Điều hành/[17] Phòng Kiểm soát chất lượng - KCS/537.2025.QĐ-HCNS-Ban hành quy trình sử dụng và bảo quản hóa chất.27-08-2025.docx,[17] Phòng Kiểm soát chất lượng - KCS,537,2025,Quyết định,Phòng Kiểm soát Chất lượng – KCS,,2025-08-27,,Đang lưu hành,Nội bộ,Ban hành quy trình sử dụng và bảo quản hóa chất,,,
data/00. Văn bản Điều hành/[17] Phòng Kiểm soát chất lượng - KCS/537.2025.QĐ-HCNS-Ban hành quy trình sử dụng và bảo quản hóa chất.27-08-2025.pdf,[17] Phòng Kiểm soát chất lượng - KCS,537,2025,Quyết định,Phòng Kiểm soát Chất lượng – KCS,,2025-08-27,,Đang lưu hành,Nội bộ,Ban hành quy trình sử dụng và bảo quản hóa chất,,,
data/00. Văn bản Điều hành/[17] Phòng Kiểm soát chất lượng - KCS/538.2025.QĐ-HCNS-Ban hành quy trình kiểm tra định lượng-in phun Keg 20 lít-Đông Mai.27-08-2025.docx,[17] Phòng Kiểm soát chất lượng - KCS,538,2025,Quyết định,Phòng Kiểm soát Chất lượng – KCS,,2025-08-27,,Đang lưu hành,Nội bộ,Ban hành quy trình kiểm tra định lượng-in phun Keg 20 lít-Đông Mai,,,
data/00. Văn bản Điều hành/[17] Phòng Kiểm soát chất lượng - KCS/538.2025.QĐ-HCNS-Ban hành quy trình kiểm tra định lượng-in phun Keg 20 lít-Đông Mai.27-08-2025.pdf,[17] Phòng Kiểm soát chất lượng - KCS,538,2025,Quyết định,Phòng Kiểm soát Chất lượng – KCS,,2025-08-27,,Đang lưu hành,Nội bộ,Ban hành quy trình kiểm tra định lượng-in phun Keg 20 lít-Đông Mai,,,
data/00. Văn bản Điều hành/[17] Phòng Kiểm soát chất lượng - KCS/539.2025.QĐ-HCNS-Ban hành quy trình vệ sinh máy thanh trùng chai-Krones.27-08-2025.docx,[17] Phòng Kiểm soát chất lượng - KCS,539,2025,Quyết định,Phòng Kiểm soát Chất lượng – KCS,,2025-08-27,,Đang lưu hành,Nội bộ,Ban hành quy trình vệ sinh máy thanh trùng chai-Krones,,,
data/00. Văn bản Điều hành/[17] Phòng Kiểm soát chất lượng - KCS/539.2025.QĐ-HCNS-Ban hành quy trình vệ sinh máy thanh trùng chai-Krones.27-08-2025.pdf,[17] Phòng Kiểm soát chất lượng - KCS,539,2025,Quyết định,Phòng Kiểm soát Chất lượng – KCS,,2025-08-27,,Đang lưu hành,Nội bộ,Ban hành quy trình vệ sinh máy thanh trùng chai-Krones,,,
data/00. Văn bản Điều hành/[17] Phòng Kiểm soát chất lượng - KCS/540.2025.QĐ-HCNS Ban hành quy trình vệ sinh máy chiết keg 30 lít -KHS-Hạ Long   27-08-2025.pdf,[17] Phòng Kiểm soát chất lượng - KCS,540,2025,Quyết định,Phòng Kiểm soát Chất lượng – KCS,,2025-08-27,,Đang lưu hành,Nội bộ,Ban hành quy trình vệ sinh máy chiết keg 30 lít -KHS-Hạ Long,,,
data/00. Văn bản Điều hành/[17] Phòng Kiểm soát chất lượng - KCS/541.2025.QĐ-HCNS-Ban hành quy trình rửa keg 2 lít-Hạ Long.27-08-2025.docx,[17] Phòng Kiểm soát chất lượng - KCS,541,2025,Quyết định,Phòng Kiểm soát Chất lượng – KCS,,2025-08-27,,Đang lưu hành,Nội bộ,Ban hành quy trình rửa keg 2 lít-Hạ Long,,,
data/00. Văn bản Điều hành/[17] Phòng Kiểm soát chất lượng - KCS/541.2025.QĐ-HCNS-Ban hành quy trình rửa keg 2 lít-Hạ Long.27-08-2025.pdf,[17] Phòng Kiểm soát chất lượng - KCS,541,2025,Quyết định,Phòng Kiểm soát Chất lượng – KCS,,2025-08-27,,Đang lưu hành,Nội bộ,Ban hành quy trình rửa keg 2 lít-Hạ Long,,,
"data/00. Văn bản Điều hành/[17] Phòng Kiểm soát chất lượng - KCS/542.2025.QĐ-HCNS-Ban hành quy trình vệ sinh Tank chứa men, đường ống thu, cấp men-Đông Mai.27-08-2025.docx",[17] Phòng Kiểm soát chất lượng - KCS,542,2025,Quyết định,Phòng Kiểm soát Chất lượng – KCS,,2025-08-27,,Đang lưu hành,Nội bộ,"Ban hành quy trình vệ sinh Tank chứa men, đường ống thu, cấp men-Đông Mai",,,
"data/00. Văn bản Điều hành/[17] Phòng Kiểm soát chất lượng - KCS/542.2025.QĐ-HCNS-Ban hành quy trình vệ sinh Tank chứa men, đường ống thu, cấp men-Đông Mai.27-08-2025.pdf",[17] Phòng Kiểm soát chất lượng - KCS,542,2025,Quyết định,Phòng Kiểm soát Chất lượng – KCS,,2025-08-27,,Đang lưu hành,Nội bộ,"Ban hành quy trình vệ sinh Tank chứa men, đường ống thu, cấp men-Đông Mai",,,
"data/00. Văn bản Điều hành/[17] Phòng Kiểm soát chất lượng - KCS/605.QĐ-HCNS-Ban hành tiêu chuẩn nguyên liệu, phụ liệu, vật liệu, bao bì, hóa chất.16-09-2025.docx",[17] Phòng Kiểm soát chất lượng - KCS,605,2025,Quyết định,Phòng Kiểm soát Chất lượng – KCS,,2025-09-16,,Đang lưu hành,Nội bộ,"Ban hành tiêu chuẩn nguyên liệu, phụ liệu, vật liệu, bao bì, hóa chất",,,
"data/00. Văn bản Điều hành/[17] Phòng Kiểm soát chất lượng - KCS/605.QĐ-HCNS-Ban hành tiêu chuẩn nguyên liệu, phụ liệu, vật liệu, bao bì, hóa chất.16-09-2025.pdf",[17] Phòng Kiểm soát chất lượng - KCS,605,2025,Quyết định,Phòng Kiểm soát Chất lượng – KCS,,2025-09-16,,Đang lưu hành,Nội bộ,"Ban hành tiêu chuẩn nguyên liệu, phụ liệu, vật liệu, bao bì, hóa chất",,,
data/00. Văn bản Điều hành/[17] Phòng Kiểm soát chất lượng - KCS/606.QĐ-HCNS-Ban hành quy trình vệ sinh cá nhân.16-09-2025.docx,[17] Phòng Kiểm soát chất lượng - KCS,606,2025,Quyết định,Phòng Kiểm soát Chất lượng – KCS,,2025-09-16,,Đang lưu hành,Nội bộ,Ban hành quy trình vệ sinh cá nhân,,,
data/00. Văn bản Điều hành/[17] Phòng Kiểm soát chất lượng - KCS/606.QĐ-HCNS-Ban hành quy trình vệ sinh cá nhân.16-09-2025.pdf,[17] Phòng Kiểm soát chất lượng - KCS,606,2025,Quyết định,Phòng Kiểm soát Chất lượng – KCS,,2025-09-16,,Đang lưu hành,Nội bộ,Ban hành quy trình vệ sinh cá nhân,,,
"data/00. Văn bản Điều hành/[17] Phòng Kiểm soát chất lượng - KCS/607.QĐ-HCNS-Ban hành quy trình xuất kho nguyên liệu, phụ liệu, vật liệu, bao bì, hóa chất.16-09-2025.docx",[17] Phòng Kiểm soát chất lượng - KCS,607,2025,Quyết định,Phòng Kiểm soát Chất lượng – KCS,,2025-09-16,,Đang lưu hành,Nội bộ,"Ban hành quy trình xuất kho nguyên liệu, phụ liệu, vật liệu, bao bì, hóa chất",,,
"data/00. Văn bản Điều hành/[17] Phòng Kiểm soát chất lượng - KCS/607.QĐ-HCNS-Ban hành quy trình xuất kho nguyên liệu, phụ liệu, vật liệu, bao bì, hóa chất.16-09-2025.pdf",[17] Phòng Kiểm soát chất lượng - KCS,607,2025,Quyết định,Phòng Kiểm soát Chất lượng – KCS,,2025-09-16,,Đang lưu hành,Nội bộ,"Ban hành quy trình xuất kho nguyên liệu, phụ liệu, vật liệu, bao bì, hóa chất",,,
data/00. Văn bản Điều hành/[17] Phòng Kiểm soát chất lượng - KCS/608.QĐ-HCNS-Ban hành quy trình kiểm soát động vật gây hại.16-09-2025.docx,[17] Phòng Kiểm soát chất lượng - KCS,608,2025,Quyết định,Phòng Kiểm soát Chất lượng – KCS,,2025-09-16,,Đang lưu hành,Nội bộ,Ban hành quy trình kiểm soát động vật gây hại,,,
data/00. Văn bản Điều hành/[17] Phòng Kiểm soát chất lượng - KCS/608.QĐ-HCNS-Ban hành quy trình kiểm soát động vật gây hại.16-09-2025.pdf,[17] Phòng Kiểm soát chất lượng - KCS,608,2025,Quyết định,Phòng Kiểm soát Chất lượng – KCS,,2025-09-16,,Đang lưu hành,Nội bộ,Ban hành quy trình kiểm soát động vật gây hại,,,
data/00. Văn bản Điều hành/[17] Phòng Kiểm soát chất lượng - KCS/609.QĐ-HCNS-Ban hành quy trình nhận diện rủi ro và cơ hại.16-09-2025.docx,[17] Phòng Kiểm soát chất lượng - KCS,609,2025,Quyết định,Phòng Kiểm soát Chất lượng – KCS,,2025-09-16,,Đang lưu hành,Nội bộ,Ban hành quy trình nhận diện rủi ro và cơ hại,,,
data/00. Văn bản Điều hành/[17] Phòng Kiểm soát chất lượng - KCS/609.QĐ-HCNS-Ban hành quy trình nhận diện rủi ro và cơ hại.16-09-2025.pdf,[17] Phòng Kiểm soát chất lượng - KCS,609,2025,Quyết định,Phòng Kiểm soát Chất lượng – KCS,,2025-09-16,,Đang lưu hành,Nội bộ,Ban hành quy trình nhận diện rủi ro và cơ hại,,,
data/00. Văn bản Điều hành/[17] Phòng Kiểm soát chất lượng - KCS/610.QĐ-HCNS-Ban hành quy trình ứng phó tình trạng khẩn cấp.16-09-2025.docx,[17] Phòng Kiểm soát chất lượng - KCS,610,2025,Quyết định,Phòng Kiểm soát Chất lượng – KCS,,2025-09-16,,Đang lưu hành,Nội bộ,Ban hành quy trình ứng phó tình trạng khẩn cấp,,,
data/00. Văn bản Điều hành/[17] Phòng Kiểm soát chất lượng - KCS/610.QĐ-HCNS-Ban hành quy trình ứng phó tình trạng khẩn cấp.16-09-2025.pdf,[17] Phòng Kiểm soát chất lượng - KCS,610,2025,Quyết định,Phòng Kiểm soát Chất lượng – KCS,,2025-09-16,,Đang lưu hành,Nội bộ,Ban hành quy trình ứng phó tình trạng khẩn cấp,,,
"data/00. Văn bản Điều hành/[17] Phòng Kiểm soát chất lượng - KCS/611.QĐ-HCNS-ban hành quy trình kiểm tra xác định nguyên nhân và biện pháp khắc phục, phòng ngừa xử lý sản phẩm lỗi.16-09-2025.docx",[17] Phòng Kiểm soát chất lượng - KCS,611,2025,Quyết định,Phòng Kiểm soát Chất lượng – KCS,,2025-09-16,,Đang lưu hành,Nội bộ,"ban hành quy trình kiểm tra xác định nguyên nhân và biện pháp khắc phục, phòng ngừa xử lý sản phẩm lỗi",,,
"data/00. Văn bản Điều hành/[17] Phòng Kiểm soát chất lượng - KCS/611.QĐ-HCNS-ban hành quy trình kiểm tra xác định nguyên nhân và biện pháp khắc phục, phòng ngừa xử lý sản phẩm lỗi.16-09-2025.pdf",[17] Phòng Kiểm soát chất lượng - KCS,611,2025,Quyết định,Phòng Kiểm soát Chất lượng – KCS,,2025-09-16,,Đang lưu hành,Nội bộ,"ban hành quy trình kiểm tra xác định nguyên nhân và biện pháp khắc phục, phòng ngừa xử lý sản phẩm lỗi",,,
"data/00. Văn bản Điều hành/[17] Phòng Kiểm soát chất lượng - KCS/611.QĐ-HCNS-Ban hành quy trình kiểm tra xác định nguyên nhân và biện pháp khắc phục, phòng ngừa xử lý sản phẩm lỗi.16-09-2025_1.docx",[17] Phòng Kiểm soát chất lượng - KCS,611,2025,Quyết định,Phòng Kiểm soát Chất lượng – KCS,,2025-09-16,,Đang lưu hành,Nội bộ,"Ban hành quy trình kiểm tra xác định nguyên nhân và biện pháp khắc phục, phòng ngừa xử lý sản phẩm lỗi",,,
"data/00. Văn bản Điều hành/[17] Phòng Kiểm soát chất lượng - KCS/611.QĐ-HCNS-Ban hành quy trình kiểm tra xác định nguyên nhân và biện pháp khắc phục, phòng ngừa xử lý sản phẩm lỗi.16-09-2025_1.pdf",[17] Phòng Kiểm soát chất lượng - KCS,611,2025,Quyết định,Phòng Kiểm soát Chất lượng – KCS,,2025-09-16,,Đang lưu hành,Nội bộ,"Ban hành quy trình kiểm tra xác định nguyên nhân và biện pháp khắc phục, phòng ngừa xử lý sản phẩm lỗi",,,
"data/00. Văn bản Điều hành/[17] Phòng Kiểm soát chất lượng - KCS/612.QĐ-HCNS-Ban hành chính sách, mục tiêu chất lượng và an toàn thực phẩm.16-09-2025.docx",[17] Phòng Kiểm soát chất lượng - KCS,612,2025,Quyết định,Phòng Kiểm soát Chất lượng – KCS,,2025-09-16,,Đang lưu hành,Nội bộ,"Ban hành chính sách, mục tiêu chất lượng và an toàn thực phẩm",,,
"data/00. Văn bản Điều hành/[17] Phòng Kiểm soát chất lượng - KCS/612.QĐ-HCNS-Ban hành chính sách, mục tiêu chất lượng và an toàn thực phẩm.16-09-2025.pdf",[17] Phòng Kiểm soát chất lượng - KCS,612,2025,Quyết định,Phòng Kiểm soát Chất lượng – KCS,,2025-09-16,,Đang lưu hành,Nội bộ,"Ban hành chính sách, mục tiêu chất lượng và an toàn thực phẩm",,,
data/00. Văn bản Điều hành/[17] Phòng Kiểm soát chất lượng - KCS/613.QĐ-HCNS-Ban hành quy trình đánh giá nội bộ.16-09-2025.docx,[17] Phòng Kiểm soát chất lượng - KCS,613,2025,Quyết định,Phòng Kiểm soát Chất lượng – KCS,,2025-09-16,,Đang lưu hành,Nội bộ,Ban hành quy trình đánh giá nội bộ,,,
data/00. Văn bản Điều hành/[17] Phòng Kiểm soát chất lượng - KCS/613.QĐ-HCNS-Ban hành quy trình đánh giá nội bộ.16-09-2025.pdf,[17] Phòng Kiểm soát chất lượng - KCS,613,2025,Quyết định,Phòng Kiểm soát Chất lượng – KCS,,2025-09-16,,Đang lưu hành,Nội bộ,Ban hành quy trình đánh giá nội bộ,,,
data/00. Văn bản Điều hành/[17] Phòng Kiểm soát chất lượng - KCS/614.QĐ-HCNS-ban hành quy định kiểm tra cảm quan sản phẩm trước khi xuất xưởng.16-09-2025.docx,[17] Phòng Kiểm soát chất lượng - KCS,614,2025,Quyết định,Phòng Kiểm soát Chất lượng – KCS,,2025-09-16,,Đang lưu hành,Nội bộ,ban hành quy định kiểm tra cảm quan sản phẩm trước khi xuất xưởng,,,
data/00. Văn bản Điều hành/[17] Phòng Kiểm soát chất lượng - KCS/614.QĐ-HCNS-ban hành quy định kiểm tra cảm quan sản phẩm trước khi xuất xưởng.16-09-2025.pdf,[17] Phòng Kiểm soát chất lượng - KCS,614,2025,Quyết định,Phòng Kiểm soát Chất lượng – KCS,,2025-09-16,,Đang lưu hành,Nội bộ,ban hành quy định kiểm tra cảm quan sản phẩm trước khi xuất xưởng,,,
data/00. Văn bản Điều hành/[17] Phòng Kiểm soát chất lượng - KCS/615.QĐ-HCNS-Ban hành quy trình kế hoạch HACCP.16-09-2025.docx,[17] Phòng Kiểm soát chất lượng - KCS,615,2025,Quyết định,Phòng Kiểm soát Chất lượng – KCS,,2025-09-16,,Đang lưu hành,Nội bộ,Ban hành quy trình kế hoạch HACCP,,,
data/00. Văn bản Điều hành/[17] Phòng Kiểm soát chất lượng - KCS/615.QĐ-HCNS-Ban hành quy trình kế hoạch HACCP.16-09-2025.pdf,[17] Phòng Kiểm soát chất lượng - KCS,615,2025,Quyết định,Phòng Kiểm soát Chất lượng – KCS,,2025-09-16,,Đang lưu hành,Nội bộ,Ban hành quy trình kế hoạch HACCP,,,
data/00. Văn bản Điều hành/[17] Phòng Kiểm soát chất lượng - KCS/616.QĐ-HCNS-ban hành sổ tay chất lượng và  an toàn thực phẩm.16-09-2025.docx,[17] Phòng Kiểm soát chất lượng - KCS,616,2025,Quyết định,Phòng Kiểm soát Chất lượng – KCS,,2025-09-16,,Đang lưu hành,Nội bộ,ban hành sổ tay chất lượng và an toàn thực phẩm,,,
data/00. Văn bản Điều hành/[17] Phòng Kiểm soát chất lượng - KCS/616.QĐ-HCNS-ban hành sổ tay chất lượng và  an toàn thực phẩm.16-09-2025.pdf,[17] Phòng Kiểm soát chất lượng - KCS,616,2025,Quyết định,Phòng Kiểm soát Chất lượng – KCS,,2025-09-16,,Đang lưu hành,Nội bộ,ban hành sổ tay chất lượng và an toàn thực phẩm,,,
"data/00. Văn bản Điều hành/[17] Phòng Kiểm soát chất lượng - KCS/617.QĐ-HCNS-Ban hành bảo quản nguyên liệu, phụ liệu, vật liệu, bao bì, hóa chất.16-09-2025.docx",[17] Phòng Kiểm soát chất lượng - KCS,617,2025,Quyết định,Phòng Kiểm soát Chất lượng – KCS,,2025-09-16,,Đang lưu hành,Nội bộ,"Ban hành bảo quản nguyên liệu, phụ liệu, vật liệu, bao bì, hóa chất",,,
"data/00. Văn bản Điều hành/[17] Phòng Kiểm soát chất lượng - KCS/617.QĐ-HCNS-Ban hành bảo quản nguyên liệu, phụ liệu, vật liệu, bao bì, hóa chất.16-09-2025.pdf",[17] Phòng Kiểm soát chất lượng - KCS,617,2025,Quyết định,Phòng Kiểm soát Chất lượng – KCS,,2025-09-16,,Đang lưu hành,Nội bộ,"Ban hành bảo quản nguyên liệu, phụ liệu, vật liệu, bao bì, hóa chất",,,
data/00. Văn bản Điều hành/[17] Phòng Kiểm soát chất lượng - KCS/701.QĐ-HCNS-ban hành quy định kiểm tra xử lý hàng lỗi thu từ thị trường về.26-09-2025.docx,[17] Phòng Kiểm soát chất lượng - KCS,701,2025,Quyết định,Phòng Kiểm soát Chất lượng – KCS,,2025-09-26,,Đang lưu hành,Nội bộ,ban hành quy định kiểm tra xử lý hàng lỗi thu từ thị trường về,,,
data/00. Văn bản Điều hành/[17] Phòng Kiểm soát chất lượng - KCS/701.QĐ-HCNS-ban hành quy định kiểm tra xử lý hàng lỗi thu từ thị trường về.26-09-2025.pdf,[17] Phòng Kiểm soát chất lượng - KCS,701,2025,Quyết định,Phòng Kiểm soát Chất lượng – KCS,,2025-09-26,,Đang lưu hành,Nội bộ,ban hành quy định kiểm tra xử lý hàng lỗi thu từ thị trường về,,,
data/00. Văn bản Điều hành/[17] Phòng Kiểm soát chất lượng - KCS/734.QĐ-HCNS-Ban hành quy trình truy tìm nguồn gốc và thu hồi triệu hồi sản phẩm.10-10-2025.pdf,[17] Phòng Kiểm soát chất lượng - KCS,734,2025,Quyết định,Phòng Kiểm soát Chất lượng – KCS,,2025-10-10,,Đang lưu hành,Nội bộ,Ban hành quy trình truy tìm nguồn gốc và thu hồi triệu hồi sản phẩm,,,
data/00. Văn bản Điều hành/[17] Phòng Kiểm soát chất lượng - KCS/735.QĐ-HCNS-Ban hành quy trình kiểm soát sản phẩm không phù hợp và khắc phục phòng ngừa.10-10-2025.pdf,[17] Phòng Kiểm soát chất lượng - KCS,735,2025,Quyết định,Phòng Kiểm soát Chất lượng – KCS,,2025-10-10,,Đang lưu hành,Nội bộ,Ban hành quy trình kiểm soát sản phẩm không phù hợp và khắc phục phòng ngừa,,,
data/00. Văn bản Điều hành/[18] Phòng Cơ Điện/185.2025.QĐ-HCNS-Hành hướng dẫn vệ sinh hệ thống thu hồi CO2- Đông Mai.29-3-2025.docx,[18] Phòng Cơ Điện,185,2025,Quyết định,Phòng Cơ điện,,2025-03-29,,Đang lưu hành,Nội bộ,Hành hướng dẫn vệ sinh hệ thống thu hồi CO2- Đông Mai,,,
data/00. Văn bản Điều hành/[18] Phòng Cơ Điện/185.2025.QĐ-HCNS-Hành hướng dẫn vệ sinh hệ thống thu hồi CO2- Đông Mai.29-3-2025.pdf,[18] Phòng Cơ Điện,185,2025,Quyết định,Phòng Cơ điện,,2025-03-29,,Đang lưu hành,Nội bộ,Hành hướng dẫn vệ sinh hệ thống thu hồi CO2- Đông Mai,,,
data/00. Văn bản Điều hành/[18] Phòng Cơ Điện/185A.2025. QĐ-HCNS-Hướng dẫn công việc hệ thống thu hồi CO2- Đông Mai.29-3-2025.docx,[18] Phòng Cơ Điện,185A,2025,Quyết định,Phòng Cơ điện,,2025-03-29,,Đang lưu hành,Nội bộ,Hướng dẫn công việc hệ thống thu hồi CO2- Đông Mai,,,
data/00. Văn bản Điều hành/[18] Phòng Cơ Điện/185A.2025. QĐ-HCNS-Hướng dẫn công việc hệ thống thu hồi CO2- Đông Mai.29-3-2025.pdf,[18] Phòng Cơ Điện,185A,2025,Quyết định,Phòng Cơ điện,,2025-03-29,,Đang lưu hành,Nội bộ,Hướng dẫn công việc hệ thống thu hồi CO2- Đông Mai,,,
data/00. Văn bản Điều hành/[18] Phòng Cơ Điện/185B. 2025. QĐ-HCNS-Hướng dẫn vận hành  hệ thống thu hồi CO2- Đông Mai.29-3-2025.pdf,[18] Phòng Cơ Điện,185B,2025,Quyết định,Phòng Cơ điện,,2025-03-29,,Đang lưu hành,Nội bộ,Hướng dẫn vận hành hệ thống thu hồi CO2- Đông Mai,,,
data/00. Văn bản Điều hành/[18] Phòng Cơ Điện/185B. 2025. QĐ-HCNS-Hướng dẫn vận hành hệ thống thu hồi CO2- Đông Mai.29-3-2025.docx,[18] Phòng Cơ Điện,185B,2025,Quyết định,Phòng Cơ điện,,2025-03-29,,Đang lưu hành,Nội bộ,Hướng dẫn vận hành hệ thống thu hồi CO2- Đông Mai,,,
data/00. Văn bản Điều hành/[18] Phòng Cơ Điện/185C.2025.QĐ-HCNS-Hướng dẫn vệ sinh hệ thống thu hồi CO2- Hạ Long.29-3-2025.docx,[18] Phòng Cơ Điện,185C,2025,Quyết định,Phòng Cơ điện,,2025-03-29,,Đang lưu hành,Nội bộ,Hướng dẫn vệ sinh hệ thống thu hồi CO2- Hạ Long,,,
data/00. Văn bản Điều hành/[18] Phòng Cơ Điện/185C.2025.QĐ-HCNS-Hướng dẫn vệ sinh hệ thống thu hồi CO2- Hạ Long.29-3-2025.pdf,[18] Phòng Cơ Điện,185C,2025,Quyết định,Phòng Cơ điện,,2025-03-29,,Đang lưu hành,Nội bộ,Hướng dẫn vệ sinh hệ thống thu hồi CO2- Hạ Long,,,
data/00. Văn bản Điều hành/[18] Phòng Cơ Điện/185D.2025. QĐ-HCNS-Hướng dẫn vận hành hệ thống thu hồi CO2- Hạ Long .29-3-2025.docx,[18] Phòng Cơ Điện,185D,2025,Quyết định,Phòng Cơ điện,,2025-03-29,,Đang lưu hành,Nội bộ,Hướng dẫn vận hành hệ thống thu hồi CO2- Hạ Long,,,
data/00. Văn bản Điều hành/[18] Phòng Cơ Điện/185D.2025. QĐ-HCNS-Hướng dẫn vận hành hệ thống thu hồi CO2- Hạ Long .29-3-2025.pdf,[18] Phòng Cơ Điện,185D,2025,Quyết định,Phòng Cơ điện,,2025-03-29,,Đang lưu hành,Nội bộ,Hướng dẫn vận hành hệ thống thu hồi CO2- Hạ Long,,,
data/00. Văn bản Điều hành/[18] Phòng Cơ Điện/185E.2025.QĐ-HCNS-Hướng dẫn vệ sinh hệ thống lạnh - Đông Mai .29-3-2025.docx,[18] Phòng Cơ Điện,185E,2025,Quyết định,Phòng Cơ điện,,2025-03-29,,Đang lưu hành,Nội bộ,Hướng dẫn vệ sinh hệ thống lạnh - Đông Mai,,,
data/00. Văn bản Điều hành/[18] Phòng Cơ Điện/185E.2025.QĐ-HCNS-Hướng dẫn vệ sinh hệ thống lạnh - Đông Mai .29-3-2025.pdf,[18] Phòng Cơ Điện,185E,2025,Quyết định,Phòng Cơ điện,,2025-03-29,,Đang lưu hành,Nội bộ,Hướng dẫn vệ sinh hệ thống lạnh - Đông Mai,,,
data/00. Văn bản Điều hành/[18] Phòng Cơ Điện/185F.2025. QĐ-HCNS-Hướng dẫn công việc hệ thống lạnh - Đông Mai.29-3-2025.docx,[18] Phòng Cơ Điện,185F,2025,Quyết định,Phòng Cơ điện,,2025-03-29,,Đang lưu hành,Nội bộ,Hướng dẫn công việc hệ thống lạnh - Đông Mai,,,
data/00. Văn bản Điều hành/[18] Phòng Cơ Điện/185F.2025. QĐ-HCNS-Hướng dẫn công việc hệ thống lạnh - Đông Mai.29-3-2025.pdf,[18] Phòng Cơ Điện,185F,2025,Quyết định,Phòng Cơ điện,,2025-03-29,,Đang lưu hành,Nội bộ,Hướng dẫn công việc hệ thống lạnh - Đông Mai,,,
data/00. Văn bản Điều hành/[18] Phòng Cơ Điện/185G.2025.QĐ-HCNS-Hướng dẫn vệ sinh hệ thống lạnh - Hạ Long .29-3-2025.docx,[18] Phòng Cơ Điện,185G,2025,Quyết định,Phòng Cơ điện,,2025-03-29,,Đang lưu hành,Nội bộ,Hướng dẫn vệ sinh hệ thống lạnh - Hạ Long,,,
data/00. Văn bản Điều hành/[18] Phòng Cơ Điện/185G.2025.QĐ-HCNS-Hướng dẫn vệ sinh hệ thống lạnh - Hạ Long .29-3-2025.pdf,[18] Phòng Cơ Điện,185G,2025,Quyết định,Phòng Cơ điện,,2025-03-29,,Đang lưu hành,Nội bộ,Hướng dẫn vệ sinh hệ thống lạnh - Hạ Long,,,
data/00. Văn bản Điều hành/[18] Phòng Cơ Điện/185H.2025.QĐ-HCN-Hướng dẫn vận hành hệ thống lạnh - Hạ Long.29-03-2025.docx,[18] Phòng Cơ Điện,185H,2025,Quyết định,Phòng Cơ điện,,2025-03-29,,Đang lưu hành,Nội bộ,185H.2025.QĐ-HCN-Hướng dẫn vận hành hệ thống lạnh - Hạ Long.29-03-2025,,,
data/00. Văn bản Điều hành/[18] Phòng Cơ Điện/185H.2025.QĐ-HCN-Hướng dẫn vận hành hệ thống lạnh - Hạ Long.29-03-2025.pdf,[18] Phòng Cơ Điện,185H,2025,Quyết định,Phòng Cơ điện,,2025-03-29,,Đang lưu hành,Nội bộ,185H.2025.QĐ-HCN-Hướng dẫn vận hành hệ thống lạnh - Hạ Long.29-03-2025,,,
data/00. Văn bản Điều hành/[18] Phòng Cơ Điện/185I.2025. QĐ-HCNS-Hướng dẫn vạn hành hệ thống chiết Keg 30L KHS - Hạ Long .29-03-2025.docx,[18] Phòng Cơ Điện,185I,2025,Quyết định,Phòng Cơ điện,,2025-03-29,,Đang lưu hành,Nội bộ,Hướng dẫn vạn hành hệ thống chiết Keg 30L KHS - Hạ Long,,,
data/00. Văn bản Điều hành/[18] Phòng Cơ Điện/185I.2025. QĐ-HCNS-Hướng dẫn vạn hành hệ thống chiết Keg 30L KHS - Hạ Long .29-03-2025.pdf,[18] Phòng Cơ Điện,185I,2025,Quyết định,Phòng Cơ điện,,2025-03-29,,Đang lưu hành,Nội bộ,Hướng dẫn vạn hành hệ thống chiết Keg 30L KHS - Hạ Long,,,
data/00. Văn bản Điều hành/[18] Phòng Cơ Điện/188.2025. QĐ-HCNS-Hướng dẫn công việc hệ thống lạnh - Hạ Long.01-04-2025.docx,[18] Phòng Cơ Điện,188,2025,Quyết định,Phòng Cơ điện,,2025-04-01,,Đang lưu hành,Nội bộ,Hướng dẫn công việc hệ thống lạnh - Hạ Long,,,
data/00. Văn bản Điều hành/[18] Phòng Cơ Điện/188.2025. QĐ-HCNS-Hướng dẫn công việc hệ thống lạnh - Hạ Long.01-04-2025.pdf,[18] Phòng Cơ Điện,188,2025,Quyết định,Phòng Cơ điện,,2025-04-01,,Đang lưu hành,Nội bộ,Hướng dẫn công việc hệ thống lạnh - Hạ Long,,,
data/00. Văn bản Điều hành/[18] Phòng Cơ Điện/189.2025.QĐ-HCNS-Quy trình vệ sinh hệ thống phụ trợ .01-04-2025.docx,[18] Phòng Cơ Điện,189,2025,Quyết định,Phòng Cơ điện,,2025-04-01,,Đang lưu hành,Nội bộ,Quy trình vệ sinh hệ thống phụ trợ,,,
data/00. Văn bản Điều hành/[18] Phòng Cơ Điện/189.2025.QĐ-HCNS-Quy trình vệ sinh hệ thống phụ trợ .01-04-2025.pdf,[18] Phòng Cơ Điện,189,2025,Quyết định,Phòng Cơ điện,,2025-04-01,,Đang lưu hành,Nội bộ,Quy trình vệ sinh hệ thống phụ trợ,,,
data/00. Văn bản Điều hành/[18] Phòng Cơ Điện/189A.2025.QĐ-HCNS-Hướng dẫn công việc hệ thống thu hồi CO2- Hạ Long.01-04-2025.docx,[18] Phòng Cơ Điện,189A,2025,Quyết định,Phòng Cơ điện,,2025-04-01,,Đang lưu hành,Nội bộ,Hướng dẫn công việc hệ thống thu hồi CO2- Hạ Long,,,
data/00. Văn bản Điều hành/[18] Phòng Cơ Điện/189A.2025.QĐ-HCNS-Hướng dẫn công việc hệ thống thu hồi CO2- Hạ Long.01-04-2025.pdf,[18] Phòng Cơ Điện,189A,2025,Quyết định,Phòng Cơ điện,,2025-04-01,,Đang lưu hành,Nội bộ,Hướng dẫn công việc hệ thống thu hồi CO2- Hạ Long,,,
data/00. Văn bản Điều hành/[18] Phòng Cơ Điện/198.2026.QĐ-HCNS-Miễn nhiệm vị trí Phó phòng cơ điện.26-03-2026.pdf,[18] Phòng Cơ Điện,198,2026,Quyết định,Phòng Cơ điện,,2026-03-26,,Đang lưu hành,Nội bộ,Miễn nhiệm vị trí Phó phòng cơ điện,,,
data/00. Văn bản Điều hành/[18] Phòng Cơ Điện/199.2026.QĐ-HCNS-Bổ nhiệm Quản đốc phân xưởng sản xuất Bia Hạ Long.26-03-2026.pdf,[18] Phòng Cơ Điện,199,2026,Quyết định,Phòng Cơ điện,,2026-03-26,,Đang lưu hành,Nội bộ,Bổ nhiệm Quản đốc phân xưởng sản xuất Bia Hạ Long,,,
data/00. Văn bản Điều hành/[18] Phòng Cơ Điện/303.QĐ-HCNS-Bổ nhiệm Trưởng phòng cơ điện.25-08-2025.pdf,[18] Phòng Cơ Điện,303,2025,Quyết định,Phòng Cơ điện,,2025-08-25,,Đang lưu hành,Nội bộ,Bổ nhiệm Trưởng phòng cơ điện,,,
data/00. Văn bản Điều hành/[18] Phòng Cơ Điện/304.QĐ-HCNS-Kiêm nhiệm chức danh.-Ông Nguyễn Hữu Hiệp .25-08-2025.pdf,[18] Phòng Cơ Điện,304,2025,Quyết định,Phòng Cơ điện,,2025-08-25,,Đang lưu hành,Nội bộ,Kiêm nhiệm chức danh.-Ông Nguyễn Hữu Hiệp,,,
data/00. Văn bản Điều hành/[18] Phòng Cơ Điện/305.QĐ-HCNS- Miễn nhiệm vị trí Trưởng phòng cơ điện.25-08-2025.pdf,[18] Phòng Cơ Điện,305,2025,Quyết định,Phòng Cơ điện,,2025-08-25,,Đang lưu hành,Nội bộ,Miễn nhiệm vị trí Trưởng phòng cơ điện,,,
data/00. Văn bản Điều hành/[18] Phòng Cơ Điện/306.QĐ-HCNS-Bổ nhiệm Phó Giám đốc thiết bị.25-08-2025.pdf,[18] Phòng Cơ Điện,306,2025,Quyết định,Phòng Cơ điện,,2025-08-25,,Đang lưu hành,Nội bộ,Bổ nhiệm Phó Giám đốc thiết bị,,,
data/00. Văn bản Điều hành/[18] Phòng Cơ Điện/307.QĐ-HCNS-Bổ nhiệm Phó phòng cơ điện.25-08-2025.pdf,[18] Phòng Cơ Điện,307,2025,Quyết định,Phòng Cơ điện,,2025-08-25,,Đang lưu hành,Nội bộ,Bổ nhiệm Phó phòng cơ điện,,,
data/00. Văn bản Điều hành/[18] Phòng Cơ Điện/350 QĐ-HCNS-Hướng dẫn công việc hệ thống lò hơi Biomass 8 tấn -giờ - Đông Mai .10-06-2025.pdf,[18] Phòng Cơ Điện,350,2025,Quyết định,Phòng Cơ điện,,2025-06-10,,Đang lưu hành,Nội bộ,Hướng dẫn công việc hệ thống lò hơi Biomass 8 tấn -giờ - Đông Mai,,,
data/00. Văn bản Điều hành/[18] Phòng Cơ Điện/351 QĐ-HCNS-Hướng dẫn vận hành lò hơi Biomass 8 tấn -giờ -Đông Mai.10-06-2025.pdf,[18] Phòng Cơ Điện,351,2025,Quyết định,Phòng Cơ điện,,2025-06-10,,Đang lưu hành,Nội bộ,Hướng dẫn vận hành lò hơi Biomass 8 tấn -giờ -Đông Mai,,,
data/00. Văn bản Điều hành/[18] Phòng Cơ Điện/352 QĐ-HCNS-Hướng dẫn công việc hệ thống lò hơi  -Hạ Long .10-06-2025.pdf,[18] Phòng Cơ Điện,352,2025,Quyết định,Phòng Cơ điện,,2025-06-10,,Đang lưu hành,Nội bộ,Hướng dẫn công việc hệ thống lò hơi -Hạ Long,,,
data/00. Văn bản Điều hành/[18] Phòng Cơ Điện/353.QĐ-HCNS-Hướng dẫn vận hành hệ thống lò hơi  -Hạ Long.10-06-2025.pdf,[18] Phòng Cơ Điện,353,2025,Quyết định,Phòng Cơ điện,,2025-06-10,,Đang lưu hành,Nội bộ,Hướng dẫn vận hành hệ thống lò hơi -Hạ Long,,,
data/00. Văn bản Điều hành/[18] Phòng Cơ Điện/354.QĐ-HCNS-Hướng dẫn công việc hệ thống xử lý nước cấp - Đông Mai.10-06-2025.docx,[18] Phòng Cơ Điện,354,2025,Quyết định,Phòng Cơ điện,,2025-06-10,,Đang lưu hành,Nội bộ,Hướng dẫn công việc hệ thống xử lý nước cấp - Đông Mai,,,
data/00. Văn bản Điều hành/[18] Phòng Cơ Điện/354.QĐ-HCNS-Hướng dẫn công việc hệ thống xử lý nước cấp - Đông Mai.10-06-2025.pdf,[18] Phòng Cơ Điện,354,2025,Quyết định,Phòng Cơ điện,,2025-06-10,,Đang lưu hành,Nội bộ,Hướng dẫn công việc hệ thống xử lý nước cấp - Đông Mai,,,
data/00. Văn bản Điều hành/[18] Phòng Cơ Điện/355.QĐ-HCNS-Hướng dẫn vận hành  hệ thống xử lý nước cấp - Đông Mai.10-06-2025.pdf,[18] Phòng Cơ Điện,355,2025,Quyết định,Phòng Cơ điện,,2025-06-10,,Đang lưu hành,Nội bộ,Hướng dẫn vận hành hệ thống xử lý nước cấp - Đông Mai,,,
data/00. Văn bản Điều hành/[18] Phòng Cơ Điện/355.QĐ-HCNS-Hướng dẫn vận hành hệ thống xử lý nước cấp - Đông Mai.10-06-2025.docx,[18] Phòng Cơ Điện,355,2025,Quyết định,Phòng Cơ điện,,2025-06-10,,Đang lưu hành,Nội bộ,Hướng dẫn vận hành hệ thống xử lý nước cấp - Đông Mai,,,
data/00. Văn bản Điều hành/[18] Phòng Cơ Điện/356 QĐ-HCNS-Hướng dẫn vận hành hệ thống xử lý nước thải  -Hạ Long.10-06-2025.pdf,[18] Phòng Cơ Điện,356,2025,Quyết định,Phòng Cơ điện,,2025-06-10,,Đang lưu hành,Nội bộ,Hướng dẫn vận hành hệ thống xử lý nước thải -Hạ Long,,,
data/00. Văn bản Điều hành/[18] Phòng Cơ Điện/412.QĐ-HCNS-Kiêm nhiệm chức danh - Ông Nguyễn Hữu Hiệp.29-11-2025.pdf,[18] Phòng Cơ Điện,412,2025,Quyết định,Phòng Cơ điện,,2025-11-29,,Đang lưu hành,Nội bộ,Kiêm nhiệm chức danh - Ông Nguyễn Hữu Hiệp,,,
data/00. Văn bản Điều hành/[18] Phòng Cơ Điện/471A QĐ-HCNS-Hướng dẫn vận hành máy dán nhãn chai 10.000 chai -h- Đông mai .31-7-2025.pdf,[18] Phòng Cơ Điện,471A,2025,Quyết định,Phòng Cơ điện,,2025-07-31,,Đang lưu hành,Nội bộ,Hướng dẫn vận hành máy dán nhãn chai 10.000 chai -h- Đông mai,,,
data/00. Văn bản Điều hành/[18] Phòng Cơ Điện/471B .QĐ-HCNS-Hướng dẫn vận hành hệ thống khí nén - Đông mai .31-7-2025.pdf,[18] Phòng Cơ Điện,471B,2025,Quyết định,Phòng Cơ điện,,2025-07-31,,Đang lưu hành,Nội bộ,Hướng dẫn vận hành hệ thống khí nén - Đông mai,,,
data/00. Văn bản Điều hành/[18] Phòng Cơ Điện/471C.QĐ-HCNS-Hướng dẫn vận hành máy gắp thành phẩm 10.000 chai -h- Đông mai .31-7-2025.pdf,[18] Phòng Cơ Điện,471C,2025,Quyết định,Phòng Cơ điện,,2025-07-31,,Đang lưu hành,Nội bộ,Hướng dẫn vận hành máy gắp thành phẩm 10.000 chai -h- Đông mai,,,
data/00. Văn bản Điều hành/[18] Phòng Cơ Điện/472.QĐ-HCNS-Hướng dẫn vận hành máy chiết chai 10.000 chai -h- Đông mai.31-7-2025.pdf,[18] Phòng Cơ Điện,472,2025,Quyết định,Phòng Cơ điện,,2025-07-31,,Đang lưu hành,Nội bộ,Hướng dẫn vận hành máy chiết chai 10.000 chai -h- Đông mai,,,
data/00. Văn bản Điều hành/[18] Phòng Cơ Điện/472A.QĐ-HCNS-Hướng dẫn vận hành máy rửa chai 10.000 chai -h- Đông mai. 31-7-2025.pdf,[18] Phòng Cơ Điện,472A,2025,Quyết định,Phòng Cơ điện,,2025-07-31,,Đang lưu hành,Nội bộ,Hướng dẫn vận hành máy rửa chai 10.000 chai -h- Đông mai,,,
data/00. Văn bản Điều hành/[18] Phòng Cơ Điện/473.QĐ-HCNS-Hướng dẫn vận hành máy thanh trùng chai 10.000 chai -h- Đông mai.31-7-2025.pdf,[18] Phòng Cơ Điện,473,2025,Quyết định,Phòng Cơ điện,,2025-07-31,,Đang lưu hành,Nội bộ,Hướng dẫn vận hành máy thanh trùng chai 10.000 chai -h- Đông mai,,,
data/00. Văn bản Điều hành/[18] Phòng Cơ Điện/473A QĐ-HCN-Hướng dẫn vận hành máy băng tải chai 10.000 chai -h- Đông mai .31-7-2025.pdf,[18] Phòng Cơ Điện,473A,2025,Quyết định,Phòng Cơ điện,,2025-07-31,,Đang lưu hành,Nội bộ,473A QĐ-HCN-Hướng dẫn vận hành máy băng tải chai 10.000 chai -h- Đông mai .31-7-2025,,,
data/00. Văn bản Điều hành/[18] Phòng Cơ Điện/473B.QĐ-HCNS-Hướng dẫn vận hành máy gắp vỏ chai 10.000 chai -h- Đông mai.31-7-2025.pdf,[18] Phòng Cơ Điện,473B,2025,Quyết định,Phòng Cơ điện,,2025-07-31,,Đang lưu hành,Nội bộ,Hướng dẫn vận hành máy gắp vỏ chai 10.000 chai -h- Đông mai,,,
data/00. Văn bản Điều hành/[18] Phòng Cơ Điện/551.2025.QĐ-HCNS-Hướng dẫn vệ sinh hệ thống điện tủ phân phối -Đông Mai .28-08-2025.pdf,[18] Phòng Cơ Điện,551,2025,Quyết định,Phòng Cơ điện,,2025-08-28,,Đang lưu hành,Nội bộ,Hướng dẫn vệ sinh hệ thống điện tủ phân phối -Đông Mai,,,
data/00. Văn bản Điều hành/[18] Phòng Cơ Điện/552.2025.QĐ-HCNS-Hướng dẫn vận hành Tank thành phẩm -Đông Mai.28-08-2025.pdf,[18] Phòng Cơ Điện,552,2025,Quyết định,Phòng Cơ điện,,2025-08-28,,Đang lưu hành,Nội bộ,Hướng dẫn vận hành Tank thành phẩm -Đông Mai,,,
"data/00. Văn bản Điều hành/[18] Phòng Cơ Điện/553.2025.QĐ-HCNS-Hướng dẫn vận hành hệ thống xay nghiền ,nấu bia -Đông Mai.28-08-2025.pdf",[18] Phòng Cơ Điện,553,2025,Quyết định,Phòng Cơ điện,,2025-08-28,,Đang lưu hành,Nội bộ,"Hướng dẫn vận hành hệ thống xay nghiền ,nấu bia -Đông Mai",,,
data/00. Văn bản Điều hành/[18] Phòng Cơ Điện/554.2025.QĐ-HCNS-Hướng dẫn vệ sinh hệ thống băng tải Lon 10.000 lon -h  -Đông Mai .28-08-2025.pdf,[18] Phòng Cơ Điện,554,2025,Quyết định,Phòng Cơ điện,,2025-08-28,,Đang lưu hành,Nội bộ,Hướng dẫn vệ sinh hệ thống băng tải Lon 10.000 lon -h -Đông Mai,,,
data/00. Văn bản Điều hành/[18] Phòng Cơ Điện/555.2025.QĐ-HCNS-Hướng dẫn vệ sinh hệ thống xử lý nước cấp -Đông Mai.28-08-2025.docx,[18] Phòng Cơ Điện,555,2025,Quyết định,Phòng Cơ điện,,2025-08-28,,Đang lưu hành,Nội bộ,Hướng dẫn vệ sinh hệ thống xử lý nước cấp -Đông Mai,,,
data/00. Văn bản Điều hành/[18] Phòng Cơ Điện/555.2025.QĐ-HCNS-Hướng dẫn vệ sinh hệ thống xử lý nước cấp -Đông Mai.28-08-2025.pdf,[18] Phòng Cơ Điện,555,2025,Quyết định,Phòng Cơ điện,,2025-08-28,,Đang lưu hành,Nội bộ,Hướng dẫn vệ sinh hệ thống xử lý nước cấp -Đông Mai,,,
data/00. Văn bản Điều hành/[18] Phòng Cơ Điện/556.2025.QĐ-HCNS-Hướng dẫn vệ sinh hệ thống khí nén -Hạ Long .28-08-2025.pdf,[18] Phòng Cơ Điện,556,2025,Quyết định,Phòng Cơ điện,,2025-08-28,,Đang lưu hành,Nội bộ,Hướng dẫn vệ sinh hệ thống khí nén -Hạ Long,,,
data/00. Văn bản Điều hành/[18] Phòng Cơ Điện/557.2025.QĐ-HCNS-Hướng dẫn vệ sinh gắp chai thành phẩm -Đông Mai.28-08-2025.pdf,[18] Phòng Cơ Điện,557,2025,Quyết định,Phòng Cơ điện,,2025-08-28,,Đang lưu hành,Nội bộ,Hướng dẫn vệ sinh gắp chai thành phẩm -Đông Mai,,,
data/00. Văn bản Điều hành/[18] Phòng Cơ Điện/558.2025.QĐ-HCNS-Hướng dẫn vệ sinh máy thanh trùng chai 10.000 chai -h -Đông Mai .28-08-2025.pdf,[18] Phòng Cơ Điện,558,2025,Quyết định,Phòng Cơ điện,,2025-08-28,,Đang lưu hành,Nội bộ,Hướng dẫn vệ sinh máy thanh trùng chai 10.000 chai -h -Đông Mai,,,
data/00. Văn bản Điều hành/[18] Phòng Cơ Điện/559.2025.QĐ-HCNS-Hướng dẫn vệ sinh máy dán nhãn chai 10.000 chai-h -Đông Mai .28-08-2025.pdf,[18] Phòng Cơ Điện,559,2025,Quyết định,Phòng Cơ điện,,2025-08-28,,Đang lưu hành,Nội bộ,Hướng dẫn vệ sinh máy dán nhãn chai 10.000 chai-h -Đông Mai,,,
"data/00. Văn bản Điều hành/[18] Phòng Cơ Điện/560.2025.QĐ-HCNS-Hướng dẫn vệ sinh hệ thống Tank men , bảo quản men -Đông Mai .28-08-2025.pdf",[18] Phòng Cơ Điện,560,2025,Quyết định,Phòng Cơ điện,,2025-08-28,,Đang lưu hành,Nội bộ,"Hướng dẫn vệ sinh hệ thống Tank men , bảo quản men -Đông Mai",,,
data/00. Văn bản Điều hành/[18] Phòng Cơ Điện/561.2025.QĐ-HCNS-Hướng dẫn vệ sinh máy đóng thùng 10.000 lon-H -Đông Mai .28-08-2025.pdf,[18] Phòng Cơ Điện,561,2025,Quyết định,Phòng Cơ điện,,2025-08-28,,Đang lưu hành,Nội bộ,Hướng dẫn vệ sinh máy đóng thùng 10.000 lon-H -Đông Mai,,,
data/00. Văn bản Điều hành/[18] Phòng Cơ Điện/562.2025.QĐ-HCNS-Hướng dẫn vệ sinh máy thanh trùng Lon 10.000 lon-H -Đông Mai .28-08-2025.pdf,[18] Phòng Cơ Điện,562,2025,Quyết định,Phòng Cơ điện,,2025-08-28,,Đang lưu hành,Nội bộ,Hướng dẫn vệ sinh máy thanh trùng Lon 10.000 lon-H -Đông Mai,,,
data/00. Văn bản Điều hành/[18] Phòng Cơ Điện/563.2025.QĐ-HCNS-Hướng dẫn vệ sinh máy chiết chai Lon 10.000 lon-H -Đông Mai .28-08-2025.pdf,[18] Phòng Cơ Điện,563,2025,Quyết định,Phòng Cơ điện,,2025-08-28,,Đang lưu hành,Nội bộ,Hướng dẫn vệ sinh máy chiết chai Lon 10.000 lon-H -Đông Mai,,,
data/00. Văn bản Điều hành/[18] Phòng Cơ Điện/564.2025.QĐ-HCNS-Hướng dẫn vệ sinh hệ thống chiết Keg 2L-Hạ Long.28-08-2025.docx,[18] Phòng Cơ Điện,564,2025,Quyết định,Phòng Cơ điện,,2025-08-28,,Đang lưu hành,Nội bộ,Hướng dẫn vệ sinh hệ thống chiết Keg 2L-Hạ Long,,,
data/00. Văn bản Điều hành/[18] Phòng Cơ Điện/564.2025.QĐ-HCNS-Hướng dẫn vệ sinh hệ thống chiết Keg 2L-Hạ Long.28-08-2025.pdf,[18] Phòng Cơ Điện,564,2025,Quyết định,Phòng Cơ điện,,2025-08-28,,Đang lưu hành,Nội bộ,Hướng dẫn vệ sinh hệ thống chiết Keg 2L-Hạ Long,,,
data/00. Văn bản Điều hành/[18] Phòng Cơ Điện/565.2025.QĐ-HCNS-Hướng dẫn vệ sinh hệ thống lò hơi-Đông Mai.28-08-2025.pdf,[18] Phòng Cơ Điện,565,2025,Quyết định,Phòng Cơ điện,,2025-08-28,,Đang lưu hành,Nội bộ,Hướng dẫn vệ sinh hệ thống lò hơi-Đông Mai,,,
data/00. Văn bản Điều hành/[18] Phòng Cơ Điện/566.2025.QĐ-HCNS-Hướng dẫn sử dụng phần mềm Braumat .28-08-2025.pdf,[18] Phòng Cơ Điện,566,2025,Quyết định,Phòng Cơ điện,,2025-08-28,,Đang lưu hành,Nội bộ,Hướng dẫn sử dụng phần mềm Braumat,,,
data/00. Văn bản Điều hành/[18] Phòng Cơ Điện/567.2025.QĐ-HCNS-Hướng dẫn vệ sinh hệ thống chiết Keg 30L KHS - Hạ Long .28-08-2025.docx,[18] Phòng Cơ Điện,567,2025,Quyết định,Phòng Cơ điện,,2025-08-28,,Đang lưu hành,Nội bộ,Hướng dẫn vệ sinh hệ thống chiết Keg 30L KHS - Hạ Long,,,
data/00. Văn bản Điều hành/[18] Phòng Cơ Điện/567.2025.QĐ-HCNS-Hướng dẫn vệ sinh hệ thống chiết Keg 30L KHS - Hạ Long .28-08-2025.pdf,[18] Phòng Cơ Điện,567,2025,Quyết định,Phòng Cơ điện,,2025-08-28,,Đang lưu hành,Nội bộ,Hướng dẫn vệ sinh hệ thống chiết Keg 30L KHS - Hạ Long,,,
data/00. Văn bản Điều hành/[18] Phòng Cơ Điện/568.2025.QĐ-HCNS-Hướng dẫn vệ sinh máy dỡ vở lon 10.000Lon-H - Đông Mai .28-08-2025.pdf,[18] Phòng Cơ Điện,568,2025,Quyết định,Phòng Cơ điện,,2025-08-28,,Đang lưu hành,Nội bộ,Hướng dẫn vệ sinh máy dỡ vở lon 10.000Lon-H - Đông Mai,,,
data/00. Văn bản Điều hành/[18] Phòng Cơ Điện/569.2025.QĐ-HCNS-Hướng dẫn vệ sinh máy dỡ chai 10.000Lon-H - Đông Mai .28-08-2025.pdf,[18] Phòng Cơ Điện,569,2025,Quyết định,Phòng Cơ điện,,2025-08-28,,Đang lưu hành,Nội bộ,Hướng dẫn vệ sinh máy dỡ chai 10.000Lon-H - Đông Mai,,,
data/00. Văn bản Điều hành/[18] Phòng Cơ Điện/570.2025.QĐ-HCNS-Hướng dẫn vệ sinh hệ thống chiết Keg 30L VN- Hạ Long .28-08-2025.docx,[18] Phòng Cơ Điện,570,2025,Quyết định,Phòng Cơ điện,,2025-08-28,,Đang lưu hành,Nội bộ,Hướng dẫn vệ sinh hệ thống chiết Keg 30L VN- Hạ Long,,,
data/00. Văn bản Điều hành/[18] Phòng Cơ Điện/570.2025.QĐ-HCNS-Hướng dẫn vệ sinh hệ thống chiết Keg 30L VN- Hạ Long .28-08-2025.pdf,[18] Phòng Cơ Điện,570,2025,Quyết định,Phòng Cơ điện,,2025-08-28,,Đang lưu hành,Nội bộ,Hướng dẫn vệ sinh hệ thống chiết Keg 30L VN- Hạ Long,,,
data/00. Văn bản Điều hành/[18] Phòng Cơ Điện/571.2025.QĐ-HCNS-Hướng dẫn vệ sinh máy chiết Lon 10.000 lon -H- Đông Mai .28-08-2025.pdf,[18] Phòng Cơ Điện,571,2025,Quyết định,Phòng Cơ điện,,2025-08-28,,Đang lưu hành,Nội bộ,Hướng dẫn vệ sinh máy chiết Lon 10.000 lon -H- Đông Mai,,,
data/00. Văn bản Điều hành/[18] Phòng Cơ Điện/572.2025.QĐ-HCNS-Hướng dẫn vệ sinh hệ thống băng tải chai 10.000 chai -H- Đông Mai .28-08-2025.pdf,[18] Phòng Cơ Điện,572,2025,Quyết định,Phòng Cơ điện,,2025-08-28,,Đang lưu hành,Nội bộ,Hướng dẫn vệ sinh hệ thống băng tải chai 10.000 chai -H- Đông Mai,,,
data/00. Văn bản Điều hành/[18] Phòng Cơ Điện/573.2025.QĐ-HCNS-Hướng dẫn vận hành hệ thống chiết đơn Keg 30L-Hạ Long .28-08-2025.docx,[18] Phòng Cơ Điện,573,2025,Quyết định,Phòng Cơ điện,,2025-08-28,,Đang lưu hành,Nội bộ,Hướng dẫn vận hành hệ thống chiết đơn Keg 30L-Hạ Long,,,
data/00. Văn bản Điều hành/[18] Phòng Cơ Điện/573.2025.QĐ-HCNS-Hướng dẫn vận hành hệ thống chiết đơn Keg 30L-Hạ Long .28-08-2025.pdf,[18] Phòng Cơ Điện,573,2025,Quyết định,Phòng Cơ điện,,2025-08-28,,Đang lưu hành,Nội bộ,Hướng dẫn vận hành hệ thống chiết đơn Keg 30L-Hạ Long,,,
data/00. Văn bản Điều hành/[18] Phòng Cơ Điện/574.2025.QĐ-HCNS-Hướng dẫn vệ sinh hệ thống máy nén khí  - Đông Mai .28-08-2025.pdf,[18] Phòng Cơ Điện,574,2025,Quyết định,Phòng Cơ điện,,2025-08-28,,Đang lưu hành,Nội bộ,Hướng dẫn vệ sinh hệ thống máy nén khí - Đông Mai,,,
data/00. Văn bản Điều hành/[18] Phòng Cơ Điện/575.2025.QĐ-HCNS-Hướng dẫn vệ sinh máy rửa chai 10.000 chai -H- Đông Mai .28-08-2025.pdf,[18] Phòng Cơ Điện,575,2025,Quyết định,Phòng Cơ điện,,2025-08-28,,Đang lưu hành,Nội bộ,Hướng dẫn vệ sinh máy rửa chai 10.000 chai -H- Đông Mai,,,
data/00. Văn bản Điều hành/[18] Phòng Cơ Điện/576.2025.QĐ-HCNS-Hướng dẫn vận hành chiết nạp CO2 - Hạ Long .28-08-2025.docx,[18] Phòng Cơ Điện,576,2025,Quyết định,Phòng Cơ điện,,2025-08-28,,Đang lưu hành,Nội bộ,Hướng dẫn vận hành chiết nạp CO2 - Hạ Long,,,
data/00. Văn bản Điều hành/[18] Phòng Cơ Điện/576.2025.QĐ-HCNS-Hướng dẫn vận hành chiết nạp CO2 - Hạ Long .28-08-2025.pdf,[18] Phòng Cơ Điện,576,2025,Quyết định,Phòng Cơ điện,,2025-08-28,,Đang lưu hành,Nội bộ,Hướng dẫn vận hành chiết nạp CO2 - Hạ Long,,,
data/00. Văn bản Điều hành/[18] Phòng Cơ Điện/577.2025.QĐ-HCNS-Hướng dẫn vệ sinh hệ thống xử lý nước thải- Đông Mai.28-08-2025.pdf,[18] Phòng Cơ Điện,577,2025,Quyết định,Phòng Cơ điện,,2025-08-28,,Đang lưu hành,Nội bộ,Hướng dẫn vệ sinh hệ thống xử lý nước thải- Đông Mai,,,
data/00. Văn bản Điều hành/[18] Phòng Cơ Điện/628.QĐ-HCNS-Hướng dẫn vận hành máy dán hộp lon 10.000 lon -giờ - Đông Mai .20-09-2025.pdf,[18] Phòng Cơ Điện,628,2025,Quyết định,Phòng Cơ điện,,2025-09-20,,Đang lưu hành,Nội bộ,Hướng dẫn vận hành máy dán hộp lon 10.000 lon -giờ - Đông Mai,,,
data/00. Văn bản Điều hành/[18] Phòng Cơ Điện/629.QĐ-HCNS-Hướng dẫn bảo trì máy chiết lon 30.000 lon-giờ-Đông Mai.20-09-2025.docx,[18] Phòng Cơ Điện,629,2025,Quyết định,Phòng Cơ điện,,2025-09-20,,Đang lưu hành,Nội bộ,Hướng dẫn bảo trì máy chiết lon 30.000 lon-giờ-Đông Mai,,,
data/00. Văn bản Điều hành/[18] Phòng Cơ Điện/629.QĐ-HCNS-Hướng dẫn bảo trì máy chiết lon 30.000 lon-giờ-Đông Mai.20-09-2025.pdf,[18] Phòng Cơ Điện,629,2025,Quyết định,Phòng Cơ điện,,2025-09-20,,Đang lưu hành,Nội bộ,Hướng dẫn bảo trì máy chiết lon 30.000 lon-giờ-Đông Mai,,,
data/00. Văn bản Điều hành/[18] Phòng Cơ Điện/630.QĐ-HCNS-Hướng dẫn bảo trì hệ thống máy nén khí - Đông Mai.20-09-2025.docx,[18] Phòng Cơ Điện,630,2025,Quyết định,Phòng Cơ điện,,2025-09-20,,Đang lưu hành,Nội bộ,Hướng dẫn bảo trì hệ thống máy nén khí - Đông Mai,,,
data/00. Văn bản Điều hành/[18] Phòng Cơ Điện/630.QĐ-HCNS-Hướng dẫn bảo trì hệ thống máy nén khí - Đông Mai.20-09-2025.pdf,[18] Phòng Cơ Điện,630,2025,Quyết định,Phòng Cơ điện,,2025-09-20,,Đang lưu hành,Nội bộ,Hướng dẫn bảo trì hệ thống máy nén khí - Đông Mai,,,
data/00. Văn bản Điều hành/[18] Phòng Cơ Điện/631.QĐ-HCNS-Hướng dẫn vệ sinh tank thành phẩm-Hạ Long .20-09-2025.docx,[18] Phòng Cơ Điện,631,2025,Quyết định,Phòng Cơ điện,,2025-09-20,,Đang lưu hành,Nội bộ,Hướng dẫn vệ sinh tank thành phẩm-Hạ Long,,,
data/00. Văn bản Điều hành/[18] Phòng Cơ Điện/631.QĐ-HCNS-Hướng dẫn vệ sinh tank thành phẩm-Hạ Long .20-09-2025.pdf,[18] Phòng Cơ Điện,631,2025,Quyết định,Phòng Cơ điện,,2025-09-20,,Đang lưu hành,Nội bộ,Hướng dẫn vệ sinh tank thành phẩm-Hạ Long,,,
data/00. Văn bản Điều hành/[18] Phòng Cơ Điện/633.QĐ-HCNS-Hướng dẫn vận hành hệ thống khí nén - Hạ Long. 20-09-2025.docx,[18] Phòng Cơ Điện,633,2025,Quyết định,Phòng Cơ điện,,2025-09-20,,Đang lưu hành,Nội bộ,Hướng dẫn vận hành hệ thống khí nén - Hạ Long,,,
data/00. Văn bản Điều hành/[18] Phòng Cơ Điện/633.QĐ-HCNS-Hướng dẫn vận hành hệ thống khí nén - Hạ Long. 20-09-2025.pdf,[18] Phòng Cơ Điện,633,2025,Quyết định,Phòng Cơ điện,,2025-09-20,,Đang lưu hành,Nội bộ,Hướng dẫn vận hành hệ thống khí nén - Hạ Long,,,
data/00. Văn bản Điều hành/[18] Phòng Cơ Điện/634.QĐ-HCNS-Hướng dẫn vệ sinh hệ thống xử lý nước cấp-Hạ Long .20-09-2025.docx,[18] Phòng Cơ Điện,634,2025,Quyết định,Phòng Cơ điện,,2025-09-20,,Đang lưu hành,Nội bộ,Hướng dẫn vệ sinh hệ thống xử lý nước cấp-Hạ Long,,,
data/00. Văn bản Điều hành/[18] Phòng Cơ Điện/634.QĐ-HCNS-Hướng dẫn vệ sinh hệ thống xử lý nước cấp-Hạ Long .20-09-2025.pdf,[18] Phòng Cơ Điện,634,2025,Quyết định,Phòng Cơ điện,,2025-09-20,,Đang lưu hành,Nội bộ,Hướng dẫn vệ sinh hệ thống xử lý nước cấp-Hạ Long,,,
data/00. Văn bản Điều hành/[18] Phòng Cơ Điện/635.QĐ-HCNS-Hướng dẫn công việc nhân viên  hệ thống xử lý nước cấp- Hạ Long.20-09-2025.pdf,[18] Phòng Cơ Điện,635,2025,Quyết định,Phòng Cơ điện,,2025-09-20,,Đang lưu hành,Nội bộ,Hướng dẫn công việc nhân viên hệ thống xử lý nước cấp- Hạ Long,,,
data/00. Văn bản Điều hành/[18] Phòng Cơ Điện/635.QĐ-HCNS-Hướng dẫn công việc nhân viên hệ thống xử lý nước cấp- Hạ Long.20-09-2025.docx,[18] Phòng Cơ Điện,635,2025,Quyết định,Phòng Cơ điện,,2025-09-20,,Đang lưu hành,Nội bộ,Hướng dẫn công việc nhân viên hệ thống xử lý nước cấp- Hạ Long,,,
data/00. Văn bản Điều hành/[18] Phòng Cơ Điện/636.QĐ-HCNS-Hướng dẫn vận hành hệ thống băng tải lon 30.000 Lon-H-Đông Mai.20-09-2025.docx,[18] Phòng Cơ Điện,636,2025,Quyết định,Phòng Cơ điện,,2025-09-20,,Đang lưu hành,Nội bộ,Hướng dẫn vận hành hệ thống băng tải lon 30.000 Lon-H-Đông Mai,,,
data/00. Văn bản Điều hành/[18] Phòng Cơ Điện/636.QĐ-HCNS-Hướng dẫn vận hành hệ thống băng tải lon 30.000 Lon-H-Đông Mai.20-09-2025.pdf,[18] Phòng Cơ Điện,636,2025,Quyết định,Phòng Cơ điện,,2025-09-20,,Đang lưu hành,Nội bộ,Hướng dẫn vận hành hệ thống băng tải lon 30.000 Lon-H-Đông Mai,,,
data/00. Văn bản Điều hành/[18] Phòng Cơ Điện/637.QĐ-HCNS-Hướng dẫn vệ sinh máy dỡ vỏ lon 30.000 Lon-H-Đông Mai .20-09-2025.docx,[18] Phòng Cơ Điện,637,2025,Quyết định,Phòng Cơ điện,,2025-09-20,,Đang lưu hành,Nội bộ,Hướng dẫn vệ sinh máy dỡ vỏ lon 30.000 Lon-H-Đông Mai,,,
data/00. Văn bản Điều hành/[18] Phòng Cơ Điện/637.QĐ-HCNS-Hướng dẫn vệ sinh máy dỡ vỏ lon 30.000 Lon-H-Đông Mai .20-09-2025.pdf,[18] Phòng Cơ Điện,637,2025,Quyết định,Phòng Cơ điện,,2025-09-20,,Đang lưu hành,Nội bộ,Hướng dẫn vệ sinh máy dỡ vỏ lon 30.000 Lon-H-Đông Mai,,,
data/00. Văn bản Điều hành/[18] Phòng Cơ Điện/638.QĐ-HCNS-Hướng dẫn vệ sinh máy checkmat lon 10.000 Lon-H-Đông Mai.20-09-2025.docx,[18] Phòng Cơ Điện,638,2025,Quyết định,Phòng Cơ điện,,2025-09-20,,Đang lưu hành,Nội bộ,Hướng dẫn vệ sinh máy checkmat lon 10.000 Lon-H-Đông Mai,,,
data/00. Văn bản Điều hành/[18] Phòng Cơ Điện/638.QĐ-HCNS-Hướng dẫn vệ sinh máy checkmat lon 10.000 Lon-H-Đông Mai.20-09-2025.pdf,[18] Phòng Cơ Điện,638,2025,Quyết định,Phòng Cơ điện,,2025-09-20,,Đang lưu hành,Nội bộ,Hướng dẫn vệ sinh máy checkmat lon 10.000 Lon-H-Đông Mai,,,
data/00. Văn bản Điều hành/[18] Phòng Cơ Điện/639.Q639.QĐ-HCNS-Hướng dẫn vận hành máy checkmat lon 10.000 Lon-H-Đông Mai.20-09-2025.docx,[18] Phòng Cơ Điện,639,2025,Quyết định,Phòng Cơ điện,,2025-09-20,,Đang lưu hành,Nội bộ,Hướng dẫn vận hành máy checkmat lon 10.000 Lon-H-Đông Mai,,,
data/00. Văn bản Điều hành/[18] Phòng Cơ Điện/639.Q639.QĐ-HCNS-Hướng dẫn vận hành máy checkmat lon 10.000 Lon-H-Đông Mai.20-09-2025.pdf,[18] Phòng Cơ Điện,639,2025,Quyết định,Phòng Cơ điện,,2025-09-20,,Đang lưu hành,Nội bộ,Hướng dẫn vận hành máy checkmat lon 10.000 Lon-H-Đông Mai,,,
data/00. Văn bản Điều hành/[18] Phòng Cơ Điện/640.QĐ-HCNS-Hướng dẫn công việc hệ thống xử lý nước thải - Đông Mai.20-09-2025.pdf,[18] Phòng Cơ Điện,640,2025,Quyết định,Phòng Cơ điện,,2025-09-20,,Đang lưu hành,Nội bộ,Hướng dẫn công việc hệ thống xử lý nước thải - Đông Mai,,,
data/00. Văn bản Điều hành/[18] Phòng Cơ Điện/641.QĐ-HCNS-Hướng dẫn vệ sinh hệ thống xử lý nước thải -Hạ Long.20-09-2025.docx,[18] Phòng Cơ Điện,641,2025,Quyết định,Phòng Cơ điện,,2025-09-20,,Đang lưu hành,Nội bộ,Hướng dẫn vệ sinh hệ thống xử lý nước thải -Hạ Long,,,
data/00. Văn bản Điều hành/[18] Phòng Cơ Điện/641.QĐ-HCNS-Hướng dẫn vệ sinh hệ thống xử lý nước thải -Hạ Long.20-09-2025.pdf,[18] Phòng Cơ Điện,641,2025,Quyết định,Phòng Cơ điện,,2025-09-20,,Đang lưu hành,Nội bộ,Hướng dẫn vệ sinh hệ thống xử lý nước thải -Hạ Long,,,
data/00. Văn bản Điều hành/[18] Phòng Cơ Điện/642.QĐ-HCNS-Hướng dẫn bảo trì hệ thống thu hồi CO2- Hạ Long .20-09-2025.docx,[18] Phòng Cơ Điện,642,2025,Quyết định,Phòng Cơ điện,,2025-09-20,,Đang lưu hành,Nội bộ,Hướng dẫn bảo trì hệ thống thu hồi CO2- Hạ Long,,,
data/00. Văn bản Điều hành/[18] Phòng Cơ Điện/642.QĐ-HCNS-Hướng dẫn bảo trì hệ thống thu hồi CO2- Hạ Long .20-09-2025.pdf,[18] Phòng Cơ Điện,642,2025,Quyết định,Phòng Cơ điện,,2025-09-20,,Đang lưu hành,Nội bộ,Hướng dẫn bảo trì hệ thống thu hồi CO2- Hạ Long,,,
data/00. Văn bản Điều hành/[18] Phòng Cơ Điện/643.QĐ-HCNS-Hướng dẫn vận hành hệ thống băng tải lon 10.000 Lon-H-Đông Mai.20-09-2025.docx,[18] Phòng Cơ Điện,643,2025,Quyết định,Phòng Cơ điện,,2025-09-20,,Đang lưu hành,Nội bộ,Hướng dẫn vận hành hệ thống băng tải lon 10.000 Lon-H-Đông Mai,,,
data/00. Văn bản Điều hành/[18] Phòng Cơ Điện/643.QĐ-HCNS-Hướng dẫn vận hành hệ thống băng tải lon 10.000 Lon-H-Đông Mai.20-09-2025.pdf,[18] Phòng Cơ Điện,643,2025,Quyết định,Phòng Cơ điện,,2025-09-20,,Đang lưu hành,Nội bộ,Hướng dẫn vận hành hệ thống băng tải lon 10.000 Lon-H-Đông Mai,,,
data/00. Văn bản Điều hành/[18] Phòng Cơ Điện/644.QĐ-HCNS-Hướng dẫn bảo trì motor điện .20-09-2025.pdf,[18] Phòng Cơ Điện,644,2025,Quyết định,Phòng Cơ điện,,2025-09-20,,Đang lưu hành,Nội bộ,Hướng dẫn bảo trì motor điện,,,
data/00. Văn bản Điều hành/[18] Phòng Cơ Điện/645.QĐ-HCNS-Hướng dẫn bảo trì hệ thống tank lên men - Hạ Long .20-09-2025.docx,[18] Phòng Cơ Điện,645,2025,Quyết định,Phòng Cơ điện,,2025-09-20,,Đang lưu hành,Nội bộ,Hướng dẫn bảo trì hệ thống tank lên men - Hạ Long,,,
data/00. Văn bản Điều hành/[18] Phòng Cơ Điện/645.QĐ-HCNS-Hướng dẫn bảo trì hệ thống tank lên men - Hạ Long .20-09-2025.pdf,[18] Phòng Cơ Điện,645,2025,Quyết định,Phòng Cơ điện,,2025-09-20,,Đang lưu hành,Nội bộ,Hướng dẫn bảo trì hệ thống tank lên men - Hạ Long,,,
data/00. Văn bản Điều hành/[18] Phòng Cơ Điện/646.QĐ-HCNS-Hướng dẫn bảo trì hệ thống thu hồi CO2 - Đông mai .20-09-2025.docx,[18] Phòng Cơ Điện,646,2025,Quyết định,Phòng Cơ điện,,2025-09-20,,Đang lưu hành,Nội bộ,Hướng dẫn bảo trì hệ thống thu hồi CO2 - Đông mai,,,
data/00. Văn bản Điều hành/[18] Phòng Cơ Điện/646.QĐ-HCNS-Hướng dẫn bảo trì hệ thống thu hồi CO2 - Đông mai .20-09-2025.pdf,[18] Phòng Cơ Điện,646,2025,Quyết định,Phòng Cơ điện,,2025-09-20,,Đang lưu hành,Nội bộ,Hướng dẫn bảo trì hệ thống thu hồi CO2 - Đông mai,,,
data/00. Văn bản Điều hành/[18] Phòng Cơ Điện/647.QĐ-HCNS-Hướng dẫn bảo trì hệ thống xử lý nước cấp - Đông mai .20-09-2025.docx,[18] Phòng Cơ Điện,647,2025,Quyết định,Phòng Cơ điện,,2025-09-20,,Đang lưu hành,Nội bộ,Hướng dẫn bảo trì hệ thống xử lý nước cấp - Đông mai,,,
data/00. Văn bản Điều hành/[18] Phòng Cơ Điện/647.QĐ-HCNS-Hướng dẫn bảo trì hệ thống xử lý nước cấp - Đông mai .20-09-2025.pdf,[18] Phòng Cơ Điện,647,2025,Quyết định,Phòng Cơ điện,,2025-09-20,,Đang lưu hành,Nội bộ,Hướng dẫn bảo trì hệ thống xử lý nước cấp - Đông mai,,,
data/00. Văn bản Điều hành/[18] Phòng Cơ Điện/648.QĐ-HCNS-Hướng dẫn bảo trì hệ thống lạnh- Đông mai.20-09-2025.docx,[18] Phòng Cơ Điện,648,2025,Quyết định,Phòng Cơ điện,,2025-09-20,,Đang lưu hành,Nội bộ,Hướng dẫn bảo trì hệ thống lạnh- Đông mai,,,
data/00. Văn bản Điều hành/[18] Phòng Cơ Điện/648.QĐ-HCNS-Hướng dẫn bảo trì hệ thống lạnh- Đông mai.20-09-2025.pdf,[18] Phòng Cơ Điện,648,2025,Quyết định,Phòng Cơ điện,,2025-09-20,,Đang lưu hành,Nội bộ,Hướng dẫn bảo trì hệ thống lạnh- Đông mai,,,
data/00. Văn bản Điều hành/[18] Phòng Cơ Điện/649.QĐ-HCNS-Hướng dẫn bảo trì phe- bộ trao đổi nhiệt dạng tấm.20-09-2025.docx,[18] Phòng Cơ Điện,649,2025,Quyết định,Phòng Cơ điện,,2025-09-20,,Đang lưu hành,Nội bộ,Hướng dẫn bảo trì phe- bộ trao đổi nhiệt dạng tấm,,,
data/00. Văn bản Điều hành/[18] Phòng Cơ Điện/649.QĐ-HCNS-Hướng dẫn bảo trì phe- bộ trao đổi nhiệt dạng tấm.20-09-2025.pdf,[18] Phòng Cơ Điện,649,2025,Quyết định,Phòng Cơ điện,,2025-09-20,,Đang lưu hành,Nội bộ,Hướng dẫn bảo trì phe- bộ trao đổi nhiệt dạng tấm,,,
data/00. Văn bản Điều hành/[18] Phòng Cơ Điện/650.QĐ-HCNS-Hướng dẫn bảo trì máy nén CO2.20-09-2025.docx,[18] Phòng Cơ Điện,650,2025,Quyết định,Phòng Cơ điện,,2025-09-20,,Đang lưu hành,Nội bộ,Hướng dẫn bảo trì máy nén CO2,,,
data/00. Văn bản Điều hành/[18] Phòng Cơ Điện/650.QĐ-HCNS-Hướng dẫn bảo trì máy nén CO2.20-09-2025.pdf,[18] Phòng Cơ Điện,650,2025,Quyết định,Phòng Cơ điện,,2025-09-20,,Đang lưu hành,Nội bộ,Hướng dẫn bảo trì máy nén CO2,,,
data/00. Văn bản Điều hành/[18] Phòng Cơ Điện/651.QĐ-HCNS-Hướng dẫn vận hành máy thanh trùng lon 10.000 Lon- H.20-09-2025.pdf,[18] Phòng Cơ Điện,651,2025,Quyết định,Phòng Cơ điện,,2025-09-20,,Đang lưu hành,Nội bộ,Hướng dẫn vận hành máy thanh trùng lon 10.000 Lon- H,,,
data/00. Văn bản Điều hành/[18] Phòng Cơ Điện/651.QĐ-HCNS-Hướng dẫn vận hành máy thanh trùng lon 10.000 Lon- H.20-09-2025_1.pdf,[18] Phòng Cơ Điện,651,2025,Quyết định,Phòng Cơ điện,,2025-09-20,,Đang lưu hành,Nội bộ,Hướng dẫn vận hành máy thanh trùng lon 10.000 Lon- H,,,
data/00. Văn bản Điều hành/[18] Phòng Cơ Điện/652.QĐ-HCNS-Hướng dẫn vệ sinh hệ thống lọc trong bia KHS - Đông Mai .20-09-2025.docx,[18] Phòng Cơ Điện,652,2025,Quyết định,Phòng Cơ điện,,2025-09-20,,Đang lưu hành,Nội bộ,Hướng dẫn vệ sinh hệ thống lọc trong bia KHS - Đông Mai,,,
data/00. Văn bản Điều hành/[18] Phòng Cơ Điện/652.QĐ-HCNS-Hướng dẫn vệ sinh hệ thống lọc trong bia KHS - Đông Mai .20-09-2025.pdf,[18] Phòng Cơ Điện,652,2025,Quyết định,Phòng Cơ điện,,2025-09-20,,Đang lưu hành,Nội bộ,Hướng dẫn vệ sinh hệ thống lọc trong bia KHS - Đông Mai,,,
data/00. Văn bản Điều hành/[18] Phòng Cơ Điện/653.QĐ-HCNS-Hướng dẫn vệ sinh máy chiết lon 30.000Lon-H-Đông Mai.20-09-2025.docx,[18] Phòng Cơ Điện,653,2025,Quyết định,Phòng Cơ điện,,2025-09-20,,Đang lưu hành,Nội bộ,Hướng dẫn vệ sinh máy chiết lon 30.000Lon-H-Đông Mai,,,
data/00. Văn bản Điều hành/[18] Phòng Cơ Điện/653.QĐ-HCNS-Hướng dẫn vệ sinh máy chiết lon 30.000Lon-H-Đông Mai.20-09-2025.pdf,[18] Phòng Cơ Điện,653,2025,Quyết định,Phòng Cơ điện,,2025-09-20,,Đang lưu hành,Nội bộ,Hướng dẫn vệ sinh máy chiết lon 30.000Lon-H-Đông Mai,,,
data/00. Văn bản Điều hành/[18] Phòng Cơ Điện/654.QĐ-HCNS-Hướng dẫn vệ sinh máy đóng thùng lon 30.000Lon-H-Đông Mai.20-09-2025.docx,[18] Phòng Cơ Điện,654,2025,Quyết định,Phòng Cơ điện,,2025-09-20,,Đang lưu hành,Nội bộ,Hướng dẫn vệ sinh máy đóng thùng lon 30.000Lon-H-Đông Mai,,,
data/00. Văn bản Điều hành/[18] Phòng Cơ Điện/654.QĐ-HCNS-Hướng dẫn vệ sinh máy đóng thùng lon 30.000Lon-H-Đông Mai.20-09-2025.pdf,[18] Phòng Cơ Điện,654,2025,Quyết định,Phòng Cơ điện,,2025-09-20,,Đang lưu hành,Nội bộ,Hướng dẫn vệ sinh máy đóng thùng lon 30.000Lon-H-Đông Mai,,,
"data/00. Văn bản Điều hành/[18] Phòng Cơ Điện/655.QĐ-HCNS-Hướng dẫn vệ sinh hệ thống xay nghiền , nấu bia - Đông Mai .20-09-2025.docx",[18] Phòng Cơ Điện,655,2025,Quyết định,Phòng Cơ điện,,2025-09-20,,Đang lưu hành,Nội bộ,"Hướng dẫn vệ sinh hệ thống xay nghiền , nấu bia - Đông Mai",,,
"data/00. Văn bản Điều hành/[18] Phòng Cơ Điện/655.QĐ-HCNS-Hướng dẫn vệ sinh hệ thống xay nghiền , nấu bia - Đông Mai .20-09-2025.pdf",[18] Phòng Cơ Điện,655,2025,Quyết định,Phòng Cơ điện,,2025-09-20,,Đang lưu hành,Nội bộ,"Hướng dẫn vệ sinh hệ thống xay nghiền , nấu bia - Đông Mai",,,
data/00. Văn bản Điều hành/[18] Phòng Cơ Điện/656.QĐ-HCNS-Hướng dẫn vận hành hệ thống xử lý nước thải - Đông Mai .20-09-2025.docx,[18] Phòng Cơ Điện,656,2025,Quyết định,Phòng Cơ điện,,2025-09-20,,Đang lưu hành,Nội bộ,Hướng dẫn vận hành hệ thống xử lý nước thải - Đông Mai,,,
data/00. Văn bản Điều hành/[18] Phòng Cơ Điện/656.QĐ-HCNS-Hướng dẫn vận hành hệ thống xử lý nước thải - Đông Mai .20-09-2025.pdf,[18] Phòng Cơ Điện,656,2025,Quyết định,Phòng Cơ điện,,2025-09-20,,Đang lưu hành,Nội bộ,Hướng dẫn vận hành hệ thống xử lý nước thải - Đông Mai,,,
"data/00. Văn bản Điều hành/[18] Phòng Cơ Điện/657.QĐ-HCNS-Hướng dẫn vệ sinh tank men , tank thành phẩm - Đông Mai.20-09-2025.docx",[18] Phòng Cơ Điện,657,2025,Quyết định,Phòng Cơ điện,,2025-09-20,,Đang lưu hành,Nội bộ,"Hướng dẫn vệ sinh tank men , tank thành phẩm - Đông Mai",,,
"data/00. Văn bản Điều hành/[18] Phòng Cơ Điện/657.QĐ-HCNS-Hướng dẫn vệ sinh tank men , tank thành phẩm - Đông Mai.20-09-2025.pdf",[18] Phòng Cơ Điện,657,2025,Quyết định,Phòng Cơ điện,,2025-09-20,,Đang lưu hành,Nội bộ,"Hướng dẫn vệ sinh tank men , tank thành phẩm - Đông Mai",,,
data/00. Văn bản Điều hành/[18] Phòng Cơ Điện/658.QĐ-HCNS-Hướng dẫn vệ sinh thanh trùng lon 30.000Lon-H-Đông Mai.20-09-2025.docx,[18] Phòng Cơ Điện,658,2025,Quyết định,Phòng Cơ điện,,2025-09-20,,Đang lưu hành,Nội bộ,Hướng dẫn vệ sinh thanh trùng lon 30.000Lon-H-Đông Mai,,,
data/00. Văn bản Điều hành/[18] Phòng Cơ Điện/658.QĐ-HCNS-Hướng dẫn vệ sinh thanh trùng lon 30.000Lon-H-Đông Mai.20-09-2025.pdf,[18] Phòng Cơ Điện,658,2025,Quyết định,Phòng Cơ điện,,2025-09-20,,Đang lưu hành,Nội bộ,Hướng dẫn vệ sinh thanh trùng lon 30.000Lon-H-Đông Mai,,,
data/00. Văn bản Điều hành/[18] Phòng Cơ Điện/659.QĐ-HCNS-Hướng dẫn vệ sinh hệ thống băng tải lon 30.000Lon-H-Đông Mai.20-09-2025.docx,[18] Phòng Cơ Điện,659,2025,Quyết định,Phòng Cơ điện,,2025-09-20,,Đang lưu hành,Nội bộ,Hướng dẫn vệ sinh hệ thống băng tải lon 30.000Lon-H-Đông Mai,,,
data/00. Văn bản Điều hành/[18] Phòng Cơ Điện/659.QĐ-HCNS-Hướng dẫn vệ sinh hệ thống băng tải lon 30.000Lon-H-Đông Mai.20-09-2025.pdf,[18] Phòng Cơ Điện,659,2025,Quyết định,Phòng Cơ điện,,2025-09-20,,Đang lưu hành,Nội bộ,Hướng dẫn vệ sinh hệ thống băng tải lon 30.000Lon-H-Đông Mai,,,
data/00. Văn bản Điều hành/[18] Phòng Cơ Điện/660.QĐ-HCNS-Hướng dẫn vệ sinh máy xếp thùng lon 30.000Lon-H-Đông Maii.20-09-2025.docx,[18] Phòng Cơ Điện,660,2025,Quyết định,Phòng Cơ điện,,2025-09-20,,Đang lưu hành,Nội bộ,Hướng dẫn vệ sinh máy xếp thùng lon 30.000Lon-H-Đông Maii,,,
data/00. Văn bản Điều hành/[18] Phòng Cơ Điện/660.QĐ-HCNS-Hướng dẫn vệ sinh máy xếp thùng lon 30.000Lon-H-Đông Maii.20-09-2025.pdf,[18] Phòng Cơ Điện,660,2025,Quyết định,Phòng Cơ điện,,2025-09-20,,Đang lưu hành,Nội bộ,Hướng dẫn vệ sinh máy xếp thùng lon 30.000Lon-H-Đông Maii,,,
data/00. Văn bản Điều hành/[18] Phòng Cơ Điện/661.QĐ-HCNS-Hướng dẫn vận hành hệ thống xử lý nước cấp-Hạ Long.20-09-2025.docx,[18] Phòng Cơ Điện,661,2025,Quyết định,Phòng Cơ điện,,2025-09-20,,Đang lưu hành,Nội bộ,Hướng dẫn vận hành hệ thống xử lý nước cấp-Hạ Long,,,
data/00. Văn bản Điều hành/[18] Phòng Cơ Điện/661.QĐ-HCNS-Hướng dẫn vận hành hệ thống xử lý nước cấp-Hạ Long.20-09-2025.pdf,[18] Phòng Cơ Điện,661,2025,Quyết định,Phòng Cơ điện,,2025-09-20,,Đang lưu hành,Nội bộ,Hướng dẫn vận hành hệ thống xử lý nước cấp-Hạ Long,,,
data/00. Văn bản Điều hành/[18] Phòng Cơ Điện/662.QĐ-HCNS-Hướng dẫn bảo trì máy nén lạnh Mycom .20-09-2025.docx,[18] Phòng Cơ Điện,662,2025,Quyết định,Phòng Cơ điện,,2025-09-20,,Đang lưu hành,Nội bộ,Hướng dẫn bảo trì máy nén lạnh Mycom,,,
data/00. Văn bản Điều hành/[18] Phòng Cơ Điện/662.QĐ-HCNS-Hướng dẫn bảo trì máy nén lạnh Mycom .20-09-2025.pdf,[18] Phòng Cơ Điện,662,2025,Quyết định,Phòng Cơ điện,,2025-09-20,,Đang lưu hành,Nội bộ,Hướng dẫn bảo trì máy nén lạnh Mycom,,,
data/00. Văn bản Điều hành/[18] Phòng Cơ Điện/663.QĐ-HCNS-Hướng dẫn bảo trì tank thành phẩm - Đông Mai.20-09-2025.pdf,[18] Phòng Cơ Điện,663,2025,Quyết định,Phòng Cơ điện,,2025-09-20,,Đang lưu hành,Nội bộ,Hướng dẫn bảo trì tank thành phẩm - Đông Mai,,,
data/00. Văn bản Điều hành/[18] Phòng Cơ Điện/664.QĐ-HCNS-Hướng dẫn bảo trì hộp số.20-09-2025.docx,[18] Phòng Cơ Điện,664,2025,Quyết định,Phòng Cơ điện,,2025-09-20,,Đang lưu hành,Nội bộ,Hướng dẫn bảo trì hộp số,,,
data/00. Văn bản Điều hành/[18] Phòng Cơ Điện/664.QĐ-HCNS-Hướng dẫn bảo trì hộp số.20-09-2025.pdf,[18] Phòng Cơ Điện,664,2025,Quyết định,Phòng Cơ điện,,2025-09-20,,Đang lưu hành,Nội bộ,Hướng dẫn bảo trì hộp số,,,
data/00. Văn bản Điều hành/[18] Phòng Cơ Điện/665.QĐ-HCNS-Hướng dẫn bảo trì bơm .20-09-2025.docx,[18] Phòng Cơ Điện,665,2025,Quyết định,Phòng Cơ điện,,2025-09-20,,Đang lưu hành,Nội bộ,Hướng dẫn bảo trì bơm,,,
data/00. Văn bản Điều hành/[18] Phòng Cơ Điện/665.QĐ-HCNS-Hướng dẫn bảo trì bơm .20-09-2025.pdf,[18] Phòng Cơ Điện,665,2025,Quyết định,Phòng Cơ điện,,2025-09-20,,Đang lưu hành,Nội bộ,Hướng dẫn bảo trì bơm,,,
data/00. Văn bản Điều hành/[18] Phòng Cơ Điện/666.QĐ-HCNS-Hướng dẫn bảo trì van.20-09-2025.docx,[18] Phòng Cơ Điện,666,2025,Quyết định,Phòng Cơ điện,,2025-09-20,,Đang lưu hành,Nội bộ,Hướng dẫn bảo trì van,,,
data/00. Văn bản Điều hành/[18] Phòng Cơ Điện/666.QĐ-HCNS-Hướng dẫn bảo trì van.20-09-2025.pdf,[18] Phòng Cơ Điện,666,2025,Quyết định,Phòng Cơ điện,,2025-09-20,,Đang lưu hành,Nội bộ,Hướng dẫn bảo trì van,,,
data/00. Văn bản Điều hành/[18] Phòng Cơ Điện/667.QĐ-HCNS-Hướng dẫn bảo trì hệ thống cấp phát điện- Hạ Long .20-09-2025.docx,[18] Phòng Cơ Điện,667,2025,Quyết định,Phòng Cơ điện,,2025-09-20,,Đang lưu hành,Nội bộ,Hướng dẫn bảo trì hệ thống cấp phát điện- Hạ Long,,,
data/00. Văn bản Điều hành/[18] Phòng Cơ Điện/667.QĐ-HCNS-Hướng dẫn bảo trì hệ thống cấp phát điện- Hạ Long .20-09-2025.pdf,[18] Phòng Cơ Điện,667,2025,Quyết định,Phòng Cơ điện,,2025-09-20,,Đang lưu hành,Nội bộ,Hướng dẫn bảo trì hệ thống cấp phát điện- Hạ Long,,,
data/00. Văn bản Điều hành/[18] Phòng Cơ Điện/668.QĐ-HCNS-Hướng dẫn bảo trì xi lanh ( cylinder) .20-09-2025.docx,[18] Phòng Cơ Điện,668,2025,Quyết định,Phòng Cơ điện,,2025-09-20,,Đang lưu hành,Nội bộ,Hướng dẫn bảo trì xi lanh ( cylinder),,,
data/00. Văn bản Điều hành/[18] Phòng Cơ Điện/668.QĐ-HCNS-Hướng dẫn bảo trì xi lanh ( cylinder) .20-09-2025.pdf,[18] Phòng Cơ Điện,668,2025,Quyết định,Phòng Cơ điện,,2025-09-20,,Đang lưu hành,Nội bộ,Hướng dẫn bảo trì xi lanh ( cylinder),,,
data/00. Văn bản Điều hành/[18] Phòng Cơ Điện/669.QĐ-HCNS-Hướng dẫn bảo trì hệ thống xử lý nước cấp - Hạ Long.20-09-2025.docx,[18] Phòng Cơ Điện,669,2025,Quyết định,Phòng Cơ điện,,2025-09-20,,Đang lưu hành,Nội bộ,Hướng dẫn bảo trì hệ thống xử lý nước cấp - Hạ Long,,,
data/00. Văn bản Điều hành/[18] Phòng Cơ Điện/669.QĐ-HCNS-Hướng dẫn bảo trì hệ thống xử lý nước cấp - Hạ Long.20-09-2025.pdf,[18] Phòng Cơ Điện,669,2025,Quyết định,Phòng Cơ điện,,2025-09-20,,Đang lưu hành,Nội bộ,Hướng dẫn bảo trì hệ thống xử lý nước cấp - Hạ Long,,,
data/00. Văn bản Điều hành/[18] Phòng Cơ Điện/670.QĐ-HCNS-Hướng dẫn bảo trì hệ thống máy nén khí - Hạ Long .20-09-2025.docx,[18] Phòng Cơ Điện,670,2025,Quyết định,Phòng Cơ điện,,2025-09-20,,Đang lưu hành,Nội bộ,Hướng dẫn bảo trì hệ thống máy nén khí - Hạ Long,,,
data/00. Văn bản Điều hành/[18] Phòng Cơ Điện/670.QĐ-HCNS-Hướng dẫn bảo trì hệ thống máy nén khí - Hạ Long .20-09-2025.pdf,[18] Phòng Cơ Điện,670,2025,Quyết định,Phòng Cơ điện,,2025-09-20,,Đang lưu hành,Nội bộ,Hướng dẫn bảo trì hệ thống máy nén khí - Hạ Long,,,
data/00. Văn bản Điều hành/[18] Phòng Cơ Điện/671.QĐ-HCNS-Hướng dẫn bảo trì hệ thống lạnh - Hạ Long .20-09-2025.docx,[18] Phòng Cơ Điện,671,2025,Quyết định,Phòng Cơ điện,,2025-09-20,,Đang lưu hành,Nội bộ,Hướng dẫn bảo trì hệ thống lạnh - Hạ Long,,,
data/00. Văn bản Điều hành/[18] Phòng Cơ Điện/671.QĐ-HCNS-Hướng dẫn bảo trì hệ thống lạnh - Hạ Long .20-09-2025.pdf,[18] Phòng Cơ Điện,671,2025,Quyết định,Phòng Cơ điện,,2025-09-20,,Đang lưu hành,Nội bộ,Hướng dẫn bảo trì hệ thống lạnh - Hạ Long,,,
data/00. Văn bản Điều hành/[18] Phòng Cơ Điện/672.QĐ-HCNS-Hướng dẫn bảo trì hệ thống nấu bia - Hạ Long .20-09-2025.docx,[18] Phòng Cơ Điện,672,2025,Quyết định,Phòng Cơ điện,,2025-09-20,,Đang lưu hành,Nội bộ,Hướng dẫn bảo trì hệ thống nấu bia - Hạ Long,,,
data/00. Văn bản Điều hành/[18] Phòng Cơ Điện/672.QĐ-HCNS-Hướng dẫn bảo trì hệ thống nấu bia - Hạ Long .20-09-2025.pdf,[18] Phòng Cơ Điện,672,2025,Quyết định,Phòng Cơ điện,,2025-09-20,,Đang lưu hành,Nội bộ,Hướng dẫn bảo trì hệ thống nấu bia - Hạ Long,,,
data/00. Văn bản Điều hành/[18] Phòng Cơ Điện/673.QĐ-HCNS-Hướng dẫn bảo trì hệ thống lò hơi - Hạ Long .20-09-2025.docx,[18] Phòng Cơ Điện,673,2025,Quyết định,Phòng Cơ điện,,2025-09-20,,Đang lưu hành,Nội bộ,Hướng dẫn bảo trì hệ thống lò hơi - Hạ Long,,,
data/00. Văn bản Điều hành/[18] Phòng Cơ Điện/673.QĐ-HCNS-Hướng dẫn bảo trì hệ thống lò hơi - Hạ Long .20-09-2025.pdf,[18] Phòng Cơ Điện,673,2025,Quyết định,Phòng Cơ điện,,2025-09-20,,Đang lưu hành,Nội bộ,Hướng dẫn bảo trì hệ thống lò hơi - Hạ Long,,,
data/00. Văn bản Điều hành/[18] Phòng Cơ Điện/674.QĐ-HCNS-Hướng dẫn bảo trì hệ thống xử lý nước thải-Hạ Long. 20-09-2025.docx,[18] Phòng Cơ Điện,674,2025,Quyết định,Phòng Cơ điện,,2025-09-20,,Đang lưu hành,Nội bộ,Hướng dẫn bảo trì hệ thống xử lý nước thải-Hạ Long,,,
data/00. Văn bản Điều hành/[18] Phòng Cơ Điện/674.QĐ-HCNS-Hướng dẫn bảo trì hệ thống xử lý nước thải-Hạ Long. 20-09-2025.pdf,[18] Phòng Cơ Điện,674,2025,Quyết định,Phòng Cơ điện,,2025-09-20,,Đang lưu hành,Nội bộ,Hướng dẫn bảo trì hệ thống xử lý nước thải-Hạ Long,,,
data/00. Văn bản Điều hành/[18] Phòng Cơ Điện/675.QĐ-HCNS-Hướng dẫn bảo trì hệ thống cấp phát điện- Đông Mai.20-09-2025.docx,[18] Phòng Cơ Điện,675,2025,Quyết định,Phòng Cơ điện,,2025-09-20,,Đang lưu hành,Nội bộ,Hướng dẫn bảo trì hệ thống cấp phát điện- Đông Mai,,,
data/00. Văn bản Điều hành/[18] Phòng Cơ Điện/675.QĐ-HCNS-Hướng dẫn bảo trì hệ thống cấp phát điện- Đông Mai.20-09-2025.pdf,[18] Phòng Cơ Điện,675,2025,Quyết định,Phòng Cơ điện,,2025-09-20,,Đang lưu hành,Nội bộ,Hướng dẫn bảo trì hệ thống cấp phát điện- Đông Mai,,,
data/00. Văn bản Điều hành/[18] Phòng Cơ Điện/676.QĐ-HCNS-Hướng dẫn bảo trì hệ thống lò hơi- Đông Mai.20-09-2025.docx,[18] Phòng Cơ Điện,676,2025,Quyết định,Phòng Cơ điện,,2025-09-20,,Đang lưu hành,Nội bộ,Hướng dẫn bảo trì hệ thống lò hơi- Đông Mai,,,
data/00. Văn bản Điều hành/[18] Phòng Cơ Điện/676.QĐ-HCNS-Hướng dẫn bảo trì hệ thống lò hơi- Đông Mai.20-09-2025.pdf,[18] Phòng Cơ Điện,676,2025,Quyết định,Phòng Cơ điện,,2025-09-20,,Đang lưu hành,Nội bộ,Hướng dẫn bảo trì hệ thống lò hơi- Đông Mai,,,
data/00. Văn bản Điều hành/[18] Phòng Cơ Điện/677.QĐ-HCNS-Hướng dẫn bảo trì tank men- Đông Mai .20-09-2025.docx,[18] Phòng Cơ Điện,677,2025,Quyết định,Phòng Cơ điện,,2025-09-20,,Đang lưu hành,Nội bộ,Hướng dẫn bảo trì tank men- Đông Mai,,,
data/00. Văn bản Điều hành/[18] Phòng Cơ Điện/677.QĐ-HCNS-Hướng dẫn bảo trì tank men- Đông Mai .20-09-2025.pdf,[18] Phòng Cơ Điện,677,2025,Quyết định,Phòng Cơ điện,,2025-09-20,,Đang lưu hành,Nội bộ,Hướng dẫn bảo trì tank men- Đông Mai,,,
data/00. Văn bản Điều hành/[18] Phòng Cơ Điện/678.QĐ-HCNS-Hướng dẫn bảo trì hệ thống lọc - Hạ Long .20-09-2025.pdf,[18] Phòng Cơ Điện,678,2025,Quyết định,Phòng Cơ điện,,2025-09-20,,Đang lưu hành,Nội bộ,Hướng dẫn bảo trì hệ thống lọc - Hạ Long,,,
data/00. Văn bản Điều hành/[18] Phòng Cơ Điện/808.QĐ-BHL-Thay đổi sơ đồ tổ chức Phòng Cơ điện.23-10-2024.pdf,[18] Phòng Cơ Điện,808,2024,Quyết định,Phòng Cơ điện,,2024-10-23,,Đang lưu hành,Nội bộ,808.QĐ-BHL-Thay đổi sơ đồ tổ chức Phòng Cơ điện.23-10-2024,,,
data/00. Văn bản Điều hành/[18] Phòng Cơ Điện/85.2025.QĐ-HCNS-Quy trình cấp phép làm việc an toàn số 21-02-2025.docx,[18] Phòng Cơ Điện,85,2025,Quyết định,Phòng Cơ điện,,2025-02-21,,Đang lưu hành,Nội bộ,Quy trình cấp phép làm việc an toàn số,,,
data/00. Văn bản Điều hành/[18] Phòng Cơ Điện/85.2025.QĐ-HCNS-Quy trình cấp phép làm việc an toàn số 21-02-2025.pdf,[18] Phòng Cơ Điện,85,2025,Quyết định,Phòng Cơ điện,,2025-02-21,,Đang lưu hành,Nội bộ,Quy trình cấp phép làm việc an toàn số,,,
data/00. Văn bản Điều hành/[19] Kênh Phân Phối/47.QĐ-HCNS-Quy định về chức năng nhiệm vụ và vị trí nhân viên bán hàng kênh phân phối.02-1-2024.docx,[19] Kênh Phân Phối,47,2024,Quyết định,Kênh Phân phối,,2024-01-02,,Đang lưu hành,Nội bộ,Quy định về chức năng nhiệm vụ và vị trí nhân viên bán hàng kênh phân phối,,,
data/00. Văn bản Điều hành/[19] Kênh Phân Phối/47.QĐ-HCNS-Quy định về chức năng nhiệm vụ và vị trí nhân viên bán hàng kênh phân phối.02-1-2024.pdf,[19] Kênh Phân Phối,47,2024,Quyết định,Kênh Phân phối,,2024-01-02,,Đang lưu hành,Nội bộ,Quy định về chức năng nhiệm vụ và vị trí nhân viên bán hàng kênh phân phối,,,
data/00. Văn bản Điều hành/[19] Kênh Phân Phối/62.2026.QĐ-HCNS-Tạm thời đình chỉ công việc đối với ông Nguyễn Xuân Đông GSBH khu vực HN3.13-01-2026.pdf,[19] Kênh Phân Phối,62,2026,Quyết định,Kênh Phân phối,,2026-01-13,,Đang lưu hành,Nội bộ,Tạm thời đình chỉ công việc đối với ông Nguyễn Xuân Đông GSBH khu vực HN3,,,
data/00. Văn bản Điều hành/[19] Kênh Phân Phối/63.2026-QĐ-HCNS-Tạm thời đình chỉ công việc đối với ông Vương Anh Tuấn GSBH khu vực HN2.13-01-2026.pdf,[19] Kênh Phân Phối,63,2026,Quyết định,Kênh Phân phối,,2026-01-13,,Đang lưu hành,Nội bộ,Tạm thời đình chỉ công việc đối với ông Vương Anh Tuấn GSBH khu vực HN2,,,
data/00. Văn bản Điều hành/[19] Kênh Phân Phối/64.2026.QĐ-HCNS-Miễn nhiệm vị trí ASM- Vùng Duyên hải - Kênh phân phối.13-01-2026.pdf,[19] Kênh Phân Phối,64,2026,Quyết định,Kênh Phân phối,,2026-01-13,,Đang lưu hành,Nội bộ,Miễn nhiệm vị trí ASM- Vùng Duyên hải - Kênh phân phối,,,
data/00. Văn bản Điều hành/[19] Kênh Phân Phối/65.2026.QĐ-HCNS-Phân công công việc đối với ông Vũ Huy Hoàng .13-01-2026.pdf,[19] Kênh Phân Phối,65,2026,Quyết định,Kênh Phân phối,,2026-01-13,,Đang lưu hành,Nội bộ,Phân công công việc đối với ông Vũ Huy Hoàng,,,
data/00. Văn bản Điều hành/[19] Kênh Phân Phối/819.QĐ-HCNS-Hợp đồng phân phối năm 2026.02-12-2025.pdf,[19] Kênh Phân Phối,819,2025,Quyết định,Kênh Phân phối,,2025-12-02,,Đang lưu hành,Nội bộ,Hợp đồng phân phối năm 2026,,,
"data/00. Văn bản Điều hành/[19] Kênh Phân Phối/820.QĐ-BHL.Mô tả công việc cho CBNV -Kênh Phân phối ASM, GS ,NVBH.31-10-2024.pdf",[19] Kênh Phân Phối,820,2024,Quyết định,Kênh Phân phối,,2024-10-31,,Đang lưu hành,Nội bộ,"820.QĐ-BHL.Mô tả công việc cho CBNV -Kênh Phân phối ASM, GS ,NVBH.31-10-2024",,,
data/00. Văn bản Điều hành/[22] Trung Tâm Điều Hành/05.QĐ-HCNS-Bổ nhiệm nhân sự- bà Hoàng Thúy Giang.01-01-2025.pdf,[22] Trung Tâm Điều Hành,05,2025,Quyết định,Trung tâm Điều hành,,2025-01-01,,Đang lưu hành,Nội bộ,Bổ nhiệm nhân sự- bà Hoàng Thúy Giang,,,
data/00. Văn bản Điều hành/[22] Trung Tâm Điều Hành/151.2026-QĐ-HCNS-Miễn nhiệm vị trí Quản lý điều hành vận tải .29-01-2026.pdf,[22] Trung Tâm Điều Hành,151,2026,Quyết định,Trung tâm Điều hành,,2026-01-29,,Đang lưu hành,Nội bộ,Miễn nhiệm vị trí Quản lý điều hành vận tải,,,
data/00. Văn bản Điều hành/[22] Trung Tâm Điều Hành/152.2026-QĐ-HCNS -Bổ nhiệm vị trí Quản lý điều hành vận tải.29-01-2026.pdf,[22] Trung Tâm Điều Hành,152,2026,Quyết định,Trung tâm Điều hành,,2026-01-29,,Đang lưu hành,Nội bộ,Bổ nhiệm vị trí Quản lý điều hành vận tải,,,
"data/00. Văn bản Điều hành/[22] Trung Tâm Điều Hành/159.2026.TB-HCNS-Nhắc nhở nội bộ đối với các cá nhân liên quan đến công tác quản lý kho , xuất kho và thông tin sản phẩm.30-01-2026.pdf",[22] Trung Tâm Điều Hành,159,2026,Thông báo,Trung tâm Điều hành,,2026-01-30,,Đang lưu hành,Nội bộ,"Nhắc nhở nội bộ đối với các cá nhân liên quan đến công tác quản lý kho , xuất kho và thông tin sản phẩm",,,
data/00. Văn bản Điều hành/[22] Trung Tâm Điều Hành/168.2025.QĐ-HCNS-Hướng dẫn xử lý tai nạn giao thông trên đường vận chuyển .24-3-2025.docx,[22] Trung Tâm Điều Hành,168,2025,Quyết định,Trung tâm Điều hành,,2025-03-24,,Đang lưu hành,Nội bộ,Hướng dẫn xử lý tai nạn giao thông trên đường vận chuyển,,,
data/00. Văn bản Điều hành/[22] Trung Tâm Điều Hành/168.2025.QĐ-HCNS-Hướng dẫn xử lý tai nạn giao thông trên đường vận chuyển .24-3-2025.pdf,[22] Trung Tâm Điều Hành,168,2025,Quyết định,Trung tâm Điều hành,,2025-03-24,,Đang lưu hành,Nội bộ,Hướng dẫn xử lý tai nạn giao thông trên đường vận chuyển,,,
data/00. Văn bản Điều hành/[22] Trung Tâm Điều Hành/18.2026.QĐ-HCNS-Điều chuyển nhân sự - Lê Thị Thùy Dung .01-01-2026.pdf,[22] Trung Tâm Điều Hành,18,2026,Quyết định,Trung tâm Điều hành,,2026-01-01,,Đang lưu hành,Nội bộ,Điều chuyển nhân sự - Lê Thị Thùy Dung,,,
data/00. Văn bản Điều hành/[22] Trung Tâm Điều Hành/186.2025.QĐ-HCNS-Hướng dẫn xử lý sự cố hỏng xe trên đường vận chuyển.30-3-2025.pdf,[22] Trung Tâm Điều Hành,186,2025,Quyết định,Trung tâm Điều hành,,2025-03-30,,Đang lưu hành,Nội bộ,Hướng dẫn xử lý sự cố hỏng xe trên đường vận chuyển,,,
data/00. Văn bản Điều hành/[22] Trung Tâm Điều Hành/227.QĐ-HCNS-Ap dụng hệ số đơn giá tiền lương tạm tính đối với các vị trí công việc tai Kho thành phẩm- Kho bãi bốc xếp.17-4-2025.pdf,[22] Trung Tâm Điều Hành,227,2025,Quyết định,Trung tâm Điều hành,,2025-04-17,,Đang lưu hành,Nội bộ,Ap dụng hệ số đơn giá tiền lương tạm tính đối với các vị trí công việc tai Kho thành phẩm- Kho bãi bốc xếp,,,
data/00. Văn bản Điều hành/[22] Trung Tâm Điều Hành/249.2025.QĐ-HCNS-Quy định nhập - xuất - tồn kho thành phẩm  29-4-2025.pdf,[22] Trung Tâm Điều Hành,249,2025,Quyết định,Trung tâm Điều hành,,2025-04-29,,Đang lưu hành,Nội bộ,Quy định nhập - xuất - tồn kho thành phẩm,,,
data/00. Văn bản Điều hành/[22] Trung Tâm Điều Hành/249.2025.QĐ-HCNS-Quy định nhập - xuất - tồn kho thành phẩm 29-4-2025.docx,[22] Trung Tâm Điều Hành,249,2025,Quyết định,Trung tâm Điều hành,,2025-04-29,,Đang lưu hành,Nội bộ,Quy định nhập - xuất - tồn kho thành phẩm,,,
data/00. Văn bản Điều hành/[22] Trung Tâm Điều Hành/252.2025.QĐ-HCNS-Quy trình bảo quản hàng hóa kho thành phẩm.29-4-2025.docx,[22] Trung Tâm Điều Hành,252,2025,Quyết định,Trung tâm Điều hành,,2025-04-29,,Đang lưu hành,Nội bộ,Quy trình bảo quản hàng hóa kho thành phẩm,,,
data/00. Văn bản Điều hành/[22] Trung Tâm Điều Hành/252.2025.QĐ-HCNS-Quy trình bảo quản hàng hóa kho thành phẩm.29-4-2025.pdf,[22] Trung Tâm Điều Hành,252,2025,Quyết định,Trung tâm Điều hành,,2025-04-29,,Đang lưu hành,Nội bộ,Quy trình bảo quản hàng hóa kho thành phẩm,,,
data/00. Văn bản Điều hành/[22] Trung Tâm Điều Hành/257.QĐ-HCNS Điều chuyển nhân sự.02-05-2025.pdf,[22] Trung Tâm Điều Hành,257,2025,Quyết định,Trung tâm Điều hành,,2025-05-02,,Đang lưu hành,Nội bộ,Điều chuyển nhân sự,,,
data/00. Văn bản Điều hành/[22] Trung Tâm Điều Hành/287.QĐ-HCNS-Bổ nhiệm Tổ phó kiêm ka trưởng kho thành phẩm Đông Mai.15-05-2025.pdf,[22] Trung Tâm Điều Hành,287,2025,Quyết định,Trung tâm Điều hành,,2025-05-15,,Đang lưu hành,Nội bộ,Bổ nhiệm Tổ phó kiêm ka trưởng kho thành phẩm Đông Mai,,,
data/00. Văn bản Điều hành/[22] Trung Tâm Điều Hành/288. QĐ-HCNS-Bổ nhiệm Tổ trưởng tổ xe nâng kho thành phẩm Đông Mai.15-05-2025.pdf,[22] Trung Tâm Điều Hành,288,2025,Quyết định,Trung tâm Điều hành,,2025-05-15,,Đang lưu hành,Nội bộ,Bổ nhiệm Tổ trưởng tổ xe nâng kho thành phẩm Đông Mai,,,
data/00. Văn bản Điều hành/[22] Trung Tâm Điều Hành/294.QĐ-HCNS-Miễn nhiệm vị trí tổ phó kiêm ca trưởng .20-05-2025.pdf,[22] Trung Tâm Điều Hành,294,2025,Quyết định,Trung tâm Điều hành,,2025-05-20,,Đang lưu hành,Nội bộ,Miễn nhiệm vị trí tổ phó kiêm ca trưởng,,,
data/00. Văn bản Điều hành/[22] Trung Tâm Điều Hành/481 QĐ-HCNS-Miễn nhiệm vị trí Trưởng phòng Trung tâm điều hành. 04-8-2025.pdf,[22] Trung Tâm Điều Hành,481,2025,Quyết định,Trung tâm Điều hành,,2025-08-04,,Đang lưu hành,Nội bộ,Miễn nhiệm vị trí Trưởng phòng Trung tâm điều hành,,,
data/00. Văn bản Điều hành/[22] Trung Tâm Điều Hành/482 QĐ-HCNS-Bổ nhiệm Đội trưởng đội xe.04-8-2025.pdf,[22] Trung Tâm Điều Hành,482,2025,Quyết định,Trung tâm Điều hành,,2025-08-04,,Đang lưu hành,Nội bộ,Bổ nhiệm Đội trưởng đội xe,,,
data/00. Văn bản Điều hành/[22] Trung Tâm Điều Hành/483 QĐ-HCNS-Miễn nhiệm Đội trưởng đội xe .04-8-2025.pdf,[22] Trung Tâm Điều Hành,483,2025,Quyết định,Trung tâm Điều hành,,2025-08-04,,Đang lưu hành,Nội bộ,Miễn nhiệm Đội trưởng đội xe,,,
"data/00. Văn bản Điều hành/[22] Trung Tâm Điều Hành/526.2026.QĐ-HCNS-Quy định về chức năng, nhiệm vụ và cơ cấu tổ chức của Trung tâm điều hành.22-05-2026.docx",[22] Trung Tâm Điều Hành,526,2026,Quyết định,Trung tâm Điều hành,,2026-05-22,,Đang lưu hành,Nội bộ,"Quy định về chức năng, nhiệm vụ và cơ cấu tổ chức của Trung tâm điều hành",,,
"data/00. Văn bản Điều hành/[22] Trung Tâm Điều Hành/526.2026.QĐ-HCNS-Quy định về chức năng, nhiệm vụ và cơ cấu tổ chức của Trung tâm điều hành.22-05-2026.pdf",[22] Trung Tâm Điều Hành,526,2026,Quyết định,Trung tâm Điều hành,,2026-05-22,,Đang lưu hành,Nội bộ,"Quy định về chức năng, nhiệm vụ và cơ cấu tổ chức của Trung tâm điều hành",,,
data/00. Văn bản Điều hành/[22] Trung Tâm Điều Hành/529.QĐ-HCNS-Miễn nhiệm vị trí Đội trưởng đội xe .26-08-2025.pdf,[22] Trung Tâm Điều Hành,529,2025,Quyết định,Trung tâm Điều hành,,2025-08-26,,Đang lưu hành,Nội bộ,Miễn nhiệm vị trí Đội trưởng đội xe,,,
data/00. Văn bản Điều hành/[22] Trung Tâm Điều Hành/530.QĐ-HCNS-Bổ nhiệm vị trí đội trưởng đội xe .26-08-2025.pdf,[22] Trung Tâm Điều Hành,530,2025,Quyết định,Trung tâm Điều hành,,2025-08-26,,Đang lưu hành,Nội bộ,Bổ nhiệm vị trí đội trưởng đội xe,,,
"data/00. Văn bản Điều hành/[22] Trung Tâm Điều Hành/531.QĐ-HCNS-Miễn nhiệm vị trí Trưởng bộ phận kho ,bãi , bốc xếp .26-08-2025.pdf",[22] Trung Tâm Điều Hành,531,2025,Quyết định,Trung tâm Điều hành,,2025-08-26,,Đang lưu hành,Nội bộ,"Miễn nhiệm vị trí Trưởng bộ phận kho ,bãi , bốc xếp",,,
"data/00. Văn bản Điều hành/[22] Trung Tâm Điều Hành/532.QĐ-HCNS-Bổ nhiệm vị trí Trưởng bộ phận kho ,bãi , bốc xếp.26-08-2025.pdf",[22] Trung Tâm Điều Hành,532,2025,Quyết định,Trung tâm Điều hành,,2025-08-26,,Đang lưu hành,Nội bộ,"Bổ nhiệm vị trí Trưởng bộ phận kho ,bãi , bốc xếp",,,
data/00. Văn bản Điều hành/[22] Trung Tâm Điều Hành/697.QĐ-HCNS-Miễn nhiệm vị trí Phó phòng - Phòng Trung tâm điều hành .26-09-2025.docx,[22] Trung Tâm Điều Hành,697,2025,Quyết định,Trung tâm Điều hành,,2025-09-26,,Đang lưu hành,Nội bộ,Miễn nhiệm vị trí Phó phòng - Phòng Trung tâm điều hành,,,
data/00. Văn bản Điều hành/[22] Trung Tâm Điều Hành/697.QĐ-HCNS-Miễn nhiệm vị trí Phó phòng - Phòng Trung tâm điều hành .26-09-2025.pdf,[22] Trung Tâm Điều Hành,697,2025,Quyết định,Trung tâm Điều hành,,2025-09-26,,Đang lưu hành,Nội bộ,Miễn nhiệm vị trí Phó phòng - Phòng Trung tâm điều hành,,,
data/00. Văn bản Điều hành/[22] Trung Tâm Điều Hành/698.QĐ-HCNS-Miễn nhiệm vị trí Đội phó đội xe vận tải - Phòng Trung tâm điều hành.26-09-2025.698.QĐ-HCNS-Miễn nhiệm vị trí Đội phó đội xe vận tải - Phòng Trung tâm điều hành.26-09-2025.docx,[22] Trung Tâm Điều Hành,698,2025,Quyết định,Trung tâm Điều hành,,2025-09-26,,Đang lưu hành,Nội bộ,Miễn nhiệm vị trí Đội phó đội xe vận tải - Phòng Trung tâm điều hành,,,
data/00. Văn bản Điều hành/[22] Trung Tâm Điều Hành/698.QĐ-HCNS-Miễn nhiệm vị trí Đội phó đội xe vận tải - Phòng Trung tâm điều hành.26-09-2025.pdf,[22] Trung Tâm Điều Hành,698,2025,Quyết định,Trung tâm Điều hành,,2025-09-26,,Đang lưu hành,Nội bộ,Miễn nhiệm vị trí Đội phó đội xe vận tải - Phòng Trung tâm điều hành,,,
data/00. Văn bản Điều hành/[22] Trung Tâm Điều Hành/699.QĐ-HCNS-Bổ nhiệm vị trí Đội phó đội xe vận tải - Phòng Trung tâm điều hành .26-09-2025.pdf,[22] Trung Tâm Điều Hành,699,2025,Quyết định,Trung tâm Điều hành,,2025-09-26,,Đang lưu hành,Nội bộ,Bổ nhiệm vị trí Đội phó đội xe vận tải - Phòng Trung tâm điều hành,,,
data/00. Văn bản Điều hành/[22] Trung Tâm Điều Hành/700.QĐ-HCNS- Bổ nhiệm vị trí Phó phòng - Phòng Trung tâm điều hành.26-09-2025.docx,[22] Trung Tâm Điều Hành,700,2025,Quyết định,Trung tâm Điều hành,,2025-09-26,,Đang lưu hành,Nội bộ,Bổ nhiệm vị trí Phó phòng - Phòng Trung tâm điều hành,,,
data/00. Văn bản Điều hành/[22] Trung Tâm Điều Hành/700.QĐ-HCNS- Bổ nhiệm vị trí Phó phòng - Phòng Trung tâm điều hành.26-09-2025.pdf,[22] Trung Tâm Điều Hành,700,2025,Quyết định,Trung tâm Điều hành,,2025-09-26,,Đang lưu hành,Nội bộ,Bổ nhiệm vị trí Phó phòng - Phòng Trung tâm điều hành,,,
"data/00. Văn bản Điều hành/[22] Trung Tâm Điều Hành/73.QĐ-HCNS-Quy trình giao hàng , thu tiền , nhập vỏ.17-02-2025.pdf",[22] Trung Tâm Điều Hành,73,2025,Quyết định,Trung tâm Điều hành,,2025-02-17,,Đang lưu hành,Nội bộ,"Quy trình giao hàng , thu tiền , nhập vỏ",,,
"data/00. Văn bản Điều hành/[22] Trung Tâm Điều Hành/73.QĐ-HCNS-Quy trình giao hàng ,thu tiền ,nhập vỏ.17-02-2025.docx",[22] Trung Tâm Điều Hành,73,2025,Quyết định,Trung tâm Điều hành,,2025-02-17,,Đang lưu hành,Nội bộ,"Quy trình giao hàng ,thu tiền ,nhập vỏ",,,
data/00. Văn bản Điều hành/[22] Trung Tâm Điều Hành/74.2026.QĐ-HCNS -Xử lý kỷ luật.15-01-2026.pdf,[22] Trung Tâm Điều Hành,74,2026,Quyết định,Trung tâm Điều hành,,2026-01-15,,Đang lưu hành,Nội bộ,Xử lý kỷ luật,,,
data/00. Văn bản Điều hành/[22] Trung Tâm Điều Hành/74.QĐ-HCNS-Quy trình điều vận.17-02-2025 (1).pdf,[22] Trung Tâm Điều Hành,74,2025,Quyết định,Trung tâm Điều hành,,2025-02-17,,Đang lưu hành,Nội bộ,Quy trình điều vận,,,
data/00. Văn bản Điều hành/[22] Trung Tâm Điều Hành/74.QĐ-HCNS-Quy trình điều vận.7-02-2025.docx,[22] Trung Tâm Điều Hành,74,2025,Quyết định,Trung tâm Điều hành,,2025-02-07,,Đang lưu hành,Nội bộ,Quy trình điều vận,,,
"data/00. Văn bản Điều hành/[22] Trung Tâm Điều Hành/754.QĐ-HCNS-Quy định danh mục nguyên, nhiên vật liệu sản xuất các sản phẩm Bia Hạ Long.22-10-2025.pdf",[22] Trung Tâm Điều Hành,754,2025,Quyết định,Trung tâm Điều hành,,2025-10-22,,Đang lưu hành,Nội bộ,"Quy định danh mục nguyên, nhiên vật liệu sản xuất các sản phẩm Bia Hạ Long",,,
"data/00. Văn bản Điều hành/[22] Trung Tâm Điều Hành/837.QĐ-BHL-Thành lập bộ phận kho , bãi , bốc xếp .12-11-2024.pdf",[22] Trung Tâm Điều Hành,837,2024,Quyết định,Trung tâm Điều hành,,2024-11-12,,Đang lưu hành,Nội bộ,"837.QĐ-BHL-Thành lập bộ phận kho , bãi , bốc xếp .12-11-2024",,,
data/00. Văn bản Điều hành/[22] Trung Tâm Điều Hành/839.QĐ-BHL-Bàn giao kho bãi .14-11-2024.pdf,[22] Trung Tâm Điều Hành,839,2024,Quyết định,Trung tâm Điều hành,,2024-11-14,,Đang lưu hành,Nội bộ,839.QĐ-BHL-Bàn giao kho bãi .14-11-2024,,,
data/00. Văn bản Điều hành/[22] Trung Tâm Điều Hành/881.QĐ-HCNS-Điều chuyển nhân sự - Phạm Hồng Cường.1-01-2026.pdf,[22] Trung Tâm Điều Hành,881,2026,Quyết định,Trung tâm Điều hành,,2026-01-01,,Đang lưu hành,Nội bộ,Điều chuyển nhân sự - Phạm Hồng Cường,,,
data/00. Văn bản Điều hành/[22] Trung Tâm Điều Hành/95.2026-QĐ-BHL-Thành lập ban dự án đầu tư Hệ thống Quản Lý Vận Tải ( TMS ) và Quản lý kho ( WMS ) năm 2026.19-01-2026.docx,[22] Trung Tâm Điều Hành,95,2026,Quyết định,Trung tâm Điều hành,,2026-01-19,,Đang lưu hành,Nội bộ,95.2026-QĐ-BHL-Thành lập ban dự án đầu tư Hệ thống Quản Lý Vận Tải ( TMS ) và Quản lý kho ( WMS ) năm 2026.19-01-2026,,,
data/00. Văn bản Điều hành/[22] Trung Tâm Điều Hành/95.2026-QĐ-BHL-Thành lập ban dự án đầu tư Hệ thống Quản Lý Vận Tải ( TMS ) và Quản lý kho ( WMS ) năm 2026.19-01-2026.pdf,[22] Trung Tâm Điều Hành,95,2026,Quyết định,Trung tâm Điều hành,,2026-01-19,,Đang lưu hành,Nội bộ,95.2026-QĐ-BHL-Thành lập ban dự án đầu tư Hệ thống Quản Lý Vận Tải ( TMS ) và Quản lý kho ( WMS ) năm 2026.19-01-2026,,,
data/00. Văn bản Điều hành/[24] Phân Xưởng Sản Xuất Đông Mai/100.2026-TB-ĐM- Nghỉ 2h làm việc đối với CBNV làm ca hành chính ngày 10-02-2026.pdf,[24] Phân Xưởng Sản Xuất Đông Mai,100,2026,Thông báo,Phân xưởng Sản xuất Đông Mai,,2026-02-10,,Đang lưu hành,Nội bộ,100.2026-TB-ĐM- Nghỉ 2h làm việc đối với CBNV làm ca hành chính ngày 10-02-2026,,,
"data/00. Văn bản Điều hành/[24] Phân Xưởng Sản Xuất Đông Mai/183.2026-QĐ-HCNS-Bổ nhiện Tổ trưởng dây chuyền đóng gói bia hơi , bia tươi 20 lít.19-03-2026.pdf",[24] Phân Xưởng Sản Xuất Đông Mai,183,2026,Quyết định,Phân xưởng Sản xuất Đông Mai,,2026-03-19,,Đang lưu hành,Nội bộ,"Bổ nhiện Tổ trưởng dây chuyền đóng gói bia hơi , bia tươi 20 lít",,,
data/00. Văn bản Điều hành/[24] Phân Xưởng Sản Xuất Đông Mai/231. QĐ-HCNS-Thưởng cho CBCNV nhân dịp kỷ niệm thành lập Công ty.18-06-2025.pdf,[24] Phân Xưởng Sản Xuất Đông Mai,231,2025,Quyết định,Phân xưởng Sản xuất Đông Mai,,2025-06-18,,Đang lưu hành,Nội bộ,Thưởng cho CBCNV nhân dịp kỷ niệm thành lập Công ty,,,
data/00. Văn bản Điều hành/[24] Phân Xưởng Sản Xuất Đông Mai/232. QĐ-HCNS-Miễn nhiệm vị trí Phó quản đốc phân xưởng sản xuất Bia Đông Mai .20-06-2025.pdf,[24] Phân Xưởng Sản Xuất Đông Mai,232,2025,Quyết định,Phân xưởng Sản xuất Đông Mai,,2025-06-20,,Đang lưu hành,Nội bộ,Miễn nhiệm vị trí Phó quản đốc phân xưởng sản xuất Bia Đông Mai,,,
data/00. Văn bản Điều hành/[24] Phân Xưởng Sản Xuất Đông Mai/246 QĐ-HCNS- Bổ nhiệm Phó quản đốc Phân xưởng sản xuất Bia Đông Mai.02-07-2025.pdf,[24] Phân Xưởng Sản Xuất Đông Mai,246,2025,Quyết định,Phân xưởng Sản xuất Đông Mai,,2025-07-02,,Đang lưu hành,Nội bộ,Bổ nhiệm Phó quản đốc Phân xưởng sản xuất Bia Đông Mai,,,
data/00. Văn bản Điều hành/[24] Phân Xưởng Sản Xuất Đông Mai/490.2026-QĐ-HCNS-Quy định về chức năng nhiệm vụ và cơ cấu tổ chức của phân xưởng sản xuất Đông Mai.15-05-2026.pdf,[24] Phân Xưởng Sản Xuất Đông Mai,490,2026,Quyết định,Phân xưởng Sản xuất Đông Mai,,2026-05-15,,Đang lưu hành,Nội bộ,Quy định về chức năng nhiệm vụ và cơ cấu tổ chức của phân xưởng sản xuất Đông Mai,,,
data/00. Văn bản Điều hành/[24] Phân Xưởng Sản Xuất Đông Mai/529.2026.QĐ-HCNS-Hướng dẫn tẩy cặn máy rửa chai.22-05-2026.docx,[24] Phân Xưởng Sản Xuất Đông Mai,529,2026,Quyết định,Phân xưởng Sản xuất Đông Mai,,2026-05-22,,Đang lưu hành,Nội bộ,Hướng dẫn tẩy cặn máy rửa chai,,,
data/00. Văn bản Điều hành/[24] Phân Xưởng Sản Xuất Đông Mai/529.2026.QĐ-HCNS-Hướng dẫn tẩy cặn máy rửa chai.22-05-2026.pdf,[24] Phân Xưởng Sản Xuất Đông Mai,529,2026,Quyết định,Phân xưởng Sản xuất Đông Mai,,2026-05-22,,Đang lưu hành,Nội bộ,Hướng dẫn tẩy cặn máy rửa chai,,,
data/00. Văn bản Điều hành/[24] Phân Xưởng Sản Xuất Đông Mai/62.QĐ-HCNS-Quy định về CNNV Bộ phận Công nghệ.02-1-2024.docx,[24] Phân Xưởng Sản Xuất Đông Mai,62,2024,Chức năng nhiệm vụ,Phân xưởng Sản xuất Đông Mai,,2024-01-02,,Đang lưu hành,Nội bộ,62.QĐ-HCNS-Quy định về CNNV Bộ phận Công nghệ.02-1-2024,,,
data/00. Văn bản Điều hành/[24] Phân Xưởng Sản Xuất Đông Mai/62.QĐ-HCNS-Quy định về CNNV của bộ phận Công nghệ 02-1-2024.pdf,[24] Phân Xưởng Sản Xuất Đông Mai,62,2024,Chức năng nhiệm vụ,Phân xưởng Sản xuất Đông Mai,,2024-01-02,,Đang lưu hành,Nội bộ,62.QĐ-HCNS-Quy định về CNNV của bộ phận Công nghệ 02-1-2024,,,
"data/00. Văn bản Điều hành/[24] Phân Xưởng Sản Xuất Đông Mai/62.QĐ-HCNS-Quy định về CNVV bộ phận Môi trường ,đời sống.01-2-2024.docx",[24] Phân Xưởng Sản Xuất Đông Mai,62,2024,Quyết định,Phân xưởng Sản xuất Đông Mai,,2024-02-01,,Đang lưu hành,Nội bộ,"Quy định về CNVV bộ phận Môi trường ,đời sống",,,
data/00. Văn bản Điều hành/[24] Phân Xưởng Sản Xuất Đông Mai/64.QĐ-HCNS-Quy định về CNNV của Tổ lọc.02-1-2024.docx,[24] Phân Xưởng Sản Xuất Đông Mai,64,2024,Chức năng nhiệm vụ,Phân xưởng Sản xuất Đông Mai,,2024-01-02,,Đang lưu hành,Nội bộ,64.QĐ-HCNS-Quy định về CNNV của Tổ lọc.02-1-2024,,,
data/00. Văn bản Điều hành/[24] Phân Xưởng Sản Xuất Đông Mai/64.QĐ-HCNS-Quy định về CNNV của Tổ lọc.02-1-2024.pdf,[24] Phân Xưởng Sản Xuất Đông Mai,64,2024,Chức năng nhiệm vụ,Phân xưởng Sản xuất Đông Mai,,2024-01-02,,Đang lưu hành,Nội bộ,64.QĐ-HCNS-Quy định về CNNV của Tổ lọc.02-1-2024,,,
data/00. Văn bản Điều hành/[24] Phân Xưởng Sản Xuất Đông Mai/72.QĐ-HCNS-Quy định về CNVV Tổ bếp ăn công nghiệp.01-2-2024.docx,[24] Phân Xưởng Sản Xuất Đông Mai,72,2024,Quyết định,Phân xưởng Sản xuất Đông Mai,,2024-02-01,,Đang lưu hành,Nội bộ,Quy định về CNVV Tổ bếp ăn công nghiệp,,,
data/00. Văn bản Điều hành/[24] Phân Xưởng Sản Xuất Đông Mai/72.QĐ-HCNS-Quy định về CNVV Tổ bếp ăn công nghiệp.01-2-2024.pdf,[24] Phân Xưởng Sản Xuất Đông Mai,72,2024,Quyết định,Phân xưởng Sản xuất Đông Mai,,2024-02-01,,Đang lưu hành,Nội bộ,Quy định về CNVV Tổ bếp ăn công nghiệp,,,
"data/00. Văn bản Điều hành/[24] Phân Xưởng Sản Xuất Đông Mai/73.QĐ-HCNS-Quy định về CNNV của tổ  vệ sinh công nghiệp, môi trường đời sống.02-1-2024.pdf",[24] Phân Xưởng Sản Xuất Đông Mai,73,2024,Chức năng nhiệm vụ,Phân xưởng Sản xuất Đông Mai,,2024-01-02,,Đang lưu hành,Nội bộ,"73.QĐ-HCNS-Quy định về CNNV của tổ vệ sinh công nghiệp, môi trường đời sống.02-1-2024",,,
"data/00. Văn bản Điều hành/[24] Phân Xưởng Sản Xuất Đông Mai/73.QĐ-HCNS-Quy định về CNNV của tổ vệ sinh công nghiệp,môi trường đời sống .02-1-2024.docx",[24] Phân Xưởng Sản Xuất Đông Mai,73,2024,Chức năng nhiệm vụ,Phân xưởng Sản xuất Đông Mai,,2024-01-02,,Đang lưu hành,Nội bộ,"73.QĐ-HCNS-Quy định về CNNV của tổ vệ sinh công nghiệp,môi trường đời sống .02-1-2024",,,
data/00. Văn bản Điều hành/[24] Phân Xưởng Sản Xuất Đông Mai/74.QĐ-HCNS-Quy định về CNNV của Phân xưởng sản xuất Bia Đông mai.02-1-2024.docx,[24] Phân Xưởng Sản Xuất Đông Mai,74,2024,Chức năng nhiệm vụ,Phân xưởng Sản xuất Đông Mai,,2024-01-02,,Đang lưu hành,Nội bộ,74.QĐ-HCNS-Quy định về CNNV của Phân xưởng sản xuất Bia Đông mai.02-1-2024,,,
data/00. Văn bản Điều hành/[24] Phân Xưởng Sản Xuất Đông Mai/74.QĐ-HCNS-Quy định về CNNV của Phân xưởng sản xuất Bia Đông mai.02-1-2024.pdf,[24] Phân Xưởng Sản Xuất Đông Mai,74,2024,Chức năng nhiệm vụ,Phân xưởng Sản xuất Đông Mai,,2024-01-02,,Đang lưu hành,Nội bộ,74.QĐ-HCNS-Quy định về CNNV của Phân xưởng sản xuất Bia Đông mai.02-1-2024,,,
data/00. Văn bản Điều hành/[24] Phân Xưởng Sản Xuất Đông Mai/93.2026-QĐ-ĐM Thưởng thêm cho mỗi CBNV 01 vỉ bia Idol .05-2-2026.pdf,[24] Phân Xưởng Sản Xuất Đông Mai,93,2026,Quyết định,Phân xưởng Sản xuất Đông Mai,,2026-02-05,,Đang lưu hành,Nội bộ,93.2026-QĐ-ĐM Thưởng thêm cho mỗi CBNV 01 vỉ bia Idol .05-2-2026,,,
data/00. Văn bản Điều hành/[24] Phân Xưởng Sản Xuất Đông Mai/94.2026-TB-ĐM-Thông báo nhắc nhở nội bộ nhà máy .05-2-2026.pdf,[24] Phân Xưởng Sản Xuất Đông Mai,94,2026,Thông báo,Phân xưởng Sản xuất Đông Mai,,2026-02-05,,Đang lưu hành,Nội bộ,94.2026-TB-ĐM-Thông báo nhắc nhở nội bộ nhà máy .05-2-2026,,,
"data/00. Văn bản Điều hành/[25] Phân Xưởng Cơ Điện - Động Lực Đông Mai/15.TB-ĐM-Nhắc nhở hành vi sơ xuất làm hư hỏng dụng cụ , tài sản của Công ty.05-01-2026.pdf",[25] Phân Xưởng Cơ Điện - Động Lực Đông Mai,15,2026,Thông báo,Phân xưởng Cơ điện – Động lực Đông Mai,,2026-01-05,,Đang lưu hành,Nội bộ,"15.TB-ĐM-Nhắc nhở hành vi sơ xuất làm hư hỏng dụng cụ , tài sản của Công ty.05-01-2026",,,
data/00. Văn bản Điều hành/[25] Phân Xưởng Cơ Điện - Động Lực Đông Mai/16.TB-ĐM-Nhắc nhở và yêu cầu thực hiện nghiêm quy trình sản xuất.05-01-2026.pdf,[25] Phân Xưởng Cơ Điện - Động Lực Đông Mai,16,2026,Thông báo,Phân xưởng Cơ điện – Động lực Đông Mai,,2026-01-05,,Đang lưu hành,Nội bộ,16.TB-ĐM-Nhắc nhở và yêu cầu thực hiện nghiêm quy trình sản xuất.05-01-2026,,,
data/00. Văn bản Điều hành/[25] Phân Xưởng Cơ Điện - Động Lực Đông Mai/182.2026.QĐ-HCNS-Bổ nhiện Tổ trưởng nhóm vận hành xử lý nước Đông Mai.19-03-2026.pdf,[25] Phân Xưởng Cơ Điện - Động Lực Đông Mai,182,2026,Quyết định,Phân xưởng Cơ điện – Động lực Đông Mai,,2026-03-19,,Đang lưu hành,Nội bộ,Bổ nhiện Tổ trưởng nhóm vận hành xử lý nước Đông Mai,,,
data/00. Văn bản Điều hành/[25] Phân Xưởng Cơ Điện - Động Lực Đông Mai/37.2026-ĐM.QĐ-HCNS.Bồi dưỡng bằng hiện vật đối với công nhân làm việc tại khu vực nhà lạnh-nén khí CO2.16-01-2026.pdf,[25] Phân Xưởng Cơ Điện - Động Lực Đông Mai,37,2026,Quyết định,Phân xưởng Cơ điện – Động lực Đông Mai,,2026-01-16,,Đang lưu hành,Nội bộ,Bồi dưỡng bằng hiện vật đối với công nhân làm việc tại khu vực nhà lạnh-nén khí CO2,,,
data/00. Văn bản Điều hành/[25] Phân Xưởng Cơ Điện - Động Lực Đông Mai/56.QĐ-HCNS-Quy định về CNNV của Phân xưởng Cơ điện - Động lực Đông mai.02-1-2024.docx,[25] Phân Xưởng Cơ Điện - Động Lực Đông Mai,56,2024,Chức năng nhiệm vụ,Phân xưởng Cơ điện – Động lực Đông Mai,,2024-01-02,,Đang lưu hành,Nội bộ,56.QĐ-HCNS-Quy định về CNNV của Phân xưởng Cơ điện - Động lực Đông mai.02-1-2024,,,
data/00. Văn bản Điều hành/[25] Phân Xưởng Cơ Điện - Động Lực Đông Mai/56.QĐ-HCNS-Quy định về CNNV của Phân xưởng Cơ điện - Động lực Đông mai.02-1-2024.pdf,[25] Phân Xưởng Cơ Điện - Động Lực Đông Mai,56,2024,Chức năng nhiệm vụ,Phân xưởng Cơ điện – Động lực Đông Mai,,2024-01-02,,Đang lưu hành,Nội bộ,56.QĐ-HCNS-Quy định về CNNV của Phân xưởng Cơ điện - Động lực Đông mai.02-1-2024,,,
"data/00. Văn bản Điều hành/[25] Phân Xưởng Cơ Điện - Động Lực Đông Mai/57.QĐ-HCNS-Quy định về CNNV của tổ máy lạnh , khí nén.02-4-2024.docx",[25] Phân Xưởng Cơ Điện - Động Lực Đông Mai,57,2024,Chức năng nhiệm vụ,Phân xưởng Cơ điện – Động lực Đông Mai,,2024-04-02,,Đang lưu hành,Nội bộ,"57.QĐ-HCNS-Quy định về CNNV của tổ máy lạnh , khí nén.02-4-2024",,,
"data/00. Văn bản Điều hành/[25] Phân Xưởng Cơ Điện - Động Lực Đông Mai/57.QĐ-HCNS-Quy định về CNNV của tổ máy lạnh , khí nén.02-4-2024.pdf",[25] Phân Xưởng Cơ Điện - Động Lực Đông Mai,57,2024,Chức năng nhiệm vụ,Phân xưởng Cơ điện – Động lực Đông Mai,,2024-04-02,,Đang lưu hành,Nội bộ,"57.QĐ-HCNS-Quy định về CNNV của tổ máy lạnh , khí nén.02-4-2024",,,
"data/00. Văn bản Điều hành/[25] Phân Xưởng Cơ Điện - Động Lực Đông Mai/58.QĐ-HCNS-Quy định về CNNV của tổ xử lý nước cấp , xử lý nước thải.02-1-2024.docx",[25] Phân Xưởng Cơ Điện - Động Lực Đông Mai,58,2024,Chức năng nhiệm vụ,Phân xưởng Cơ điện – Động lực Đông Mai,,2024-01-02,,Đang lưu hành,Nội bộ,"58.QĐ-HCNS-Quy định về CNNV của tổ xử lý nước cấp , xử lý nước thải.02-1-2024",,,
"data/00. Văn bản Điều hành/[25] Phân Xưởng Cơ Điện - Động Lực Đông Mai/58.QĐ-HCNS-Quy định về CNNV của tổ xử lý nước cấp , xử lý nước thải.02-1-2024.pdf",[25] Phân Xưởng Cơ Điện - Động Lực Đông Mai,58,2024,Chức năng nhiệm vụ,Phân xưởng Cơ điện – Động lực Đông Mai,,2024-01-02,,Đang lưu hành,Nội bộ,"58.QĐ-HCNS-Quy định về CNNV của tổ xử lý nước cấp , xử lý nước thải.02-1-2024",,,
data/00. Văn bản Điều hành/[25] Phân Xưởng Cơ Điện - Động Lực Đông Mai/59.QĐ-HCNS-Quy định về CNNV của Tổ lò hơi.02-4-2024.docx,[25] Phân Xưởng Cơ Điện - Động Lực Đông Mai,59,2024,Chức năng nhiệm vụ,Phân xưởng Cơ điện – Động lực Đông Mai,,2024-04-02,,Đang lưu hành,Nội bộ,59.QĐ-HCNS-Quy định về CNNV của Tổ lò hơi.02-4-2024,,,
data/00. Văn bản Điều hành/[25] Phân Xưởng Cơ Điện - Động Lực Đông Mai/59.QĐ-HCNS-Quy định về CNNV của Tổ lò hơi.02-4-2024.pdf,[25] Phân Xưởng Cơ Điện - Động Lực Đông Mai,59,2024,Chức năng nhiệm vụ,Phân xưởng Cơ điện – Động lực Đông Mai,,2024-04-02,,Đang lưu hành,Nội bộ,59.QĐ-HCNS-Quy định về CNNV của Tổ lò hơi.02-4-2024,,,
"data/00. Văn bản Điều hành/[25] Phân Xưởng Cơ Điện - Động Lực Đông Mai/60.QĐ-HCNS-Quy định về CNNV của Tổ bảo trì ,Sửa chữa, xây dựng.2-1-2024.docx",[25] Phân Xưởng Cơ Điện - Động Lực Đông Mai,60,2024,Chức năng nhiệm vụ,Phân xưởng Cơ điện – Động lực Đông Mai,,2024-01-02,,Đang lưu hành,Nội bộ,"60.QĐ-HCNS-Quy định về CNNV của Tổ bảo trì ,Sửa chữa, xây dựng.2-1-2024",,,
"data/00. Văn bản Điều hành/[25] Phân Xưởng Cơ Điện - Động Lực Đông Mai/60.QĐ-HCNS-Quy định về CNNV của Tổ bảo trì ,Sửa chữa, xây dựng.2-1-2024.pdf",[25] Phân Xưởng Cơ Điện - Động Lực Đông Mai,60,2024,Chức năng nhiệm vụ,Phân xưởng Cơ điện – Động lực Đông Mai,,2024-01-02,,Đang lưu hành,Nội bộ,"60.QĐ-HCNS-Quy định về CNNV của Tổ bảo trì ,Sửa chữa, xây dựng.2-1-2024",,,
data/00. Văn bản Điều hành/[25] Phân Xưởng Cơ Điện - Động Lực Đông Mai/61.QĐ-HCNS-Quy định về CNNV của tổ trực cơ điện.02-4-2024.docx,[25] Phân Xưởng Cơ Điện - Động Lực Đông Mai,61,2024,Chức năng nhiệm vụ,Phân xưởng Cơ điện – Động lực Đông Mai,,2024-04-02,,Đang lưu hành,Nội bộ,61.QĐ-HCNS-Quy định về CNNV của tổ trực cơ điện.02-4-2024,,,
data/00. Văn bản Điều hành/[25] Phân Xưởng Cơ Điện - Động Lực Đông Mai/61.QĐ-HCNS-Quy định về CNNV của tổ trực cơ điện.02-4-2024.pdf,[25] Phân Xưởng Cơ Điện - Động Lực Đông Mai,61,2024,Chức năng nhiệm vụ,Phân xưởng Cơ điện – Động lực Đông Mai,,2024-04-02,,Đang lưu hành,Nội bộ,61.QĐ-HCNS-Quy định về CNNV của tổ trực cơ điện.02-4-2024,,,
data/00. Văn bản Điều hành/[26] Phân Xưởng Sản Xuất Hạ Long/199.2026.QĐ-HCNS-Bổ nhiệm Quản đốc phân xưởng sản xuất Bia Hạ Long .26-03-2026.pdf,[26] Phân Xưởng Sản Xuất Hạ Long,199,2026,Quyết định,Phân xưởng Sản xuất Hạ Long,,2026-03-26,,Đang lưu hành,Nội bộ,Bổ nhiệm Quản đốc phân xưởng sản xuất Bia Hạ Long,,,
data/00. Văn bản Điều hành/[26] Phân Xưởng Sản Xuất Hạ Long/202.2026.QĐ-HCNS.Miễn nhiệm Quản đốc phân xưởng sản xuất Bia Hạ Long.26-03-2026.pdf,[26] Phân Xưởng Sản Xuất Hạ Long,202,2026,Quyết định,Phân xưởng Sản xuất Hạ Long,,2026-03-26,,Đang lưu hành,Nội bộ,Miễn nhiệm Quản đốc phân xưởng sản xuất Bia Hạ Long,,,
data/00. Văn bản Điều hành/[26] Phân Xưởng Sản Xuất Hạ Long/245.2026.QĐ-HCNS-Xử lý kỷ luật lao động đối với ông Nguyễn Hoàng Bách.23-03-2026.pdf,[26] Phân Xưởng Sản Xuất Hạ Long,245,2026,Quyết định,Phân xưởng Sản xuất Hạ Long,,2026-03-23,,Đang lưu hành,Nội bộ,Xử lý kỷ luật lao động đối với ông Nguyễn Hoàng Bách,,,
"data/00. Văn bản Điều hành/[26] Phân Xưởng Sản Xuất Hạ Long/413.2026.QĐ-HCNS.Định mức tiêu hao nguyên , nhiên , vật liệu năm 2026 đối với các sản phẩm bia hơi , bia chai và bia lon.24-04-2026.pdf",[26] Phân Xưởng Sản Xuất Hạ Long,413,2026,Quyết định,Phân xưởng Sản xuất Hạ Long,,2026-04-24,,Đang lưu hành,Nội bộ,"Định mức tiêu hao nguyên , nhiên , vật liệu năm 2026 đối với các sản phẩm bia hơi , bia chai và bia lon",,,
data/00. Văn bản Điều hành/[26] Phân Xưởng Sản Xuất Hạ Long/486.2026.QĐ-HCNS-Quy định về chức năng nhiệm vụ và cơ cấu tổ chức của phân xưởng sản xuất  Hạ Long.15-05-2026.pdf,[26] Phân Xưởng Sản Xuất Hạ Long,486,2026,Quyết định,Phân xưởng Sản xuất Hạ Long,,2026-05-15,,Đang lưu hành,Nội bộ,Quy định về chức năng nhiệm vụ và cơ cấu tổ chức của phân xưởng sản xuất Hạ Long,,,
data/00. Văn bản Điều hành/[26] Phân Xưởng Sản Xuất Hạ Long/75.QĐ-HCNS-Quy định về CNNV của bộ phận công nghệ.2-1-2024.docx,[26] Phân Xưởng Sản Xuất Hạ Long,75,2024,Chức năng nhiệm vụ,Phân xưởng Sản xuất Hạ Long,,2024-01-02,,Đang lưu hành,Nội bộ,75.QĐ-HCNS-Quy định về CNNV của bộ phận công nghệ.2-1-2024,,,
data/00. Văn bản Điều hành/[26] Phân Xưởng Sản Xuất Hạ Long/75.QĐ-HCNS.Quy định về CNNV của bộ phận công nghệ.2-1-2024.pdf,[26] Phân Xưởng Sản Xuất Hạ Long,75,2024,Chức năng nhiệm vụ,Phân xưởng Sản xuất Hạ Long,,2024-01-02,,Đang lưu hành,Nội bộ,75.QĐ-HCNS.Quy định về CNNV của bộ phận công nghệ.2-1-2024,,,
data/00. Văn bản Điều hành/[26] Phân Xưởng Sản Xuất Hạ Long/76.QĐ-HCNS- Quy định CNNV của Tổ nấu-bộ phận công nghệ.2-1-2024.pdf,[26] Phân Xưởng Sản Xuất Hạ Long,76,2024,Chức năng nhiệm vụ,Phân xưởng Sản xuất Hạ Long,,2024-01-02,,Đang lưu hành,Nội bộ,76.QĐ-HCNS- Quy định CNNV của Tổ nấu-bộ phận công nghệ.2-1-2024,,,
data/00. Văn bản Điều hành/[26] Phân Xưởng Sản Xuất Hạ Long/76.QĐ-HCNS-Quy định CNNV Tổ nấu Hạ Long- bộ phận công nghệ .2-1-2024.docx,[26] Phân Xưởng Sản Xuất Hạ Long,76,2024,Chức năng nhiệm vụ,Phân xưởng Sản xuất Hạ Long,,2024-01-02,,Đang lưu hành,Nội bộ,76.QĐ-HCNS-Quy định CNNV Tổ nấu Hạ Long- bộ phận công nghệ .2-1-2024,,,
"data/00. Văn bản Điều hành/[26] Phân Xưởng Sản Xuất Hạ Long/77.QĐ-HCNS.Chức năng , nhiệm vụ  của  Phân xưởng sản xuất Bia hạ long.2-1-2024.pdf",[26] Phân Xưởng Sản Xuất Hạ Long,77,2024,Quyết định,Phân xưởng Sản xuất Hạ Long,,2024-01-02,,Đang lưu hành,Nội bộ,"Chức năng , nhiệm vụ của Phân xưởng sản xuất Bia hạ long",,,
"data/00. Văn bản Điều hành/[26] Phân Xưởng Sản Xuất Hạ Long/77.QĐ-HCNS.Chức năng , nhiệm vụ của Phân xưởng sản xuất Bia hạ long.2-1-2024.docx",[26] Phân Xưởng Sản Xuất Hạ Long,77,2024,Quyết định,Phân xưởng Sản xuất Hạ Long,,2024-01-02,,Đang lưu hành,Nội bộ,"Chức năng , nhiệm vụ của Phân xưởng sản xuất Bia hạ long",,,
data/00. Văn bản Điều hành/[26] Phân Xưởng Sản Xuất Hạ Long/78.QĐ-HCNS-Quy định về CNNV của Bộ phận đóng gói.2-1-2024.docx,[26] Phân Xưởng Sản Xuất Hạ Long,78,2024,Chức năng nhiệm vụ,Phân xưởng Sản xuất Hạ Long,,2024-01-02,,Đang lưu hành,Nội bộ,78.QĐ-HCNS-Quy định về CNNV của Bộ phận đóng gói.2-1-2024,,,
data/00. Văn bản Điều hành/[26] Phân Xưởng Sản Xuất Hạ Long/78.QĐ-HCNS-Quy định về CNNV của Bộ phận đóng gói.2-1-2024.pdf,[26] Phân Xưởng Sản Xuất Hạ Long,78,2024,Chức năng nhiệm vụ,Phân xưởng Sản xuất Hạ Long,,2024-01-02,,Đang lưu hành,Nội bộ,78.QĐ-HCNS-Quy định về CNNV của Bộ phận đóng gói.2-1-2024,,,
data/00. Văn bản Điều hành/[26] Phân Xưởng Sản Xuất Hạ Long/79.QĐ-HCNS-Quy địnhCNNV của Tổ lên men - Bộ phận Công nghệ.2-1-2024.docx,[26] Phân Xưởng Sản Xuất Hạ Long,79,2024,Quyết định,Phân xưởng Sản xuất Hạ Long,,2024-01-02,,Đang lưu hành,Nội bộ,Quy địnhCNNV của Tổ lên men - Bộ phận Công nghệ,,,
data/00. Văn bản Điều hành/[26] Phân Xưởng Sản Xuất Hạ Long/79.QĐ-HCNS-Quy địnhCNNV của Tổ lên men - Bộ phận Công nghệ.2-1-2024.pdf,[26] Phân Xưởng Sản Xuất Hạ Long,79,2024,Quyết định,Phân xưởng Sản xuất Hạ Long,,2024-01-02,,Đang lưu hành,Nội bộ,Quy địnhCNNV của Tổ lên men - Bộ phận Công nghệ,,,
data/00. Văn bản Điều hành/[26] Phân Xưởng Sản Xuất Hạ Long/81.QĐ-HCNS-Quy định về CNNV của dây chuyền chiết keg 2l.2-1-2024.docx,[26] Phân Xưởng Sản Xuất Hạ Long,81,2024,Chức năng nhiệm vụ,Phân xưởng Sản xuất Hạ Long,,2024-01-02,,Đang lưu hành,Nội bộ,81.QĐ-HCNS-Quy định về CNNV của dây chuyền chiết keg 2l.2-1-2024,,,
data/00. Văn bản Điều hành/[26] Phân Xưởng Sản Xuất Hạ Long/81.QĐ-HCNS-Quy định về CNNV của dây chuyền chiết keg 2l.2-1-2024.pdf,[26] Phân Xưởng Sản Xuất Hạ Long,81,2024,Chức năng nhiệm vụ,Phân xưởng Sản xuất Hạ Long,,2024-01-02,,Đang lưu hành,Nội bộ,81.QĐ-HCNS-Quy định về CNNV của dây chuyền chiết keg 2l.2-1-2024,,,
data/00. Văn bản Điều hành/[26] Phân Xưởng Sản Xuất Hạ Long/82.QĐ-HCNS-Quy định CNNV của dây chuyền chiết keg 30L.2-1-2024.docx,[26] Phân Xưởng Sản Xuất Hạ Long,82,2024,Chức năng nhiệm vụ,Phân xưởng Sản xuất Hạ Long,,2024-01-02,,Đang lưu hành,Nội bộ,82.QĐ-HCNS-Quy định CNNV của dây chuyền chiết keg 30L.2-1-2024,,,
data/00. Văn bản Điều hành/[26] Phân Xưởng Sản Xuất Hạ Long/82.QĐ-HCNS-Quy định CNNV của dây chuyền chiết keg 30L.2-1-2024.pdf,[26] Phân Xưởng Sản Xuất Hạ Long,82,2024,Chức năng nhiệm vụ,Phân xưởng Sản xuất Hạ Long,,2024-01-02,,Đang lưu hành,Nội bộ,82.QĐ-HCNS-Quy định CNNV của dây chuyền chiết keg 30L.2-1-2024,,,
"data/00. Văn bản Điều hành/[26] Phân Xưởng Sản Xuất Hạ Long/83.QĐ-HCNS-Quy định về CNNV của tổ vận chuyển , bốc xếp.2-1-2024.docx",[26] Phân Xưởng Sản Xuất Hạ Long,83,2024,Chức năng nhiệm vụ,Phân xưởng Sản xuất Hạ Long,,2024-01-02,,Đang lưu hành,Nội bộ,"83.QĐ-HCNS-Quy định về CNNV của tổ vận chuyển , bốc xếp.2-1-2024",,,
"data/00. Văn bản Điều hành/[26] Phân Xưởng Sản Xuất Hạ Long/83.QĐ-HCNS-Quy định về CNNV của tổ vận chuyển , bốc xếp.2-1-2024.pdf",[26] Phân Xưởng Sản Xuất Hạ Long,83,2024,Chức năng nhiệm vụ,Phân xưởng Sản xuất Hạ Long,,2024-01-02,,Đang lưu hành,Nội bộ,"83.QĐ-HCNS-Quy định về CNNV của tổ vận chuyển , bốc xếp.2-1-2024",,,
"data/00. Văn bản Điều hành/[26] Phân Xưởng Sản Xuất Hạ Long/84.QĐ-HCNS-Quy định về chức năng , nhiệm vụ của bộ phận Môi trường - Đời sống.2-1-2024.docx",[26] Phân Xưởng Sản Xuất Hạ Long,84,2024,Quyết định,Phân xưởng Sản xuất Hạ Long,,2024-01-02,,Đang lưu hành,Nội bộ,"Quy định về chức năng , nhiệm vụ của bộ phận Môi trường - Đời sống",,,
"data/00. Văn bản Điều hành/[26] Phân Xưởng Sản Xuất Hạ Long/84.QĐ-HCNS-Quy định về chức năng , nhiệm vụ của bộ phận Môi trường - Đời sống.2-1-2024.pdf",[26] Phân Xưởng Sản Xuất Hạ Long,84,2024,Quyết định,Phân xưởng Sản xuất Hạ Long,,2024-01-02,,Đang lưu hành,Nội bộ,"Quy định về chức năng , nhiệm vụ của bộ phận Môi trường - Đời sống",,,
data/00. Văn bản Điều hành/[26] Phân Xưởng Sản Xuất Hạ Long/85.QĐ-HCNS-Quy định CNNV của tổ bếp ăn công nghiệp - Bộ phận môi trường - Đời sống.2-1-2024.docx,[26] Phân Xưởng Sản Xuất Hạ Long,85,2024,Chức năng nhiệm vụ,Phân xưởng Sản xuất Hạ Long,,2024-01-02,,Đang lưu hành,Nội bộ,85.QĐ-HCNS-Quy định CNNV của tổ bếp ăn công nghiệp - Bộ phận môi trường - Đời sống.2-1-2024,,,
data/00. Văn bản Điều hành/[26] Phân Xưởng Sản Xuất Hạ Long/85.QĐ-HCNS-Quy định CNNV của tổ bếp ăn công nghiệp - Bộ phận môi trường - Đời sống.2-1-2024.pdf,[26] Phân Xưởng Sản Xuất Hạ Long,85,2024,Chức năng nhiệm vụ,Phân xưởng Sản xuất Hạ Long,,2024-01-02,,Đang lưu hành,Nội bộ,85.QĐ-HCNS-Quy định CNNV của tổ bếp ăn công nghiệp - Bộ phận môi trường - Đời sống.2-1-2024,,,
data/00. Văn bản Điều hành/[26] Phân Xưởng Sản Xuất Hạ Long/86.QĐ-HCNS-Quy định CNNV của tổ Vệ sinh Công nghiệp.2-1-2024.docx,[26] Phân Xưởng Sản Xuất Hạ Long,86,2024,Chức năng nhiệm vụ,Phân xưởng Sản xuất Hạ Long,,2024-01-02,,Đang lưu hành,Nội bộ,86.QĐ-HCNS-Quy định CNNV của tổ Vệ sinh Công nghiệp.2-1-2024,,,
data/00. Văn bản Điều hành/[26] Phân Xưởng Sản Xuất Hạ Long/86.QĐ-HCNS-Quy định CNNV của tổ Vệ sinh Công nghiệp.2-1-2024.pdf,[26] Phân Xưởng Sản Xuất Hạ Long,86,2024,Chức năng nhiệm vụ,Phân xưởng Sản xuất Hạ Long,,2024-01-02,,Đang lưu hành,Nội bộ,86.QĐ-HCNS-Quy định CNNV của tổ Vệ sinh Công nghiệp.2-1-2024,,,
data/00. Văn bản Điều hành/[27] Phân Xưởng Cơ Điện - Động Lực Hạ Long/308.QĐ-HCNS-Bổ nhiệm Phó quản đốc phân xưởng cơ điện động lực Hạ Long.25-08-2025.pdf,[27] Phân Xưởng Cơ Điện - Động Lực Hạ Long,308,2025,Quyết định,Phân xưởng Cơ điện – Động lực Hạ Long,,2025-08-25,,Đang lưu hành,Nội bộ,Bổ nhiệm Phó quản đốc phân xưởng cơ điện động lực Hạ Long,,,
data/00. Văn bản Điều hành/[27] Phân Xưởng Cơ Điện - Động Lực Hạ Long/341.QĐ-HCNS-Bổ nhiệm Trưởng bộ phận cơ điện-Xây dựng.25-09-2025.docx,[27] Phân Xưởng Cơ Điện - Động Lực Hạ Long,341,2025,Quyết định,Phân xưởng Cơ điện – Động lực Hạ Long,,2025-09-25,,Đang lưu hành,Nội bộ,Bổ nhiệm Trưởng bộ phận cơ điện-Xây dựng,,,
data/00. Văn bản Điều hành/[27] Phân Xưởng Cơ Điện - Động Lực Hạ Long/341.QĐ-HCNS-Bổ nhiệm Trưởng bộ phận cơ điện-Xây dựng.25-09-2025.pdf,[27] Phân Xưởng Cơ Điện - Động Lực Hạ Long,341,2025,Quyết định,Phân xưởng Cơ điện – Động lực Hạ Long,,2025-09-25,,Đang lưu hành,Nội bộ,Bổ nhiệm Trưởng bộ phận cơ điện-Xây dựng,,,
data/00. Văn bản Điều hành/[27] Phân Xưởng Cơ Điện - Động Lực Hạ Long/342.QĐ-HCNS-Bổ nhiệmTổ trưởng trực điện-Phân xưởng CĐĐL Hạ Long.25-09-2025.docx,[27] Phân Xưởng Cơ Điện - Động Lực Hạ Long,342,2025,Quyết định,Phân xưởng Cơ điện – Động lực Hạ Long,,2025-09-25,,Đang lưu hành,Nội bộ,Bổ nhiệmTổ trưởng trực điện-Phân xưởng CĐĐL Hạ Long,,,
data/00. Văn bản Điều hành/[27] Phân Xưởng Cơ Điện - Động Lực Hạ Long/342.QĐ-HCNS-Bổ nhiệmTổ trưởng trực điện-Phân xưởng CĐĐL Hạ Long.25-09-2025.pdf,[27] Phân Xưởng Cơ Điện - Động Lực Hạ Long,342,2025,Quyết định,Phân xưởng Cơ điện – Động lực Hạ Long,,2025-09-25,,Đang lưu hành,Nội bộ,Bổ nhiệmTổ trưởng trực điện-Phân xưởng CĐĐL Hạ Long,,,
data/00. Văn bản Điều hành/[27] Phân Xưởng Cơ Điện - Động Lực Hạ Long/51.QĐ-HCNS-Quy định chưc năng nhiệm vụ của PX Cơ điện -Động lực hạ long.2-1-2024.pdf,[27] Phân Xưởng Cơ Điện - Động Lực Hạ Long,51,2024,Quyết định,Phân xưởng Cơ điện – Động lực Hạ Long,,2024-01-02,,Đang lưu hành,Nội bộ,Quy định chưc năng nhiệm vụ của PX Cơ điện -Động lực hạ long,,,
data/00. Văn bản Điều hành/[27] Phân Xưởng Cơ Điện - Động Lực Hạ Long/51.QĐ-HCNS-Quy định về chức năng nhiệm vụ của PX Cơ điện - Động lực hạ long.2-1-2024.docx,[27] Phân Xưởng Cơ Điện - Động Lực Hạ Long,51,2024,Quyết định,Phân xưởng Cơ điện – Động lực Hạ Long,,2024-01-02,,Đang lưu hành,Nội bộ,Quy định về chức năng nhiệm vụ của PX Cơ điện - Động lực hạ long,,,
"data/00. Văn bản Điều hành/[27] Phân Xưởng Cơ Điện - Động Lực Hạ Long/52.QĐ-HCNS-Quy định về CNNV của tổ máy  lạnh , CO2, khí nén.2-1-2024.pdf",[27] Phân Xưởng Cơ Điện - Động Lực Hạ Long,52,2024,Chức năng nhiệm vụ,Phân xưởng Cơ điện – Động lực Hạ Long,,2024-01-02,,Đang lưu hành,Nội bộ,"52.QĐ-HCNS-Quy định về CNNV của tổ máy lạnh , CO2, khí nén.2-1-2024",,,
"data/00. Văn bản Điều hành/[27] Phân Xưởng Cơ Điện - Động Lực Hạ Long/52.QĐ-HCNS-Quy định về CNNV của tổ máy lạnh , CO2, khí nén.2-1-2024.docx",[27] Phân Xưởng Cơ Điện - Động Lực Hạ Long,52,2024,Chức năng nhiệm vụ,Phân xưởng Cơ điện – Động lực Hạ Long,,2024-01-02,,Đang lưu hành,Nội bộ,"52.QĐ-HCNS-Quy định về CNNV của tổ máy lạnh , CO2, khí nén.2-1-2024",,,
"data/00. Văn bản Điều hành/[27] Phân Xưởng Cơ Điện - Động Lực Hạ Long/527.2026.QĐ- HCNS-Quy định về chức năng, nhiệm vụ và cơ cấu tổ chức của phân xưởng Cơ điện - động lực Hạ Long . 22-05-2026.pdf",[27] Phân Xưởng Cơ Điện - Động Lực Hạ Long,527,2026,Quyết định,Phân xưởng Cơ điện – Động lực Hạ Long,,2026-05-22,,Đang lưu hành,Nội bộ,"Quy định về chức năng, nhiệm vụ và cơ cấu tổ chức của phân xưởng Cơ điện - động lực Hạ Long",,,
"data/00. Văn bản Điều hành/[27] Phân Xưởng Cơ Điện - Động Lực Hạ Long/527.2026.QĐ-HCNS-Quy định về chức năng, nhiệm vụ và cơ cấu tổ chức của phân xưởng Cơ điện - động lực Hạ Long.22-5-2026.docx",[27] Phân Xưởng Cơ Điện - Động Lực Hạ Long,527,2026,Quyết định,Phân xưởng Cơ điện – Động lực Hạ Long,,2026-05-22,,Đang lưu hành,Nội bộ,"Quy định về chức năng, nhiệm vụ và cơ cấu tổ chức của phân xưởng Cơ điện - động lực Hạ Long",,,
"data/00. Văn bản Điều hành/[27] Phân Xưởng Cơ Điện - Động Lực Hạ Long/53.QĐ-HCNS-Quy định về CNNV của tổ xử lý nước cấp , xử lý nước thải .2-1-2024.docx",[27] Phân Xưởng Cơ Điện - Động Lực Hạ Long,53,2024,Chức năng nhiệm vụ,Phân xưởng Cơ điện – Động lực Hạ Long,,2024-01-02,,Đang lưu hành,Nội bộ,"53.QĐ-HCNS-Quy định về CNNV của tổ xử lý nước cấp , xử lý nước thải .2-1-2024",,,
"data/00. Văn bản Điều hành/[27] Phân Xưởng Cơ Điện - Động Lực Hạ Long/53.QĐ-HCNS-Quy định về CNNV của tổ xử lý nước cấp , xử lý nước thải .2-1-2024.pdf",[27] Phân Xưởng Cơ Điện - Động Lực Hạ Long,53,2024,Chức năng nhiệm vụ,Phân xưởng Cơ điện – Động lực Hạ Long,,2024-01-02,,Đang lưu hành,Nội bộ,"53.QĐ-HCNS-Quy định về CNNV của tổ xử lý nước cấp , xử lý nước thải .2-1-2024",,,
data/00. Văn bản Điều hành/[27] Phân Xưởng Cơ Điện - Động Lực Hạ Long/54.QĐ-HCNS-Quy định chức năng nhiệm vụ của Tổ Lò Hơi.2-1-2024.docx,[27] Phân Xưởng Cơ Điện - Động Lực Hạ Long,54,2024,Quyết định,Phân xưởng Cơ điện – Động lực Hạ Long,,2024-01-02,,Đang lưu hành,Nội bộ,Quy định chức năng nhiệm vụ của Tổ Lò Hơi,,,
data/00. Văn bản Điều hành/[27] Phân Xưởng Cơ Điện - Động Lực Hạ Long/54.QĐ-HCNS-Quy định chức năng nhiệm vụ của Tổ Lò Hơi.2-1-2024.pdf,[27] Phân Xưởng Cơ Điện - Động Lực Hạ Long,54,2024,Quyết định,Phân xưởng Cơ điện – Động lực Hạ Long,,2024-01-02,,Đang lưu hành,Nội bộ,Quy định chức năng nhiệm vụ của Tổ Lò Hơi,,,
"data/00. Văn bản Điều hành/[27] Phân Xưởng Cơ Điện - Động Lực Hạ Long/55.QĐ-HCNS-Quy định về CNNV của tổ bảo trì , sửa chữa, xây dựng,2-1-2024.docx",[27] Phân Xưởng Cơ Điện - Động Lực Hạ Long,55,2024,Chức năng nhiệm vụ,Phân xưởng Cơ điện – Động lực Hạ Long,,2024-01-02,,Đang lưu hành,Nội bộ,"55.QĐ-HCNS-Quy định về CNNV của tổ bảo trì , sửa chữa, xây dựng,2-1-2024",,,
"data/00. Văn bản Điều hành/[27] Phân Xưởng Cơ Điện - Động Lực Hạ Long/55.QĐ-HCNS-Quy định về CNNV của tổ bảo trì , sửa chữa, xây dựng,2-1-2024.pdf",[27] Phân Xưởng Cơ Điện - Động Lực Hạ Long,55,2024,Chức năng nhiệm vụ,Phân xưởng Cơ điện – Động lực Hạ Long,,2024-01-02,,Đang lưu hành,Nội bộ,"55.QĐ-HCNS-Quy định về CNNV của tổ bảo trì , sửa chữa, xây dựng,2-1-2024",,,
