FilePath,FolderTarget,SoVanBan,NamBanHanh,LoaiVanBan,DonViSoanThao,NguoiKy,NgayBanHanh,NgayHetHieuLuc,TrangThai,MucDoBaoMat,TrichYeu,VanBanThayThe,VanBanLienQuan,Tags
data/00. Văn bản Điều hành/[03] Giám Đốc Tài Chính và Quản trị/453.QĐ-HLB-Quyết định Bổ nhiệm Giám đốc Tài chính và Quản trị.25-7-2025.pdf,[03] Giám Đốc Tài Chính và Quản Trị,453,2025,Quyết định,Giám đốc Tài chính và Quản trị,,2025-07-25,,Đang lưu hành,Nội bộ,453.QĐ-HLB-Quyết định Bổ nhiệm Giám đốc Tài chính và Quản trị.25-7-2025,,,
data/00. Văn bản Điều hành/[06.02]Phó giám đốc sản xuất - kỹ thuật/295.2026.QĐ-HCNS-Điều chỉnh chức danh đối với bà Nguyễn Thị Chi.15-5-2026.pdf,[06.02] Phó Giám Đốc Sản Xuất - Kỹ Thuật,295,2026,Quyết định,Phó Giám đốc Sản xuất – Kỹ thuật,,2026-05-15,,Đang lưu hành,Nội bộ,Điều chỉnh chức danh đối với bà Nguyễn Thị Chi,,,
data/00. Văn bản Điều hành/[06.02]Phó giám đốc sản xuất - kỹ thuật/528.2026.QĐ-HCNS-Ban hành quy định về chức năng nhiệm vụ của Phó Giám đốc sản xuất-kỹ thuật.22-05-2026.docx,[06.02] Phó Giám Đốc Sản Xuất - Kỹ Thuật,528,2026,Quyết định,Phó Giám đốc Sản xuất – Kỹ thuật,,2026-05-22,,Đang lưu hành,Nội bộ,Ban hành quy định về chức năng nhiệm vụ của Phó Giám đốc sản xuất-kỹ thuật,,,
data/00. Văn bản Điều hành/[06.02]Phó giám đốc sản xuất - kỹ thuật/528.2026.QĐ-HCNS-Ban hành quy định về chức năng nhiệm vụ của Phó Giám đốc sản xuất-kỹ thuật.22-05-2026.pdf,[06.02] Phó Giám Đốc Sản Xuất - Kỹ Thuật,528,2026,Quyết định,Phó Giám đốc Sản xuất – Kỹ thuật,,2026-05-22,,Đang lưu hành,Nội bộ,Ban hành quy định về chức năng nhiệm vụ của Phó Giám đốc sản xuất-kỹ thuật,,,
data/00. Văn bản Điều hành/[08] Ban Tài chính - Kiểm soát nội bộ/513.QĐ-HCNS-Bổ nhiệm Trợ lý Ban điều hành kiêm phó ban tài chính và kiểm soát nội bộ.21-08-2025.pdf,[08] Ban Tài Chính - Kiểm Soát Nội Bộ,513,2025,Quyết định,Ban Tài chính – Kiểm soát nội bộ,,2025-08-21,,Đang lưu hành,Nội bộ,Bổ nhiệm Trợ lý Ban điều hành kiêm phó ban tài chính và kiểm soát nội bộ,,,
data/00. Văn bản Điều hành/[09] Ban S-H-E/247.QĐ-HCNS-Quyết định Miễn nhiệm vị trí Phó ban SHE.02-07-2025.pdf,[09] Ban S-H-E,247,2025,Quyết định,Ban S-H-E,,2025-07-02,,Đang lưu hành,Nội bộ,Quyết định Miễn nhiệm vị trí Phó ban SHE,,,
data/00. Văn bản Điều hành/[09] Ban S-H-E/527.QĐ-HCNS-Bổ nhiệm vị trí Phó ban An toàn-Sức khỏe-Môi trường.26-08-2025.pdf,[09] Ban S-H-E,527,2025,Quyết định,Ban S-H-E,,2025-08-26,,Đang lưu hành,Nội bộ,Bổ nhiệm vị trí Phó ban An toàn-Sức khỏe-Môi trường,,,
data/00. Văn bản Điều hành/[09] Ban S-H-E/528.QĐ-HCNS-Miễn nhiệm vị trí Trưởng ban An toàn-Sức khỏe-Môi trường.26-08-2025.pdf,[09] Ban S-H-E,528,2025,Quyết định,Ban S-H-E,,2025-08-26,,Đang lưu hành,Nội bộ,Miễn nhiệm vị trí Trưởng ban An toàn-Sức khỏe-Môi trường,,,
"data/00. Văn bản Điều hành/[10] Phòng Kỹ Thuật, Công Nghệ, và Cải Tiến Sản Xuất/122.QĐ-ĐM-Điều chuyển nhân sự.27-02-2026.pdf","[10] Phòng Kỹ Thuật, Công Nghệ và Cải Tiến Sản Xuất",122,2026,Quyết định,"Phòng Kỹ thuật, Công nghệ và Cải tiến Sản xuất",,2026-02-27,,Đang lưu hành,Nội bộ,122.QĐ-ĐM-Điều chuyển nhân sự.27-02-2026,,,
"data/00. Văn bản Điều hành/[10] Phòng Kỹ Thuật, Công Nghệ, và Cải Tiến Sản Xuất/157.2025.QĐ-HCNS-hướng dẫn lộ trình trụ cột lãnh đạo Leadership.21-3-2025.docx","[10] Phòng Kỹ Thuật, Công Nghệ và Cải Tiến Sản Xuất",157,2025,Quyết định,"Phòng Kỹ thuật, Công nghệ và Cải tiến Sản xuất",,2025-03-21,,Đang lưu hành,Nội bộ,hướng dẫn lộ trình trụ cột lãnh đạo Leadership,,,
"data/00. Văn bản Điều hành/[10] Phòng Kỹ Thuật, Công Nghệ, và Cải Tiến Sản Xuất/157.2025.QĐ-HCNS-hướng dẫn lộ trình trụ cột lãnh đạo Leadership.21-3-2025.pdf","[10] Phòng Kỹ Thuật, Công Nghệ và Cải Tiến Sản Xuất",157,2025,Quyết định,"Phòng Kỹ thuật, Công nghệ và Cải tiến Sản xuất",,2025-03-21,,Đang lưu hành,Nội bộ,hướng dẫn lộ trình trụ cột lãnh đạo Leadership,,,
"data/00. Văn bản Điều hành/[10] Phòng Kỹ Thuật, Công Nghệ, và Cải Tiến Sản Xuất/158.2025.QĐ-HCNS-hướng dẫn lộ trình trụ cột bảo trì kế hoạch PM.21-3-2025.docx","[10] Phòng Kỹ Thuật, Công Nghệ và Cải Tiến Sản Xuất",158,2025,Quyết định,"Phòng Kỹ thuật, Công nghệ và Cải tiến Sản xuất",,2025-03-21,,Đang lưu hành,Nội bộ,hướng dẫn lộ trình trụ cột bảo trì kế hoạch PM,,,
"data/00. Văn bản Điều hành/[10] Phòng Kỹ Thuật, Công Nghệ, và Cải Tiến Sản Xuất/158.2025.QĐ-HCNS-hướng dẫn lộ trình trụ cột bảo trì kế hoạch PM.21-3-2025.pdf","[10] Phòng Kỹ Thuật, Công Nghệ và Cải Tiến Sản Xuất",158,2025,Quyết định,"Phòng Kỹ thuật, Công nghệ và Cải tiến Sản xuất",,2025-03-21,,Đang lưu hành,Nội bộ,hướng dẫn lộ trình trụ cột bảo trì kế hoạch PM,,,
"data/00. Văn bản Điều hành/[10] Phòng Kỹ Thuật, Công Nghệ, và Cải Tiến Sản Xuất/158.2025.QĐ-HCNS-Hướng dẫn lộ trình trụ cột bảo trì kế hoạch PM.21-3-2025_1.docx","[10] Phòng Kỹ Thuật, Công Nghệ và Cải Tiến Sản Xuất",158,2025,Quyết định,"Phòng Kỹ thuật, Công nghệ và Cải tiến Sản xuất",,2025-03-21,,Đang lưu hành,Nội bộ,Hướng dẫn lộ trình trụ cột bảo trì kế hoạch PM,,,
"data/00. Văn bản Điều hành/[10] Phòng Kỹ Thuật, Công Nghệ, và Cải Tiến Sản Xuất/158.2025.QĐ-HCNS-Hướng dẫn lộ trình trụ cột bảo trì kế hoạch PM.21-3-2025_1.pdf","[10] Phòng Kỹ Thuật, Công Nghệ và Cải Tiến Sản Xuất",158,2025,Quyết định,"Phòng Kỹ thuật, Công nghệ và Cải tiến Sản xuất",,2025-03-21,,Đang lưu hành,Nội bộ,Hướng dẫn lộ trình trụ cột bảo trì kế hoạch PM,,,
"data/00. Văn bản Điều hành/[10] Phòng Kỹ Thuật, Công Nghệ, và Cải Tiến Sản Xuất/159.2025.QĐ-HCNS-Lưu đồ quy trình điều phối cải tiến sản xuất.21-3-2025.vsdx","[10] Phòng Kỹ Thuật, Công Nghệ và Cải Tiến Sản Xuất",159,2025,Quyết định,"Phòng Kỹ thuật, Công nghệ và Cải tiến Sản xuất",,2025-03-21,,Đang lưu hành,Nội bộ,Lưu đồ quy trình điều phối cải tiến sản xuất,,,
"data/00. Văn bản Điều hành/[10] Phòng Kỹ Thuật, Công Nghệ, và Cải Tiến Sản Xuất/159.2025.QĐ-HCNS-quy trình điều phối cải tiến sản xuất.21-3-2025.docx","[10] Phòng Kỹ Thuật, Công Nghệ và Cải Tiến Sản Xuất",159,2025,Quyết định,"Phòng Kỹ thuật, Công nghệ và Cải tiến Sản xuất",,2025-03-21,,Đang lưu hành,Nội bộ,quy trình điều phối cải tiến sản xuất,,,
"data/00. Văn bản Điều hành/[10] Phòng Kỹ Thuật, Công Nghệ, và Cải Tiến Sản Xuất/159.2025.QĐ-HCNS-quy trình điều phối cải tiến sản xuất.21-3-2025.pdf","[10] Phòng Kỹ Thuật, Công Nghệ và Cải Tiến Sản Xuất",159,2025,Quyết định,"Phòng Kỹ thuật, Công nghệ và Cải tiến Sản xuất",,2025-03-21,,Đang lưu hành,Nội bộ,quy trình điều phối cải tiến sản xuất,,,
"data/00. Văn bản Điều hành/[10] Phòng Kỹ Thuật, Công Nghệ, và Cải Tiến Sản Xuất/167.2025.QĐ-HCNS-Hướng dẫn lộ trình trụ cột bảo trì tự quản AM.24-3-2025.docx","[10] Phòng Kỹ Thuật, Công Nghệ và Cải Tiến Sản Xuất",167,2025,Quyết định,"Phòng Kỹ thuật, Công nghệ và Cải tiến Sản xuất",,2025-03-24,,Đang lưu hành,Nội bộ,Hướng dẫn lộ trình trụ cột bảo trì tự quản AM,,,
"data/00. Văn bản Điều hành/[10] Phòng Kỹ Thuật, Công Nghệ, và Cải Tiến Sản Xuất/167.2025.QĐ-HCNS-Hướng dẫn lộ trình trụ cột bảo trì tự quản AM.24-3-2025.pdf","[10] Phòng Kỹ Thuật, Công Nghệ và Cải Tiến Sản Xuất",167,2025,Quyết định,"Phòng Kỹ thuật, Công nghệ và Cải tiến Sản xuất",,2025-03-24,,Đang lưu hành,Nội bộ,Hướng dẫn lộ trình trụ cột bảo trì tự quản AM,,,
"data/00. Văn bản Điều hành/[10] Phòng Kỹ Thuật, Công Nghệ, và Cải Tiến Sản Xuất/175.2025.QĐ-HCNS-Hướng dẫn lộ trình trụ cột chất lượng tiến bộ PQ.28-3-2025.docx","[10] Phòng Kỹ Thuật, Công Nghệ và Cải Tiến Sản Xuất",175,2025,Quyết định,"Phòng Kỹ thuật, Công nghệ và Cải tiến Sản xuất",,2025-03-28,,Đang lưu hành,Nội bộ,Hướng dẫn lộ trình trụ cột chất lượng tiến bộ PQ,,,
"data/00. Văn bản Điều hành/[10] Phòng Kỹ Thuật, Công Nghệ, và Cải Tiến Sản Xuất/175.2025.QĐ-HCNS-Hướng dẫn lộ trình trụ cột chất lượng tiến bộ PQ.28-3-2025.pdf","[10] Phòng Kỹ Thuật, Công Nghệ và Cải Tiến Sản Xuất",175,2025,Quyết định,"Phòng Kỹ thuật, Công nghệ và Cải tiến Sản xuất",,2025-03-28,,Đang lưu hành,Nội bộ,Hướng dẫn lộ trình trụ cột chất lượng tiến bộ PQ,,,
"data/00. Văn bản Điều hành/[10] Phòng Kỹ Thuật, Công Nghệ, và Cải Tiến Sản Xuất/201.QĐ-HCNS-Bổ nhiệm Chuyên gia cấp 2 kiêm Quản lý phòng Kỹ thuật Công nghệ và cải tiến sản xuất.26-03-2026.pdf","[10] Phòng Kỹ Thuật, Công Nghệ và Cải Tiến Sản Xuất",201,2026,Quyết định,"Phòng Kỹ thuật, Công nghệ và Cải tiến Sản xuất",,2026-03-26,,Đang lưu hành,Nội bộ,Bổ nhiệm Chuyên gia cấp 2 kiêm Quản lý phòng Kỹ thuật Công nghệ và cải tiến sản xuất,,,
"data/00. Văn bản Điều hành/[10] Phòng Kỹ Thuật, Công Nghệ, và Cải Tiến Sản Xuất/225.2025.QĐ-HCNS-quy trình quản lý công thức và thực hiện các công đoạn sản xuất bia.15-4-2025.pdf","[10] Phòng Kỹ Thuật, Công Nghệ và Cải Tiến Sản Xuất",225,2025,Quyết định,"Phòng Kỹ thuật, Công nghệ và Cải tiến Sản xuất",,2025-04-15,,Đang lưu hành,Nội bộ,quy trình quản lý công thức và thực hiện các công đoạn sản xuất bia,,,
"data/00. Văn bản Điều hành/[10] Phòng Kỹ Thuật, Công Nghệ, và Cải Tiến Sản Xuất/231.QĐ-HCNS-Quyết định Điều chuyển nhân sự.19-04-2025.pdf","[10] Phòng Kỹ Thuật, Công Nghệ và Cải Tiến Sản Xuất",231,2025,Quyết định,"Phòng Kỹ thuật, Công nghệ và Cải tiến Sản xuất",,2025-04-19,,Đang lưu hành,Nội bộ,Quyết định Điều chuyển nhân sự,,,
"data/00. Văn bản Điều hành/[10] Phòng Kỹ Thuật, Công Nghệ, và Cải Tiến Sản Xuất/338.QĐ-HCNS-hướng dẫn lộ trình trụ cột an toàn Safety.04-06-2025.pdf","[10] Phòng Kỹ Thuật, Công Nghệ và Cải Tiến Sản Xuất",338,2025,Quyết định,"Phòng Kỹ thuật, Công nghệ và Cải tiến Sản xuất",,2025-06-04,,Đang lưu hành,Nội bộ,hướng dẫn lộ trình trụ cột an toàn Safety,,,
"data/00. Văn bản Điều hành/[10] Phòng Kỹ Thuật, Công Nghệ, và Cải Tiến Sản Xuất/339.QĐ-HCNS-hướng dẫn lộ trình trụ cột kho vận Logistics.04-06-2025.pdf","[10] Phòng Kỹ Thuật, Công Nghệ và Cải Tiến Sản Xuất",339,2025,Quyết định,"Phòng Kỹ thuật, Công nghệ và Cải tiến Sản xuất",,2025-06-04,,Đang lưu hành,Nội bộ,hướng dẫn lộ trình trụ cột kho vận Logistics,,,
"data/00. Văn bản Điều hành/[10] Phòng Kỹ Thuật, Công Nghệ, và Cải Tiến Sản Xuất/359.QĐ-HCNS-hướng dẫn lộ trình trụ cột phát triển Nhân lực và tổ chức POD.13-06-2025.pdf","[10] Phòng Kỹ Thuật, Công Nghệ và Cải Tiến Sản Xuất",359,2025,Quyết định,"Phòng Kỹ thuật, Công nghệ và Cải tiến Sản xuất",,2025-06-13,,Đang lưu hành,Nội bộ,hướng dẫn lộ trình trụ cột phát triển Nhân lực và tổ chức POD,,,
"data/00. Văn bản Điều hành/[10] Phòng Kỹ Thuật, Công Nghệ, và Cải Tiến Sản Xuất/413.2026.QĐ-HCNS-ban hành định mức tiêu hao nguyên nhiên vật liệu năm 2026 đối với các sản phẩm bia hơi bia chai và bia lon.24-04-2026.pdf","[10] Phòng Kỹ Thuật, Công Nghệ và Cải Tiến Sản Xuất",413,2026,Quyết định,"Phòng Kỹ thuật, Công nghệ và Cải tiến Sản xuất",,2026-04-24,,Đang lưu hành,Nội bộ,ban hành định mức tiêu hao nguyên nhiên vật liệu năm 2026 đối với các sản phẩm bia hơi bia chai và bia lon,,,
"data/00. Văn bản Điều hành/[10] Phòng Kỹ Thuật, Công Nghệ, và Cải Tiến Sản Xuất/473.2026.QĐ-HCNS-Ban hành công thức cho dòng bia Sapphire cao độ 14oP-sản xuất tại phân xưởng Đông Mai.14-05-2026.pdf","[10] Phòng Kỹ Thuật, Công Nghệ và Cải Tiến Sản Xuất",473,2026,Quyết định,"Phòng Kỹ thuật, Công nghệ và Cải tiến Sản xuất",,2026-05-14,,Đang lưu hành,Nội bộ,Ban hành công thức cho dòng bia Sapphire cao độ 14oP-sản xuất tại phân xưởng Đông Mai,,,
"data/00. Văn bản Điều hành/[10] Phòng Kỹ Thuật, Công Nghệ, và Cải Tiến Sản Xuất/478.QĐ-R&D-Quyết định Thành lập Ban nghiên cứu và Phát triển sản phẩm mới Ban R&D.04-8-2025.docx","[10] Phòng Kỹ Thuật, Công Nghệ và Cải Tiến Sản Xuất",478,2025,Quyết định,"Phòng Kỹ thuật, Công nghệ và Cải tiến Sản xuất",,2025-08-04,,Đang lưu hành,Nội bộ,478.QĐ-R&D-Quyết định Thành lập Ban nghiên cứu và Phát triển sản phẩm mới Ban R&D.04-8-2025,,,
"data/00. Văn bản Điều hành/[10] Phòng Kỹ Thuật, Công Nghệ, và Cải Tiến Sản Xuất/478.QĐ-R&D-Quyết định Thành lập Ban nghiên cứu và Phát triển sản phẩm mới Ban R&D.04-8-2025.pdf","[10] Phòng Kỹ Thuật, Công Nghệ và Cải Tiến Sản Xuất",478,2025,Quyết định,"Phòng Kỹ thuật, Công nghệ và Cải tiến Sản xuất",,2025-08-04,,Đang lưu hành,Nội bộ,478.QĐ-R&D-Quyết định Thành lập Ban nghiên cứu và Phát triển sản phẩm mới Ban R&D.04-8-2025,,,
"data/00. Văn bản Điều hành/[10] Phòng Kỹ Thuật, Công Nghệ, và Cải Tiến Sản Xuất/479.QĐ-R&D-Quyết định Thành lập Nhóm Brewers(Nhóm kỹ thuật-sản xuất)thuộc ban R&D.04-08-2025.docx","[10] Phòng Kỹ Thuật, Công Nghệ và Cải Tiến Sản Xuất",479,2025,Quyết định,"Phòng Kỹ thuật, Công nghệ và Cải tiến Sản xuất",,2025-08-04,,Đang lưu hành,Nội bộ,479.QĐ-R&D-Quyết định Thành lập Nhóm Brewers(Nhóm kỹ thuật-sản xuất)thuộc ban R&D.04-08-2025,,,
"data/00. Văn bản Điều hành/[10] Phòng Kỹ Thuật, Công Nghệ, và Cải Tiến Sản Xuất/479.QĐ-R&D-Quyết định Thành lập Nhóm Brewers(Nhóm kỹ thuật-sản xuất)thuộc ban R&D.04-08-2025.pdf","[10] Phòng Kỹ Thuật, Công Nghệ và Cải Tiến Sản Xuất",479,2025,Quyết định,"Phòng Kỹ thuật, Công nghệ và Cải tiến Sản xuất",,2025-08-04,,Đang lưu hành,Nội bộ,479.QĐ-R&D-Quyết định Thành lập Nhóm Brewers(Nhóm kỹ thuật-sản xuất)thuộc ban R&D.04-08-2025,,,
"data/00. Văn bản Điều hành/[10] Phòng Kỹ Thuật, Công Nghệ, và Cải Tiến Sản Xuất/745.QĐ-HCNS-Bổ nhiệm Trưởng bộ phận công nghệ-P.kỹ thuật CN và CTSX.15-10-2025.pdf","[10] Phòng Kỹ Thuật, Công Nghệ và Cải Tiến Sản Xuất",745,2025,Quyết định,"Phòng Kỹ thuật, Công nghệ và Cải tiến Sản xuất",,2025-10-15,,Đang lưu hành,Nội bộ,Bổ nhiệm Trưởng bộ phận công nghệ-P.kỹ thuật CN và CTSX,,,
"data/00. Văn bản Điều hành/[10] Phòng Kỹ Thuật, Công Nghệ, và Cải Tiến Sản Xuất/820.QĐ-BHL-Mô tả công việc Phòng KTCN & CTSX ban hành.31-10-2024.pdf","[10] Phòng Kỹ Thuật, Công Nghệ và Cải Tiến Sản Xuất",820,2024,Quyết định,"Phòng Kỹ thuật, Công nghệ và Cải tiến Sản xuất",,2024-10-31,,Đang lưu hành,Nội bộ,820.QĐ-BHL-Mô tả công việc Phòng KTCN & CTSX ban hành.31-10-2024,,,
data/00. Văn bản Điều hành/[11] Phòng Vận hành Kinh Doanh/586.QĐ-HCNS-Bổ nhiệm Trưởng bộ phận tác nghiệp kinh doanh.04-09-2025.pdf,[11] Phòng Vận Hành Kinh Doanh,586,2025,Quyết định,Phòng Vận hành Kinh doanh,,2025-09-04,,Đang lưu hành,Nội bộ,Bổ nhiệm Trưởng bộ phận tác nghiệp kinh doanh,,,
data/00. Văn bản Điều hành/[12] Phòng Marketing/760.QĐ-HCNS-Tạm thời đình chỉ công việc đối với bà Nguyễn Vũ Hà Vân-Trưởng bộ phận PG.27-10-2025.pdf,[12] Phòng Marketing,760,2025,Quyết định,Phòng Marketing,,2025-10-27,,Đang lưu hành,Nội bộ,Tạm thời đình chỉ công việc đối với bà Nguyễn Vũ Hà Vân-Trưởng bộ phận PG,,,
data/00. Văn bản Điều hành/[12] Phòng Marketing/785.QĐ-HLB-Xử lý kỷ luật lao động.12-11-2025.pdf,[12] Phòng Marketing,785,2025,Quyết định,Phòng Marketing,,2025-11-12,,Đang lưu hành,Nội bộ,785.QĐ-HLB-Xử lý kỷ luật lao động.12-11-2025,,,
data/00. Văn bản Điều hành/[13] Phòng Kinh doanh Bia hơi/808.QĐ-HCNS-Miễn nhiệm vị trí Trưởng phòng-Phòng kinh doanh bia hơi.27-11-2025.pdf,[13] Phòng Kinh Doanh Bia Hơi,808,2025,Quyết định,Phòng Kinh doanh Bia hơi,,2025-11-27,,Đang lưu hành,Nội bộ,Miễn nhiệm vị trí Trưởng phòng-Phòng kinh doanh bia hơi,,,
data/00. Văn bản Điều hành/[13] Phòng Kinh doanh Bia hơi/809.QĐ-HCNS-Bổ nhiệm vị trí Phó phòng-Phòng kinh doanh bia hơi.27-11-2025.pdf,[13] Phòng Kinh Doanh Bia Hơi,809,2025,Quyết định,Phòng Kinh doanh Bia hơi,,2025-11-27,,Đang lưu hành,Nội bộ,Bổ nhiệm vị trí Phó phòng-Phòng kinh doanh bia hơi,,,
data/00. Văn bản Điều hành/[14] Phòng Kế Toán/313.QĐ-HCNS-Quyết định Ban hành quy trình khóa sổ kế toán.24-05-2025.pdf,[14] Phòng Kế Toán,313,2025,Quyết định,Phòng Kế toán,,2025-05-24,,Đang lưu hành,Nội bộ,Quyết định Ban hành quy trình khóa sổ kế toán,,,
data/00. Văn bản Điều hành/[14] Phòng Kế Toán/346.QĐ-HCNS-Quyết định Ban hành quy trình lập và nộp báo cáo tài chính.10-06-2025.pdf,[14] Phòng Kế Toán,346,2025,Quyết định,Phòng Kế toán,,2025-06-10,,Đang lưu hành,Nội bộ,Quyết định Ban hành quy trình lập và nộp báo cáo tài chính,,,
data/00. Văn bản Điều hành/[14] Phòng Kế Toán/347.2025.QĐ-HCNS-Quyết định Ban hành hướng dẫn nghiệp vụ quyết toán biển quảng cáo trên thị trường.10-06-2025.pdf,[14] Phòng Kế Toán,347,2025,Quyết định,Phòng Kế toán,,2025-06-10,,Đang lưu hành,Nội bộ,Quyết định Ban hành hướng dẫn nghiệp vụ quyết toán biển quảng cáo trên thị trường,,,
data/00. Văn bản Điều hành/[14] Phòng Kế Toán/349.QĐ-HCNS-Quyết định Ban hành quy trình tính giá thành.10-06-2025.docx,[14] Phòng Kế Toán,349,2025,Quyết định,Phòng Kế toán,,2025-06-10,,Đang lưu hành,Nội bộ,Quyết định Ban hành quy trình tính giá thành,,,
data/00. Văn bản Điều hành/[14] Phòng Kế Toán/349.QĐ-HCNS-Quyết định Ban hành quy trình tính giá thành.10-06-2025.pdf,[14] Phòng Kế Toán,349,2025,Quyết định,Phòng Kế toán,,2025-06-10,,Đang lưu hành,Nội bộ,Quyết định Ban hành quy trình tính giá thành,,,
data/00. Văn bản Điều hành/[14] Phòng Kế Toán/38.2024.QĐ-NS-Quy định về chức năng nhiệm vụ và cơ cấu tổ chức của Phòng Kế Toán.02-01-2024.docx,[14] Phòng Kế Toán,38,2024,Quyết định,Phòng Kế toán,,2024-01-02,,Đang lưu hành,Nội bộ,38.2024.QĐ-NS-Quy định về chức năng nhiệm vụ và cơ cấu tổ chức của Phòng Kế Toán.02-01-2024,,,
data/00. Văn bản Điều hành/[14] Phòng Kế Toán/38.2024.QĐ-NS-Quy định về chức năng nhiệm vụ và cơ cấu tổ chức của Phòng Kế Toán.02-01-2024.pdf,[14] Phòng Kế Toán,38,2024,Quyết định,Phòng Kế toán,,2024-01-02,,Đang lưu hành,Nội bộ,38.2024.QĐ-NS-Quy định về chức năng nhiệm vụ và cơ cấu tổ chức của Phòng Kế Toán.02-01-2024,,,
data/00. Văn bản Điều hành/[14] Phòng Kế Toán/412.TB-KT-Thông báo thanh toán theo Nghị định số 181-2025-NĐ-CP ban hành ngày 01 tháng 07 năm 2025.08-07-2025.pdf,[14] Phòng Kế Toán,412,2025,Thông báo,Phòng Kế toán,,2025-07-08,,Đang lưu hành,Nội bộ,Thông báo thanh toán theo Nghị định số 181-2025-NĐ-CP ban hành ngày 01 tháng 07 năm 2025,,,
data/00. Văn bản Điều hành/[14] Phòng Kế Toán/45.QĐ-HCNS-Quyết định của Tổng Giám Đốc Công ty ban hành quy trình kiểm kê tài sản và hàng tồn kho.23-01-2025.docx,[14] Phòng Kế Toán,45,2025,Quyết định,Phòng Kế toán,,2025-01-23,,Đang lưu hành,Nội bộ,Quyết định của Tổng Giám Đốc Công ty ban hành quy trình kiểm kê tài sản và hàng tồn kho,,,
data/00. Văn bản Điều hành/[14] Phòng Kế Toán/45.QĐ-HCNS-Quyết định của Tổng Giám Đốc Công ty ban hành quy trình kiểm kê tài sản và hàng tồn kho.23-01-2025.pdf,[14] Phòng Kế Toán,45,2025,Quyết định,Phòng Kế toán,,2025-01-23,,Đang lưu hành,Nội bộ,Quyết định của Tổng Giám Đốc Công ty ban hành quy trình kiểm kê tài sản và hàng tồn kho,,,
"data/00. Văn bản Điều hành/[14] Phòng Kế Toán/462.2026.QĐ-HCNS-thành lập tổ thanh lý tài sản, công cụ dụng cụ năm 2026.09-05-2026.pdf",[14] Phòng Kế Toán,462,2026,Quyết định,Phòng Kế toán,,2026-05-09,,Đang lưu hành,Nội bộ,"thành lập tổ thanh lý tài sản, công cụ dụng cụ năm 2026",,,
data/00. Văn bản Điều hành/[14] Phòng Kế Toán/481.2026.QĐ-HCNS-Giao định mức tiêu hao nhiên liệu đối với xe con 5 chỗ 14A-509.30.15-05-2026.pdf,[14] Phòng Kế Toán,481,2026,Quyết định,Phòng Kế toán,,2026-05-15,,Đang lưu hành,Nội bộ,Giao định mức tiêu hao nhiên liệu đối với xe con 5 chỗ 14A-509.30,,,
data/00. Văn bản Điều hành/[14] Phòng Kế Toán/526.QĐ-HCNS-Bổ nhiệm Kế toán trưởng-Trưởng phòng kế toán.26-08-2025.pdf,[14] Phòng Kế Toán,526,2025,Quyết định,Phòng Kế toán,,2025-08-26,,Đang lưu hành,Nội bộ,Bổ nhiệm Kế toán trưởng-Trưởng phòng kế toán,,,
data/00. Văn bản Điều hành/[14] Phòng Kế Toán/721.QĐ-HCNS-giao định mức tiêu hao nhiên liệu đối với xe con 05 chỗ 14A-736.53.06-10-2025.pdf,[14] Phòng Kế Toán,721,2025,Quyết định,Phòng Kế toán,,2025-10-06,,Đang lưu hành,Nội bộ,giao định mức tiêu hao nhiên liệu đối với xe con 05 chỗ 14A-736.53,,,
data/00. Văn bản Điều hành/[14] Phòng Kế Toán/763.QĐ-HCNS-ban hành hướng dẫn thanh toán công tác phí.30-10-2025.pdf,[14] Phòng Kế Toán,763,2025,Quyết định,Phòng Kế toán,,2025-10-30,,Đang lưu hành,Nội bộ,ban hành hướng dẫn thanh toán công tác phí,,,
"data/00. Văn bản Điều hành/[14] Phòng Kế Toán/836.QĐ-HCNS-Thực hiện kiểm kê vật tư, tài sản, tiền vốn, CCDC năm 2025.12-12-2025.pdf",[14] Phòng Kế Toán,836,2025,Quyết định,Phòng Kế toán,,2025-12-12,,Đang lưu hành,Nội bộ,"Thực hiện kiểm kê vật tư, tài sản, tiền vốn, CCDC năm 2025",,,
"data/00. Văn bản Điều hành/[14] Phòng Kế Toán/889.QĐ-HCNS-Quyết định của Tổng Giám Đốc Công ty Thực hiện Kiểm kê vật tư, tài sản, công cụ dụng cụ năm 2024.09-12-2024.pdf",[14] Phòng Kế Toán,889,2024,Quyết định,Phòng Kế toán,,2024-12-09,,Đang lưu hành,Nội bộ,"Quyết định của Tổng Giám Đốc Công ty Thực hiện Kiểm kê vật tư, tài sản, công cụ dụng cụ năm 2024",,,
data/00. Văn bản Điều hành/[15] Phòng Kế Hoạch - Vât Tư/01.08.2023.Hướng dẫn mua vật tư dịch vụ-HD-KH-01.pdf,[15] Phòng Kế Hoạch - Vật Tư,01,2023,Hướng dẫn,Phòng Kế hoạch – Vật tư,,2023-08-01,,Đang lưu hành,Nội bộ,01.08.2023.Hướng dẫn mua vật tư dịch vụ-HD-KH-01,,,
data/00. Văn bản Điều hành/[15] Phòng Kế Hoạch - Vât Tư/05.QĐ-NS-Quy trình đánh giá Nhà Cung Cấp.01.08.2022.pdf,[15] Phòng Kế Hoạch - Vật Tư,05,2022,Quyết định,Phòng Kế hoạch – Vật tư,,2022-08-01,,Đang lưu hành,Nội bộ,05.QĐ-NS-Quy trình đánh giá Nhà Cung Cấp.01.08.2022,,,
data/00. Văn bản Điều hành/[15] Phòng Kế Hoạch - Vât Tư/15.08.2023.Hướng dẫn mua hàng hóa dịch vụ-HD-KH-01.pdf,[15] Phòng Kế Hoạch - Vật Tư,15,2023,Hướng dẫn,Phòng Kế hoạch – Vật tư,,2023-08-15,,Đang lưu hành,Nội bộ,15.08.2023.Hướng dẫn mua hàng hóa dịch vụ-HD-KH-01,,,
data/00. Văn bản Điều hành/[15] Phòng Kế Hoạch - Vât Tư/300.QĐ-HCNS-Bổ nhiệm Trưởng bộ phận kho-Phòng kế hoạch vật tư.30-03-2026.pdf,[15] Phòng Kế Hoạch - Vật Tư,300,2026,Quyết định,Phòng Kế hoạch – Vật tư,,2026-03-30,,Đang lưu hành,Nội bộ,Bổ nhiệm Trưởng bộ phận kho-Phòng kế hoạch vật tư,,,
"data/00. Văn bản Điều hành/[15] Phòng Kế Hoạch - Vât Tư/36.QĐ-NS-Quy định về Chức năng, nhiệm vụ, và cơ cấu tổ chức của Phòng Kế Hoạch-Vật Tư.02-01-2024.docx",[15] Phòng Kế Hoạch - Vật Tư,36,2024,Quyết định,Phòng Kế hoạch – Vật tư,,2024-01-02,,Đang lưu hành,Nội bộ,"36.QĐ-NS-Quy định về Chức năng, nhiệm vụ, và cơ cấu tổ chức của Phòng Kế Hoạch-Vật Tư.02-01-2024",,,
"data/00. Văn bản Điều hành/[15] Phòng Kế Hoạch - Vât Tư/36.QĐ-NS-Quy định về Chức năng, nhiệm vụ, và cơ cấu tổ chức của Phòng Kế Hoạch-Vật Tư.02-01-2024.pdf",[15] Phòng Kế Hoạch - Vật Tư,36,2024,Quyết định,Phòng Kế hoạch – Vật tư,,2024-01-02,,Đang lưu hành,Nội bộ,"36.QĐ-NS-Quy định về Chức năng, nhiệm vụ, và cơ cấu tổ chức của Phòng Kế Hoạch-Vật Tư.02-01-2024",,,
data/00. Văn bản Điều hành/[15] Phòng Kế Hoạch - Vât Tư/436.QĐ-HCNS-Quyết định Ban hành quy trình giao và lập kế hoạch.22.07.2025.docx,[15] Phòng Kế Hoạch - Vật Tư,436,2025,Quyết định,Phòng Kế hoạch – Vật tư,,2025-07-22,,Đang lưu hành,Nội bộ,Quyết định Ban hành quy trình giao và lập kế hoạch,,,
data/00. Văn bản Điều hành/[15] Phòng Kế Hoạch - Vât Tư/436.QĐ-HCNS-Quyết định Ban hành quy trình giao và lập kế hoạch.22.07.2025.pdf,[15] Phòng Kế Hoạch - Vật Tư,436,2025,Quyết định,Phòng Kế hoạch – Vật tư,,2025-07-22,,Đang lưu hành,Nội bộ,Quyết định Ban hành quy trình giao và lập kế hoạch,,,
data/00. Văn bản Điều hành/[15] Phòng Kế Hoạch - Vât Tư/455.2025.QĐ-HCNS-Quyết định Ban hành quy chế mua sắm.25-7-2025.docx,[15] Phòng Kế Hoạch - Vật Tư,455,2025,Quyết định,Phòng Kế hoạch – Vật tư,,2025-07-25,,Đang lưu hành,Nội bộ,Quyết định Ban hành quy chế mua sắm,,,
data/00. Văn bản Điều hành/[15] Phòng Kế Hoạch - Vât Tư/455.2025.QĐ-HCNS-Quyết định Ban hành quy chế mua sắm.25-7-2025.pdf,[15] Phòng Kế Hoạch - Vật Tư,455,2025,Quyết định,Phòng Kế hoạch – Vật tư,,2025-07-25,,Đang lưu hành,Nội bộ,Quyết định Ban hành quy chế mua sắm,,,
data/00. Văn bản Điều hành/[15] Phòng Kế Hoạch - Vât Tư/470.QĐ-NS-Ban hành mẫu Hợp Đồng Nguyên Tắc thực hiện trong Công ty.28-05-2024.pdf,[15] Phòng Kế Hoạch - Vật Tư,470,2024,Quyết định,Phòng Kế hoạch – Vật tư,,2024-05-28,,Đang lưu hành,Nội bộ,470.QĐ-NS-Ban hành mẫu Hợp Đồng Nguyên Tắc thực hiện trong Công ty.28-05-2024,,,
data/00. Văn bản Điều hành/[15] Phòng Kế Hoạch - Vât Tư/477.QĐ-HCNS-Bổ nhiệm Phó phòng Kế hoạch vật tư.15-05-2026.docx,[15] Phòng Kế Hoạch - Vật Tư,477,2026,Quyết định,Phòng Kế hoạch – Vật tư,,2026-05-15,,Đang lưu hành,Nội bộ,Bổ nhiệm Phó phòng Kế hoạch vật tư,,,
data/00. Văn bản Điều hành/[15] Phòng Kế Hoạch - Vât Tư/477.QĐ-HCNS-Bổ nhiệm Phó phòng Kế hoạch vật tư.15-05-2026.pdf,[15] Phòng Kế Hoạch - Vật Tư,477,2026,Quyết định,Phòng Kế hoạch – Vật tư,,2026-05-15,,Đang lưu hành,Nội bộ,Bổ nhiệm Phó phòng Kế hoạch vật tư,,,
data/00. Văn bản Điều hành/[15] Phòng Kế Hoạch - Vât Tư/478.QĐ-HCNS-Kiêm nhiệm chức danh cho bà Phạm Kiều Anh.15-05-2026.pdf,[15] Phòng Kế Hoạch - Vật Tư,478,2026,Quyết định,Phòng Kế hoạch – Vật tư,,2026-05-15,,Đang lưu hành,Nội bộ,Kiêm nhiệm chức danh cho bà Phạm Kiều Anh,,,
data/00. Văn bản Điều hành/[15] Phòng Kế Hoạch - Vât Tư/479.QĐ-HCNS-Bổ nhiệm Trưởng phòng Kế hoạch vật tư.15-05-2026.pdf,[15] Phòng Kế Hoạch - Vật Tư,479,2026,Quyết định,Phòng Kế hoạch – Vật tư,,2026-05-15,,Đang lưu hành,Nội bộ,Bổ nhiệm Trưởng phòng Kế hoạch vật tư,,,
data/00. Văn bản Điều hành/[15] Phòng Kế Hoạch - Vât Tư/482.2026-QĐ-HCNS-Ban hành quy trình cấp phát văn phòng phẩm-vật rẻ.15.05.2026.pdf,[15] Phòng Kế Hoạch - Vật Tư,482,2026,Quyết định,Phòng Kế hoạch – Vật tư,,2026-05-15,,Đang lưu hành,Nội bộ,Ban hành quy trình cấp phát văn phòng phẩm-vật rẻ,,,
data/00. Văn bản Điều hành/[15] Phòng Kế Hoạch - Vât Tư/489.2026-QĐ-HCNS-Ban hành quy định về chức năng nhiệm vụ và cơ cấu tổ chức của phòng Kế hoạch vật tư.15-05-2026.pdf,[15] Phòng Kế Hoạch - Vật Tư,489,2026,Quyết định,Phòng Kế hoạch – Vật tư,,2026-05-15,,Đang lưu hành,Nội bộ,Ban hành quy định về chức năng nhiệm vụ và cơ cấu tổ chức của phòng Kế hoạch vật tư,,,
data/00. Văn bản Điều hành/[15] Phòng Kế Hoạch - Vât Tư/596.QĐ-HCNS-Bổ nhiệm Trưởng bộ phận kế hoạch-Phòng kế hoạch vật tư.11-09-2025.pdf,[15] Phòng Kế Hoạch - Vật Tư,596,2025,Quyết định,Phòng Kế hoạch – Vật tư,,2025-09-11,,Đang lưu hành,Nội bộ,Bổ nhiệm Trưởng bộ phận kế hoạch-Phòng kế hoạch vật tư,,,
data/00. Văn bản Điều hành/[15] Phòng Kế Hoạch - Vât Tư/597.QĐ-HCNS-Bổ nhiệm Trưởng bộ phận mua hàng-Phòng kế hoạch vật tư.11-09-2025.docx,[15] Phòng Kế Hoạch - Vật Tư,597,2025,Quyết định,Phòng Kế hoạch – Vật tư,,2025-09-11,,Đang lưu hành,Nội bộ,Bổ nhiệm Trưởng bộ phận mua hàng-Phòng kế hoạch vật tư,,,
data/00. Văn bản Điều hành/[15] Phòng Kế Hoạch - Vât Tư/597.QĐ-HCNS-Bổ nhiệm Trưởng bộ phận mua hàng-Phòng kế hoạch vật tư.11-09-2025.pdf,[15] Phòng Kế Hoạch - Vật Tư,597,2025,Quyết định,Phòng Kế hoạch – Vật tư,,2025-09-11,,Đang lưu hành,Nội bộ,Bổ nhiệm Trưởng bộ phận mua hàng-Phòng kế hoạch vật tư,,,
data/00. Văn bản Điều hành/[15] Phòng Kế Hoạch - Vât Tư/598.QĐ-HCNS-Bổ nhiệm Phó phòng kế hoạch vật tư.11-09-2025.docx,[15] Phòng Kế Hoạch - Vật Tư,598,2025,Quyết định,Phòng Kế hoạch – Vật tư,,2025-09-11,,Đang lưu hành,Nội bộ,Bổ nhiệm Phó phòng kế hoạch vật tư,,,
data/00. Văn bản Điều hành/[15] Phòng Kế Hoạch - Vât Tư/598.QĐ-HCNS-Bổ nhiệm Phó phòng kế hoạch vật tư.11-09-2025.pdf,[15] Phòng Kế Hoạch - Vật Tư,598,2025,Quyết định,Phòng Kế hoạch – Vật tư,,2025-09-11,,Đang lưu hành,Nội bộ,Bổ nhiệm Phó phòng kế hoạch vật tư,,,
data/00. Văn bản Điều hành/[16] Phòng Hành chính - Nhân sự/132.2026.QĐ-ĐM-Thưởng nhân ngày 8-3-2026.05-03-2026.pdf,[16] Phòng Hành Chính - Nhân Sự,132,2026,Quyết định,Phòng Hành chính – Nhân sự,,2026-03-08,,Đang lưu hành,Nội bộ,132.2026.QĐ-ĐM-Thưởng nhân ngày 8-3-2026.05-03-2026,,,
data/00. Văn bản Điều hành/[16] Phòng Hành chính - Nhân sự/169.2025.QĐ-HCNS-Ban hành Quy trình đi công tác.25-3-2025.docx,[16] Phòng Hành Chính - Nhân Sự,169,2025,Quyết định,Phòng Hành chính – Nhân sự,,2025-03-25,,Đang lưu hành,Nội bộ,Ban hành Quy trình đi công tác,,,
data/00. Văn bản Điều hành/[16] Phòng Hành chính - Nhân sự/169.2025.QĐ-HCNS-Ban hành Quy trình đi công tác.25-3-2025.pdf,[16] Phòng Hành Chính - Nhân Sự,169,2025,Quyết định,Phòng Hành chính – Nhân sự,,2025-03-25,,Đang lưu hành,Nội bộ,Ban hành Quy trình đi công tác,,,
data/00. Văn bản Điều hành/[16] Phòng Hành chính - Nhân sự/170.2025.QĐ-HCNS-Ban hành Quy trình quản lý văn bản đến văn bản đi.25-3-2025.docx,[16] Phòng Hành Chính - Nhân Sự,170,2025,Quyết định,Phòng Hành chính – Nhân sự,,2025-03-25,,Đang lưu hành,Nội bộ,Ban hành Quy trình quản lý văn bản đến văn bản đi,,,
data/00. Văn bản Điều hành/[16] Phòng Hành chính - Nhân sự/170.2025.QĐ-HCNS-Ban hành Quy trình quản lý văn bản đến văn bản đi.25-3-2025.pdf,[16] Phòng Hành Chính - Nhân Sự,170,2025,Quyết định,Phòng Hành chính – Nhân sự,,2025-03-25,,Đang lưu hành,Nội bộ,Ban hành Quy trình quản lý văn bản đến văn bản đi,,,
data/00. Văn bản Điều hành/[16] Phòng Hành chính - Nhân sự/170.2025.QĐ-HCNS-Quy trình quản lý văn bản đến văn bản đi.25-3-2025.pdf,[16] Phòng Hành Chính - Nhân Sự,170,2025,Quyết định,Phòng Hành chính – Nhân sự,,2025-03-25,,Đang lưu hành,Nội bộ,Quy trình quản lý văn bản đến văn bản đi,,,
data/00. Văn bản Điều hành/[16] Phòng Hành chính - Nhân sự/177.2026.QĐ-HCNS-Thưởng thêm cho mỗi CBNV 01 vỉ bia Idol.05-2-2026.pdf,[16] Phòng Hành Chính - Nhân Sự,177,2026,Quyết định,Phòng Hành chính – Nhân sự,,2026-02-05,,Đang lưu hành,Nội bộ,Thưởng thêm cho mỗi CBNV 01 vỉ bia Idol,,,
data/00. Văn bản Điều hành/[16] Phòng Hành chính - Nhân sự/201.2026.QĐ-HCNS-Bổ nhiệm Chuyên gia cấp 2 kiêm Quản lý phòng Kỹ thuật Công nghệ và cải tiến sản xuất.26-03-2026.pdf,[16] Phòng Hành Chính - Nhân Sự,201,2026,Quyết định,Phòng Hành chính – Nhân sự,,2026-03-26,,Đang lưu hành,Nội bộ,Bổ nhiệm Chuyên gia cấp 2 kiêm Quản lý phòng Kỹ thuật Công nghệ và cải tiến sản xuất,,,
"data/00. Văn bản Điều hành/[16] Phòng Hành chính - Nhân sự/208.QĐ-HCNS-Quyết đinh không tổ chức hoạt động chăn nuôi gia súc, gia cầm tại khuôn viên nhà máy.01-06-2025.pdf",[16] Phòng Hành Chính - Nhân Sự,208,2025,Quyết định,Phòng Hành chính – Nhân sự,,2025-06-01,,Đang lưu hành,Nội bộ,"Quyết đinh không tổ chức hoạt động chăn nuôi gia súc, gia cầm tại khuôn viên nhà máy",,,
"data/00. Văn bản Điều hành/[16] Phòng Hành chính - Nhân sự/217.2026-QĐ-HCNS-Áp dụng thời gian làm việc cho nhân viên lái xe khi cho xe ô tô đi đăng ký ,đăng kiểm.27-2-2026.pdf",[16] Phòng Hành Chính - Nhân Sự,217,2026,Quyết định,Phòng Hành chính – Nhân sự,,2026-02-27,,Đang lưu hành,Nội bộ,"Áp dụng thời gian làm việc cho nhân viên lái xe khi cho xe ô tô đi đăng ký ,đăng kiểm",,,
"data/00. Văn bản Điều hành/[16] Phòng Hành chính - Nhân sự/224.2025.QĐ-HCNS-Quyết định Ban hành quy trình xây dựng, điều chỉnh định biên Nhân sự.15-4-2025.docx",[16] Phòng Hành Chính - Nhân Sự,224,2025,Quyết định,Phòng Hành chính – Nhân sự,,2025-04-15,,Đang lưu hành,Nội bộ,"Quyết định Ban hành quy trình xây dựng, điều chỉnh định biên Nhân sự",,,
"data/00. Văn bản Điều hành/[16] Phòng Hành chính - Nhân sự/224.2025.QĐ-HCNS-Quyết định Ban hành quy trình xây dựng, điều chỉnh định biên Nhân sự.15-4-2025.pdf",[16] Phòng Hành Chính - Nhân Sự,224,2025,Quyết định,Phòng Hành chính – Nhân sự,,2025-04-15,,Đang lưu hành,Nội bộ,"Quyết định Ban hành quy trình xây dựng, điều chỉnh định biên Nhân sự",,,
data/00. Văn bản Điều hành/[16] Phòng Hành chính - Nhân sự/231.QĐ-HCNS-Quyết định Điều chuyển nhân sự.19-4-2025.pdf,[16] Phòng Hành Chính - Nhân Sự,231,2025,Quyết định,Phòng Hành chính – Nhân sự,,2025-04-19,,Đang lưu hành,Nội bộ,Quyết định Điều chuyển nhân sự,,,
data/00. Văn bản Điều hành/[16] Phòng Hành chính - Nhân sự/233.2026.QĐ-HCNS-Thưởng nhân ngày 8-3-2026.05-03-2026.pdf,[16] Phòng Hành Chính - Nhân Sự,233,2026,Quyết định,Phòng Hành chính – Nhân sự,,2026-03-08,,Đang lưu hành,Nội bộ,Thưởng nhân ngày,,,
data/00. Văn bản Điều hành/[16] Phòng Hành chính - Nhân sự/239.2025.QĐ-HCNS-Quyết định Ban hành quy trình đánh giá hiệu quả công việc.23-4-2025.pdf,[16] Phòng Hành Chính - Nhân Sự,239,2025,Quyết định,Phòng Hành chính – Nhân sự,,2025-04-23,,Đang lưu hành,Nội bộ,Quyết định Ban hành quy trình đánh giá hiệu quả công việc,,,
data/00. Văn bản Điều hành/[16] Phòng Hành chính - Nhân sự/246.QĐ-HCNS-Quyết định Bổ nhiệm Phó quản đốc Phân xưởng sản xuất Bia Đông Mai.02-07-2025.pdf,[16] Phòng Hành Chính - Nhân Sự,246,2025,Quyết định,Phòng Hành chính – Nhân sự,,2025-07-02,,Đang lưu hành,Nội bộ,Quyết định Bổ nhiệm Phó quản đốc Phân xưởng sản xuất Bia Đông Mai,,,
data/00. Văn bản Điều hành/[16] Phòng Hành chính - Nhân sự/247.QĐ-HCNS-Quyết định Miễn nhiệm vị trí Phó ban SHE.02-07-2025.pdf,[16] Phòng Hành Chính - Nhân Sự,247,2025,Quyết định,Phòng Hành chính – Nhân sự,,2025-07-02,,Đang lưu hành,Nội bộ,Quyết định Miễn nhiệm vị trí Phó ban SHE,,,
"data/00. Văn bản Điều hành/[16] Phòng Hành chính - Nhân sự/248.2026.QĐ-HCNS-Ban hành danh mục KPIs Khối vận hành và Chuỗi cung ứng, Khối tài chính và Quản trị.13-03-2026.pdf",[16] Phòng Hành Chính - Nhân Sự,248,2026,Quyết định,Phòng Hành chính – Nhân sự,,2026-03-13,,Đang lưu hành,Nội bộ,"Ban hành danh mục KPIs Khối vận hành và Chuỗi cung ứng, Khối tài chính và Quản trị",,,
data/00. Văn bản Điều hành/[16] Phòng Hành chính - Nhân sự/257.QĐ-HCNS-Quyết định Điều chuyển nhân sự.02-05-2025.pdf,[16] Phòng Hành Chính - Nhân Sự,257,2025,Quyết định,Phòng Hành chính – Nhân sự,,2025-05-02,,Đang lưu hành,Nội bộ,Quyết định Điều chuyển nhân sự,,,
data/00. Văn bản Điều hành/[16] Phòng Hành chính - Nhân sự/28.2026.QĐ-HCNS-Tổ chức Hội nghị người lao động và tổng kết năm 2025.07-01-2026.pdf,[16] Phòng Hành Chính - Nhân Sự,28,2026,Quyết định,Phòng Hành chính – Nhân sự,,2026-01-07,,Đang lưu hành,Nội bộ,Tổ chức Hội nghị người lao động và tổng kết năm 2025,,,
"data/00. Văn bản Điều hành/[16] Phòng Hành chính - Nhân sự/286.QĐ-HCNS-Quyết định ban hành quy trình xử lý khiếu nại , giải đáp thắc mắc của người lao động.14-05-2025.pdf",[16] Phòng Hành Chính - Nhân Sự,286,2025,Quyết định,Phòng Hành chính – Nhân sự,,2025-05-14,,Đang lưu hành,Nội bộ,"Quyết định ban hành quy trình xử lý khiếu nại , giải đáp thắc mắc của người lao động",,,
data/00. Văn bản Điều hành/[16] Phòng Hành chính - Nhân sự/287.2026.QĐ-HCNS-Hướng dẫn thanh toán công tác phí.26-03-2026.docx,[16] Phòng Hành Chính - Nhân Sự,287,2026,Quyết định,Phòng Hành chính – Nhân sự,,2026-03-26,,Đang lưu hành,Nội bộ,Hướng dẫn thanh toán công tác phí,,,
data/00. Văn bản Điều hành/[16] Phòng Hành chính - Nhân sự/287.2026.QĐ-HCNS-Hướng dẫn thanh toán công tác phí.26-03-2026.pdf,[16] Phòng Hành Chính - Nhân Sự,287,2026,Quyết định,Phòng Hành chính – Nhân sự,,2026-03-26,,Đang lưu hành,Nội bộ,Hướng dẫn thanh toán công tác phí,,,
data/00. Văn bản Điều hành/[16] Phòng Hành chính - Nhân sự/301.2026.QĐ-HCNS-ban hành quy trình phối hợp quản lý lao động thuê lại.30-03-2026.pdf,[16] Phòng Hành Chính - Nhân Sự,301,2026,Quyết định,Phòng Hành chính – Nhân sự,,2026-03-30,,Đang lưu hành,Nội bộ,ban hành quy trình phối hợp quản lý lao động thuê lại,,,
data/00. Văn bản Điều hành/[16] Phòng Hành chính - Nhân sự/302.QĐ-HCNS-Quyết định Ban hành mẫu hợp đồng đào tạo.22-05-2025.pdf,[16] Phòng Hành Chính - Nhân Sự,302,2025,Quyết định,Phòng Hành chính – Nhân sự,,2025-05-22,,Đang lưu hành,Nội bộ,Quyết định Ban hành mẫu hợp đồng đào tạo,,,
data/00. Văn bản Điều hành/[16] Phòng Hành chính - Nhân sự/303.QĐ-HCNS-Bổ nhiệm Trưởng phòng cơ điện.25-08-2025.pdf,[16] Phòng Hành Chính - Nhân Sự,303,2025,Quyết định,Phòng Hành chính – Nhân sự,,2025-08-25,,Đang lưu hành,Nội bộ,Bổ nhiệm Trưởng phòng cơ điện,,,
data/00. Văn bản Điều hành/[16] Phòng Hành chính - Nhân sự/304.2026.QĐ-HCNS-ban hành sơ đồ tổ chức Công ty Cổ phần Bia-Nước giải khát Hạ Long.30-03-2026.pdf,[16] Phòng Hành Chính - Nhân Sự,304,2026,Quyết định,Phòng Hành chính – Nhân sự,,2026-03-30,,Đang lưu hành,Nội bộ,ban hành sơ đồ tổ chức Công ty Cổ phần Bia-Nước giải khát Hạ Long,,,
data/00. Văn bản Điều hành/[16] Phòng Hành chính - Nhân sự/304.QĐ-HCNS-Kiêm nhiệm chức danh.25-08-2025.pdf,[16] Phòng Hành Chính - Nhân Sự,304,2025,Quyết định,Phòng Hành chính – Nhân sự,,2025-08-25,,Đang lưu hành,Nội bộ,Kiêm nhiệm chức danh,,,
data/00. Văn bản Điều hành/[16] Phòng Hành chính - Nhân sự/305.QĐ-HCNS-Miễn nhiệm vị trí Trưởng phòng cơ điện.25-08-2025.pdf,[16] Phòng Hành Chính - Nhân Sự,305,2025,Quyết định,Phòng Hành chính – Nhân sự,,2025-08-25,,Đang lưu hành,Nội bộ,Miễn nhiệm vị trí Trưởng phòng cơ điện,,,
data/00. Văn bản Điều hành/[16] Phòng Hành chính - Nhân sự/306.QĐ-HCNS -Bổ nhiệm Phó Giám đốc thiết bị.25-08-2025.pdf,[16] Phòng Hành Chính - Nhân Sự,306,2025,Quyết định,Phòng Hành chính – Nhân sự,,2025-08-25,,Đang lưu hành,Nội bộ,Bổ nhiệm Phó Giám đốc thiết bị,,,
data/00. Văn bản Điều hành/[16] Phòng Hành chính - Nhân sự/307.QĐ-HCNS-Bổ nhiệm Phó phòng cơ điện.25-08-2025.pdf,[16] Phòng Hành Chính - Nhân Sự,307,2025,Quyết định,Phòng Hành chính – Nhân sự,,2025-08-25,,Đang lưu hành,Nội bộ,Bổ nhiệm Phó phòng cơ điện,,,
data/00. Văn bản Điều hành/[16] Phòng Hành chính - Nhân sự/308.QĐ-HCNS-Bổ nhiệm Phó quản đốc phân xưởng cơ điện động lực Hạ Long.25-08-2025.pdf,[16] Phòng Hành Chính - Nhân Sự,308,2025,Quyết định,Phòng Hành chính – Nhân sự,,2025-08-25,,Đang lưu hành,Nội bộ,Bổ nhiệm Phó quản đốc phân xưởng cơ điện động lực Hạ Long,,,
data/00. Văn bản Điều hành/[16] Phòng Hành chính - Nhân sự/317.QĐ-HCNS-Quyết định Thành lập ban cảm quan bia và nước giải khát.24-05-2025.pdf,[16] Phòng Hành Chính - Nhân Sự,317,2025,Quyết định,Phòng Hành chính – Nhân sự,,2025-05-24,,Đang lưu hành,Nội bộ,Quyết định Thành lập ban cảm quan bia và nước giải khát,,,
data/00. Văn bản Điều hành/[16] Phòng Hành chính - Nhân sự/320.QĐ-HCNS-Quyết định Thưởng cho CBNV nhân dịp Tết thiếu nhi 1-6.27-05-2025.pdf,[16] Phòng Hành Chính - Nhân Sự,320,2025,Quyết định,Phòng Hành chính – Nhân sự,,2025-05-27,,Đang lưu hành,Nội bộ,Quyết định Thưởng cho CBNV nhân dịp Tết thiếu nhi 1-6,,,
data/00. Văn bản Điều hành/[16] Phòng Hành chính - Nhân sự/336.2026.QĐ-HCNS-ban hành quy trình cấp phát đồng phục.06-4-2026.pdf,[16] Phòng Hành Chính - Nhân Sự,336,2026,Quyết định,Phòng Hành chính – Nhân sự,,2026-04-06,,Đang lưu hành,Nội bộ,ban hành quy trình cấp phát đồng phục,,,
data/00. Văn bản Điều hành/[16] Phòng Hành chính - Nhân sự/337.2026-QĐ-HCNS-Quy định đánh giá mức độ hoàn thành công việc(PMS)ban hành.06-4-2026.pdf,[16] Phòng Hành Chính - Nhân Sự,337,2026,Quyết định,Phòng Hành chính – Nhân sự,,2026-04-06,,Đang lưu hành,Nội bộ,Quy định đánh giá mức độ hoàn thành công việc(PMS)ban hành,,,
data/00. Văn bản Điều hành/[16] Phòng Hành chính - Nhân sự/337.2026.QĐ-HCNS-Quy định đánh giá mức độ hoàn thành công việc(PMS)ban hành.06-4-2026.docx,[16] Phòng Hành Chính - Nhân Sự,337,2026,Quyết định,Phòng Hành chính – Nhân sự,,2026-04-06,,Đang lưu hành,Nội bộ,Quy định đánh giá mức độ hoàn thành công việc(PMS)ban hành,,,
data/00. Văn bản Điều hành/[16] Phòng Hành chính - Nhân sự/341.QĐ-HCNS-Bổ nhiệm Trưởng bộ phận cơ điện-Xây dựng.25-09-2025.docx,[16] Phòng Hành Chính - Nhân Sự,341,2025,Quyết định,Phòng Hành chính – Nhân sự,,2025-09-25,,Đang lưu hành,Nội bộ,Bổ nhiệm Trưởng bộ phận cơ điện-Xây dựng,,,
data/00. Văn bản Điều hành/[16] Phòng Hành chính - Nhân sự/341.QĐ-HCNS-Bổ nhiệm Trưởng bộ phận cơ điện-Xây dựng.25-09-2025.pdf,[16] Phòng Hành Chính - Nhân Sự,341,2025,Quyết định,Phòng Hành chính – Nhân sự,,2025-09-25,,Đang lưu hành,Nội bộ,Bổ nhiệm Trưởng bộ phận cơ điện-Xây dựng,,,
data/00. Văn bản Điều hành/[16] Phòng Hành chính - Nhân sự/342.QĐ-HCNS-Bổ nhiệm Tổ trưởng trực điện-Phân xưởng cơ điện động lực Hạ Long.25-09-2025.docx,[16] Phòng Hành Chính - Nhân Sự,342,2025,Quyết định,Phòng Hành chính – Nhân sự,,2025-09-25,,Đang lưu hành,Nội bộ,Bổ nhiệm Tổ trưởng trực điện-Phân xưởng cơ điện động lực Hạ Long,,,
data/00. Văn bản Điều hành/[16] Phòng Hành chính - Nhân sự/342.QĐ-HCNS-Bổ nhiệm Tổ trưởng trực điện-Phân xưởng cơ điện động lực Hạ Long.25-09-2025.pdf,[16] Phòng Hành Chính - Nhân Sự,342,2025,Quyết định,Phòng Hành chính – Nhân sự,,2025-09-25,,Đang lưu hành,Nội bộ,Bổ nhiệm Tổ trưởng trực điện-Phân xưởng cơ điện động lực Hạ Long,,,
data/00. Văn bản Điều hành/[16] Phòng Hành chính - Nhân sự/372.QĐ-HCNS-Quyết định Ban hành Khen thưởng con CBCNV đạt danh hiệu năm học 2024-2025.18-06-2025.pdf,[16] Phòng Hành Chính - Nhân Sự,372,2025,Quyết định,Phòng Hành chính – Nhân sự,,2025-06-18,,Đang lưu hành,Nội bộ,Quyết định Ban hành Khen thưởng con CBCNV đạt danh hiệu năm học 2024-2025,,,
data/00. Văn bản Điều hành/[16] Phòng Hành chính - Nhân sự/373.QĐ-HCNS-Quyết định Ban hành quy trình định mức đơn giá tiền lương.18-06-2025.pdf,[16] Phòng Hành Chính - Nhân Sự,373,2025,Quyết định,Phòng Hành chính – Nhân sự,,2025-06-18,,Đang lưu hành,Nội bộ,Quyết định Ban hành quy trình định mức đơn giá tiền lương,,,
data/00. Văn bản Điều hành/[16] Phòng Hành chính - Nhân sự/375.QĐ-HCNS-Quyết định thưởng cho CBCNV nhân dịp kỷ niệm thành lập Công ty.18-06-2025.pdf,[16] Phòng Hành Chính - Nhân Sự,375,2025,Quyết định,Phòng Hành chính – Nhân sự,,2025-06-18,,Đang lưu hành,Nội bộ,Quyết định thưởng cho CBCNV nhân dịp kỷ niệm thành lập Công ty,,,
"data/00. Văn bản Điều hành/[16] Phòng Hành chính - Nhân sự/398.2026.QĐ-BCHCĐ-Thưởng cho CBNV nhân dịp nghỉ Lễ giỗ tổ Hùng Vương, ngày Chiến thắng 30-4 và Quốc tế lao động 01-05-2026.Ngày 24-4-2026.pdf",[16] Phòng Hành Chính - Nhân Sự,398,2026,Quyết định,Phòng Hành chính – Nhân sự,,2026-05-01,,Đang lưu hành,Nội bộ,"398.2026.QĐ-BCHCĐ-Thưởng cho CBNV nhân dịp nghỉ Lễ giỗ tổ Hùng Vương, ngày Chiến thắng 30-4 và Quốc tế lao động 01-05-2026.Ngày 24-4-2026",,,
data/00. Văn bản Điều hành/[16] Phòng Hành chính - Nhân sự/412.2026.QĐ-HCNS-Điều chuyển nhân sự đối với ông Đỗ Mạnh Cường.24-04-2026.pdf,[16] Phòng Hành Chính - Nhân Sự,412,2026,Quyết định,Phòng Hành chính – Nhân sự,,2026-04-24,,Đang lưu hành,Nội bộ,Điều chuyển nhân sự đối với ông Đỗ Mạnh Cường,,,
data/00. Văn bản Điều hành/[16] Phòng Hành chính - Nhân sự/412.QĐ-HCNS-Quyết định kiêm nhiệm chức danh Nguyễn Hữu Hiệp.29-11-2025.pdf,[16] Phòng Hành Chính - Nhân Sự,412,2025,Quyết định,Phòng Hành chính – Nhân sự,,2025-11-29,,Đang lưu hành,Nội bộ,Quyết định kiêm nhiệm chức danh Nguyễn Hữu Hiệp,,,
data/00. Văn bản Điều hành/[16] Phòng Hành chính - Nhân sự/419.QĐ-HCNS-Quyết định Luân chuyển công tác đối với Ông Phạm Ngọc Vinh.11-7-2025.pdf,[16] Phòng Hành Chính - Nhân Sự,419,2025,Quyết định,Phòng Hành chính – Nhân sự,,2025-07-11,,Đang lưu hành,Nội bộ,Quyết định Luân chuyển công tác đối với Ông Phạm Ngọc Vinh,,,
data/00. Văn bản Điều hành/[16] Phòng Hành chính - Nhân sự/420.QĐ-HCNS-Quyết định Luân chuyển công tác đối với Ông Thái Nguyễn Cần.11-7-2025.pdf,[16] Phòng Hành Chính - Nhân Sự,420,2025,Quyết định,Phòng Hành chính – Nhân sự,,2025-07-11,,Đang lưu hành,Nội bộ,Quyết định Luân chuyển công tác đối với Ông Thái Nguyễn Cần,,,
data/00. Văn bản Điều hành/[16] Phòng Hành chính - Nhân sự/421.QĐ-HCNS-Quyết định Kiêm nhiệm chức danh của Ông Thái Nguyễn Cần.11-7-2025.pdf,[16] Phòng Hành Chính - Nhân Sự,421,2025,Quyết định,Phòng Hành chính – Nhân sự,,2025-07-11,,Đang lưu hành,Nội bộ,Quyết định Kiêm nhiệm chức danh của Ông Thái Nguyễn Cần,,,
data/00. Văn bản Điều hành/[16] Phòng Hành chính - Nhân sự/422.QĐ-HCNS-Quyết định Kiêm nhiệm chức danh của Ông Phạm Ngọc Vinh.11-7-2025.pdf,[16] Phòng Hành Chính - Nhân Sự,422,2025,Quyết định,Phòng Hành chính – Nhân sự,,2025-07-11,,Đang lưu hành,Nội bộ,Quyết định Kiêm nhiệm chức danh của Ông Phạm Ngọc Vinh,,,
data/00. Văn bản Điều hành/[16] Phòng Hành chính - Nhân sự/430.QĐ-BHL-Quyết định Bổ nhiệm Trưởng phòng vận hành kinh doanh.21-7-2025.pdf,[16] Phòng Hành Chính - Nhân Sự,430,2025,Quyết định,Phòng Hành chính – Nhân sự,,2025-07-21,,Đang lưu hành,Nội bộ,430.QĐ-BHL-Quyết định Bổ nhiệm Trưởng phòng vận hành kinh doanh.21-7-2025,,,
data/00. Văn bản Điều hành/[16] Phòng Hành chính - Nhân sự/443.QĐ-BHL-Quyết định Bổ nhiệm Quyền Trưởng bộ phận kế hoạch.23-7-2025.pdf,[16] Phòng Hành Chính - Nhân Sự,443,2025,Quyết định,Phòng Hành chính – Nhân sự,,2025-07-23,,Đang lưu hành,Nội bộ,443.QĐ-BHL-Quyết định Bổ nhiệm Quyền Trưởng bộ phận kế hoạch.23-7-2025,,,
data/00. Văn bản Điều hành/[16] Phòng Hành chính - Nhân sự/451.QĐ-HLB-Quyết định Bổ nhiệm Giám đốc vận hành và Chuỗi cung ứng.25-7-2025.pdf,[16] Phòng Hành Chính - Nhân Sự,451,2025,Quyết định,Phòng Hành chính – Nhân sự,,2025-07-25,,Đang lưu hành,Nội bộ,451.QĐ-HLB-Quyết định Bổ nhiệm Giám đốc vận hành và Chuỗi cung ứng.25-7-2025,,,
data/00. Văn bản Điều hành/[16] Phòng Hành chính - Nhân sự/452.QĐ-HLB-Quyết định Miễn nhiệm chức danh Giám đốc tài chính Giám đốc vận hành.25-7-2025.pdf,[16] Phòng Hành Chính - Nhân Sự,452,2025,Quyết định,Phòng Hành chính – Nhân sự,,2025-07-25,,Đang lưu hành,Nội bộ,452.QĐ-HLB-Quyết định Miễn nhiệm chức danh Giám đốc tài chính Giám đốc vận hành.25-7-2025,,,
data/00. Văn bản Điều hành/[16] Phòng Hành chính - Nhân sự/453.QĐ-HLB-Quyết định Bổ nhiệm Giám đốc Tài chính và Quản trị.25-7-2025.pdf,[16] Phòng Hành Chính - Nhân Sự,453,2025,Quyết định,Phòng Hành chính – Nhân sự,,2025-07-25,,Đang lưu hành,Nội bộ,453.QĐ-HLB-Quyết định Bổ nhiệm Giám đốc Tài chính và Quản trị.25-7-2025,,,
data/00. Văn bản Điều hành/[16] Phòng Hành chính - Nhân sự/46.2025-QĐ-HCNS-Quy định Công tác phí ban hành.24-01-2025.docx,[16] Phòng Hành Chính - Nhân Sự,46,2025,Quyết định,Phòng Hành chính – Nhân sự,,2025-01-24,,Đang lưu hành,Nội bộ,Quy định Công tác phí ban hành,,,
data/00. Văn bản Điều hành/[16] Phòng Hành chính - Nhân sự/46.2025-QĐ-HCNS-Quy định Công tác phí ban hành.24-01-2025.pdf,[16] Phòng Hành Chính - Nhân Sự,46,2025,Quyết định,Phòng Hành chính – Nhân sự,,2025-01-24,,Đang lưu hành,Nội bộ,Quy định Công tác phí ban hành,,,
data/00. Văn bản Điều hành/[16] Phòng Hành chính - Nhân sự/483.2026-QĐ-HCNS-Ban hành quy trình tính lương.15-05-2026.docx,[16] Phòng Hành Chính - Nhân Sự,483,2026,Quyết định,Phòng Hành chính – Nhân sự,,2026-05-15,,Đang lưu hành,Nội bộ,Ban hành quy trình tính lương,,,
data/00. Văn bản Điều hành/[16] Phòng Hành chính - Nhân sự/483.2026-QĐ-HCNS-Ban hành quy trình tính lương.15-05-2026.pdf,[16] Phòng Hành Chính - Nhân Sự,483,2026,Quyết định,Phòng Hành chính – Nhân sự,,2026-05-15,,Đang lưu hành,Nội bộ,Ban hành quy trình tính lương,,,
data/00. Văn bản Điều hành/[16] Phòng Hành chính - Nhân sự/487.2026-QĐ-HCNS-Ban hành quy định về chức năng nhiệm vụ và cơ cấu tổ chức của phòng hành chính nhân sự ban hành.15-05-2026.docx,[16] Phòng Hành Chính - Nhân Sự,487,2026,Quyết định,Phòng Hành chính – Nhân sự,,2026-05-15,,Đang lưu hành,Nội bộ,Ban hành quy định về chức năng nhiệm vụ và cơ cấu tổ chức của phòng hành chính nhân sự ban hành,,,
data/00. Văn bản Điều hành/[16] Phòng Hành chính - Nhân sự/487.2026-QĐ-HCNS-Ban hành quy định về chức năng nhiệm vụ và cơ cấu tổ chức của phòng hành chính nhân sự ban hành.15-05-2026.pdf,[16] Phòng Hành Chính - Nhân Sự,487,2026,Quyết định,Phòng Hành chính – Nhân sự,,2026-05-15,,Đang lưu hành,Nội bộ,Ban hành quy định về chức năng nhiệm vụ và cơ cấu tổ chức của phòng hành chính nhân sự ban hành,,,
data/00. Văn bản Điều hành/[16] Phòng Hành chính - Nhân sự/495.QĐ-HCNS-Hướng dẫn lưu trữ văn bản trên sharepoint.11-8-2025.docx,[16] Phòng Hành Chính - Nhân Sự,495,2025,Quyết định,Phòng Hành chính – Nhân sự,,2025-08-11,,Đang lưu hành,Nội bộ,Hướng dẫn lưu trữ văn bản trên sharepoint,,,
data/00. Văn bản Điều hành/[16] Phòng Hành chính - Nhân sự/495.QĐ-HCNS-Hướng dẫn lưu trữ văn bản trên sharepoint.11-8-2025.pdf,[16] Phòng Hành Chính - Nhân Sự,495,2025,Quyết định,Phòng Hành chính – Nhân sự,,2025-08-11,,Đang lưu hành,Nội bộ,Hướng dẫn lưu trữ văn bản trên sharepoint,,,
data/00. Văn bản Điều hành/[16] Phòng Hành chính - Nhân sự/495.QĐ-HCNS-Quyết định Ban hành hướng dẫn lưu trữ văn bản trên sharepoint.11-8-2025.pdf,[16] Phòng Hành Chính - Nhân Sự,495,2025,Quyết định,Phòng Hành chính – Nhân sự,,2025-08-11,,Đang lưu hành,Nội bộ,Quyết định Ban hành hướng dẫn lưu trữ văn bản trên sharepoint,,,
data/00. Văn bản Điều hành/[16] Phòng Hành chính - Nhân sự/495.QĐ-HCNS-Quyết định Ban hành hướng dẫn lưu trữ văn bản trên sharepoint.11-8-2025_1.pdf,[16] Phòng Hành Chính - Nhân Sự,495,2025,Quyết định,Phòng Hành chính – Nhân sự,,2025-08-11,,Đang lưu hành,Nội bộ,Quyết định Ban hành hướng dẫn lưu trữ văn bản trên sharepoint,,,
data/00. Văn bản Điều hành/[16] Phòng Hành chính - Nhân sự/498.QĐ-CĐ-Quyết định Giảm mức thu đoàn phí- công đoàn.12-08-2025.pdf,[16] Phòng Hành Chính - Nhân Sự,498,2025,Quyết định,Phòng Hành chính – Nhân sự,,2025-08-12,,Đang lưu hành,Nội bộ,Quyết định Giảm mức thu đoàn phí- công đoàn,,,
data/00. Văn bản Điều hành/[16] Phòng Hành chính - Nhân sự/513.QĐ-HCNS-Bổ nhiệm Trợ lý Ban điều hành kiêm phó ban tài chính và kiểm soát nội bộ.21-08-2025.docx,[16] Phòng Hành Chính - Nhân Sự,513,2025,Quyết định,Phòng Hành chính – Nhân sự,,2025-08-21,,Đang lưu hành,Nội bộ,Bổ nhiệm Trợ lý Ban điều hành kiêm phó ban tài chính và kiểm soát nội bộ,,,
data/00. Văn bản Điều hành/[16] Phòng Hành chính - Nhân sự/513.QĐ-HCNS-Bổ nhiệm Trợ lý Ban điều hành kiêm phó ban tài chính và kiểm soát nội bộ.21-08-2025.pdf,[16] Phòng Hành Chính - Nhân Sự,513,2025,Quyết định,Phòng Hành chính – Nhân sự,,2025-08-21,,Đang lưu hành,Nội bộ,Bổ nhiệm Trợ lý Ban điều hành kiêm phó ban tài chính và kiểm soát nội bộ,,,
data/00. Văn bản Điều hành/[16] Phòng Hành chính - Nhân sự/526.QĐ-HCNS-Bổ nhiệm Kế toán trưởng-Trưởng phòng kế toán.26-08-2025.pdf,[16] Phòng Hành Chính - Nhân Sự,526,2025,Quyết định,Phòng Hành chính – Nhân sự,,2025-08-26,,Đang lưu hành,Nội bộ,Bổ nhiệm Kế toán trưởng-Trưởng phòng kế toán,,,
data/00. Văn bản Điều hành/[16] Phòng Hành chính - Nhân sự/527.QĐ-HCNS-Bổ nhiệm vị trí Phó ban An toàn-Sức khỏe-Môi trường.26-08-2025.docx,[16] Phòng Hành Chính - Nhân Sự,527,2025,Quyết định,Phòng Hành chính – Nhân sự,,2025-08-26,,Đang lưu hành,Nội bộ,Bổ nhiệm vị trí Phó ban An toàn-Sức khỏe-Môi trường,,,
data/00. Văn bản Điều hành/[16] Phòng Hành chính - Nhân sự/527.QĐ-HCNS-Bổ nhiệm vị trí Phó ban An toàn-Sức khỏe-Môi trường.26-08-2025.pdf,[16] Phòng Hành Chính - Nhân Sự,527,2025,Quyết định,Phòng Hành chính – Nhân sự,,2025-08-26,,Đang lưu hành,Nội bộ,Bổ nhiệm vị trí Phó ban An toàn-Sức khỏe-Môi trường,,,
data/00. Văn bản Điều hành/[16] Phòng Hành chính - Nhân sự/528.QĐ-HCNS-Miễn nhiệm vị trí Trưởng ban An toàn-Sức khỏe-Môi trường.26-08-2025.pdf,[16] Phòng Hành Chính - Nhân Sự,528,2025,Quyết định,Phòng Hành chính – Nhân sự,,2025-08-26,,Đang lưu hành,Nội bộ,Miễn nhiệm vị trí Trưởng ban An toàn-Sức khỏe-Môi trường,,,
data/00. Văn bản Điều hành/[16] Phòng Hành chính - Nhân sự/529.QĐ-HCNS-Miễn nhiệm vị trí Đội trưởng đội xe.26-08-2025.docx,[16] Phòng Hành Chính - Nhân Sự,529,2025,Quyết định,Phòng Hành chính – Nhân sự,,2025-08-26,,Đang lưu hành,Nội bộ,Miễn nhiệm vị trí Đội trưởng đội xe,,,
data/00. Văn bản Điều hành/[16] Phòng Hành chính - Nhân sự/529.QĐ-HCNS-Miễn nhiệm vị trí Đội trưởng đội xe.26-08-2025.pdf,[16] Phòng Hành Chính - Nhân Sự,529,2025,Quyết định,Phòng Hành chính – Nhân sự,,2025-08-26,,Đang lưu hành,Nội bộ,Miễn nhiệm vị trí Đội trưởng đội xe,,,
data/00. Văn bản Điều hành/[16] Phòng Hành chính - Nhân sự/530.QĐ-HCNS-Bổ nhiệm vị trí đội trưởng đội xe.26-08-2025.docx,[16] Phòng Hành Chính - Nhân Sự,530,2025,Quyết định,Phòng Hành chính – Nhân sự,,2025-08-26,,Đang lưu hành,Nội bộ,Bổ nhiệm vị trí đội trưởng đội xe,,,
data/00. Văn bản Điều hành/[16] Phòng Hành chính - Nhân sự/530.QĐ-HCNS-Bổ nhiệm vị trí đội trưởng đội xe.26-08-2025.pdf,[16] Phòng Hành Chính - Nhân Sự,530,2025,Quyết định,Phòng Hành chính – Nhân sự,,2025-08-26,,Đang lưu hành,Nội bộ,Bổ nhiệm vị trí đội trưởng đội xe,,,
"data/00. Văn bản Điều hành/[16] Phòng Hành chính - Nhân sự/531.QĐ-HCNS-Miễn nhiệm vị trí Trưởng bộ phận kho, bãi, bốc xếp.26-08-2025.docx",[16] Phòng Hành Chính - Nhân Sự,531,2025,Quyết định,Phòng Hành chính – Nhân sự,,2025-08-26,,Đang lưu hành,Nội bộ,"Miễn nhiệm vị trí Trưởng bộ phận kho, bãi, bốc xếp",,,
"data/00. Văn bản Điều hành/[16] Phòng Hành chính - Nhân sự/531.QĐ-HCNS-Miễn nhiệm vị trí Trưởng bộ phận kho, bãi, bốc xếp.26-08-2025.pdf",[16] Phòng Hành Chính - Nhân Sự,531,2025,Quyết định,Phòng Hành chính – Nhân sự,,2025-08-26,,Đang lưu hành,Nội bộ,"Miễn nhiệm vị trí Trưởng bộ phận kho, bãi, bốc xếp",,,
"data/00. Văn bản Điều hành/[16] Phòng Hành chính - Nhân sự/532.QĐ-HCNS-Bổ nhiệm vị trí Trưởng bộ phận kho, bãi, bốc xếp.26-08-2025.docx",[16] Phòng Hành Chính - Nhân Sự,532,2025,Quyết định,Phòng Hành chính – Nhân sự,,2025-08-26,,Đang lưu hành,Nội bộ,"Bổ nhiệm vị trí Trưởng bộ phận kho, bãi, bốc xếp",,,
"data/00. Văn bản Điều hành/[16] Phòng Hành chính - Nhân sự/532.QĐ-HCNS-Bổ nhiệm vị trí Trưởng bộ phận kho, bãi, bốc xếp.26-08-2025.pdf",[16] Phòng Hành Chính - Nhân Sự,532,2025,Quyết định,Phòng Hành chính – Nhân sự,,2025-08-26,,Đang lưu hành,Nội bộ,"Bổ nhiệm vị trí Trưởng bộ phận kho, bãi, bốc xếp",,,
data/00. Văn bản Điều hành/[16] Phòng Hành chính - Nhân sự/579.2025.QĐ-HCNS-Quy định quản lý văn bản.29-08-2025.docx,[16] Phòng Hành Chính - Nhân Sự,579,2025,Quyết định,Phòng Hành chính – Nhân sự,,2025-08-29,,Đang lưu hành,Nội bộ,Quy định quản lý văn bản,,,
data/00. Văn bản Điều hành/[16] Phòng Hành chính - Nhân sự/586.QĐ-HCNS-Bổ nhiệm Trưởng bộ phận tác nghiệp kinh doanh.04-09-2025.pdf,[16] Phòng Hành Chính - Nhân Sự,586,2025,Quyết định,Phòng Hành chính – Nhân sự,,2025-09-04,,Đang lưu hành,Nội bộ,Bổ nhiệm Trưởng bộ phận tác nghiệp kinh doanh,,,
data/00. Văn bản Điều hành/[16] Phòng Hành chính - Nhân sự/596.QĐ-HCNS-Bổ nhiệm Trưởng bộ phận kế hoạch-Phòng kế hoạch vật tư.11-09-2025.pdf,[16] Phòng Hành Chính - Nhân Sự,596,2025,Quyết định,Phòng Hành chính – Nhân sự,,2025-09-11,,Đang lưu hành,Nội bộ,Bổ nhiệm Trưởng bộ phận kế hoạch-Phòng kế hoạch vật tư,,,
data/00. Văn bản Điều hành/[16] Phòng Hành chính - Nhân sự/597.QĐ-HCNS-Bổ nhiệm Trưởng bộ phận mua hàng Phòng kế hoạch vật tư.11-09-2025.pdf,[16] Phòng Hành Chính - Nhân Sự,597,2025,Quyết định,Phòng Hành chính – Nhân sự,,2025-09-11,,Đang lưu hành,Nội bộ,Bổ nhiệm Trưởng bộ phận mua hàng Phòng kế hoạch vật tư,,,
data/00. Văn bản Điều hành/[16] Phòng Hành chính - Nhân sự/598.QĐ-HCNS-Bổ nhiệm Phó phòng kế hoạch vật tư.11-09-2025.pdf,[16] Phòng Hành Chính - Nhân Sự,598,2025,Quyết định,Phòng Hành chính – Nhân sự,,2025-09-11,,Đang lưu hành,Nội bộ,Bổ nhiệm Phó phòng kế hoạch vật tư,,,
data/00. Văn bản Điều hành/[16] Phòng Hành chính - Nhân sự/624.QĐ-HCNS-Bổ nhiệm Trưởng bộ phận kho-Phòng kế hoạch vật tư.19-9-2025.pdf,[16] Phòng Hành Chính - Nhân Sự,624,2025,Quyết định,Phòng Hành chính – Nhân sự,,2025-09-19,,Đang lưu hành,Nội bộ,Bổ nhiệm Trưởng bộ phận kho-Phòng kế hoạch vật tư,,,
data/00. Văn bản Điều hành/[16] Phòng Hành chính - Nhân sự/625.QĐ-HCNS-tặng bánh Trung thu cho CBNV.20-09-2025.pdf,[16] Phòng Hành Chính - Nhân Sự,625,2025,Quyết định,Phòng Hành chính – Nhân sự,,2025-09-20,,Đang lưu hành,Nội bộ,tặng bánh Trung thu cho CBNV,,,
data/00. Văn bản Điều hành/[16] Phòng Hành chính - Nhân sự/721.QĐ-HCNS-giao định mức tiêu hao nhiên liệu đối với xe con 05 chỗ 14A-736.53.06-10-2025.pdf,[16] Phòng Hành Chính - Nhân Sự,721,2025,Quyết định,Phòng Hành chính – Nhân sự,,2025-10-06,,Đang lưu hành,Nội bộ,giao định mức tiêu hao nhiên liệu đối với xe con 05 chỗ 14A-736.53,,,
data/00. Văn bản Điều hành/[16] Phòng Hành chính - Nhân sự/732.QĐ-HCNS-Thưởng CBNV nhân ngày phụ nữ Việt Nam 20-10-2025.10-10-2025.pdf,[16] Phòng Hành Chính - Nhân Sự,732,2025,Quyết định,Phòng Hành chính – Nhân sự,,2025-10-20,,Đang lưu hành,Nội bộ,Thưởng CBNV nhân ngày phụ nữ Việt Nam,,,
data/00. Văn bản Điều hành/[16] Phòng Hành chính - Nhân sự/733.2025.QĐ-HCNS-Luân chuyển công tác đối với ông Phạm Quốc Thụy.10-10-2025.pdf,[16] Phòng Hành Chính - Nhân Sự,733,2025,Quyết định,Phòng Hành chính – Nhân sự,,2025-10-10,,Đang lưu hành,Nội bộ,Luân chuyển công tác đối với ông Phạm Quốc Thụy,,,
data/00. Văn bản Điều hành/[16] Phòng Hành chính - Nhân sự/745.QĐ-HCNS-Bổ nhiệm Trưởng bộ phận công nghệ-P.kỹ thuật CN & CTSX.15-10-2025.pdf,[16] Phòng Hành Chính - Nhân Sự,745,2025,Quyết định,Phòng Hành chính – Nhân sự,,2025-10-15,,Đang lưu hành,Nội bộ,Bổ nhiệm Trưởng bộ phận công nghệ-P.kỹ thuật CN & CTSX,,,
data/00. Văn bản Điều hành/[16] Phòng Hành chính - Nhân sự/760.QĐ-HCNS-Tạm thời đình chỉ công việc đối với bà Nguyễn Vũ Hà Vân-Trưởng bộ phận PG.27-10-2025.pdf,[16] Phòng Hành Chính - Nhân Sự,760,2025,Quyết định,Phòng Hành chính – Nhân sự,,2025-10-27,,Đang lưu hành,Nội bộ,Tạm thời đình chỉ công việc đối với bà Nguyễn Vũ Hà Vân-Trưởng bộ phận PG,,,
data/00. Văn bản Điều hành/[16] Phòng Hành chính - Nhân sự/785.QĐ-HLB-Xử lý kỷ luật lao động.12-11-2025.pdf,[16] Phòng Hành Chính - Nhân Sự,785,2025,Quyết định,Phòng Hành chính – Nhân sự,,2025-11-12,,Đang lưu hành,Nội bộ,785.QĐ-HLB-Xử lý kỷ luật lao động.12-11-2025,,,
data/00. Văn bản Điều hành/[16] Phòng Hành chính - Nhân sự/793.QĐ-HCNS-Hỗ trợ cho CBNV bị thiệt hại sau cơn bão số 11 năm 2025.18-11-2025.pdf,[16] Phòng Hành Chính - Nhân Sự,793,2025,Quyết định,Phòng Hành chính – Nhân sự,,2025-11-18,,Đang lưu hành,Nội bộ,Hỗ trợ cho CBNV bị thiệt hại sau cơn bão số 11 năm 2025,,,
data/00. Văn bản Điều hành/[16] Phòng Hành chính - Nhân sự/808.QĐ-HCNS-Miễn nhiệm vị trí Trưởng phòng-Phòng kinh doanh bia hơi.27-11-2025.pdf,[16] Phòng Hành Chính - Nhân Sự,808,2025,Quyết định,Phòng Hành chính – Nhân sự,,2025-11-27,,Đang lưu hành,Nội bộ,Miễn nhiệm vị trí Trưởng phòng-Phòng kinh doanh bia hơi,,,
data/00. Văn bản Điều hành/[16] Phòng Hành chính - Nhân sự/809.QĐ-HCNS-Bổ nhiệm vị trí Phó phòng-Phòng kinh doanh bia hơi.27-11-2025.pdf,[16] Phòng Hành Chính - Nhân Sự,809,2025,Quyết định,Phòng Hành chính – Nhân sự,,2025-11-27,,Đang lưu hành,Nội bộ,Bổ nhiệm vị trí Phó phòng-Phòng kinh doanh bia hơi,,,
data/00. Văn bản Điều hành/[16] Phòng Hành chính - Nhân sự/820.QĐ-BHL-Quyết định của TGĐ Công ty Ban hành và áp dụng thực hiện bản mô tả công việc cho CBCNV.31-10-2024.pdf,[16] Phòng Hành Chính - Nhân Sự,820,2024,Quyết định,Phòng Hành chính – Nhân sự,,2024-10-31,,Đang lưu hành,Nội bộ,820.QĐ-BHL-Quyết định của TGĐ Công ty Ban hành và áp dụng thực hiện bản mô tả công việc cho CBCNV.31-10-2024,,,
data/00. Văn bản Điều hành/[16] Phòng Hành chính - Nhân sự/832.QĐ-BHL-Ban hành hệ thống định danh của Công ty.09-12-2025.pdf,[16] Phòng Hành Chính - Nhân Sự,832,2025,Quyết định,Phòng Hành chính – Nhân sự,,2025-12-09,,Đang lưu hành,Nội bộ,832.QĐ-BHL-Ban hành hệ thống định danh của Công ty.09-12-2025,,,
data/00. Văn bản Điều hành/[16] Phòng Hành chính - Nhân sự/838.QĐ-HCNS-ban hành quy trình quản lý hợp đồng.13-12-2025.pdf,[16] Phòng Hành Chính - Nhân Sự,838,2025,Quyết định,Phòng Hành chính – Nhân sự,,2025-12-13,,Đang lưu hành,Nội bộ,ban hành quy trình quản lý hợp đồng,,,
data/00. Văn bản Điều hành/[16] Phòng Hành chính - Nhân sự/866.QĐ-HCNS-Thành lập ban tổ chức Hội nghị người lao động và Tổng kết năm 2025.20-12-2025.docx,[16] Phòng Hành Chính - Nhân Sự,866,2025,Quyết định,Phòng Hành chính – Nhân sự,,2025-12-20,,Đang lưu hành,Nội bộ,Thành lập ban tổ chức Hội nghị người lao động và Tổng kết năm 2025,,,
data/00. Văn bản Điều hành/[16] Phòng Hành chính - Nhân sự/866.QĐ-HCNS-Thành lập ban tổ chức Hội nghị người lao động và Tổng kết năm 2025.20-12-2025.pdf,[16] Phòng Hành Chính - Nhân Sự,866,2025,Quyết định,Phòng Hành chính – Nhân sự,,2025-12-20,,Đang lưu hành,Nội bộ,Thành lập ban tổ chức Hội nghị người lao động và Tổng kết năm 2025,,,
data/00. Văn bản Điều hành/[16] Phòng Hành chính - Nhân sự/867.QĐ-HCNS-Thành lập Đội văn nghệ biểu diễn trong chương trình Hội nghị người lao động và Tổng kết năm 2025.20-12-2025.docx,[16] Phòng Hành Chính - Nhân Sự,867,2025,Quyết định,Phòng Hành chính – Nhân sự,,2025-12-20,,Đang lưu hành,Nội bộ,Thành lập Đội văn nghệ biểu diễn trong chương trình Hội nghị người lao động và Tổng kết năm 2025,,,
data/00. Văn bản Điều hành/[16] Phòng Hành chính - Nhân sự/867.QĐ-HCNS-Thành lập Đội văn nghệ biểu diễn trong chương trình Hội nghị người lao động và Tổng kết năm 2025.20-12-2025.pdf,[16] Phòng Hành Chính - Nhân Sự,867,2025,Quyết định,Phòng Hành chính – Nhân sự,,2025-12-20,,Đang lưu hành,Nội bộ,Thành lập Đội văn nghệ biểu diễn trong chương trình Hội nghị người lao động và Tổng kết năm 2025,,,
data/00. Văn bản Điều hành/[16] Phòng Hành chính - Nhân sự/868.QĐ-HCNS-Thành lập Đội khánh tiết hậu cần phục vụ sự kiện Hội nghị người lao động và Tổng kết năm 2025.20-12-2025.docx,[16] Phòng Hành Chính - Nhân Sự,868,2025,Quyết định,Phòng Hành chính – Nhân sự,,2025-12-20,,Đang lưu hành,Nội bộ,Thành lập Đội khánh tiết hậu cần phục vụ sự kiện Hội nghị người lao động và Tổng kết năm 2025,,,
data/00. Văn bản Điều hành/[16] Phòng Hành chính - Nhân sự/868.QĐ-HCNS-Thành lập Đội khánh tiết hậu cần phục vụ sự kiện Hội nghị người lao động và Tổng kết năm 2025.20-12-2025.pdf,[16] Phòng Hành Chính - Nhân Sự,868,2025,Quyết định,Phòng Hành chính – Nhân sự,,2025-12-20,,Đang lưu hành,Nội bộ,Thành lập Đội khánh tiết hậu cần phục vụ sự kiện Hội nghị người lao động và Tổng kết năm 2025,,,
data/00. Văn bản Điều hành/[16] Phòng Hành chính - Nhân sự/869.QĐ-HCNS-Thành lập Hội đồng thi đua khen thưởng năm 2025.20-12-2025.docx,[16] Phòng Hành Chính - Nhân Sự,869,2025,Quyết định,Phòng Hành chính – Nhân sự,,2025-12-20,,Đang lưu hành,Nội bộ,Thành lập Hội đồng thi đua khen thưởng năm 2025,,,
data/00. Văn bản Điều hành/[16] Phòng Hành chính - Nhân sự/869.QĐ-HCNS-Thành lập Hội đồng thi đua khen thưởng năm 2025.20-12-2025.pdf,[16] Phòng Hành Chính - Nhân Sự,869,2025,Quyết định,Phòng Hành chính – Nhân sự,,2025-12-20,,Đang lưu hành,Nội bộ,Thành lập Hội đồng thi đua khen thưởng năm 2025,,,
data/00. Văn bản Điều hành/[16] Phòng Hành chính - Nhân sự/875.2024.QĐ-HCNS-Hướng dẫn Thể thức kỹ thuật trình bày văn bản.01-12-2024.docx,[16] Phòng Hành Chính - Nhân Sự,875,2024,Quyết định,Phòng Hành chính – Nhân sự,,2024-12-01,,Đang lưu hành,Nội bộ,Hướng dẫn Thể thức kỹ thuật trình bày văn bản,,,
data/00. Văn bản Điều hành/[16] Phòng Hành chính - Nhân sự/875.2024.QĐ-HCNS-Hướng dẫn Thể thức kỹ thuật trình bày văn bản.01-12-2024.pdf,[16] Phòng Hành Chính - Nhân Sự,875,2024,Quyết định,Phòng Hành chính – Nhân sự,,2024-12-01,,Đang lưu hành,Nội bộ,Hướng dẫn Thể thức kỹ thuật trình bày văn bản,,,
data/00. Văn bản Điều hành/[16] Phòng Hành chính - Nhân sự/890.QĐ-BHL-Quyết định của TGĐ Công ty Định mức nhiên liệu tiêu thụ dầu xe ô tô 14B-041.30.09-12-2024.pdf,[16] Phòng Hành Chính - Nhân Sự,890,2024,Quyết định,Phòng Hành chính – Nhân sự,,2024-12-09,,Đang lưu hành,Nội bộ,890.QĐ-BHL-Quyết định của TGĐ Công ty Định mức nhiên liệu tiêu thụ dầu xe ô tô 14B-041.30.09-12-2024,,,
data/00. Văn bản Điều hành/[17] Phòng Kiểm soát chất lượng - KCS/122.ĐM.2026.QĐ-HCNS-Điều chuyển nhân sự.27-02-2026.pdf,[17] Phòng Kiểm Soát Chất Lượng - KCS,122,2026,Quyết định,Phòng Kiểm soát Chất lượng – KCS,,2026-02-27,,Đang lưu hành,Nội bộ,Điều chuyển nhân sự,,,
data/00. Văn bản Điều hành/[17] Phòng Kiểm soát chất lượng - KCS/136.2026.QĐ-ĐM-Miễn nhiệm vị trí Trưởng bộ phận KCS.09-03-2026.pdf,[17] Phòng Kiểm Soát Chất Lượng - KCS,136,2026,Quyết định,Phòng Kiểm soát Chất lượng – KCS,,2026-03-09,,Đang lưu hành,Nội bộ,136.2026.QĐ-ĐM-Miễn nhiệm vị trí Trưởng bộ phận KCS.09-03-2026,,,
data/00. Văn bản Điều hành/[17] Phòng Kiểm soát chất lượng - KCS/139.2025.QĐ-HCNS-Quyết định của Quy trình phân tích mối nguy sản phẩm bia tươi loại keg 20 lít.14-03-2025.docx,[17] Phòng Kiểm Soát Chất Lượng - KCS,139,2025,Quyết định,Phòng Kiểm soát Chất lượng – KCS,,2025-03-14,,Đang lưu hành,Nội bộ,Quyết định của Quy trình phân tích mối nguy sản phẩm bia tươi loại keg 20 lít,,,
data/00. Văn bản Điều hành/[17] Phòng Kiểm soát chất lượng - KCS/139.2025.QĐ-HCNS-Quyết định của Quy trình phân tích mối nguy sản phẩm bia tươi loại keg 20 lít.14-03-2025.pdf,[17] Phòng Kiểm Soát Chất Lượng - KCS,139,2025,Quyết định,Phòng Kiểm soát Chất lượng – KCS,,2025-03-14,,Đang lưu hành,Nội bộ,Quyết định của Quy trình phân tích mối nguy sản phẩm bia tươi loại keg 20 lít,,,
data/00. Văn bản Điều hành/[17] Phòng Kiểm soát chất lượng - KCS/140.2025.QĐ-HCNS-Quyết định của Tổng Giám Đốc Công ty Ban hành Quy trình rửa keg bia 30 lít-Đông Mai.20-03-2025.docx,[17] Phòng Kiểm Soát Chất Lượng - KCS,140,2025,Quyết định,Phòng Kiểm soát Chất lượng – KCS,,2025-03-20,,Đang lưu hành,Nội bộ,Quyết định của Tổng Giám Đốc Công ty Ban hành Quy trình rửa keg bia 30 lít-Đông Mai,,,
data/00. Văn bản Điều hành/[17] Phòng Kiểm soát chất lượng - KCS/140.2025.QĐ-HCNS-Quyết định của Tổng Giám Đốc Công ty Ban hành Quy trình rửa keg bia 30 lít-Đông Mai.20-03-2025.pdf,[17] Phòng Kiểm Soát Chất Lượng - KCS,140,2025,Quyết định,Phòng Kiểm soát Chất lượng – KCS,,2025-03-20,,Đang lưu hành,Nội bộ,Quyết định của Tổng Giám Đốc Công ty Ban hành Quy trình rửa keg bia 30 lít-Đông Mai,,,
data/00. Văn bản Điều hành/[17] Phòng Kiểm soát chất lượng - KCS/149.2025.QĐ-HCNS-Quyết định của Tổng Giám Đốc Công ty Ban hành Quy trình lên men bia-Đông Mai.20-03-2025.docx,[17] Phòng Kiểm Soát Chất Lượng - KCS,149,2025,Quyết định,Phòng Kiểm soát Chất lượng – KCS,,2025-03-20,,Đang lưu hành,Nội bộ,Quyết định của Tổng Giám Đốc Công ty Ban hành Quy trình lên men bia-Đông Mai,,,
data/00. Văn bản Điều hành/[17] Phòng Kiểm soát chất lượng - KCS/149.2025.QĐ-HCNS-Quyết định của Tổng Giám Đốc Công ty Ban hành Quy trình lên men bia-Đông Mai.20-03-2025.pdf,[17] Phòng Kiểm Soát Chất Lượng - KCS,149,2025,Quyết định,Phòng Kiểm soát Chất lượng – KCS,,2025-03-20,,Đang lưu hành,Nội bộ,Quyết định của Tổng Giám Đốc Công ty Ban hành Quy trình lên men bia-Đông Mai,,,
data/00. Văn bản Điều hành/[17] Phòng Kiểm soát chất lượng - KCS/150.2025.QĐ-HCNS-Quyết định của Tổng Giám Đốc Công ty Ban hành Quy trình rửa keg bia 30 lít-Hạ Long.20-3-2025.docx,[17] Phòng Kiểm Soát Chất Lượng - KCS,150,2025,Quyết định,Phòng Kiểm soát Chất lượng – KCS,,2025-03-20,,Đang lưu hành,Nội bộ,Quyết định của Tổng Giám Đốc Công ty Ban hành Quy trình rửa keg bia 30 lít-Hạ Long,,,
data/00. Văn bản Điều hành/[17] Phòng Kiểm soát chất lượng - KCS/150.2025.QĐ-HCNS-Quyết định của Tổng Giám Đốc Công ty Ban hành Quy trình rửa keg bia 30 lít-Hạ Long.20-3-2025.pdf,[17] Phòng Kiểm Soát Chất Lượng - KCS,150,2025,Quyết định,Phòng Kiểm soát Chất lượng – KCS,,2025-03-20,,Đang lưu hành,Nội bộ,Quyết định của Tổng Giám Đốc Công ty Ban hành Quy trình rửa keg bia 30 lít-Hạ Long,,,
"data/00. Văn bản Điều hành/[17] Phòng Kiểm soát chất lượng - KCS/151.2025.QĐ-HCNS-Quyết định của Tổng Giám Đốc Công ty Ban hành Quy trình lọc bia, bổ sung CO2-Hạ Long.20-03-2025.docx",[17] Phòng Kiểm Soát Chất Lượng - KCS,151,2025,Quyết định,Phòng Kiểm soát Chất lượng – KCS,,2025-03-20,,Đang lưu hành,Nội bộ,"Quyết định của Tổng Giám Đốc Công ty Ban hành Quy trình lọc bia, bổ sung CO2-Hạ Long",,,
"data/00. Văn bản Điều hành/[17] Phòng Kiểm soát chất lượng - KCS/151.2025.QĐ-HCNS-Quyết định của Tổng Giám Đốc Công ty Ban hành Quy trình lọc bia, bổ sung CO2-Hạ Long.20-03-2025.pdf",[17] Phòng Kiểm Soát Chất Lượng - KCS,151,2025,Quyết định,Phòng Kiểm soát Chất lượng – KCS,,2025-03-20,,Đang lưu hành,Nội bộ,"Quyết định của Tổng Giám Đốc Công ty Ban hành Quy trình lọc bia, bổ sung CO2-Hạ Long",,,
data/00. Văn bản Điều hành/[17] Phòng Kiểm soát chất lượng - KCS/152.2025.QĐ-HCNS-Quyết định của Tổng Giám Đốc Công ty Ban hành Quy trình chiết keg bia 02 lít.20-03-2025.docx,[17] Phòng Kiểm Soát Chất Lượng - KCS,152,2025,Quyết định,Phòng Kiểm soát Chất lượng – KCS,,2025-03-20,,Đang lưu hành,Nội bộ,Quyết định của Tổng Giám Đốc Công ty Ban hành Quy trình chiết keg bia 02 lít,,,
data/00. Văn bản Điều hành/[17] Phòng Kiểm soát chất lượng - KCS/152.2025.QĐ-HCNS-Quyết định của Tổng Giám Đốc Công ty Ban hành Quy trình chiết keg bia 02 lít.20-03-2025.pdf,[17] Phòng Kiểm Soát Chất Lượng - KCS,152,2025,Quyết định,Phòng Kiểm soát Chất lượng – KCS,,2025-03-20,,Đang lưu hành,Nội bộ,Quyết định của Tổng Giám Đốc Công ty Ban hành Quy trình chiết keg bia 02 lít,,,
data/00. Văn bản Điều hành/[17] Phòng Kiểm soát chất lượng - KCS/153.2025.QĐ-HCNS-Quyết định của Tổng Giám Đốc Công ty Ban hành Quy trình kiểm tra định lượng-in phun bia keg 30 lít.20-03-2025.docx,[17] Phòng Kiểm Soát Chất Lượng - KCS,153,2025,Quyết định,Phòng Kiểm soát Chất lượng – KCS,,2025-03-20,,Đang lưu hành,Nội bộ,Quyết định của Tổng Giám Đốc Công ty Ban hành Quy trình kiểm tra định lượng-in phun bia keg 30 lít,,,
data/00. Văn bản Điều hành/[17] Phòng Kiểm soát chất lượng - KCS/153.2025.QĐ-HCNS-Quyết định của Tổng Giám Đốc Công ty Ban hành Quy trình kiểm tra định lượng-in phun bia keg 30 lít.20-03-2025.pdf,[17] Phòng Kiểm Soát Chất Lượng - KCS,153,2025,Quyết định,Phòng Kiểm soát Chất lượng – KCS,,2025-03-20,,Đang lưu hành,Nội bộ,Quyết định của Tổng Giám Đốc Công ty Ban hành Quy trình kiểm tra định lượng-in phun bia keg 30 lít,,,
data/00. Văn bản Điều hành/[17] Phòng Kiểm soát chất lượng - KCS/154.2025.QĐ-HCNS-Quyết định của Tổng Giám Đốc Công ty Ban hành Quy trình kiểm tra chất lượng-in phun bia keg 02 lít.20-03-2025.docx,[17] Phòng Kiểm Soát Chất Lượng - KCS,154,2025,Quyết định,Phòng Kiểm soát Chất lượng – KCS,,2025-03-20,,Đang lưu hành,Nội bộ,Quyết định của Tổng Giám Đốc Công ty Ban hành Quy trình kiểm tra chất lượng-in phun bia keg 02 lít,,,
data/00. Văn bản Điều hành/[17] Phòng Kiểm soát chất lượng - KCS/154.2025.QĐ-HCNS-Quyết định của Tổng Giám Đốc Công ty Ban hành Quy trình kiểm tra chất lượng-in phun bia keg 02 lít.20-03-2025.pdf,[17] Phòng Kiểm Soát Chất Lượng - KCS,154,2025,Quyết định,Phòng Kiểm soát Chất lượng – KCS,,2025-03-20,,Đang lưu hành,Nội bộ,Quyết định của Tổng Giám Đốc Công ty Ban hành Quy trình kiểm tra chất lượng-in phun bia keg 02 lít,,,
data/00. Văn bản Điều hành/[17] Phòng Kiểm soát chất lượng - KCS/155.2025.QĐ-HCNS-Quyết định của Tổng Giám Đốc Công ty Ban hành Quy trình chiết keg bia 30 lít(máy Việt Nam)-Hạ Long.20-03-2025.docx,[17] Phòng Kiểm Soát Chất Lượng - KCS,155,2025,Quyết định,Phòng Kiểm soát Chất lượng – KCS,,2025-03-20,,Đang lưu hành,Nội bộ,Quyết định của Tổng Giám Đốc Công ty Ban hành Quy trình chiết keg bia 30 lít(máy Việt Nam)-Hạ Long,,,
data/00. Văn bản Điều hành/[17] Phòng Kiểm soát chất lượng - KCS/155.2025.QĐ-HCNS-Quyết định của Tổng Giám Đốc Công ty Ban hành Quy trình chiết keg bia 30 lít(máy Việt Nam)-Hạ Long.20-03-2025.pdf,[17] Phòng Kiểm Soát Chất Lượng - KCS,155,2025,Quyết định,Phòng Kiểm soát Chất lượng – KCS,,2025-03-20,,Đang lưu hành,Nội bộ,Quyết định của Tổng Giám Đốc Công ty Ban hành Quy trình chiết keg bia 30 lít(máy Việt Nam)-Hạ Long,,,
data/00. Văn bản Điều hành/[17] Phòng Kiểm soát chất lượng - KCS/162.2025.QĐ-HCNS-Quyết định Ban hành quy trình rửa lon-dây chuyền lon(Krones).24-03-2025.docx,[17] Phòng Kiểm Soát Chất Lượng - KCS,162,2025,Quyết định,Phòng Kiểm soát Chất lượng – KCS,,2025-03-24,,Đang lưu hành,Nội bộ,Quyết định Ban hành quy trình rửa lon-dây chuyền lon(Krones),,,
data/00. Văn bản Điều hành/[17] Phòng Kiểm soát chất lượng - KCS/162.2025.QĐ-HCNS-Quyết định Ban hành quy trình rửa lon-dây chuyền lon(Krones).24-03-2025.pdf,[17] Phòng Kiểm Soát Chất Lượng - KCS,162,2025,Quyết định,Phòng Kiểm soát Chất lượng – KCS,,2025-03-24,,Đang lưu hành,Nội bộ,Quyết định Ban hành quy trình rửa lon-dây chuyền lon(Krones),,,
data/00. Văn bản Điều hành/[17] Phòng Kiểm soát chất lượng - KCS/163.2025.QĐ-HCNS-Quyết định Ban hành quy trình chiết keg 30 lít-Đông Mai.24-03-2025.docx,[17] Phòng Kiểm Soát Chất Lượng - KCS,163,2025,Quyết định,Phòng Kiểm soát Chất lượng – KCS,,2025-03-24,,Đang lưu hành,Nội bộ,Quyết định Ban hành quy trình chiết keg 30 lít-Đông Mai,,,
data/00. Văn bản Điều hành/[17] Phòng Kiểm soát chất lượng - KCS/163.2025.QĐ-HCNS-Quyết định Ban hành quy trình chiết keg 30 lít-Đông Mai.24-03-2025.pdf,[17] Phòng Kiểm Soát Chất Lượng - KCS,163,2025,Quyết định,Phòng Kiểm soát Chất lượng – KCS,,2025-03-24,,Đang lưu hành,Nội bộ,Quyết định Ban hành quy trình chiết keg 30 lít-Đông Mai,,,
"data/00. Văn bản Điều hành/[17] Phòng Kiểm soát chất lượng - KCS/164.2025.QĐ-HCNS-Quyết định Ban hành quy trình kiểm tra chất lượng-in phun, dán hộp.24-03-2025.docx",[17] Phòng Kiểm Soát Chất Lượng - KCS,164,2025,Quyết định,Phòng Kiểm soát Chất lượng – KCS,,2025-03-24,,Đang lưu hành,Nội bộ,"Quyết định Ban hành quy trình kiểm tra chất lượng-in phun, dán hộp",,,
"data/00. Văn bản Điều hành/[17] Phòng Kiểm soát chất lượng - KCS/164.2025.QĐ-HCNS-Quyết định Ban hành quy trình kiểm tra chất lượng-in phun, dán hộp.24-03-2025.pdf",[17] Phòng Kiểm Soát Chất Lượng - KCS,164,2025,Quyết định,Phòng Kiểm soát Chất lượng – KCS,,2025-03-24,,Đang lưu hành,Nội bộ,"Quyết định Ban hành quy trình kiểm tra chất lượng-in phun, dán hộp",,,
data/00. Văn bản Điều hành/[17] Phòng Kiểm soát chất lượng - KCS/165.2025.QĐ-HCNS-Quyết định Ban hành quy trình vệ sinh các bề mặt tiếp xúc với sản phẩm-Hạ Long.24-03-2025.docx,[17] Phòng Kiểm Soát Chất Lượng - KCS,165,2025,Quyết định,Phòng Kiểm soát Chất lượng – KCS,,2025-03-24,,Đang lưu hành,Nội bộ,Quyết định Ban hành quy trình vệ sinh các bề mặt tiếp xúc với sản phẩm-Hạ Long,,,
data/00. Văn bản Điều hành/[17] Phòng Kiểm soát chất lượng - KCS/165.2025.QĐ-HCNS-Quyết định Ban hành quy trình vệ sinh các bề mặt tiếp xúc với sản phẩm-Hạ Long.24-03-2025.pdf,[17] Phòng Kiểm Soát Chất Lượng - KCS,165,2025,Quyết định,Phòng Kiểm soát Chất lượng – KCS,,2025-03-24,,Đang lưu hành,Nội bộ,Quyết định Ban hành quy trình vệ sinh các bề mặt tiếp xúc với sản phẩm-Hạ Long,,,
"data/00. Văn bản Điều hành/[17] Phòng Kiểm soát chất lượng - KCS/166.2025.QĐ-HCNS-Quyết định Ban hành quy trình lưu-xuất kho, nhận lại sản phẩm bia hơi, bia tươi.24-03-2025.docx",[17] Phòng Kiểm Soát Chất Lượng - KCS,166,2025,Quyết định,Phòng Kiểm soát Chất lượng – KCS,,2025-03-24,,Đang lưu hành,Nội bộ,"Quyết định Ban hành quy trình lưu-xuất kho, nhận lại sản phẩm bia hơi, bia tươi",,,
"data/00. Văn bản Điều hành/[17] Phòng Kiểm soát chất lượng - KCS/166.2025.QĐ-HCNS-Quyết định Ban hành quy trình lưu-xuất kho, nhận lại sản phẩm bia hơi, bia tươi.24-03-2025.pdf",[17] Phòng Kiểm Soát Chất Lượng - KCS,166,2025,Quyết định,Phòng Kiểm soát Chất lượng – KCS,,2025-03-24,,Đang lưu hành,Nội bộ,"Quyết định Ban hành quy trình lưu-xuất kho, nhận lại sản phẩm bia hơi, bia tươi",,,
data/00. Văn bản Điều hành/[17] Phòng Kiểm soát chất lượng - KCS/171.2025.QĐ-HCNS-Quyết định Ban hành Quy trình vệ sinh đường ống dẫn bia đi lọc.26-3-2025.docx,[17] Phòng Kiểm Soát Chất Lượng - KCS,171,2025,Quyết định,Phòng Kiểm soát Chất lượng – KCS,,2025-03-26,,Đang lưu hành,Nội bộ,Quyết định Ban hành Quy trình vệ sinh đường ống dẫn bia đi lọc,,,
data/00. Văn bản Điều hành/[17] Phòng Kiểm soát chất lượng - KCS/171.2025.QĐ-HCNS-Quyết định Ban hành Quy trình vệ sinh đường ống dẫn bia đi lọc.26-3-2025.pdf,[17] Phòng Kiểm Soát Chất Lượng - KCS,171,2025,Quyết định,Phòng Kiểm soát Chất lượng – KCS,,2025-03-26,,Đang lưu hành,Nội bộ,Quyết định Ban hành Quy trình vệ sinh đường ống dẫn bia đi lọc,,,
data/00. Văn bản Điều hành/[17] Phòng Kiểm soát chất lượng - KCS/174.2025.QĐ-HCNS-Quyết định Ban hành Quy trình vệ sinh tank lên men-Đông Mai.28-03-2025.docx,[17] Phòng Kiểm Soát Chất Lượng - KCS,174,2025,Quyết định,Phòng Kiểm soát Chất lượng – KCS,,2025-03-28,,Đang lưu hành,Nội bộ,Quyết định Ban hành Quy trình vệ sinh tank lên men-Đông Mai,,,
data/00. Văn bản Điều hành/[17] Phòng Kiểm soát chất lượng - KCS/174.2025.QĐ-HCNS-Quyết định Ban hành Quy trình vệ sinh tank lên men-Đông Mai.28-03-2025.pdf,[17] Phòng Kiểm Soát Chất Lượng - KCS,174,2025,Quyết định,Phòng Kiểm soát Chất lượng – KCS,,2025-03-28,,Đang lưu hành,Nội bộ,Quyết định Ban hành Quy trình vệ sinh tank lên men-Đông Mai,,,
data/00. Văn bản Điều hành/[17] Phòng Kiểm soát chất lượng - KCS/180.2025.QĐ-HCNS-Quyết định Ban hành quy trình vệ sinh các bề mặt tiếp xúc với sản phẩm-Đông Mai.29-3-2025.htm,[17] Phòng Kiểm Soát Chất Lượng - KCS,180,2025,Quyết định,Phòng Kiểm soát Chất lượng – KCS,,2025-03-29,,Đang lưu hành,Nội bộ,Quyết định Ban hành quy trình vệ sinh các bề mặt tiếp xúc với sản phẩm-Đông Mai,,,
data/00. Văn bản Điều hành/[17] Phòng Kiểm soát chất lượng - KCS/180.2025.QĐ-HCNS-Quyết định Ban hành quy trình vệ sinh các bề mặt tiếp xúc với sản phẩm-Đông Mai.29-3-2025.pdf,[17] Phòng Kiểm Soát Chất Lượng - KCS,180,2025,Quyết định,Phòng Kiểm soát Chất lượng – KCS,,2025-03-29,,Đang lưu hành,Nội bộ,Quyết định Ban hành quy trình vệ sinh các bề mặt tiếp xúc với sản phẩm-Đông Mai,,,
data/00. Văn bản Điều hành/[17] Phòng Kiểm soát chất lượng - KCS/181.2025.QĐ-HCNS-Quyết định Ban hành quy trình vệ sinh bảo vệ thực phẩm tránh tác nhân gây nhiễm.29-03-2025.docx,[17] Phòng Kiểm Soát Chất Lượng - KCS,181,2025,Quyết định,Phòng Kiểm soát Chất lượng – KCS,,2025-03-29,,Đang lưu hành,Nội bộ,Quyết định Ban hành quy trình vệ sinh bảo vệ thực phẩm tránh tác nhân gây nhiễm,,,
data/00. Văn bản Điều hành/[17] Phòng Kiểm soát chất lượng - KCS/181.2025.QĐ-HCNS-Quyết định Ban hành quy trình vệ sinh bảo vệ thực phẩm tránh tác nhân gây nhiễm.29-03-2025.pdf,[17] Phòng Kiểm Soát Chất Lượng - KCS,181,2025,Quyết định,Phòng Kiểm soát Chất lượng – KCS,,2025-03-29,,Đang lưu hành,Nội bộ,Quyết định Ban hành quy trình vệ sinh bảo vệ thực phẩm tránh tác nhân gây nhiễm,,,
data/00. Văn bản Điều hành/[17] Phòng Kiểm soát chất lượng - KCS/181.2026.QĐ-HCNS-Bổ nhiệm Phó Giám đốc Công nghệ.19-03-2026.pdf,[17] Phòng Kiểm Soát Chất Lượng - KCS,181,2026,Quyết định,Phòng Kiểm soát Chất lượng – KCS,,2026-03-19,,Đang lưu hành,Nội bộ,Bổ nhiệm Phó Giám đốc Công nghệ,,,
data/00. Văn bản Điều hành/[17] Phòng Kiểm soát chất lượng - KCS/196.2026.QĐ-HCNS-Miễn nhiệm vị trí Phó phòng kiểm soát chất lượng-KCS.26-03-2026.pdf,[17] Phòng Kiểm Soát Chất Lượng - KCS,196,2026,Quyết định,Phòng Kiểm soát Chất lượng – KCS,,2026-03-26,,Đang lưu hành,Nội bộ,Miễn nhiệm vị trí Phó phòng kiểm soát chất lượng-KCS,,,
data/00. Văn bản Điều hành/[17] Phòng Kiểm soát chất lượng - KCS/197.2026.QĐ-HCNS-Bổ nhiệm Trưởng phòng kiểm soát chất lượng-KCS.26-03-2026.pdf,[17] Phòng Kiểm Soát Chất Lượng - KCS,197,2026,Quyết định,Phòng Kiểm soát Chất lượng – KCS,,2026-03-26,,Đang lưu hành,Nội bộ,Bổ nhiệm Trưởng phòng kiểm soát chất lượng-KCS,,,
data/00. Văn bản Điều hành/[17] Phòng Kiểm soát chất lượng - KCS/20.2025.QĐ-HCNS-hướng dẫn kiểm nghiệm và đánh giá kết quả.14-01-2025.pdf,[17] Phòng Kiểm Soát Chất Lượng - KCS,20,2025,Quyết định,Phòng Kiểm soát Chất lượng – KCS,,2025-01-14,,Đang lưu hành,Nội bộ,hướng dẫn kiểm nghiệm và đánh giá kết quả,,,
data/00. Văn bản Điều hành/[17] Phòng Kiểm soát chất lượng - KCS/205.2025.QĐ-HCNS-Quyết định Ban hành quy trình đường hóa-Hạ Long.09-04-2025.docx,[17] Phòng Kiểm Soát Chất Lượng - KCS,205,2025,Quyết định,Phòng Kiểm soát Chất lượng – KCS,,2025-04-09,,Đang lưu hành,Nội bộ,Quyết định Ban hành quy trình đường hóa-Hạ Long,,,
data/00. Văn bản Điều hành/[17] Phòng Kiểm soát chất lượng - KCS/205.2025.QĐ-HCNS-Quyết định Ban hành quy trình đường hóa-Hạ Long.09-04-2025.pdf,[17] Phòng Kiểm Soát Chất Lượng - KCS,205,2025,Quyết định,Phòng Kiểm soát Chất lượng – KCS,,2025-04-09,,Đang lưu hành,Nội bộ,Quyết định Ban hành quy trình đường hóa-Hạ Long,,,
data/00. Văn bản Điều hành/[17] Phòng Kiểm soát chất lượng - KCS/206.2025.QĐ-HCNS-Quyết định Ban hành hướng dẫn điều tra kết quả thử nghiệm không đạt tiêu chuẩn.09-04-2025.docx,[17] Phòng Kiểm Soát Chất Lượng - KCS,206,2025,Quyết định,Phòng Kiểm soát Chất lượng – KCS,,2025-04-09,,Đang lưu hành,Nội bộ,Quyết định Ban hành hướng dẫn điều tra kết quả thử nghiệm không đạt tiêu chuẩn,,,
data/00. Văn bản Điều hành/[17] Phòng Kiểm soát chất lượng - KCS/206.2025.QĐ-HCNS-Quyết định Ban hành hướng dẫn điều tra kết quả thử nghiệm không đạt tiêu chuẩn.09-04-2025.pdf,[17] Phòng Kiểm Soát Chất Lượng - KCS,206,2025,Quyết định,Phòng Kiểm soát Chất lượng – KCS,,2025-04-09,,Đang lưu hành,Nội bộ,Quyết định Ban hành hướng dẫn điều tra kết quả thử nghiệm không đạt tiêu chuẩn,,,
data/00. Văn bản Điều hành/[17] Phòng Kiểm soát chất lượng - KCS/207.2025.QĐ-HCNS-Quyết định Ban hành quy trình nghiền malt-Hạ Long.09-04-2025.docx,[17] Phòng Kiểm Soát Chất Lượng - KCS,207,2025,Quyết định,Phòng Kiểm soát Chất lượng – KCS,,2025-04-09,,Đang lưu hành,Nội bộ,Quyết định Ban hành quy trình nghiền malt-Hạ Long,,,
data/00. Văn bản Điều hành/[17] Phòng Kiểm soát chất lượng - KCS/207.2025.QĐ-HCNS-Quyết định Ban hành quy trình nghiền malt-Hạ Long.09-04-2025.pdf,[17] Phòng Kiểm Soát Chất Lượng - KCS,207,2025,Quyết định,Phòng Kiểm soát Chất lượng – KCS,,2025-04-09,,Đang lưu hành,Nội bộ,Quyết định Ban hành quy trình nghiền malt-Hạ Long,,,
data/00. Văn bản Điều hành/[17] Phòng Kiểm soát chất lượng - KCS/208.2025.QĐ-HCNS-Quyết định Ban hành quy trình vệ sinh nguồn nước-Hạ Long.09-04-2025.docx,[17] Phòng Kiểm Soát Chất Lượng - KCS,208,2025,Quyết định,Phòng Kiểm soát Chất lượng – KCS,,2025-04-09,,Đang lưu hành,Nội bộ,Quyết định Ban hành quy trình vệ sinh nguồn nước-Hạ Long,,,
data/00. Văn bản Điều hành/[17] Phòng Kiểm soát chất lượng - KCS/208.2025.QĐ-HCNS-Quyết định Ban hành quy trình vệ sinh nguồn nước-Hạ Long.09-04-2025.pdf,[17] Phòng Kiểm Soát Chất Lượng - KCS,208,2025,Quyết định,Phòng Kiểm soát Chất lượng – KCS,,2025-04-09,,Đang lưu hành,Nội bộ,Quyết định Ban hành quy trình vệ sinh nguồn nước-Hạ Long,,,
data/00. Văn bản Điều hành/[17] Phòng Kiểm soát chất lượng - KCS/209.2025.QĐ-HCNS-Quyết định Ban hành hướng dẫn vận hành máy li tâm.09-04-2025.docx,[17] Phòng Kiểm Soát Chất Lượng - KCS,209,2025,Quyết định,Phòng Kiểm soát Chất lượng – KCS,,2025-04-09,,Đang lưu hành,Nội bộ,Quyết định Ban hành hướng dẫn vận hành máy li tâm,,,
data/00. Văn bản Điều hành/[17] Phòng Kiểm soát chất lượng - KCS/209.2025.QĐ-HCNS-Quyết định Ban hành hướng dẫn vận hành máy li tâm.09-04-2025.pdf,[17] Phòng Kiểm Soát Chất Lượng - KCS,209,2025,Quyết định,Phòng Kiểm soát Chất lượng – KCS,,2025-04-09,,Đang lưu hành,Nội bộ,Quyết định Ban hành hướng dẫn vận hành máy li tâm,,,
data/00. Văn bản Điều hành/[17] Phòng Kiểm soát chất lượng - KCS/210.2025.QĐ-HCNS-Quyết định Ban hành quy trình vệ sinh nguồn nước-Đông Mai.09-04-2025.docx,[17] Phòng Kiểm Soát Chất Lượng - KCS,210,2025,Quyết định,Phòng Kiểm soát Chất lượng – KCS,,2025-04-09,,Đang lưu hành,Nội bộ,Quyết định Ban hành quy trình vệ sinh nguồn nước-Đông Mai,,,
data/00. Văn bản Điều hành/[17] Phòng Kiểm soát chất lượng - KCS/210.2025.QĐ-HCNS-Quyết định Ban hành quy trình vệ sinh nguồn nước-Đông Mai.09-04-2025.pdf,[17] Phòng Kiểm Soát Chất Lượng - KCS,210,2025,Quyết định,Phòng Kiểm soát Chất lượng – KCS,,2025-04-09,,Đang lưu hành,Nội bộ,Quyết định Ban hành quy trình vệ sinh nguồn nước-Đông Mai,,,
data/00. Văn bản Điều hành/[17] Phòng Kiểm soát chất lượng - KCS/211.2025.QĐ-HCNS-Quyết định Ban hành quy trình kiểm soát chất thải.09-04-2025.docx,[17] Phòng Kiểm Soát Chất Lượng - KCS,211,2025,Quyết định,Phòng Kiểm soát Chất lượng – KCS,,2025-04-09,,Đang lưu hành,Nội bộ,Quyết định Ban hành quy trình kiểm soát chất thải,,,
data/00. Văn bản Điều hành/[17] Phòng Kiểm soát chất lượng - KCS/211.2025.QĐ-HCNS-Quyết định Ban hành quy trình kiểm soát chất thải.09-04-2025.pdf,[17] Phòng Kiểm Soát Chất Lượng - KCS,211,2025,Quyết định,Phòng Kiểm soát Chất lượng – KCS,,2025-04-09,,Đang lưu hành,Nội bộ,Quyết định Ban hành quy trình kiểm soát chất thải,,,
data/00. Văn bản Điều hành/[17] Phòng Kiểm soát chất lượng - KCS/212.2025.QĐ-HCNS-Quyết định Ban hành quy trình quản lý sức khỏe công nhân.09-04-2025.docx,[17] Phòng Kiểm Soát Chất Lượng - KCS,212,2025,Quyết định,Phòng Kiểm soát Chất lượng – KCS,,2025-04-09,,Đang lưu hành,Nội bộ,Quyết định Ban hành quy trình quản lý sức khỏe công nhân,,,
data/00. Văn bản Điều hành/[17] Phòng Kiểm soát chất lượng - KCS/212.2025.QĐ-HCNS-Quyết định Ban hành quy trình quản lý sức khỏe công nhân.09-04-2025.pdf,[17] Phòng Kiểm Soát Chất Lượng - KCS,212,2025,Quyết định,Phòng Kiểm soát Chất lượng – KCS,,2025-04-09,,Đang lưu hành,Nội bộ,Quyết định Ban hành quy trình quản lý sức khỏe công nhân,,,
data/00. Văn bản Điều hành/[17] Phòng Kiểm soát chất lượng - KCS/226.2025.QĐ-HCNS-Quyết định Ban hành quy trình lắng nóng-Đông Mai.17-04-2025.docx,[17] Phòng Kiểm Soát Chất Lượng - KCS,226,2025,Quyết định,Phòng Kiểm soát Chất lượng – KCS,,2025-04-17,,Đang lưu hành,Nội bộ,Quyết định Ban hành quy trình lắng nóng-Đông Mai,,,
data/00. Văn bản Điều hành/[17] Phòng Kiểm soát chất lượng - KCS/226.2025.QĐ-HCNS-Quyết định Ban hành quy trình lắng nóng-Đông Mai.17-04-2025.pdf,[17] Phòng Kiểm Soát Chất Lượng - KCS,226,2025,Quyết định,Phòng Kiểm soát Chất lượng – KCS,,2025-04-17,,Đang lưu hành,Nội bộ,Quyết định Ban hành quy trình lắng nóng-Đông Mai,,,
data/00. Văn bản Điều hành/[17] Phòng Kiểm soát chất lượng - KCS/228.2025.QĐ-HCNS-Quyết định Ban hành quy trình xay gạo-Đông Mai.17-04-2025.docx,[17] Phòng Kiểm Soát Chất Lượng - KCS,228,2025,Quyết định,Phòng Kiểm soát Chất lượng – KCS,,2025-04-17,,Đang lưu hành,Nội bộ,Quyết định Ban hành quy trình xay gạo-Đông Mai,,,
data/00. Văn bản Điều hành/[17] Phòng Kiểm soát chất lượng - KCS/228.2025.QĐ-HCNS-Quyết định Ban hành quy trình xay gạo-Đông Mai.17-04-2025.pdf,[17] Phòng Kiểm Soát Chất Lượng - KCS,228,2025,Quyết định,Phòng Kiểm soát Chất lượng – KCS,,2025-04-17,,Đang lưu hành,Nội bộ,Quyết định Ban hành quy trình xay gạo-Đông Mai,,,
data/00. Văn bản Điều hành/[17] Phòng Kiểm soát chất lượng - KCS/229.2025.QĐ-HCNS-Quyết định Ban hành quy trình đường hóa-Đông Mai.18-04-2025.docx,[17] Phòng Kiểm Soát Chất Lượng - KCS,229,2025,Quyết định,Phòng Kiểm soát Chất lượng – KCS,,2025-04-18,,Đang lưu hành,Nội bộ,Quyết định Ban hành quy trình đường hóa-Đông Mai,,,
data/00. Văn bản Điều hành/[17] Phòng Kiểm soát chất lượng - KCS/229.2025.QĐ-HCNS-Quyết định Ban hành quy trình đường hóa-Đông Mai.18-04-2025.pdf,[17] Phòng Kiểm Soát Chất Lượng - KCS,229,2025,Quyết định,Phòng Kiểm soát Chất lượng – KCS,,2025-04-18,,Đang lưu hành,Nội bộ,Quyết định Ban hành quy trình đường hóa-Đông Mai,,,
data/00. Văn bản Điều hành/[17] Phòng Kiểm soát chất lượng - KCS/230.2025.QĐ-HCNS-Quyết định Ban hành quy trình lắng nóng.18-4-2025.docx,[17] Phòng Kiểm Soát Chất Lượng - KCS,230,2025,Quyết định,Phòng Kiểm soát Chất lượng – KCS,,2025-04-18,,Đang lưu hành,Nội bộ,Quyết định Ban hành quy trình lắng nóng,,,
data/00. Văn bản Điều hành/[17] Phòng Kiểm soát chất lượng - KCS/230.2025.QĐ-HCNS-Quyết định Ban hành quy trình lắng nóng.18-4-2025.pdf,[17] Phòng Kiểm Soát Chất Lượng - KCS,230,2025,Quyết định,Phòng Kiểm soát Chất lượng – KCS,,2025-04-18,,Đang lưu hành,Nội bộ,Quyết định Ban hành quy trình lắng nóng,,,
data/00. Văn bản Điều hành/[17] Phòng Kiểm soát chất lượng - KCS/230A.2025.QĐ-HCNS-Quyết định Ban hành quy trình lạnh nhanh-Hạ Long.18-04-2025.docx,[17] Phòng Kiểm Soát Chất Lượng - KCS,230A,2025,Quyết định,Phòng Kiểm soát Chất lượng – KCS,,2025-04-18,,Đang lưu hành,Nội bộ,Quyết định Ban hành quy trình lạnh nhanh-Hạ Long,,,
data/00. Văn bản Điều hành/[17] Phòng Kiểm soát chất lượng - KCS/230A.2025.QĐ-HCNS-Quyết định Ban hành quy trình lạnh nhanh-Hạ Long.18-04-2025.pdf,[17] Phòng Kiểm Soát Chất Lượng - KCS,230A,2025,Quyết định,Phòng Kiểm soát Chất lượng – KCS,,2025-04-18,,Đang lưu hành,Nội bộ,Quyết định Ban hành quy trình lạnh nhanh-Hạ Long,,,
data/00. Văn bản Điều hành/[17] Phòng Kiểm soát chất lượng - KCS/230B.2025.QĐ-HCNS-Quyết định Ban hành quy trình vệ sinh đường ống thu-cấp men-Hạ Long.18-04-2025.docx,[17] Phòng Kiểm Soát Chất Lượng - KCS,230B,2025,Quyết định,Phòng Kiểm soát Chất lượng – KCS,,2025-04-18,,Đang lưu hành,Nội bộ,Quyết định Ban hành quy trình vệ sinh đường ống thu-cấp men-Hạ Long,,,
data/00. Văn bản Điều hành/[17] Phòng Kiểm soát chất lượng - KCS/230B.2025.QĐ-HCNS-Quyết định Ban hành quy trình vệ sinh đường ống thu-cấp men-Hạ Long.18-04-2025.pdf,[17] Phòng Kiểm Soát Chất Lượng - KCS,230B,2025,Quyết định,Phòng Kiểm soát Chất lượng – KCS,,2025-04-18,,Đang lưu hành,Nội bộ,Quyết định Ban hành quy trình vệ sinh đường ống thu-cấp men-Hạ Long,,,
data/00. Văn bản Điều hành/[17] Phòng Kiểm soát chất lượng - KCS/233.2025.QĐ-HCNS-Quyết định Ban hành quy trình lọc dịch hèm-Hạ Long.19-4-2025.docx,[17] Phòng Kiểm Soát Chất Lượng - KCS,233,2025,Quyết định,Phòng Kiểm soát Chất lượng – KCS,,2025-04-19,,Đang lưu hành,Nội bộ,Quyết định Ban hành quy trình lọc dịch hèm-Hạ Long,,,
data/00. Văn bản Điều hành/[17] Phòng Kiểm soát chất lượng - KCS/233.2025.QĐ-HCNS-Quyết định Ban hành quy trình lọc dịch hèm-Hạ Long.19-4-2025.pdf,[17] Phòng Kiểm Soát Chất Lượng - KCS,233,2025,Quyết định,Phòng Kiểm soát Chất lượng – KCS,,2025-04-19,,Đang lưu hành,Nội bộ,Quyết định Ban hành quy trình lọc dịch hèm-Hạ Long,,,
"data/00. Văn bản Điều hành/[17] Phòng Kiểm soát chất lượng - KCS/268.QĐ-HCNS-Quyết định ban hành quy trình lọc, pha bia, bổ sung CO2-Đông Mai.08-05-2025.docx",[17] Phòng Kiểm Soát Chất Lượng - KCS,268,2025,Quyết định,Phòng Kiểm soát Chất lượng – KCS,,2025-05-08,,Đang lưu hành,Nội bộ,"Quyết định ban hành quy trình lọc, pha bia, bổ sung CO2-Đông Mai",,,
"data/00. Văn bản Điều hành/[17] Phòng Kiểm soát chất lượng - KCS/268.QĐ-HCNS-Quyết định ban hành quy trình lọc, pha bia, bổ sung CO2-Đông Mai.08-05-2025.pdf",[17] Phòng Kiểm Soát Chất Lượng - KCS,268,2025,Quyết định,Phòng Kiểm soát Chất lượng – KCS,,2025-05-08,,Đang lưu hành,Nội bộ,"Quyết định ban hành quy trình lọc, pha bia, bổ sung CO2-Đông Mai",,,
data/00. Văn bản Điều hành/[17] Phòng Kiểm soát chất lượng - KCS/269.QĐ-HCNS-Quyết định ban hành quy trình lọc dịch hèm-Đông Mai.08-05-2025.docx,[17] Phòng Kiểm Soát Chất Lượng - KCS,269,2025,Quyết định,Phòng Kiểm soát Chất lượng – KCS,,2025-05-08,,Đang lưu hành,Nội bộ,Quyết định ban hành quy trình lọc dịch hèm-Đông Mai,,,
data/00. Văn bản Điều hành/[17] Phòng Kiểm soát chất lượng - KCS/269.QĐ-HCNS-Quyết định ban hành quy trình lọc dịch hèm-Đông Mai.08-05-2025.pdf,[17] Phòng Kiểm Soát Chất Lượng - KCS,269,2025,Quyết định,Phòng Kiểm soát Chất lượng – KCS,,2025-05-08,,Đang lưu hành,Nội bộ,Quyết định ban hành quy trình lọc dịch hèm-Đông Mai,,,
data/00. Văn bản Điều hành/[17] Phòng Kiểm soát chất lượng - KCS/270.QĐ-HCNS-Quyết định ban hành quy trình vệ sinh máy chiết 30 lít(máy Việt Nam)-Hạ Long.08-05-2025.docx,[17] Phòng Kiểm Soát Chất Lượng - KCS,270,2025,Quyết định,Phòng Kiểm soát Chất lượng – KCS,,2025-05-08,,Đang lưu hành,Nội bộ,Quyết định ban hành quy trình vệ sinh máy chiết 30 lít(máy Việt Nam)-Hạ Long,,,
data/00. Văn bản Điều hành/[17] Phòng Kiểm soát chất lượng - KCS/270.QĐ-HCNS-Quyết định ban hành quy trình vệ sinh máy chiết 30 lít(máy Việt Nam)-Hạ Long.08-05-2025.pdf,[17] Phòng Kiểm Soát Chất Lượng - KCS,270,2025,Quyết định,Phòng Kiểm soát Chất lượng – KCS,,2025-05-08,,Đang lưu hành,Nội bộ,Quyết định ban hành quy trình vệ sinh máy chiết 30 lít(máy Việt Nam)-Hạ Long,,,
data/00. Văn bản Điều hành/[17] Phòng Kiểm soát chất lượng - KCS/271.QĐ-HCNS-Quyết định ban hành quy trình vệ sinh máy chiết keg 30 lít-Đông Mai.08-05-2025.docx,[17] Phòng Kiểm Soát Chất Lượng - KCS,271,2025,Quyết định,Phòng Kiểm soát Chất lượng – KCS,,2025-05-08,,Đang lưu hành,Nội bộ,Quyết định ban hành quy trình vệ sinh máy chiết keg 30 lít-Đông Mai,,,
data/00. Văn bản Điều hành/[17] Phòng Kiểm soát chất lượng - KCS/271.QĐ-HCNS-Quyết định ban hành quy trình vệ sinh máy chiết keg 30 lít-Đông Mai.08-05-2025.pdf,[17] Phòng Kiểm Soát Chất Lượng - KCS,271,2025,Quyết định,Phòng Kiểm soát Chất lượng – KCS,,2025-05-08,,Đang lưu hành,Nội bộ,Quyết định ban hành quy trình vệ sinh máy chiết keg 30 lít-Đông Mai,,,
data/00. Văn bản Điều hành/[17] Phòng Kiểm soát chất lượng - KCS/272.2025.QĐ-HCNS-Quyết định ban hành quy trình rửa chai.08-05-2025.docx,[17] Phòng Kiểm Soát Chất Lượng - KCS,272,2025,Quyết định,Phòng Kiểm soát Chất lượng – KCS,,2025-05-08,,Đang lưu hành,Nội bộ,Quyết định ban hành quy trình rửa chai,,,
data/00. Văn bản Điều hành/[17] Phòng Kiểm soát chất lượng - KCS/272.2025.QĐ-HCNS-Quyết định ban hành quy trình rửa chai.08-05-2025.pdf,[17] Phòng Kiểm Soát Chất Lượng - KCS,272,2025,Quyết định,Phòng Kiểm soát Chất lượng – KCS,,2025-05-08,,Đang lưu hành,Nội bộ,Quyết định ban hành quy trình rửa chai,,,
"data/00. Văn bản Điều hành/[17] Phòng Kiểm soát chất lượng - KCS/273.QĐ-HCNS-Quyết định ban hành quy trình vệ sinh tank thành phẩm, tank chứa nước, hóa chất khử trùng-Hạ Long.08-05-2025.docx",[17] Phòng Kiểm Soát Chất Lượng - KCS,273,2025,Quyết định,Phòng Kiểm soát Chất lượng – KCS,,2025-05-08,,Đang lưu hành,Nội bộ,"Quyết định ban hành quy trình vệ sinh tank thành phẩm, tank chứa nước, hóa chất khử trùng-Hạ Long",,,
"data/00. Văn bản Điều hành/[17] Phòng Kiểm soát chất lượng - KCS/273.QĐ-HCNS-Quyết định ban hành quy trình vệ sinh tank thành phẩm, tank chứa nước, hóa chất khử trùng-Hạ Long.08-05-2025.pdf",[17] Phòng Kiểm Soát Chất Lượng - KCS,273,2025,Quyết định,Phòng Kiểm soát Chất lượng – KCS,,2025-05-08,,Đang lưu hành,Nội bộ,"Quyết định ban hành quy trình vệ sinh tank thành phẩm, tank chứa nước, hóa chất khử trùng-Hạ Long",,,
data/00. Văn bản Điều hành/[17] Phòng Kiểm soát chất lượng - KCS/274.QĐ-HCNS-Quyết định ban hành quy trình vệ sinh tank lên men-Hạ Long.08-05-2025.docx,[17] Phòng Kiểm Soát Chất Lượng - KCS,274,2025,Quyết định,Phòng Kiểm soát Chất lượng – KCS,,2025-05-08,,Đang lưu hành,Nội bộ,Quyết định ban hành quy trình vệ sinh tank lên men-Hạ Long,,,
data/00. Văn bản Điều hành/[17] Phòng Kiểm soát chất lượng - KCS/274.QĐ-HCNS-Quyết định ban hành quy trình vệ sinh tank lên men-Hạ Long.08-05-2025.pdf,[17] Phòng Kiểm Soát Chất Lượng - KCS,274,2025,Quyết định,Phòng Kiểm soát Chất lượng – KCS,,2025-05-08,,Đang lưu hành,Nội bộ,Quyết định ban hành quy trình vệ sinh tank lên men-Hạ Long,,,
"data/00. Văn bản Điều hành/[17] Phòng Kiểm soát chất lượng - KCS/275.QĐ-HCNS-Quyết định ban hành quy trình dán nhãn-in phun, gắp chai, bốc xếp thành phẩm bia chai.08-05-2025.docx",[17] Phòng Kiểm Soát Chất Lượng - KCS,275,2025,Quyết định,Phòng Kiểm soát Chất lượng – KCS,,2025-05-08,,Đang lưu hành,Nội bộ,"Quyết định ban hành quy trình dán nhãn-in phun, gắp chai, bốc xếp thành phẩm bia chai",,,
"data/00. Văn bản Điều hành/[17] Phòng Kiểm soát chất lượng - KCS/275.QĐ-HCNS-Quyết định ban hành quy trình dán nhãn-in phun, gắp chai, bốc xếp thành phẩm bia chai.08-05-2025.pdf",[17] Phòng Kiểm Soát Chất Lượng - KCS,275,2025,Quyết định,Phòng Kiểm soát Chất lượng – KCS,,2025-05-08,,Đang lưu hành,Nội bộ,"Quyết định ban hành quy trình dán nhãn-in phun, gắp chai, bốc xếp thành phẩm bia chai",,,
data/00. Văn bản Điều hành/[17] Phòng Kiểm soát chất lượng - KCS/282.QĐ-HCNS-Quyết định Ban hành quy trình vệ sinh máy chiết keg 02 lít-Hạ Long.13-05-2025.docx,[17] Phòng Kiểm Soát Chất Lượng - KCS,282,2025,Quyết định,Phòng Kiểm soát Chất lượng – KCS,,2025-05-13,,Đang lưu hành,Nội bộ,Quyết định Ban hành quy trình vệ sinh máy chiết keg 02 lít-Hạ Long,,,
data/00. Văn bản Điều hành/[17] Phòng Kiểm soát chất lượng - KCS/282.QĐ-HCNS-Quyết định Ban hành quy trình vệ sinh máy chiết keg 02 lít-Hạ Long.13-05-2025.pdf,[17] Phòng Kiểm Soát Chất Lượng - KCS,282,2025,Quyết định,Phòng Kiểm soát Chất lượng – KCS,,2025-05-13,,Đang lưu hành,Nội bộ,Quyết định Ban hành quy trình vệ sinh máy chiết keg 02 lít-Hạ Long,,,
data/00. Văn bản Điều hành/[17] Phòng Kiểm soát chất lượng - KCS/283.QĐ-HCNS-Quyết định Ban hành quy trình chiết keg bia 30 lít-Hạ Long(Máy KHS).13-05-2025.docx,[17] Phòng Kiểm Soát Chất Lượng - KCS,283,2025,Quyết định,Phòng Kiểm soát Chất lượng – KCS,,2025-05-13,,Đang lưu hành,Nội bộ,Quyết định Ban hành quy trình chiết keg bia 30 lít-Hạ Long(Máy KHS),,,
data/00. Văn bản Điều hành/[17] Phòng Kiểm soát chất lượng - KCS/283.QĐ-HCNS-Quyết định Ban hành quy trình chiết keg bia 30 lít-Hạ Long(Máy KHS).13-05-2025.pdf,[17] Phòng Kiểm Soát Chất Lượng - KCS,283,2025,Quyết định,Phòng Kiểm soát Chất lượng – KCS,,2025-05-13,,Đang lưu hành,Nội bộ,Quyết định Ban hành quy trình chiết keg bia 30 lít-Hạ Long(Máy KHS),,,
data/00. Văn bản Điều hành/[17] Phòng Kiểm soát chất lượng - KCS/284.2025.QĐ-HCNS-Quyết định Ban hành quy trình chiết chai.13-05-2025.docx,[17] Phòng Kiểm Soát Chất Lượng - KCS,284,2025,Quyết định,Phòng Kiểm soát Chất lượng – KCS,,2025-05-13,,Đang lưu hành,Nội bộ,Quyết định Ban hành quy trình chiết chai,,,
data/00. Văn bản Điều hành/[17] Phòng Kiểm soát chất lượng - KCS/284.2025.QĐ-HCNS-Quyết định Ban hành quy trình chiết chai.13-05-2025.pdf,[17] Phòng Kiểm Soát Chất Lượng - KCS,284,2025,Quyết định,Phòng Kiểm soát Chất lượng – KCS,,2025-05-13,,Đang lưu hành,Nội bộ,Quyết định Ban hành quy trình chiết chai,,,
data/00. Văn bản Điều hành/[17] Phòng Kiểm soát chất lượng - KCS/291.2026.QĐ-HCNS-Điều chuyển nhân sự-Trần Thị Hồng Ngát.13-05-2026.pdf,[17] Phòng Kiểm Soát Chất Lượng - KCS,291,2026,Quyết định,Phòng Kiểm soát Chất lượng – KCS,,2026-05-13,,Đang lưu hành,Nội bộ,Điều chuyển nhân sự-Trần Thị Hồng Ngát,,,
data/00. Văn bản Điều hành/[17] Phòng Kiểm soát chất lượng - KCS/292.2026.QĐ-HCNS-Điều chuyển nhân sự-Vũ Thị Hường.13-05-2026.pdf,[17] Phòng Kiểm Soát Chất Lượng - KCS,292,2026,Quyết định,Phòng Kiểm soát Chất lượng – KCS,,2026-05-13,,Đang lưu hành,Nội bộ,Điều chuyển nhân sự-Vũ Thị Hường,,,
data/00. Văn bản Điều hành/[17] Phòng Kiểm soát chất lượng - KCS/295.QĐ-HCNS-Quyết định Ban hành quy trình chiết lon-Krones.20-05-2025.docx,[17] Phòng Kiểm Soát Chất Lượng - KCS,295,2025,Quyết định,Phòng Kiểm soát Chất lượng – KCS,,2025-05-20,,Đang lưu hành,Nội bộ,Quyết định Ban hành quy trình chiết lon-Krones,,,
data/00. Văn bản Điều hành/[17] Phòng Kiểm soát chất lượng - KCS/295.QĐ-HCNS-Quyết định Ban hành quy trình chiết lon-Krones.20-05-2025.pdf,[17] Phòng Kiểm Soát Chất Lượng - KCS,295,2025,Quyết định,Phòng Kiểm soát Chất lượng – KCS,,2025-05-20,,Đang lưu hành,Nội bộ,Quyết định Ban hành quy trình chiết lon-Krones,,,
"data/00. Văn bản Điều hành/[17] Phòng Kiểm soát chất lượng - KCS/296.QĐ-HCNS-Quyết định Ban hành quy trình vệ sinh đường ống thu hồi CO2, đường xả khí-Hạ Long.20-05-2025.docx",[17] Phòng Kiểm Soát Chất Lượng - KCS,296,2025,Quyết định,Phòng Kiểm soát Chất lượng – KCS,,2025-05-20,,Đang lưu hành,Nội bộ,"Quyết định Ban hành quy trình vệ sinh đường ống thu hồi CO2, đường xả khí-Hạ Long",,,
"data/00. Văn bản Điều hành/[17] Phòng Kiểm soát chất lượng - KCS/296.QĐ-HCNS-Quyết định Ban hành quy trình vệ sinh đường ống thu hồi CO2, đường xả khí-Hạ Long.20-05-2025.pdf",[17] Phòng Kiểm Soát Chất Lượng - KCS,296,2025,Quyết định,Phòng Kiểm soát Chất lượng – KCS,,2025-05-20,,Đang lưu hành,Nội bộ,"Quyết định Ban hành quy trình vệ sinh đường ống thu hồi CO2, đường xả khí-Hạ Long",,,
"data/00. Văn bản Điều hành/[17] Phòng Kiểm soát chất lượng - KCS/296.QĐ-HCNS-Quyết định Ban hành quy trình vệ sinh đường ống thu hồi CO2, đường xả khí-Hạ Long.20-05-2025_1.pdf",[17] Phòng Kiểm Soát Chất Lượng - KCS,296,2025,Quyết định,Phòng Kiểm soát Chất lượng – KCS,,2025-05-20,,Đang lưu hành,Nội bộ,"Quyết định Ban hành quy trình vệ sinh đường ống thu hồi CO2, đường xả khí-Hạ Long",,,
data/00. Văn bản Điều hành/[17] Phòng Kiểm soát chất lượng - KCS/297.QĐ-HCNS-Quyết định Ban hành quy trình vệ sinh tank chứa nước DA-Hạ Long.20-05-2025.docx,[17] Phòng Kiểm Soát Chất Lượng - KCS,297,2025,Quyết định,Phòng Kiểm soát Chất lượng – KCS,,2025-05-20,,Đang lưu hành,Nội bộ,Quyết định Ban hành quy trình vệ sinh tank chứa nước DA-Hạ Long,,,
data/00. Văn bản Điều hành/[17] Phòng Kiểm soát chất lượng - KCS/297.QĐ-HCNS-Quyết định Ban hành quy trình vệ sinh tank chứa nước DA-Hạ Long.20-05-2025.pdf,[17] Phòng Kiểm Soát Chất Lượng - KCS,297,2025,Quyết định,Phòng Kiểm soát Chất lượng – KCS,,2025-05-20,,Đang lưu hành,Nội bộ,Quyết định Ban hành quy trình vệ sinh tank chứa nước DA-Hạ Long,,,
"data/00. Văn bản Điều hành/[17] Phòng Kiểm soát chất lượng - KCS/298.QĐ-HCNS-Quyết định Ban hành quy trình vệ sinh khử khí, pha bia-Hạ Long.20-05-2025.docx",[17] Phòng Kiểm Soát Chất Lượng - KCS,298,2025,Quyết định,Phòng Kiểm soát Chất lượng – KCS,,2025-05-20,,Đang lưu hành,Nội bộ,"Quyết định Ban hành quy trình vệ sinh khử khí, pha bia-Hạ Long",,,
"data/00. Văn bản Điều hành/[17] Phòng Kiểm soát chất lượng - KCS/298.QĐ-HCNS-Quyết định Ban hành quy trình vệ sinh khử khí, pha bia-Hạ Long.20-05-2025.pdf",[17] Phòng Kiểm Soát Chất Lượng - KCS,298,2025,Quyết định,Phòng Kiểm soát Chất lượng – KCS,,2025-05-20,,Đang lưu hành,Nội bộ,"Quyết định Ban hành quy trình vệ sinh khử khí, pha bia-Hạ Long",,,
"data/00. Văn bản Điều hành/[17] Phòng Kiểm soát chất lượng - KCS/299.2025.QĐ-HCNS-Quyết định Ban hành quy trình nhập lưu-xuất kho sản phẩm bia lon, bia chai.20-05-2025.docx",[17] Phòng Kiểm Soát Chất Lượng - KCS,299,2025,Quyết định,Phòng Kiểm soát Chất lượng – KCS,,2025-05-20,,Đang lưu hành,Nội bộ,"Quyết định Ban hành quy trình nhập lưu-xuất kho sản phẩm bia lon, bia chai",,,
"data/00. Văn bản Điều hành/[17] Phòng Kiểm soát chất lượng - KCS/299.2025.QĐ-HCNS-Quyết định Ban hành quy trình nhập lưu-xuất kho sản phẩm bia lon, bia chai.20-05-2025.pdf",[17] Phòng Kiểm Soát Chất Lượng - KCS,299,2025,Quyết định,Phòng Kiểm soát Chất lượng – KCS,,2025-05-20,,Đang lưu hành,Nội bộ,"Quyết định Ban hành quy trình nhập lưu-xuất kho sản phẩm bia lon, bia chai",,,
"data/00. Văn bản Điều hành/[17] Phòng Kiểm soát chất lượng - KCS/300.QĐ-HCNS-Quyết định Ban hành quy trình vệ sinh tank thành phẩm, tank chứa nước, hóa chất khử trùng-Đông Mai.20-05-2025.docx",[17] Phòng Kiểm Soát Chất Lượng - KCS,300,2025,Quyết định,Phòng Kiểm soát Chất lượng – KCS,,2025-05-20,,Đang lưu hành,Nội bộ,"Quyết định Ban hành quy trình vệ sinh tank thành phẩm, tank chứa nước, hóa chất khử trùng-Đông Mai",,,
"data/00. Văn bản Điều hành/[17] Phòng Kiểm soát chất lượng - KCS/300.QĐ-HCNS-Quyết định Ban hành quy trình vệ sinh tank thành phẩm, tank chứa nước, hóa chất khử trùng-Đông Mai.20-05-2025.pdf",[17] Phòng Kiểm Soát Chất Lượng - KCS,300,2025,Quyết định,Phòng Kiểm soát Chất lượng – KCS,,2025-05-20,,Đang lưu hành,Nội bộ,"Quyết định Ban hành quy trình vệ sinh tank thành phẩm, tank chứa nước, hóa chất khử trùng-Đông Mai",,,
data/00. Văn bản Điều hành/[17] Phòng Kiểm soát chất lượng - KCS/317.QĐ-HCNS-Quyết định Thành lập ban cảm quan bia và nước giải khát.24-05-2025.pdf,[17] Phòng Kiểm Soát Chất Lượng - KCS,317,2025,Quyết định,Phòng Kiểm soát Chất lượng – KCS,,2025-05-24,,Đang lưu hành,Nội bộ,Quyết định Thành lập ban cảm quan bia và nước giải khát,,,
"data/00. Văn bản Điều hành/[17] Phòng Kiểm soát chất lượng - KCS/32.QĐ-NS-Quy định về chức năng, nhiệm vụ, và cơ cấu tổ chức của phòng Kiểm soát Chất lượng-KCS.02.01.2024.pdf",[17] Phòng Kiểm Soát Chất Lượng - KCS,32,2024,Quyết định,Phòng Kiểm soát Chất lượng – KCS,,2024-01-02,,Đang lưu hành,Nội bộ,"32.QĐ-NS-Quy định về chức năng, nhiệm vụ, và cơ cấu tổ chức của phòng Kiểm soát Chất lượng-KCS.02.01.2024",,,
data/00. Văn bản Điều hành/[17] Phòng Kiểm soát chất lượng - KCS/350.QĐ-BHL-Quyết định thành lập nhóm Food Defense-PRP-15 tiêu chuẩn ISO.11-06-2025.pdf,[17] Phòng Kiểm Soát Chất Lượng - KCS,350,2025,Quyết định,Phòng Kiểm soát Chất lượng – KCS,,2025-06-11,,Đang lưu hành,Nội bộ,350.QĐ-BHL-Quyết định thành lập nhóm Food Defense-PRP-15 tiêu chuẩn ISO.11-06-2025,,,
"data/00. Văn bản Điều hành/[17] Phòng Kiểm soát chất lượng - KCS/391.2025.QĐ-HCNS-Quyết định Ban hành quy trình vệ sinh hệ lọc vi sinh, máy chiết Keg 20 lít Đông Mai.27-06-2025.pdf",[17] Phòng Kiểm Soát Chất Lượng - KCS,391,2025,Quyết định,Phòng Kiểm soát Chất lượng – KCS,,2025-06-27,,Đang lưu hành,Nội bộ,"Quyết định Ban hành quy trình vệ sinh hệ lọc vi sinh, máy chiết Keg 20 lít Đông Mai",,,
data/00. Văn bản Điều hành/[17] Phòng Kiểm soát chất lượng - KCS/40.2025.QĐ-HCNS-Ban hành quy trình xem xét của lãnh đạo.21-01-2025.pdf,[17] Phòng Kiểm Soát Chất Lượng - KCS,40,2025,Quyết định,Phòng Kiểm soát Chất lượng – KCS,,2025-01-21,,Đang lưu hành,Nội bộ,Ban hành quy trình xem xét của lãnh đạo,,,
data/00. Văn bản Điều hành/[17] Phòng Kiểm soát chất lượng - KCS/490.2025.QĐ-HCNS-Quyết định Ban hành quy trình sản xuất nước DA-Hạ Long.08-08-2025.docx,[17] Phòng Kiểm Soát Chất Lượng - KCS,490,2025,Quyết định,Phòng Kiểm soát Chất lượng – KCS,,2025-08-08,,Đang lưu hành,Nội bộ,Quyết định Ban hành quy trình sản xuất nước DA-Hạ Long,,,
data/00. Văn bản Điều hành/[17] Phòng Kiểm soát chất lượng - KCS/490.2025.QĐ-HCNS-Quyết định Ban hành quy trình sản xuất nước DA-Hạ Long.08-08-2025.pdf,[17] Phòng Kiểm Soát Chất Lượng - KCS,490,2025,Quyết định,Phòng Kiểm soát Chất lượng – KCS,,2025-08-08,,Đang lưu hành,Nội bộ,Quyết định Ban hành quy trình sản xuất nước DA-Hạ Long,,,
"data/00. Văn bản Điều hành/[17] Phòng Kiểm soát chất lượng - KCS/491.QĐ-HCNS-Quyết định Ban hành quy trình vệ sinh thiết bị nấu, máy nghiền malt, gầu tải vít tải, silo- Hạ Long.08-08-2025.docx",[17] Phòng Kiểm Soát Chất Lượng - KCS,491,2025,Quyết định,Phòng Kiểm soát Chất lượng – KCS,,2025-08-08,,Đang lưu hành,Nội bộ,"Quyết định Ban hành quy trình vệ sinh thiết bị nấu, máy nghiền malt, gầu tải vít tải, silo- Hạ Long",,,
data/00. Văn bản Điều hành/[18] Phòng Cơ Điện/303.QĐ-HCNS-Bổ nhiệm Trưởng phòng cơ điện.25-08-2025.pdf,[18] Phòng Cơ Điện,303,2025,Quyết định,Phòng Cơ điện,,2025-08-25,,Đang lưu hành,Nội bộ,Bổ nhiệm Trưởng phòng cơ điện,,,
data/00. Văn bản Điều hành/[18] Phòng Cơ Điện/307.QĐ-HCNS-Bổ nhiệm Phó phòng cơ điện.25-08-2025.pdf,[18] Phòng Cơ Điện,307,2025,Quyết định,Phòng Cơ điện,,2025-08-25,,Đang lưu hành,Nội bộ,Bổ nhiệm Phó phòng cơ điện,,,
data/00. Văn bản Điều hành/[27] Phân Xưởng Cơ Điện - Động Lực Hạ Long/308.QĐ-HCNS-Bổ nhiệm Phó quản đốc phân xưởng cơ điện động lực Hạ Long.25-08-2025.pdf,[27] Phân Xưởng Cơ Điện - Động Lực Hạ Long,308,2025,Quyết định,Phân xưởng Cơ điện – Động lực Hạ Long,,2025-08-25,,Đang lưu hành,Nội bộ,Bổ nhiệm Phó quản đốc phân xưởng cơ điện động lực Hạ Long,,,
data/00. Văn bản Điều hành/[27] Phân Xưởng Cơ Điện - Động Lực Hạ Long/341.QĐ-HCNS-Bổ nhiệm Trưởng bộ phận cơ điện-Xây dựng.25-09-2025.docx,[27] Phân Xưởng Cơ Điện - Động Lực Hạ Long,341,2025,Quyết định,Phân xưởng Cơ điện – Động lực Hạ Long,,2025-09-25,,Đang lưu hành,Nội bộ,Bổ nhiệm Trưởng bộ phận cơ điện-Xây dựng,,,
data/00. Văn bản Điều hành/[27] Phân Xưởng Cơ Điện - Động Lực Hạ Long/341.QĐ-HCNS-Bổ nhiệm Trưởng bộ phận cơ điện-Xây dựng.25-09-2025.pdf,[27] Phân Xưởng Cơ Điện - Động Lực Hạ Long,341,2025,Quyết định,Phân xưởng Cơ điện – Động lực Hạ Long,,2025-09-25,,Đang lưu hành,Nội bộ,Bổ nhiệm Trưởng bộ phận cơ điện-Xây dựng,,,
